content_id,content_type_id,title,address,latitude,longitude,area_code,district_code,lcls_systm1,lcls_systm2,lcls_systm3,operating_hours_raw,rest_date_raw,operating_schedule,operating_parse_status,operating_parser_version,source_modified_at,list_fetched_at,detail_fetched_at,last_seen_at,detail_fetch_status,detail_error_code,is_active,inactive_reason,inactive_at,last_sync_run_id,created_at,updated_at,parking_info_raw,parking_fee_raw,use_fee_raw,discount_info_raw,first_image_url,thumbnail_url,info_center_raw,baby_carriage_raw,pet_raw,credit_card_raw,restroom_raw
1013527,38,"광장시장 한복매장","서울특별시 종로구 창경궁로 88 (예지동)",37.5702347233,126.9980663554,11,110,SH,SH06,SH060200,"09:00~18:00<br>※ 점포 별로 상이함","연중무휴<br>※ 점포 별로 상이함","{""rules"": [{""months"": null, ""weekdays"": null, ""source_text"": ""09:00~18:00"", ""time_ranges"": [{""end"": ""18:00"", ""start"": ""09:00"", ""crosses_midnight"": false}], ""last_admission"": null}], ""warnings"": [], ""availability"": ""scheduled"", ""closure_rules"": [], ""assumption_reason"": null}",parsed,operating-hours-1.2.0,"2025-07-31 02:53:44+00","2026-08-09 02:40:01.200497+00","2026-08-08 05:25:57.108297+00","2026-08-09 02:40:01.200497+00",success,,t,,,ff209a47-72a7-46d0-b190-0a427a9afb0a,"2026-07-23 17:11:40.721834+00","2026-08-09 02:40:01.534897+00",가능,,,,http://tong.visitkorea.or.kr/cms/resource/80/1015080_image2_1.jpg,http://tong.visitkorea.or.kr/cms/resource/80/1015080_image3_1.jpg,,,,,
1013559,38,"동대문종합시장 액세서리상가","서울특별시 종로구 종로 266 (종로6가)",37.5709736927,127.0073349346,11,110,SH,SH05,SH050200,09:30~19:00,"매주 일요일","{""rules"": [{""months"": null, ""weekdays"": null, ""source_text"": ""09:30~19:00"", ""time_ranges"": [{""end"": ""19:00"", ""start"": ""09:30"", ""crosses_midnight"": false}], ""last_admission"": null}], ""warnings"": [], ""availability"": ""scheduled"", ""closure_rules"": [{""weekdays"": [6], ""source_text"": ""매주 일요일""}], ""assumption_reason"": null}",parsed,operating-hours-1.2.0,"2025-11-27 06:48:55+00","2026-08-09 02:40:01.200497+00","2026-08-08 05:25:57.108297+00","2026-08-09 02:40:01.200497+00",success,,t,,,ff209a47-72a7-46d0-b190-0a427a9afb0a,"2026-07-23 17:11:40.808988+00","2026-08-09 02:40:01.534897+00",가능,,,,http://tong.visitkorea.or.kr/cms/resource/11/3571811_image2_1.jpg,http://tong.visitkorea.or.kr/cms/resource/11/3571811_image2_1.jpg,,,,,
1013584,38,"동대문종합시장 한복상가","서울특별시 종로구 종로 266 (종로6가)",37.5709736927,127.0073349346,11,110,SH,SH06,SH060200,"08:00~18:00 <br> ※ 매장별 상이","매주 일요일 <br> ※ 혼수용품 일요일 자율영업","{""rules"": [{""months"": null, ""weekdays"": null, ""source_text"": ""08:00~18:00"", ""time_ranges"": [{""end"": ""18:00"", ""start"": ""08:00"", ""crosses_midnight"": false}], ""last_admission"": null}], ""warnings"": [], ""availability"": ""scheduled"", ""closure_rules"": [{""weekdays"": [6], ""source_text"": ""매주 일요일""}], ""assumption_reason"": null}",parsed,operating-hours-1.2.0,"2025-12-23 05:52:52+00","2026-08-09 02:40:01.200497+00","2026-08-08 05:25:57.108297+00","2026-08-09 02:40:01.200497+00",success,,t,,,ff209a47-72a7-46d0-b190-0a427a9afb0a,"2026-07-23 17:11:40.808988+00","2026-08-09 02:40:01.534897+00",,,,,http://tong.visitkorea.or.kr/cms/resource/19/1015219_image2_1.jpg,http://tong.visitkorea.or.kr/cms/resource/19/1015219_image3_1.jpg,,,,,
1018469,15,서울국제작가축제,"서울특별시 종로구 인사동9길 26 (견지동)",37.5734199329,126.9836265705,11,110,EV,EV03,EV030400,"프로그램 별 상이",,"{""rules"": [], ""warnings"": [""운영시간을 구조화하지 못했습니다.""], ""availability"": ""unknown"", ""closure_rules"": [], ""assumption_reason"": null}",partial,operating-hours-1.2.0,"2026-06-15 07:51:04+00","2026-08-09 02:40:01.200497+00","2026-08-08 05:25:57.108297+00","2026-08-09 02:40:01.200497+00",success,,t,,,ff209a47-72a7-46d0-b190-0a427a9afb0a,"2026-07-23 17:11:40.955853+00","2026-08-09 02:40:01.534897+00",,,무료,,https://tong.visitkorea.or.kr/cms/resource/69/4073769_image2_1.jpg,https://tong.visitkorea.or.kr/cms/resource/69/4073769_image3_1.jpg,,,,,
1018855,39,"달 카페","서울특별시 종로구 삼청로 94-1",37.5837782184497,126.982031720136,11,110,FD,FD05,FD050100,"- 월요일~금요일 10:00~17:30- 토요일~일요일 10:00~18:00",연중무휴,"{""rules"": [{""months"": null, ""weekdays"": [0, 1, 2, 3, 4], ""source_text"": "" 10:00~17:30- "", ""time_ranges"": [{""end"": ""17:30"", ""start"": ""10:00"", ""crosses_midnight"": false}], ""last_admission"": null}, {""months"": null, ""weekdays"": [5, 6], ""source_text"": "" 10:00~18:00"", ""time_ranges"": [{""end"": ""18:00"", ""start"": ""10:00"", ""crosses_midnight"": false}], ""last_admission"": null}], ""warnings"": [], ""availability"": ""scheduled"", ""closure_rules"": [], ""assumption_reason"": null}",parsed,operating-hours-1.2.0,"2026-02-06 08:40:24+00","2026-08-09 02:40:01.200497+00","2026-08-08 05:25:57.108297+00","2026-08-09 02:40:01.200497+00",success,,t,,,ff209a47-72a7-46d0-b190-0a427a9afb0a,"2026-07-23 17:11:40.808988+00","2026-08-09 02:40:01.534897+00",불가능,,,,,,,,,,
1019041,12,와룡공원,"서울특별시 종로구 와룡공원길 192",37.5912265856,126.9901581479,11,110,VE,VE03,VE030100,"상시 개방",연중무휴,"{""rules"": [], ""warnings"": [], ""availability"": ""all_day"", ""closure_rules"": [], ""assumption_reason"": ""always_open_text""}",parsed,operating-hours-1.2.0,"2025-04-17 00:21:52+00","2026-08-09 02:40:01.200497+00","2026-08-08 05:25:57.108297+00","2026-08-09 02:40:01.200497+00",success,,t,,,ff209a47-72a7-46d0-b190-0a427a9afb0a,"2026-07-23 17:11:41.225101+00","2026-08-09 02:40:01.534897+00",불가능,,,,http://tong.visitkorea.or.kr/cms/resource/93/1395493_image2_1.jpg,http://tong.visitkorea.or.kr/cms/resource/93/1395493_image3_1.jpg,,,,,
1019223,38,한지추억,"서울특별시 종로구 인사동7길 6 (관훈동) 3층",37.5731706271439,126.985784209044,11,110,SH,SH05,SH050100,,,"{""rules"": [], ""warnings"": [], ""availability"": ""unknown"", ""closure_rules"": [], ""assumption_reason"": null}",unknown,operating-hours-1.2.0,"2026-01-19 06:49:49+00","2026-08-09 02:40:01.200497+00","2026-08-08 05:25:57.108297+00","2026-08-09 02:40:01.200497+00",empty,,t,,,ff209a47-72a7-46d0-b190-0a427a9afb0a,"2026-07-23 17:11:41.44801+00","2026-08-09 02:40:01.534897+00",,,,,https://tong.visitkorea.or.kr/cms/resource/39/4001339_image2_1.jpg,https://tong.visitkorea.or.kr/cms/resource/39/4001339_image3_1.jpg,,,,,
1019294,14,"서울특별시교육청 정독도서관","서울특별시 종로구 북촌로5길 48",37.5797611278,126.9832368815,11,110,VE,VE09,VE090300,"[인문사회자연과학실, 어문학·족보실]<br>
- 평일 09:00~20:00<br>
- 주말 09:00~17:00<br>
[어린이실, 청소년관, 다국어·연속간행물실, 디지털자료실, 서울교육박물관]<br>
- 평일 09:00~18:00<br>
- 주말 09:00~17:00 <br>
[자율학습실, 노트북실]<br>
- 하절기 (3월~10월) 07:00~22:00<br>
- 동절기 (11월~2월) 08:00~22:00","매월 첫째, 셋째 수요일 / 일요일을 제외한 법정공휴일 (단, 공휴일과 일요일이 겹칠 경우 휴관) / 도서관 사정으로 임시로 정하는 휴일","{""rules"": [{""months"": null, ""weekdays"": [0, 1, 2, 3, 4], ""source_text"": "" 09:00~20:00"", ""time_ranges"": [{""end"": ""20:00"", ""start"": ""09:00"", ""crosses_midnight"": false}], ""last_admission"": null}, {""months"": null, ""weekdays"": [5, 6], ""source_text"": "" 09:00~17:00"", ""time_ranges"": [{""end"": ""17:00"", ""start"": ""09:00"", ""crosses_midnight"": false}], ""last_admission"": null}, {""months"": null, ""weekdays"": [0, 1, 2, 3, 4], ""source_text"": "" 09:00~18:00"", ""time_ranges"": [{""end"": ""18:00"", ""start"": ""09:00"", ""crosses_midnight"": false}], ""last_admission"": null}, {""months"": null, ""weekdays"": [5, 6], ""source_text"": "" 09:00~17:00"", ""time_ranges"": [{""end"": ""17:00"", ""start"": ""09:00"", ""crosses_midnight"": false}], ""last_admission"": null}, {""months"": [3, 4, 5, 6, 7, 8, 9, 10], ""weekdays"": null, ""source_text"": ""- 하절기 (3월~10월) 07:00~22:00"", ""time_ranges"": [{""end"": ""22:00"", ""start"": ""07:00"", ""crosses_midnight"": false}], ""last_admission"": null}, {""months"": [1, 2, 11, 12], ""weekdays"": null, ""source_text"": ""- 동절기 (11월~2월) 08:00~22:00"", ""time_ranges"": [{""end"": ""22:00"", ""start"": ""08:00"", ""crosses_midnight"": false}], ""last_admission"": null}], ""warnings"": [""휴무 문구의 일부 예외를 구조화하지 못했습니다.""], ""availability"": ""scheduled"", ""closure_rules"": [], ""assumption_reason"": null}",partial,operating-hours-1.2.0,"2025-12-11 00:15:24+00","2026-08-09 02:40:01.200497+00","2026-08-08 05:25:57.108297+00","2026-08-09 02:40:01.200497+00",success,,t,,,ff209a47-72a7-46d0-b190-0a427a9afb0a,"2026-07-23 17:11:40.955853+00","2026-08-09 02:40:01.534897+00","가능 (54대)<br>※ 대형버스 25인승 초과 차량 주차 불가","무료주차 확인자에 한하여 60분까지 무료 (단, 1일 1회에 한함) / 60분 후 5분 초과 시 마다 250원씩 가산 / 1일 최대 30,000원<br>
※60분 무료주차의 경우 도서대출반납자, 평생학습교실 참여자, 교육·연수참석자에게만 적용 (자율학습실 이용자는 제외)<br>
※주차 할인<br>
- 장애인, 국가유공자 등 80% / 저공해, 다둥이 등 50%",무료,,http://tong.visitkorea.or.kr/cms/resource/66/3510466_image2_1.jpg,http://tong.visitkorea.or.kr/cms/resource/66/3510466_image3_1.jpg,,,,,
1036894,28,"[북악하늘길 1산책로] 북악팔각정~말바위쉼터","서울특별시 종로구 북악산로 267 (평창동)",37.6019731946347,126.980550789268,11,110,LS,LS01,LS011900,,,"{""rules"": [], ""warnings"": [], ""availability"": ""unknown"", ""closure_rules"": [], ""assumption_reason"": null}",unknown,operating-hours-1.2.0,"2026-02-24 09:24:58+00","2026-08-09 02:40:01.200497+00","2026-08-08 05:25:57.108297+00","2026-08-09 02:40:01.200497+00",empty,,t,,,ff209a47-72a7-46d0-b190-0a427a9afb0a,"2026-07-23 17:11:41.44801+00","2026-08-09 02:40:01.534897+00",,,,,,,,,,,
1037027,28,"[북악하늘길 3산책로] 북카페~숲속다리","서울특별시 성북구 성북동",37.6068219183,126.9858969827,11,110,LS,LS01,LS011900,,,"{""rules"": [], ""warnings"": [], ""availability"": ""unknown"", ""closure_rules"": [], ""assumption_reason"": null}",unknown,operating-hours-1.2.0,"2025-04-03 06:30:11+00","2026-08-09 02:40:01.200497+00","2026-08-08 05:25:57.108297+00","2026-08-09 02:40:01.200497+00",empty,,t,,,ff209a47-72a7-46d0-b190-0a427a9afb0a,"2026-07-23 17:11:41.44801+00","2026-08-09 02:40:01.534897+00",,,,,http://tong.visitkorea.or.kr/cms/resource/33/1868133_image2_1.jpg,http://tong.visitkorea.or.kr/cms/resource/33/1868133_image3_1.jpg,,,,,
1060809,39,아리랑,"서울특별시 종로구 대학로 60",37.5764822568878,127.002529928525,11,110,FD,FD01,FD010100,"11:00~21:30 (브레이크타임 15:00~16:30)",연중무휴,"{""rules"": [{""months"": null, ""weekdays"": null, ""source_text"": ""11:00~21:30 (브레이크타임 15:00~16:30)"", ""time_ranges"": [{""end"": ""21:30"", ""start"": ""11:00"", ""crosses_midnight"": false}, {""end"": ""16:30"", ""start"": ""15:00"", ""crosses_midnight"": false}], ""last_admission"": null}], ""warnings"": [], ""availability"": ""scheduled"", ""closure_rules"": [], ""assumption_reason"": null}",parsed,operating-hours-1.2.0,"2026-02-24 06:21:23+00","2026-08-09 02:40:01.200497+00","2026-08-08 05:25:57.108297+00","2026-08-09 02:40:01.200497+00",success,,t,,,ff209a47-72a7-46d0-b190-0a427a9afb0a,"2026-07-23 17:11:41.150397+00","2026-08-09 02:40:01.534897+00",가능,,,,,,,,,,
1063403,39,인사동찻집,"서울특별시 종로구 인사동길 33-1 (관훈동)",37.5736202148,126.9854729627,11,110,FD,FD05,FD050200,10:00~21:00,연중무휴,"{""rules"": [{""months"": null, ""weekdays"": null, ""source_text"": ""10:00~21:00"", ""time_ranges"": [{""end"": ""21:00"", ""start"": ""10:00"", ""crosses_midnight"": false}], ""last_admission"": null}], ""warnings"": [], ""availability"": ""scheduled"", ""closure_rules"": [], ""assumption_reason"": null}",parsed,operating-hours-1.2.0,"2025-03-11 01:29:21+00","2026-08-09 02:40:01.200497+00","2026-08-08 05:25:57.108297+00","2026-08-09 02:40:01.200497+00",success,,t,,,ff209a47-72a7-46d0-b190-0a427a9afb0a,"2026-07-23 17:11:41.225101+00","2026-08-09 02:40:01.534897+00",불가능,,,,,,,,,,
1063408,39,옛찻집,"서울특별시 종로구 인사동길 33-1",37.5735257805,126.9854257474,11,110,FD,FD05,FD050200,11:00~21:00,연중무휴,"{""rules"": [{""months"": null, ""weekdays"": null, ""source_text"": ""11:00~21:00"", ""time_ranges"": [{""end"": ""21:00"", ""start"": ""11:00"", ""crosses_midnight"": false}], ""last_admission"": null}], ""warnings"": [], ""availability"": ""scheduled"", ""closure_rules"": [], ""assumption_reason"": null}",parsed,operating-hours-1.2.0,"2025-03-19 08:03:36+00","2026-08-09 02:40:01.200497+00","2026-08-08 05:25:57.108297+00","2026-08-09 02:40:01.200497+00",success,,t,,,ff209a47-72a7-46d0-b190-0a427a9afb0a,"2026-07-23 17:11:41.225101+00","2026-08-09 02:40:01.534897+00",,,,,http://tong.visitkorea.or.kr/cms/resource/85/3474885_image2_1.jpg,http://tong.visitkorea.or.kr/cms/resource/85/3474885_image3_1.jpg,,,,,
1100498,12,"북촌 8경","서울특별시 종로구 계동길 37 (계동)",37.579088327,126.9862761098,11,110,HS,HS01,HS010600,"10:00~17:00※ 방문 제한시간(특별관리지역(레드존) 방문 금지) : 17:00~익일 10:00",연중무휴,"{""rules"": [{""months"": null, ""weekdays"": null, ""source_text"": ""10:00~17:00※ 방문 제한시간(특별관리지역(레드존) 방문 금지) : 17:00~익일 10:00"", ""time_ranges"": [{""end"": ""17:00"", ""start"": ""10:00"", ""crosses_midnight"": false}, {""end"": ""10:00"", ""start"": ""17:00"", ""crosses_midnight"": true}], ""last_admission"": null}], ""warnings"": [], ""availability"": ""scheduled"", ""closure_rules"": [], ""assumption_reason"": null}",parsed,operating-hours-1.2.0,"2026-06-19 00:32:09+00","2026-08-09 02:40:01.200497+00","2026-08-08 05:25:57.108297+00","2026-08-09 02:40:01.200497+00",success,,t,,,ff209a47-72a7-46d0-b190-0a427a9afb0a,"2026-07-23 17:11:40.882874+00","2026-08-09 02:40:01.534897+00",불가능,,,,https://tong.visitkorea.or.kr/cms/resource/02/3304402_image2_1.jpg,https://tong.visitkorea.or.kr/cms/resource/02/3304402_image3_1.jpg,,,,,
1101088,28,"서울 한양도성 순성길","서울특별시 종로구 누상동 산1-29번지",37.5818,126.9583,11,110,LS,LS01,LS011900,"상시 개방",연중무휴,"{""rules"": [], ""warnings"": [], ""availability"": ""all_day"", ""closure_rules"": [], ""assumption_reason"": ""always_open_text""}",parsed,operating-hours-1.2.0,"2026-06-05 01:54:20+00","2026-08-09 02:40:01.200497+00","2026-08-08 05:25:57.108297+00","2026-08-09 02:40:01.200497+00",success,,t,,,ff209a47-72a7-46d0-b190-0a427a9afb0a,"2026-07-23 17:11:40.955853+00","2026-08-09 02:40:01.534897+00",,,,,https://tong.visitkorea.or.kr/cms/resource/78/3493278_image2_1.jpg,https://tong.visitkorea.or.kr/cms/resource/78/3493278_image3_1.jpg,,,,,
1102845,12,이화벽화마을,"서울특별시 종로구 이화장길 70-11 (동숭동)",37.578684289,127.005077855,11,110,VE,VE04,VE040200,"상시 개방",연중무휴,"{""rules"": [], ""warnings"": [], ""availability"": ""all_day"", ""closure_rules"": [], ""assumption_reason"": ""always_open_text""}",parsed,operating-hours-1.2.0,"2026-06-19 00:32:09+00","2026-08-09 02:40:01.200497+00","2026-08-08 05:25:57.108297+00","2026-08-09 02:40:01.200497+00",success,,t,,,ff209a47-72a7-46d0-b190-0a427a9afb0a,"2026-07-23 17:11:41.225101+00","2026-08-09 02:40:01.534897+00",가능,,,,https://tong.visitkorea.or.kr/cms/resource_photo/63/3580663_image2_1.jpg,https://tong.visitkorea.or.kr/cms/resource_photo/63/3580663_image3_1.jpg,,,,,
1112029,14,"창덕궁 소극장","서울특별시 종로구 창경궁로 227 (명륜4가)",37.5824805174,126.9977743679,11,110,VE,VE06,VE060100,"공연 별로 상이함","공연 별로 상이함","{""rules"": [], ""warnings"": [""운영시간을 구조화하지 못했습니다.""], ""availability"": ""unknown"", ""closure_rules"": [], ""assumption_reason"": null}",partial,operating-hours-1.2.0,"2025-11-24 05:37:15+00","2026-08-09 02:40:01.200497+00","2026-08-08 05:25:57.108297+00","2026-08-09 02:40:01.200497+00",success,,t,,,ff209a47-72a7-46d0-b190-0a427a9afb0a,"2026-07-23 17:11:41.296349+00","2026-08-09 02:40:01.534897+00",불가능,,"공연 별로 상이함",,http://tong.visitkorea.or.kr/cms/resource/32/3572432_image2_1.jpg,http://tong.visitkorea.or.kr/cms/resource/32/3572432_image3_1.jpg,,,,,
1120046,39,길복정,"서울특별시 종로구 새문안로5가길 13",37.5731543641882,126.973743943223,11,110,FD,FD01,FD010100,10:00~22:00,연중무휴,"{""rules"": [{""months"": null, ""weekdays"": null, ""source_text"": ""10:00~22:00"", ""time_ranges"": [{""end"": ""22:00"", ""start"": ""10:00"", ""crosses_midnight"": false}], ""last_admission"": null}], ""warnings"": [], ""availability"": ""scheduled"", ""closure_rules"": [], ""assumption_reason"": null}",parsed,operating-hours-1.2.0,"2026-03-13 07:22:01+00","2026-08-09 02:40:01.200497+00","2026-08-08 05:25:57.108297+00","2026-08-09 02:40:01.200497+00",success,,t,,,ff209a47-72a7-46d0-b190-0a427a9afb0a,"2026-07-23 17:11:40.721834+00","2026-08-09 02:40:01.534897+00",불가능,,,,,,,,,,
1154331,39,"파툼(FATUM)","서울특별시 종로구 삼청로 86-5",37.5831477413936,126.982120618356,11,110,FD,FD05,FD050100,12:00~22:00,"매주 화요일","{""rules"": [{""months"": null, ""weekdays"": null, ""source_text"": ""12:00~22:00"", ""time_ranges"": [{""end"": ""22:00"", ""start"": ""12:00"", ""crosses_midnight"": false}], ""last_admission"": null}], ""warnings"": [], ""availability"": ""scheduled"", ""closure_rules"": [{""weekdays"": [1], ""source_text"": ""매주 화요일""}], ""assumption_reason"": null}",parsed,operating-hours-1.2.0,"2026-02-19 08:48:59+00","2026-08-09 02:40:01.200497+00","2026-08-08 05:25:57.108297+00","2026-08-09 02:40:01.200497+00",success,,t,,,ff209a47-72a7-46d0-b190-0a427a9afb0a,"2026-07-23 17:11:41.371579+00","2026-08-09 02:40:01.534897+00",불가능,,,,,,,,,,
1187220,12,"동대문 문구완구거리 (창신동 문구완구시장)","서울특별시 종로구 종로52길 36 (창신동)",37.5712314101936,127.014447843755,11,110,VE,VE04,VE040100,"월요일~금요일 08:00~19:00※점포 별로 상이함","매주 토요일, 일요일※점포 별로 상이함","{""rules"": [{""months"": null, ""weekdays"": [0, 1, 2, 3, 4], ""source_text"": "" 08:00~19:00※점포 별로 상이함"", ""time_ranges"": [{""end"": ""19:00"", ""start"": ""08:00"", ""crosses_midnight"": false}], ""last_admission"": null}], ""warnings"": [], ""availability"": ""scheduled"", ""closure_rules"": [{""weekdays"": [5, 6], ""source_text"": ""매주 토요일, 일요일※점포 별로 상이함""}], ""assumption_reason"": null}",parsed,operating-hours-1.2.0,"2026-03-19 00:49:59+00","2026-08-09 02:40:01.200497+00","2026-08-08 05:25:57.108297+00","2026-08-09 02:40:01.200497+00",success,,t,,,ff209a47-72a7-46d0-b190-0a427a9afb0a,"2026-07-23 17:11:40.808988+00","2026-08-09 02:40:01.534897+00",불가능,,,,https://tong.visitkorea.or.kr/cms/resource/04/3499204_image2_1.jpg,https://tong.visitkorea.or.kr/cms/resource/04/3499204_image3_1.jpg,,,,,
1196883,28,"[북한산 둘레길 7구간] 옛성길","서울특별시 종로구 구기동 (탕춘대성 암문입구~북한산생태공원 상단)",37.609,126.9567,11,110,LS,LS01,LS011900,"상시 개방",연중무휴,"{""rules"": [], ""warnings"": [], ""availability"": ""all_day"", ""closure_rules"": [], ""assumption_reason"": ""always_open_text""}",parsed,operating-hours-1.2.0,"2026-03-12 08:39:43+00","2026-08-09 02:40:01.200497+00","2026-08-08 05:25:57.108297+00","2026-08-09 02:40:01.200497+00",success,,t,,,ff209a47-72a7-46d0-b190-0a427a9afb0a,"2026-07-23 17:11:41.44801+00","2026-08-09 02:40:01.534897+00",,,,,https://tong.visitkorea.or.kr/cms/resource/11/3500011_image2_1.jpg,https://tong.visitkorea.or.kr/cms/resource/11/3500011_image3_1.jpg,,,,,
1196890,28,"[북한산 둘레길 6구간] 평창마을길","서울특별시 종로구 평창동 (형제봉 입구~탕춘대성 암문입구)",37.612869,126.982165,11,110,LS,LS01,LS011900,"상시 개방",연중무휴,"{""rules"": [], ""warnings"": [], ""availability"": ""all_day"", ""closure_rules"": [], ""assumption_reason"": ""always_open_text""}",parsed,operating-hours-1.2.0,"2026-03-12 00:08:40+00","2026-08-09 02:40:01.200497+00","2026-08-08 05:25:57.108297+00","2026-08-09 02:40:01.200497+00",success,,t,,,ff209a47-72a7-46d0-b190-0a427a9afb0a,"2026-07-23 17:11:41.44801+00","2026-08-09 02:40:01.534897+00",,,,,https://tong.visitkorea.or.kr/cms/resource/26/3500026_image2_1.jpg,https://tong.visitkorea.or.kr/cms/resource/26/3500026_image3_1.jpg,,,,,
1202753,14,자하미술관,"서울특별시 종로구 창의문로5가길 46 (부암동)",37.5893766284906,126.960302828185,11,110,VE,VE07,VE070600,"10:00~18:00 (입장 마감 17:30)","매주 월요일","{""rules"": [{""months"": null, ""weekdays"": null, ""source_text"": ""10:00~18:00 (입장 마감 17:30)"", ""time_ranges"": [{""end"": ""18:00"", ""start"": ""10:00"", ""crosses_midnight"": false}], ""last_admission"": ""17:30""}], ""warnings"": [], ""availability"": ""scheduled"", ""closure_rules"": [{""weekdays"": [0], ""source_text"": ""매주 월요일""}], ""assumption_reason"": null}",parsed,operating-hours-1.2.0,"2026-03-12 04:50:57+00","2026-08-09 02:40:01.200497+00","2026-08-08 05:25:57.108297+00","2026-08-09 02:40:01.200497+00",success,,t,,,ff209a47-72a7-46d0-b190-0a427a9afb0a,"2026-07-23 17:11:41.296349+00","2026-08-09 02:40:01.534897+00",,,무료,,https://tong.visitkorea.or.kr/cms/resource/60/3496560_image2_1.jpg,https://tong.visitkorea.or.kr/cms/resource/60/3496560_image3_1.jpg,,,,,
126479,12,인왕산,"서울특별시 종로구 옥인동",37.585,126.9593,11,110,NA,NA01,NA010100,"상시 개방",연중무휴,"{""rules"": [], ""warnings"": [], ""availability"": ""all_day"", ""closure_rules"": [], ""assumption_reason"": ""always_open_text""}",parsed,operating-hours-1.2.0,"2026-03-05 08:08:51+00","2026-08-09 02:40:01.200497+00","2026-08-08 05:25:57.108297+00","2026-08-09 02:40:01.200497+00",success,,t,,,ff209a47-72a7-46d0-b190-0a427a9afb0a,"2026-07-23 17:11:41.225101+00","2026-08-09 02:40:01.534897+00",,,,,https://tong.visitkorea.or.kr/cms/resource/78/3493378_image2_1.jpg,https://tong.visitkorea.or.kr/cms/resource/78/3493378_image3_1.jpg,,,,,
126484,12,경희궁,"서울특별시 종로구 새문안로 45",37.5703879399457,126.968491756842,11,110,HS,HS01,HS010100,"09:00~18:00 (입장 마감 17:30)","매주 월요일 / 1월 1일","{""rules"": [{""months"": null, ""weekdays"": null, ""source_text"": ""09:00~18:00 (입장 마감 17:30)"", ""time_ranges"": [{""end"": ""18:00"", ""start"": ""09:00"", ""crosses_midnight"": false}], ""last_admission"": ""17:30""}], ""warnings"": [], ""availability"": ""scheduled"", ""closure_rules"": [{""weekdays"": [0], ""source_text"": ""매주 월요일 / 1월 1일""}], ""assumption_reason"": null}",parsed,operating-hours-1.2.0,"2026-03-05 00:58:51+00","2026-08-09 02:40:01.200497+00","2026-08-08 05:25:57.108297+00","2026-08-09 02:40:01.200497+00",success,,t,,,ff209a47-72a7-46d0-b190-0a427a9afb0a,"2026-07-23 17:11:40.721834+00","2026-08-09 02:40:01.534897+00",가능,,,,https://tong.visitkorea.or.kr/cms/resource/37/3482237_image2_1.jpg,https://tong.visitkorea.or.kr/cms/resource/37/3482237_image3_1.jpg,,,,,
126487,12,마로니에공원,"서울특별시 종로구 대학로 104",37.5802419773,127.0027239807,11,110,VE,VE03,VE030100,"상시 개방",연중무휴,"{""rules"": [], ""warnings"": [], ""availability"": ""all_day"", ""closure_rules"": [], ""assumption_reason"": ""always_open_text""}",parsed,operating-hours-1.2.0,"2025-07-18 00:00:00+00","2026-08-09 02:40:01.200497+00","2026-08-08 05:25:57.108297+00","2026-08-09 02:40:01.200497+00",success,,t,,,ff209a47-72a7-46d0-b190-0a427a9afb0a,"2026-07-23 17:11:40.882874+00","2026-08-09 02:40:01.534897+00",가능,,,,http://tong.visitkorea.or.kr/cms/resource/35/3506735_image2_1.jpg,http://tong.visitkorea.or.kr/cms/resource/35/3506735_image3_1.jpg,,,,,
126488,12,삼청공원,"서울특별시 종로구 삼청로 156 (삼청동)",37.5889267212,126.982819993,11,110,VE,VE03,VE030100,"상시 개방",연중무휴,"{""rules"": [], ""warnings"": [], ""availability"": ""all_day"", ""closure_rules"": [], ""assumption_reason"": ""always_open_text""}",parsed,operating-hours-1.2.0,"2025-11-03 06:26:19+00","2026-08-09 02:40:01.200497+00","2026-08-08 05:25:57.108297+00","2026-08-09 02:40:01.200497+00",success,,t,,,ff209a47-72a7-46d0-b190-0a427a9afb0a,"2026-07-23 17:11:40.955853+00","2026-08-09 02:40:01.534897+00",가능,,,,http://tong.visitkorea.or.kr/cms/resource/72/3400072_image2_1.JPG,http://tong.visitkorea.or.kr/cms/resource/72/3400072_image3_1.JPG,,,,,
126492,12,종묘광장공원,"서울특별시 종로구 종로 157 (훈정동)",37.5711956572,126.9944166605,11,110,VE,VE03,VE030500,"상시 개방",연중무휴,"{""rules"": [], ""warnings"": [], ""availability"": ""all_day"", ""closure_rules"": [], ""assumption_reason"": ""always_open_text""}",parsed,operating-hours-1.2.0,"2025-07-18 01:09:50+00","2026-08-09 02:40:01.200497+00","2026-08-08 05:25:57.108297+00","2026-08-09 02:40:01.200497+00",success,,t,,,ff209a47-72a7-46d0-b190-0a427a9afb0a,"2026-07-23 17:11:41.296349+00","2026-08-09 02:40:01.534897+00",가능,,,,http://tong.visitkorea.or.kr/cms/resource/98/3413898_image2_1.jpg,http://tong.visitkorea.or.kr/cms/resource/98/3413898_image3_1.jpg,,,,,
126494,12,"세검정 터","서울특별시 종로구 세검정로 244 (신영동)",37.6009471313,126.9597189808,11,110,HS,HS01,HS011200,"상시 개방",연중무휴,"{""rules"": [], ""warnings"": [], ""availability"": ""all_day"", ""closure_rules"": [], ""assumption_reason"": ""always_open_text""}",parsed,operating-hours-1.2.0,"2025-03-12 07:40:23+00","2026-08-09 02:40:01.200497+00","2026-08-08 05:25:57.108297+00","2026-08-09 02:40:01.200497+00",success,,t,,,ff209a47-72a7-46d0-b190-0a427a9afb0a,"2026-07-23 17:11:40.955853+00","2026-08-09 02:40:01.534897+00",불가능,,,,,,,,,,
126505,12,"승가사(서울)","서울특별시 종로구 비봉4길 213 (구기동)",37.6267191549,126.9608598127,11,110,HS,HS03,HS030100,09:00~18:00,연중무휴,"{""rules"": [{""months"": null, ""weekdays"": null, ""source_text"": ""09:00~18:00"", ""time_ranges"": [{""end"": ""18:00"", ""start"": ""09:00"", ""crosses_midnight"": false}], ""last_admission"": null}], ""warnings"": [], ""availability"": ""scheduled"", ""closure_rules"": [], ""assumption_reason"": null}",parsed,operating-hours-1.2.0,"2025-07-21 06:13:11+00","2026-08-09 02:40:01.200497+00","2026-08-08 05:25:57.108297+00","2026-08-09 02:40:01.200497+00",success,,t,,,ff209a47-72a7-46d0-b190-0a427a9afb0a,"2026-07-23 17:11:41.150397+00","2026-08-09 02:40:01.534897+00",가능,,,,,,,,,,
126508,12,경복궁,"서울특별시 종로구 사직로 161 (세종로)",37.5760307000494,126.976721866063,11,110,HS,HS01,HS010100,"[1월~2월/11월~12월]09:00~17:00 (입장마감 16:00)[3월~5월/9월~10월]09:00~18:00 (입장마감 17:00)[6월~8월] 09:00~18:30 (입장마감 17:30)","매주 화요일 ※ 단, 정기휴일이 공휴일 및 대체공휴일과 겹칠 경우에는 개방하며, 그 다음의 첫 번째 비공휴일이 정기휴일임","{""rules"": [{""months"": [1, 2], ""weekdays"": null, ""source_text"": ""09:00~17:00 (입장마감 16:00)"", ""time_ranges"": [{""end"": ""17:00"", ""start"": ""09:00"", ""crosses_midnight"": false}], ""last_admission"": ""16:00""}, {""months"": [1, 2], ""weekdays"": null, ""source_text"": ""09:00~18:00 (입장마감 17:00)"", ""time_ranges"": [{""end"": ""18:00"", ""start"": ""09:00"", ""crosses_midnight"": false}], ""last_admission"": ""17:00""}, {""months"": [1, 2], ""weekdays"": null, ""source_text"": "" 09:00~18:30 (입장마감 17:30)"", ""time_ranges"": [{""end"": ""18:30"", ""start"": ""09:00"", ""crosses_midnight"": false}], ""last_admission"": ""17:30""}], ""warnings"": [""휴무 문구의 일부 예외를 구조화하지 못했습니다.""], ""availability"": ""scheduled"", ""closure_rules"": [{""weekdays"": [1], ""source_text"": ""매주 화요일 ※ 단, 정기휴일이 공휴일 및 대체공휴일과 겹칠 경우에는 개방하며, 그 다음의 첫 번째 비공휴일이 정기휴일임""}], ""assumption_reason"": null}",partial,operating-hours-1.2.0,"2026-05-20 00:12:52+00","2026-08-09 02:40:01.200497+00","2026-08-08 05:25:57.108297+00","2026-08-09 02:40:01.200497+00",success,,t,,,ff209a47-72a7-46d0-b190-0a427a9afb0a,"2026-07-23 17:11:40.721834+00","2026-08-09 02:40:01.534897+00","가능 (승용차 240대 / 버스 50대)",,,,https://tong.visitkorea.or.kr/cms/resource/98/3487598_image2_1.jpg,https://tong.visitkorea.or.kr/cms/resource/98/3487598_image3_1.jpg,,,,,
126510,12,"종묘 [유네스코 세계유산]","서울특별시 종로구 종로 157 (훈정동)",37.5709802173,126.9951311023,11,110,HS,HS01,HS010800,"[2월~5월]- 09:00~18:00 (입장 마감 17:00)[6월~8월]- 09:00~18:30 (입장 마감 17:30)[9월~10월]- 09:00~18:00 (입장 마감 17:00)[11월~1월]- 09:00~17:30 (입장 마감 16:30)","매주 화요일 (단, 화요일이 공휴일인 경우 개방하며, 그 다음 첫 번째 평일에 휴관)","{""rules"": [{""months"": [2, 3, 4, 5], ""weekdays"": null, ""source_text"": ""- 09:00~18:00 (입장 마감 17:00)"", ""time_ranges"": [{""end"": ""18:00"", ""start"": ""09:00"", ""crosses_midnight"": false}], ""last_admission"": ""17:00""}, {""months"": [2, 3, 4, 5], ""weekdays"": null, ""source_text"": ""- 09:00~18:30 (입장 마감 17:30)"", ""time_ranges"": [{""end"": ""18:30"", ""start"": ""09:00"", ""crosses_midnight"": false}], ""last_admission"": ""17:30""}, {""months"": [2, 3, 4, 5], ""weekdays"": null, ""source_text"": ""- 09:00~18:00 (입장 마감 17:00)"", ""time_ranges"": [{""end"": ""18:00"", ""start"": ""09:00"", ""crosses_midnight"": false}], ""last_admission"": ""17:00""}, {""months"": [2, 3, 4, 5], ""weekdays"": null, ""source_text"": ""- 09:00~17:30 (입장 마감 16:30)"", ""time_ranges"": [{""end"": ""17:30"", ""start"": ""09:00"", ""crosses_midnight"": false}], ""last_admission"": ""16:30""}], ""warnings"": [""휴무 문구의 일부 예외를 구조화하지 못했습니다.""], ""availability"": ""scheduled"", ""closure_rules"": [{""weekdays"": [1], ""source_text"": ""매주 화요일 (단, 화요일이 공휴일인 경우 개방하며, 그 다음 첫 번째 평일에 휴관)""}], ""assumption_reason"": null}",partial,operating-hours-1.2.0,"2026-06-29 08:17:17+00","2026-08-09 02:40:01.200497+00","2026-08-08 05:25:57.108297+00","2026-08-09 02:40:01.200497+00",success,,t,,,ff209a47-72a7-46d0-b190-0a427a9afb0a,"2026-07-23 17:11:41.296349+00","2026-08-09 02:40:01.534897+00",가능,,,,https://tong.visitkorea.or.kr/cms/resource_photo/57/4063057_image2_1.jpg,https://tong.visitkorea.or.kr/cms/resource_photo/57/4063057_image3_1.jpg,,,,,
126511,12,창경궁,"서울특별시 종로구 창경궁로 185 (와룡동)",37.5789336838,126.9964634775,11,110,HS,HS01,HS010100,"09:00~21:00 (입장마감 20:00)","매주 월요일<br>※ 단, 정기휴일이 공휴일 및 대체공휴일과 겹칠 경우에는 개방하며, 그 다음의 첫 번째 비공휴일이 정기휴일임","{""rules"": [{""months"": null, ""weekdays"": null, ""source_text"": ""09:00~21:00 (입장마감 20:00)"", ""time_ranges"": [{""end"": ""21:00"", ""start"": ""09:00"", ""crosses_midnight"": false}], ""last_admission"": ""20:00""}], ""warnings"": [""휴무 문구의 일부 예외를 구조화하지 못했습니다.""], ""availability"": ""scheduled"", ""closure_rules"": [{""weekdays"": [0], ""source_text"": ""매주 월요일""}], ""assumption_reason"": null}",partial,operating-hours-1.2.0,"2025-11-14 08:49:11+00","2026-08-09 02:40:01.200497+00","2026-08-08 05:25:57.108297+00","2026-08-09 02:40:01.200497+00",success,,t,,,ff209a47-72a7-46d0-b190-0a427a9afb0a,"2026-07-23 17:11:41.296349+00","2026-08-09 02:40:01.534897+00","가능 (22대)",,,,http://tong.visitkorea.or.kr/cms/resource/94/3536794_image2_1.jpg,http://tong.visitkorea.or.kr/cms/resource/94/3536794_image3_1.jpg,,,,,
126512,12,광화문,"서울특별시 종로구 사직로 161",37.5760179589,126.9767880089,11,110,HS,HS01,HS010300,"[1월~2월/11월~12월] - 09:00~17:00 (입장마감 16:00) [3월~5월/9월~10월] - 09:00~18:00 (입장마감 17:00) [6월~8월] - 09:00~18:30 (입장마감 17:30)","매주 화요일※ 단, 화요일이 공휴일 및 대체공휴일과 겹칠 경우에는 개방하며, 그 다음 첫 번째 비공휴일이 정기휴일","{""rules"": [{""months"": [1, 2], ""weekdays"": null, ""source_text"": "" - 09:00~17:00 (입장마감 16:00) "", ""time_ranges"": [{""end"": ""17:00"", ""start"": ""09:00"", ""crosses_midnight"": false}], ""last_admission"": ""16:00""}, {""months"": [1, 2], ""weekdays"": null, ""source_text"": "" - 09:00~18:00 (입장마감 17:00) "", ""time_ranges"": [{""end"": ""18:00"", ""start"": ""09:00"", ""crosses_midnight"": false}], ""last_admission"": ""17:00""}, {""months"": [1, 2], ""weekdays"": null, ""source_text"": "" - 09:00~18:30 (입장마감 17:30)"", ""time_ranges"": [{""end"": ""18:30"", ""start"": ""09:00"", ""crosses_midnight"": false}], ""last_admission"": ""17:30""}], ""warnings"": [""휴무 문구의 일부 예외를 구조화하지 못했습니다.""], ""availability"": ""scheduled"", ""closure_rules"": [{""weekdays"": [1], ""source_text"": ""매주 화요일※ 단, 화요일이 공휴일 및 대체공휴일과 겹칠 경우에는 개방하며, 그 다음 첫 번째 비공휴일이 정기휴일""}], ""assumption_reason"": null}",partial,operating-hours-1.2.0,"2026-07-15 00:05:13+00","2026-08-09 02:40:01.200497+00","2026-08-08 05:25:57.108297+00","2026-08-09 02:40:01.200497+00",success,,t,,,ff209a47-72a7-46d0-b190-0a427a9afb0a,"2026-07-23 17:11:40.721834+00","2026-08-09 02:40:01.534897+00","가능 (약 240대)",,,,https://tong.visitkorea.or.kr/cms/resource/72/3069472_image2_1.JPG,https://tong.visitkorea.or.kr/cms/resource/72/3069472_image3_1.JPG,,,,,
126514,12,흥인지문,"서울특별시 종로구 종로 288 (종로6가)",37.5712209291,127.0097180432,11,110,HS,HS01,HS010300,"상시 개방",연중무휴,"{""rules"": [], ""warnings"": [], ""availability"": ""all_day"", ""closure_rules"": [], ""assumption_reason"": ""always_open_text""}",parsed,operating-hours-1.2.0,"2025-11-12 04:56:26+00","2026-08-09 02:40:01.200497+00","2026-08-08 05:25:57.108297+00","2026-08-09 02:40:01.200497+00",success,,t,,,ff209a47-72a7-46d0-b190-0a427a9afb0a,"2026-07-23 17:11:41.44801+00","2026-08-09 02:40:01.534897+00",불가능,,,,http://tong.visitkorea.or.kr/cms/resource/27/2536327_image2_1.jpg,http://tong.visitkorea.or.kr/cms/resource/27/2536327_image2_1.jpg,,,,,
126516,12,보신각터,"서울특별시 종로구 종로 54",37.5698150675,126.9835760212,11,110,HS,HS01,HS010700,"상시 개방",연중무휴,"{""rules"": [], ""warnings"": [], ""availability"": ""all_day"", ""closure_rules"": [], ""assumption_reason"": ""always_open_text""}",parsed,operating-hours-1.2.0,"2025-12-01 07:37:06+00","2026-08-09 02:40:01.200497+00","2026-08-08 05:25:57.108297+00","2026-08-09 02:40:01.200497+00",success,,t,,,ff209a47-72a7-46d0-b190-0a427a9afb0a,"2026-07-23 17:11:40.882874+00","2026-08-09 02:40:01.534897+00",,,,,http://tong.visitkorea.or.kr/cms/resource/23/3568323_image2_1.jpg,http://tong.visitkorea.or.kr/cms/resource/23/3568323_image3_1.jpg,,,,,
126517,12,"서울 문묘와 성균관","서울특별시 종로구 성균관로 31 (명륜3가)",37.5854861328543,126.996705105892,11,110,HS,HS01,HS010800,"- 하절기(3월~10월) 09:00~18:00- 동절기(11월~2월) 09:00~17:00",연중무휴,"{""rules"": [{""months"": [3, 4, 5, 6, 7, 8, 9, 10], ""weekdays"": null, ""source_text"": ""- 하절기(3월~10월) 09:00~18:00- 동절기(11월~2월) 09:00~17:00"", ""time_ranges"": [{""end"": ""18:00"", ""start"": ""09:00"", ""crosses_midnight"": false}, {""end"": ""17:00"", ""start"": ""09:00"", ""crosses_midnight"": false}], ""last_admission"": null}], ""warnings"": [], ""availability"": ""scheduled"", ""closure_rules"": [], ""assumption_reason"": null}",parsed,operating-hours-1.2.0,"2026-03-05 06:24:18+00","2026-08-09 02:40:01.200497+00","2026-08-08 05:25:57.108297+00","2026-08-09 02:40:01.200497+00",success,,t,,,ff209a47-72a7-46d0-b190-0a427a9afb0a,"2026-07-23 17:11:40.955853+00","2026-08-09 02:40:01.534897+00",가능,,,,https://tong.visitkorea.or.kr/cms/resource/39/3421439_image2_1.jpg,https://tong.visitkorea.or.kr/cms/resource/39/3421439_image3_1.jpg,,,,,
126522,12,"서울 동관왕묘","서울특별시 종로구 난계로27길 84",37.5727080049,127.0184229305,11,110,HS,HS01,HS010800,"[하절기(3월~10월)]- 09:00~18:00[동절기(11월~2월)]- 09:00~17:00",연중무휴,"{""rules"": [{""months"": [3, 4, 5, 6, 7, 8, 9, 10], ""weekdays"": null, ""source_text"": ""- 09:00~18:00"", ""time_ranges"": [{""end"": ""18:00"", ""start"": ""09:00"", ""crosses_midnight"": false}], ""last_admission"": null}, {""months"": [3, 4, 5, 6, 7, 8, 9, 10], ""weekdays"": null, ""source_text"": ""- 09:00~17:00"", ""time_ranges"": [{""end"": ""17:00"", ""start"": ""09:00"", ""crosses_midnight"": false}], ""last_admission"": null}], ""warnings"": [], ""availability"": ""scheduled"", ""closure_rules"": [], ""assumption_reason"": null}",parsed,operating-hours-1.2.0,"2026-07-27 04:14:42+00","2026-08-09 02:40:01.200497+00","2026-08-08 05:25:57.108297+00","2026-08-09 02:40:01.200497+00",success,,t,,,ff209a47-72a7-46d0-b190-0a427a9afb0a,"2026-07-23 17:11:40.955853+00","2026-08-09 02:40:01.534897+00",불가능,,,,https://tong.visitkorea.or.kr/cms/resource/61/4092661_image2_1.jpg,https://tong.visitkorea.or.kr/cms/resource/61/4092661_image3_1.jpg,,,,,
126533,12,"청와대 앞길","서울특별시 종로구 궁정동",37.5834864376289,126.973751980892,11,110,VE,VE04,VE040100,"상시 개방",연중무휴,"{""rules"": [], ""warnings"": [], ""availability"": ""all_day"", ""closure_rules"": [], ""assumption_reason"": ""always_open_text""}",parsed,operating-hours-1.2.0,"2026-03-13 04:59:32+00","2026-08-09 02:40:01.200497+00","2026-08-08 05:25:57.108297+00","2026-08-09 02:40:01.200497+00",success,,t,,,ff209a47-72a7-46d0-b190-0a427a9afb0a,"2026-07-23 17:11:41.296349+00","2026-08-09 02:40:01.534897+00",,,,,https://tong.visitkorea.or.kr/cms/resource/93/3525393_image2_1.jpg,https://tong.visitkorea.or.kr/cms/resource/93/3525393_image3_1.jpg,,,,,
126534,12,대학로,"서울특별시 종로구 대학로 104 (동숭동)",37.5805669329,127.0023878907,11,110,VE,VE04,VE040100,"상시 개방",연중무휴,"{""rules"": [], ""warnings"": [], ""availability"": ""all_day"", ""closure_rules"": [], ""assumption_reason"": ""always_open_text""}",parsed,operating-hours-1.2.0,"2025-03-14 01:14:54+00","2026-08-09 02:40:01.200497+00","2026-08-08 05:25:57.108297+00","2026-08-09 02:40:01.200497+00",success,,t,,,ff209a47-72a7-46d0-b190-0a427a9afb0a,"2026-07-23 17:11:40.808988+00","2026-08-09 02:40:01.534897+00",불가,,,,http://tong.visitkorea.or.kr/cms/resource/22/3384822_image2_1.JPG,http://tong.visitkorea.or.kr/cms/resource/22/3384822_image3_1.JPG,,,,,
126537,12,북촌한옥마을,"서울특별시 종로구 계동길 37 (계동)",37.5790529392,126.9867060298,11,110,HS,HS01,HS010600,"10:00~17:00<br>
※ 방문 제한시간(특별관리지역(레드존) 방문 금지) : 17:00~익일 10:00",연중무휴,"{""rules"": [{""months"": null, ""weekdays"": null, ""source_text"": ""10:00~17:00"", ""time_ranges"": [{""end"": ""17:00"", ""start"": ""10:00"", ""crosses_midnight"": false}], ""last_admission"": null}, {""months"": null, ""weekdays"": null, ""source_text"": ""※ 방문 제한시간(특별관리지역(레드존) 방문 금지) : 17:00~익일 10:00"", ""time_ranges"": [{""end"": ""10:00"", ""start"": ""17:00"", ""crosses_midnight"": true}], ""last_admission"": null}], ""warnings"": [], ""availability"": ""scheduled"", ""closure_rules"": [], ""assumption_reason"": null}",parsed,operating-hours-1.2.0,"2025-11-21 07:39:55+00","2026-08-09 02:40:01.200497+00","2026-08-08 05:25:57.108297+00","2026-08-09 02:40:01.200497+00",success,,t,,,ff209a47-72a7-46d0-b190-0a427a9afb0a,"2026-07-23 17:11:40.882874+00","2026-08-09 02:40:01.534897+00",불가능,,,,http://tong.visitkorea.or.kr/cms/resource/04/3304404_image2_1.jpg,http://tong.visitkorea.or.kr/cms/resource/04/3304404_image3_1.jpg,,,,,
126943,12,"북악스카이 팔각정","서울특별시 종로구 북악산로 267 (평창동)",37.6020279351,126.9805642714,11,110,VE,VE03,VE030100,"상시 개방",연중무휴,"{""rules"": [], ""warnings"": [], ""availability"": ""all_day"", ""closure_rules"": [], ""assumption_reason"": ""always_open_text""}",parsed,operating-hours-1.2.0,"2025-04-25 05:37:25+00","2026-08-09 02:40:01.200497+00","2026-08-08 05:25:57.108297+00","2026-08-09 02:40:01.200497+00",success,,t,,,ff209a47-72a7-46d0-b190-0a427a9afb0a,"2026-07-23 17:11:40.882874+00","2026-08-09 02:40:01.534897+00",가능,,,,http://tong.visitkorea.or.kr/cms/resource/33/2667333_image2_1.jpg,http://tong.visitkorea.or.kr/cms/resource/33/2667333_image3_1.jpg,,,,,
127454,12,"서울 운현궁","서울특별시 종로구 삼일대로 464",37.5764588036,126.9871421746,11,110,HS,HS01,HS010100,"[하절기(4월~10월)]<br>
09:00~19:00 (입장 마감 18:30)<br>
[동절기(11월~3월)]<br>
09:00~18:00 (입장 마감 17:30)<br>
※ 자세한 사항은 홈페이지 참조","매주 월요일 (단, 월요일이 공휴일인 경우 정상 개장)","{""rules"": [{""months"": null, ""weekdays"": null, ""source_text"": ""09:00~19:00 (입장 마감 18:30)"", ""time_ranges"": [{""end"": ""19:00"", ""start"": ""09:00"", ""crosses_midnight"": false}], ""last_admission"": ""18:30""}, {""months"": null, ""weekdays"": null, ""source_text"": ""09:00~18:00 (입장 마감 17:30)"", ""time_ranges"": [{""end"": ""18:00"", ""start"": ""09:00"", ""crosses_midnight"": false}], ""last_admission"": ""17:30""}], ""warnings"": [""휴무 문구의 일부 예외를 구조화하지 못했습니다.""], ""availability"": ""scheduled"", ""closure_rules"": [{""weekdays"": [0], ""source_text"": ""매주 월요일 (단, 월요일이 공휴일인 경우 정상 개장)""}], ""assumption_reason"": null}",partial,operating-hours-1.2.0,"2025-12-02 07:24:16+00","2026-08-09 02:40:01.200497+00","2026-08-08 05:25:57.108297+00","2026-08-09 02:40:01.200497+00",success,,t,,,ff209a47-72a7-46d0-b190-0a427a9afb0a,"2026-07-23 17:11:40.955853+00","2026-08-09 02:40:01.534897+00",불가능,,,,http://tong.visitkorea.or.kr/cms/resource/06/3577706_image2_1.jpg,http://tong.visitkorea.or.kr/cms/resource/06/3577706_image3_1.jpg,,,,,
127642,12,"창덕궁과 후원 [유네스코 세계유산]","서울특별시 종로구 율곡로 99 (와룡동)",37.5776507425,126.990230631,11,110,HS,HS01,HS010100,"[2월~5월]- 09:00~18:00 (입장 마감 17:00)[6월~8월]- 09:00~18:30 (입장 마감 17:30)[9월~10월]- 09:00~18:00 (입장 마감 17:00)[11월~1월]- 09:00~17:30 (입장 마감 16:30)","매주 월요일 (단, 월요일이 공휴일인 경우 개방하며, 그 다음 첫 번째 평일에 휴관)","{""rules"": [{""months"": [2, 3, 4, 5], ""weekdays"": null, ""source_text"": ""- 09:00~18:00 (입장 마감 17:00)"", ""time_ranges"": [{""end"": ""18:00"", ""start"": ""09:00"", ""crosses_midnight"": false}], ""last_admission"": ""17:00""}, {""months"": [2, 3, 4, 5], ""weekdays"": null, ""source_text"": ""- 09:00~18:30 (입장 마감 17:30)"", ""time_ranges"": [{""end"": ""18:30"", ""start"": ""09:00"", ""crosses_midnight"": false}], ""last_admission"": ""17:30""}, {""months"": [2, 3, 4, 5], ""weekdays"": null, ""source_text"": ""- 09:00~18:00 (입장 마감 17:00)"", ""time_ranges"": [{""end"": ""18:00"", ""start"": ""09:00"", ""crosses_midnight"": false}], ""last_admission"": ""17:00""}, {""months"": [2, 3, 4, 5], ""weekdays"": null, ""source_text"": ""- 09:00~17:30 (입장 마감 16:30)"", ""time_ranges"": [{""end"": ""17:30"", ""start"": ""09:00"", ""crosses_midnight"": false}], ""last_admission"": ""16:30""}], ""warnings"": [""휴무 문구의 일부 예외를 구조화하지 못했습니다.""], ""availability"": ""scheduled"", ""closure_rules"": [{""weekdays"": [0], ""source_text"": ""매주 월요일 (단, 월요일이 공휴일인 경우 개방하며, 그 다음 첫 번째 평일에 휴관)""}], ""assumption_reason"": null}",partial,operating-hours-1.2.0,"2026-06-29 07:15:10+00","2026-08-09 02:40:01.200497+00","2026-08-08 05:25:57.108297+00","2026-08-09 02:40:01.200497+00",success,,t,,,ff209a47-72a7-46d0-b190-0a427a9afb0a,"2026-07-23 17:11:41.296349+00","2026-08-09 02:40:01.534897+00",불가능,,,,https://tong.visitkorea.or.kr/cms/resource_photo/09/3511909_image2_1.jpg,https://tong.visitkorea.or.kr/cms/resource_photo/09/3511909_image3_1.jpg,,,,,
127942,12,"사직공원(서울)","서울특별시 종로구 사직로 89 (사직동)",37.5758446558,126.9687216489,11,110,VE,VE03,VE030100,"상시 개방",연중무휴,"{""rules"": [], ""warnings"": [], ""availability"": ""all_day"", ""closure_rules"": [], ""assumption_reason"": ""always_open_text""}",parsed,operating-hours-1.2.0,"2025-12-24 00:37:03+00","2026-08-09 02:40:01.200497+00","2026-08-08 05:25:57.108297+00","2026-08-09 02:40:01.200497+00",success,,t,,,ff209a47-72a7-46d0-b190-0a427a9afb0a,"2026-07-23 17:11:40.955853+00","2026-08-09 02:40:01.534897+00",가능,,,,http://tong.visitkorea.or.kr/cms/resource/83/3400583_image2_1.JPG,http://tong.visitkorea.or.kr/cms/resource/83/3400583_image3_1.JPG,,,,,
128144,12,"조계사(서울)","서울특별시 종로구 우정국로 55 (견지동)",37.5739784579,126.9827509785,11,110,HS,HS03,HS030100,"상시 개방",연중무휴,"{""rules"": [], ""warnings"": [], ""availability"": ""all_day"", ""closure_rules"": [], ""assumption_reason"": ""always_open_text""}",parsed,operating-hours-1.2.0,"2025-12-15 00:43:51+00","2026-08-09 02:40:01.200497+00","2026-08-08 05:25:57.108297+00","2026-08-09 02:40:01.200497+00",success,,t,,,ff209a47-72a7-46d0-b190-0a427a9afb0a,"2026-07-23 17:11:41.296349+00","2026-08-09 02:40:01.534897+00",가능,,,,http://tong.visitkorea.or.kr/cms/resource/13/3533413_image2_1.jpg,http://tong.visitkorea.or.kr/cms/resource/13/3533413_image3_1.jpg,,,,,
128553,12,쌈지길,"서울특별시 종로구 인사동길 44 (관훈동)",37.5743062352,126.9848674428,11,110,VE,VE04,VE040100,10:30~20:30,연중무휴,"{""rules"": [{""months"": null, ""weekdays"": null, ""source_text"": ""10:30~20:30"", ""time_ranges"": [{""end"": ""20:30"", ""start"": ""10:30"", ""crosses_midnight"": false}], ""last_admission"": null}], ""warnings"": [], ""availability"": ""scheduled"", ""closure_rules"": [], ""assumption_reason"": null}",parsed,operating-hours-1.2.0,"2025-10-23 05:30:00+00","2026-08-09 02:40:01.200497+00","2026-08-08 05:25:57.108297+00","2026-08-09 02:40:01.200497+00",success,,t,,,ff209a47-72a7-46d0-b190-0a427a9afb0a,"2026-07-23 17:11:41.150397+00","2026-08-09 02:40:01.534897+00",불가능,,,,http://tong.visitkorea.or.kr/cms/resource/72/3348672_image2_1.JPG,http://tong.visitkorea.or.kr/cms/resource/72/3348672_image3_1.JPG,,,,,
128872,12,낙산묘각사,"서울특별시 종로구 종로63가길 31 (숭인동)",37.5755131781882,127.018830983162,11,110,HS,HS03,HS030100,"09:00~18:00 (전화 문의)","연중 무휴","{""rules"": [{""months"": null, ""weekdays"": null, ""source_text"": ""09:00~18:00 (전화 문의)"", ""time_ranges"": [{""end"": ""18:00"", ""start"": ""09:00"", ""crosses_midnight"": false}], ""last_admission"": null}], ""warnings"": [""휴무 문구의 일부 예외를 구조화하지 못했습니다.""], ""availability"": ""scheduled"", ""closure_rules"": [], ""assumption_reason"": null}",partial,operating-hours-1.2.0,"2026-03-18 01:10:05+00","2026-08-09 02:40:01.200497+00","2026-08-08 05:25:57.108297+00","2026-08-09 02:40:01.200497+00",success,,t,,,ff209a47-72a7-46d0-b190-0a427a9afb0a,"2026-07-23 17:11:40.808988+00","2026-08-09 02:40:01.534897+00","가능 (소형 약 15대)",,,,https://tong.visitkorea.or.kr/cms/resource/69/3505769_image2_1.jpg,https://tong.visitkorea.or.kr/cms/resource/69/3505769_image3_1.jpg,,,,,
1291408,15,"창덕궁 달빛기행","서울특별시 종로구 율곡로 99 (와룡동) 창덕궁",37.5776507425422,126.990230631006,11,110,EV,EV01,EV010400,"19:10/20:00 (100분간)",,"{""rules"": [], ""warnings"": [""운영시간을 구조화하지 못했습니다.""], ""availability"": ""unknown"", ""closure_rules"": [], ""assumption_reason"": null}",partial,operating-hours-1.2.0,"2026-03-23 05:43:53+00","2026-08-09 02:40:01.200497+00","2026-08-08 05:25:57.108297+00","2026-08-09 02:40:01.200497+00",success,,t,,,ff209a47-72a7-46d0-b190-0a427a9afb0a,"2026-07-23 17:11:41.296349+00","2026-08-09 02:40:01.534897+00",,,유료,,https://tong.visitkorea.or.kr/cms/resource/50/4044350_image2_1.jpg,https://tong.visitkorea.or.kr/cms/resource/50/4044350_image3_1.jpg,,,,,
129500,12,"북악산 숙정문","서울특별시 종로구 삼청동",37.5955536984,126.9811144048,11,110,HS,HS01,HS010300,"[3월~4월] 07:00~18:00 (16:00까지 입산)<br>
[5월~8월] 07:00~19:00 (17:00까지 입산)<br>
[9월~10월] 07:00~18:00 (16:00까지 입산)<br>
[11월~2월] 07:00~17:00 (15:00까지 입산)",연중무휴,"{""rules"": [{""months"": [3, 4], ""weekdays"": null, ""source_text"": "" 07:00~18:00 (16:00까지 입산)"", ""time_ranges"": [{""end"": ""18:00"", ""start"": ""07:00"", ""crosses_midnight"": false}], ""last_admission"": null}, {""months"": [5, 6, 7, 8], ""weekdays"": null, ""source_text"": "" 07:00~19:00 (17:00까지 입산)"", ""time_ranges"": [{""end"": ""19:00"", ""start"": ""07:00"", ""crosses_midnight"": false}], ""last_admission"": null}, {""months"": [9, 10], ""weekdays"": null, ""source_text"": "" 07:00~18:00 (16:00까지 입산)"", ""time_ranges"": [{""end"": ""18:00"", ""start"": ""07:00"", ""crosses_midnight"": false}], ""last_admission"": null}, {""months"": [1, 2, 11, 12], ""weekdays"": null, ""source_text"": "" 07:00~17:00 (15:00까지 입산)"", ""time_ranges"": [{""end"": ""17:00"", ""start"": ""07:00"", ""crosses_midnight"": false}], ""last_admission"": null}], ""warnings"": [], ""availability"": ""scheduled"", ""closure_rules"": [], ""assumption_reason"": null}",parsed,operating-hours-1.2.0,"2025-03-18 11:59:23+00","2026-08-09 02:40:01.200497+00","2026-08-08 05:25:57.108297+00","2026-08-09 02:40:01.200497+00",success,,t,,,ff209a47-72a7-46d0-b190-0a427a9afb0a,"2026-07-23 17:11:40.882874+00","2026-08-09 02:40:01.534897+00",불가능,,,,http://tong.visitkorea.or.kr/cms/resource/41/3350341_image2_1.jpg,http://tong.visitkorea.or.kr/cms/resource/41/3350341_image3_1.jpg,,,,,
129501,12,낙산공원,"서울특별시 종로구 낙산길 41 (동숭동)",37.5805179476871,127.006496092905,11,110,VE,VE03,VE030400,"상시 개방 ※ 낙산 전시관 09:00~17:00",연중무휴,"{""rules"": [{""months"": null, ""weekdays"": null, ""source_text"": ""상시 개방 ※ 낙산 전시관 09:00~17:00"", ""time_ranges"": [{""end"": ""17:00"", ""start"": ""09:00"", ""crosses_midnight"": false}], ""last_admission"": null}], ""warnings"": [], ""availability"": ""scheduled"", ""closure_rules"": [], ""assumption_reason"": null}",parsed,operating-hours-1.2.0,"2026-03-12 00:13:06+00","2026-08-09 02:40:01.200497+00","2026-08-08 05:25:57.108297+00","2026-08-09 02:40:01.200497+00",success,,t,,,ff209a47-72a7-46d0-b190-0a427a9afb0a,"2026-07-23 17:11:40.808988+00","2026-08-09 02:40:01.534897+00","가능 (29대)",,,,https://tong.visitkorea.or.kr/cms/resource/28/3506728_image2_1.jpg,https://tong.visitkorea.or.kr/cms/resource/28/3506728_image3_1.jpg,,,,,
129506,12,"홍지문 및 탕춘대성","서울특별시 종로구 홍지동 99-7",37.5996528175,126.9586135629,11,110,HS,HS01,HS010200,"상시 개방",연중무휴,"{""rules"": [], ""warnings"": [], ""availability"": ""all_day"", ""closure_rules"": [], ""assumption_reason"": ""always_open_text""}",parsed,operating-hours-1.2.0,"2025-09-09 02:01:13+00","2026-08-09 02:40:01.200497+00","2026-08-08 05:25:57.108297+00","2026-08-09 02:40:01.200497+00",success,,t,,,ff209a47-72a7-46d0-b190-0a427a9afb0a,"2026-07-23 17:11:41.44801+00","2026-08-09 02:40:01.534897+00",불가능,,,,http://tong.visitkorea.or.kr/cms/resource/03/3531403_image2_1.jpg,http://tong.visitkorea.or.kr/cms/resource/03/3531403_image3_1.jpg,,,,,
129507,12,청계천,"서울특별시 종로구 창신동",37.5696470253,127.00507432,11,110,VE,VE03,VE030100,"상시 개방※ 우천 시, 안전상의 이유로 출입통제될 수 있음",연중무휴,"{""rules"": [], ""warnings"": [], ""availability"": ""all_day"", ""closure_rules"": [], ""assumption_reason"": ""always_open_text""}",parsed,operating-hours-1.2.0,"2026-06-19 00:32:09+00","2026-08-09 02:40:01.200497+00","2026-08-08 05:25:57.108297+00","2026-08-09 02:40:01.200497+00",success,,t,,,ff209a47-72a7-46d0-b190-0a427a9afb0a,"2026-07-23 17:11:41.296349+00","2026-08-09 02:40:01.534897+00",,,,,https://tong.visitkorea.or.kr/cms/resource_photo/34/3538134_image2_1.jpg,https://tong.visitkorea.or.kr/cms/resource_photo/34/3538134_image3_1.jpg,,,,,
129534,12,탑골공원,"서울특별시 종로구 종로 99 (종로2가)",37.5705007547852,126.988608133957,11,110,VE,VE03,VE030100,"- 하절기(3월~10월) 09:00~18:00- 동절기(11월~2월) 09:00~17:00",연중무휴,"{""rules"": [{""months"": [3, 4, 5, 6, 7, 8, 9, 10], ""weekdays"": null, ""source_text"": ""- 하절기(3월~10월) 09:00~18:00- 동절기(11월~2월) 09:00~17:00"", ""time_ranges"": [{""end"": ""18:00"", ""start"": ""09:00"", ""crosses_midnight"": false}, {""end"": ""17:00"", ""start"": ""09:00"", ""crosses_midnight"": false}], ""last_admission"": null}], ""warnings"": [], ""availability"": ""scheduled"", ""closure_rules"": [], ""assumption_reason"": null}",parsed,operating-hours-1.2.0,"2026-06-01 02:19:06+00","2026-08-09 02:40:01.200497+00","2026-08-08 05:25:57.108297+00","2026-08-09 02:40:01.200497+00",success,,t,,,ff209a47-72a7-46d0-b190-0a427a9afb0a,"2026-07-23 17:11:41.371579+00","2026-08-09 02:40:01.534897+00",불가능,,,,https://tong.visitkorea.or.kr/cms/resource/43/4056543_image2_1.jpg,https://tong.visitkorea.or.kr/cms/resource/43/4056543_image3_1.jpg,,,,,
129734,14,두산아트센터,"서울특별시 종로구 종로33길 15",37.5717550271816,127.000963549731,11,110,VE,VE06,VE060100,"공연별로 상이함","공연별로 상이함","{""rules"": [], ""warnings"": [""운영시간을 구조화하지 못했습니다.""], ""availability"": ""unknown"", ""closure_rules"": [], ""assumption_reason"": null}",partial,operating-hours-1.2.0,"2026-03-19 05:30:38+00","2026-08-09 02:40:01.200497+00","2026-08-08 05:25:57.108297+00","2026-08-09 02:40:01.200497+00",success,,t,,,ff209a47-72a7-46d0-b190-0a427a9afb0a,"2026-07-23 17:11:40.808988+00","2026-08-09 02:40:01.534897+00",,"[공연, 강연]- 4시간 5,000원[전시]- 1시간 무료 - 초과 시 10분당 1,000원※ 당일 관람고객 주차요금","공연별로 상이함","두산아트센터 회원 5~20%할인 제공(공연에 따라 다름)",https://tong.visitkorea.or.kr/cms/resource/34/3542734_image2_1.jpg,https://tong.visitkorea.or.kr/cms/resource/34/3542734_image3_1.jpg,,,,,
129735,14,세종문화회관,"서울특별시 종로구 세종대로 175 (세종로)",37.5720618985,126.9763210635,11,110,VE,VE06,VE060100,"공연 및 전시 별로 상이함","공연 및 전시 별로 상이함","{""rules"": [], ""warnings"": [""운영시간을 구조화하지 못했습니다.""], ""availability"": ""unknown"", ""closure_rules"": [], ""assumption_reason"": null}",partial,operating-hours-1.2.0,"2025-11-21 05:27:04+00","2026-08-09 02:40:01.200497+00","2026-08-08 05:25:57.108297+00","2026-08-09 02:40:01.200497+00",success,,t,,,ff209a47-72a7-46d0-b190-0a427a9afb0a,"2026-07-23 17:11:40.955853+00","2026-08-09 02:40:01.534897+00",가능,"5분당 430원<br>
※ 할인대상자는 홈페이지 참조","공연 및 전시 별로 상이함",,http://tong.visitkorea.or.kr/cms/resource/87/3082687_image2_1.png,http://tong.visitkorea.or.kr/cms/resource/87/3082687_image3_1.png,,,,,
129760,14,환기미술관,"서울특별시 종로구 자하문로40길 63 (부암동)",37.5940980426,126.9661269237,11,110,VE,VE07,VE070600,10:00~18:00,"매주 월요일 / 1월 1일 / 설날·추석","{""rules"": [{""months"": null, ""weekdays"": null, ""source_text"": ""10:00~18:00"", ""time_ranges"": [{""end"": ""18:00"", ""start"": ""10:00"", ""crosses_midnight"": false}], ""last_admission"": null}], ""warnings"": [], ""availability"": ""scheduled"", ""closure_rules"": [{""weekdays"": [0], ""source_text"": ""매주 월요일 / 1월 1일 / 설날·추석""}], ""assumption_reason"": null}",parsed,operating-hours-1.2.0,"2025-04-28 04:18:35+00","2026-08-09 02:40:01.200497+00","2026-08-08 05:25:57.108297+00","2026-08-09 02:40:01.200497+00",success,,t,,,ff209a47-72a7-46d0-b190-0a427a9afb0a,"2026-07-23 17:11:41.44801+00","2026-08-09 02:40:01.534897+00",가능,무료,"※ 전시별 상이하므로 홈페이지 참고",,http://tong.visitkorea.or.kr/cms/resource/52/3488552_image2_1.jpg,http://tong.visitkorea.or.kr/cms/resource/52/3488552_image3_1.jpg,,,,,
129804,14,짚풀생활사박물관,"서울특별시 종로구 성균관로4길 45 (명륜2가)",37.5849580441,126.9998574414,11,110,VE,VE07,VE070100,"10:00~17:00 (입장마감 16:00)","매주 일요일~월요일 / 1월 1일 / 설·추석 연휴","{""rules"": [{""months"": null, ""weekdays"": null, ""source_text"": ""10:00~17:00 (입장마감 16:00)"", ""time_ranges"": [{""end"": ""17:00"", ""start"": ""10:00"", ""crosses_midnight"": false}], ""last_admission"": ""16:00""}], ""warnings"": [], ""availability"": ""scheduled"", ""closure_rules"": [{""weekdays"": [0, 6], ""source_text"": ""매주 일요일~월요일 / 1월 1일 / 설·추석 연휴""}], ""assumption_reason"": null}",parsed,operating-hours-1.2.0,"2025-09-18 05:13:42+00","2026-08-09 02:40:01.200497+00","2026-08-08 05:25:57.108297+00","2026-08-09 02:40:01.200497+00",success,,t,,,ff209a47-72a7-46d0-b190-0a427a9afb0a,"2026-07-23 17:11:41.296349+00","2026-08-09 02:40:01.534897+00",불가능,,"- 성인(20세 이상) 5,000원<br>- 아동·청소년(8세~19세) 4,000원<br>- 유아(36개월~7세) 3,000원","- 단체(20인 이상) / 장애인 / 만 65세 이상 1,000원 할인<br>
※ 중복 할인 불가<br>
- 매월 마지막 주 수요일(문화가 있는 날) 50% 할인",http://tong.visitkorea.or.kr/cms/resource/26/3540826_image2_1.jpg,http://tong.visitkorea.or.kr/cms/resource/26/3540826_image3_1.jpg,,,,,
129811,14,국립고궁박물관,"서울특별시 종로구 효자로 12 (세종로)",37.5765915642203,126.974974863523,11,110,VE,VE07,VE070100,"- 월요일~금요일/일요일 09:30~17:30 (입장 마감 17:00)- 토요일 09:30~21:00 (입장 마감 20:30)- 매월 마지막 수요일 09:30~21:00 (입장 마감 20:30)","매월 마지막 월요일 (단, 공휴일일 경우 공휴일이 끝난 다음날) / 1월 1일 / 설·추석 당일","{""rules"": [{""months"": null, ""weekdays"": [0, 1, 2, 3, 4, 6], ""source_text"": "" 09:30~17:30 (입장 마감 17:00)- "", ""time_ranges"": [{""end"": ""17:30"", ""start"": ""09:30"", ""crosses_midnight"": false}], ""last_admission"": ""17:00""}, {""months"": null, ""weekdays"": [5], ""source_text"": "" 09:30~21:00 (입장 마감 20:30)- 매월 마지막 수요일 09:30~21:00 (입장 마감 20:30)"", ""time_ranges"": [{""end"": ""21:00"", ""start"": ""09:30"", ""crosses_midnight"": false}, {""end"": ""21:00"", ""start"": ""09:30"", ""crosses_midnight"": false}], ""last_admission"": ""20:30""}], ""warnings"": [""휴무 문구의 일부 예외를 구조화하지 못했습니다.""], ""availability"": ""scheduled"", ""closure_rules"": [], ""assumption_reason"": null}",partial,operating-hours-1.2.0,"2026-04-28 00:23:43+00","2026-08-09 02:40:01.200497+00","2026-08-08 05:25:57.108297+00","2026-08-09 02:40:01.200497+00",success,,t,,,ff209a47-72a7-46d0-b190-0a427a9afb0a,"2026-07-23 17:11:40.721834+00","2026-08-09 02:40:01.534897+00",,,무료,,https://tong.visitkorea.or.kr/cms/resource/35/4054035_image2_1.png,https://tong.visitkorea.or.kr/cms/resource/35/4054035_image3_1.png,,,,,
129838,14,"성균관대학교 인문사회과학캠퍼스박물관","서울특별시 종로구 성균관로 25-2 (명륜3가)",37.5849607702,126.9969632609,11,110,VE,VE07,VE070100,"10:00~16:00 (입장 마감 15:30)","매주 토요일~일요일 / 개교기념일(9월 25일) / 공부자탄강일(9월 28일) / 국정 공휴일","{""rules"": [{""months"": null, ""weekdays"": null, ""source_text"": ""10:00~16:00 (입장 마감 15:30)"", ""time_ranges"": [{""end"": ""16:00"", ""start"": ""10:00"", ""crosses_midnight"": false}], ""last_admission"": ""15:30""}], ""warnings"": [""휴무 문구의 일부 예외를 구조화하지 못했습니다.""], ""availability"": ""scheduled"", ""closure_rules"": [{""weekdays"": [5, 6], ""source_text"": ""매주 토요일~일요일 / 개교기념일(9월 25일) / 공부자탄강일(9월 28일) / 국정 공휴일""}], ""assumption_reason"": null}",partial,operating-hours-1.2.0,"2025-10-28 00:58:54+00","2026-08-09 02:40:01.200497+00","2026-08-08 05:25:57.108297+00","2026-08-09 02:40:01.200497+00",success,,t,,,ff209a47-72a7-46d0-b190-0a427a9afb0a,"2026-07-23 17:11:40.955853+00","2026-08-09 02:40:01.534897+00",가능,,무료,,http://tong.visitkorea.or.kr/cms/resource/09/3556509_image2_1.jpg,http://tong.visitkorea.or.kr/cms/resource/09/3556509_image3_1.jpg,,,,,
129846,14,"갤러리 비앤에스","서울특별시 종로구 자하문로 273 (부암동)",37.5979961885984,126.961934936161,11,110,VE,VE07,VE070600,10:00~18:30,"매주 일요일 / 설·추석 연휴","{""rules"": [{""months"": null, ""weekdays"": null, ""source_text"": ""10:00~18:30"", ""time_ranges"": [{""end"": ""18:30"", ""start"": ""10:00"", ""crosses_midnight"": false}], ""last_admission"": null}], ""warnings"": [], ""availability"": ""scheduled"", ""closure_rules"": [{""weekdays"": [6], ""source_text"": ""매주 일요일 / 설·추석 연휴""}], ""assumption_reason"": null}",parsed,operating-hours-1.2.0,"2026-02-10 23:10:09+00","2026-08-09 02:40:01.200497+00","2026-08-08 05:25:57.108297+00","2026-08-09 02:40:01.200497+00",success,,t,,,ff209a47-72a7-46d0-b190-0a427a9afb0a,"2026-07-23 17:11:40.721834+00","2026-08-09 02:40:01.534897+00",,,무료,,https://tong.visitkorea.or.kr/cms/resource/40/682340_image2_1.jpg,https://tong.visitkorea.or.kr/cms/resource/40/682340_image3_1.jpg,,,,,
129852,14,표갤러리,"서울특별시 종로구 자하문로5길 18-4",37.5779444497,126.9708491732,11,110,VE,VE07,VE070600,09:00~18:00,"매주 일요일 / 법정공휴일","{""rules"": [{""months"": null, ""weekdays"": null, ""source_text"": ""09:00~18:00"", ""time_ranges"": [{""end"": ""18:00"", ""start"": ""09:00"", ""crosses_midnight"": false}], ""last_admission"": null}], ""warnings"": [""휴무 문구의 일부 예외를 구조화하지 못했습니다.""], ""availability"": ""scheduled"", ""closure_rules"": [{""weekdays"": [6], ""source_text"": ""매주 일요일 / 법정공휴일""}], ""assumption_reason"": null}",partial,operating-hours-1.2.0,"2025-08-19 07:18:33+00","2026-08-09 02:40:01.200497+00","2026-08-08 05:25:57.108297+00","2026-08-09 02:40:01.200497+00",success,,t,,,ff209a47-72a7-46d0-b190-0a427a9afb0a,"2026-07-23 17:11:41.371579+00","2026-08-09 02:40:01.534897+00",불가능,,,,http://tong.visitkorea.or.kr/cms/resource/93/3413893_image2_1.jpg,http://tong.visitkorea.or.kr/cms/resource/93/3413893_image3_1.jpg,,,,,
129854,14,가나아트센터,"서울특별시 종로구 평창30길 28 (평창동)",37.6122904729365,126.97512913242,11,110,VE,VE07,VE070600,"화요일~일요일 10:00~19:00","매주 월요일","{""rules"": [{""months"": null, ""weekdays"": [1, 2, 3, 4, 5, 6], ""source_text"": "" 10:00~19:00"", ""time_ranges"": [{""end"": ""19:00"", ""start"": ""10:00"", ""crosses_midnight"": false}], ""last_admission"": null}], ""warnings"": [], ""availability"": ""scheduled"", ""closure_rules"": [{""weekdays"": [0], ""source_text"": ""매주 월요일""}], ""assumption_reason"": null}",parsed,operating-hours-1.2.0,"2026-03-11 01:03:40+00","2026-08-09 02:40:01.200497+00","2026-08-08 05:25:57.108297+00","2026-08-09 02:40:01.200497+00",success,,t,,,ff209a47-72a7-46d0-b190-0a427a9afb0a,"2026-07-23 17:11:40.721834+00","2026-08-09 02:40:01.534897+00",,무료,"3,000원",,https://tong.visitkorea.or.kr/cms/resource/11/3506711_image2_1.jpg,https://tong.visitkorea.or.kr/cms/resource/11/3506711_image3_1.jpg,,,,,
129898,14,가람화랑,"서울특별시 종로구 인사동10길 11 (관훈동)",37.5742836790044,126.985613945865,11,110,VE,VE07,VE070600,"화요일~토요일 10:00~17:00","매주 일요일~월요일 / 법정공휴일 / 임시공휴일","{""rules"": [{""months"": null, ""weekdays"": [1, 2, 3, 4, 5], ""source_text"": "" 10:00~17:00"", ""time_ranges"": [{""end"": ""17:00"", ""start"": ""10:00"", ""crosses_midnight"": false}], ""last_admission"": null}], ""warnings"": [""휴무 문구의 일부 예외를 구조화하지 못했습니다.""], ""availability"": ""scheduled"", ""closure_rules"": [{""weekdays"": [0, 6], ""source_text"": ""매주 일요일~월요일 / 법정공휴일 / 임시공휴일""}], ""assumption_reason"": null}",partial,operating-hours-1.2.0,"2026-03-18 01:10:05+00","2026-08-09 02:40:01.200497+00","2026-08-08 05:25:57.108297+00","2026-08-09 02:40:01.200497+00",success,,t,,,ff209a47-72a7-46d0-b190-0a427a9afb0a,"2026-07-23 17:11:40.721834+00","2026-08-09 02:40:01.534897+00",,,무료,,https://tong.visitkorea.or.kr/cms/resource/36/3505536_image2_1.jpg,https://tong.visitkorea.or.kr/cms/resource/36/3505536_image3_1.jpg,,,,,
129903,14,동산방화랑,"서울특별시 종로구 인사동9길 35 (견지동)",37.5729813628,126.9833898373,11,110,VE,VE07,VE070600,"[월요일~금요일] <br> - 09:00~18:00 <br>  [토요일] <br> - 09:00~12:30 <br> ※ 전시기간에는 토요일 16시까지 운영","매주 일요일 / 공휴일","{""rules"": [{""months"": null, ""weekdays"": [0, 1, 2, 3, 4], ""source_text"": ""- 09:00~18:00"", ""time_ranges"": [{""end"": ""18:00"", ""start"": ""09:00"", ""crosses_midnight"": false}], ""last_admission"": null}, {""months"": null, ""weekdays"": [5], ""source_text"": ""- 09:00~12:30"", ""time_ranges"": [{""end"": ""12:30"", ""start"": ""09:00"", ""crosses_midnight"": false}], ""last_admission"": null}], ""warnings"": [""휴무 문구의 일부 예외를 구조화하지 못했습니다.""], ""availability"": ""scheduled"", ""closure_rules"": [{""weekdays"": [6], ""source_text"": ""매주 일요일 / 공휴일""}], ""assumption_reason"": null}",partial,operating-hours-1.2.0,"2025-12-01 06:42:52+00","2026-08-09 02:40:01.200497+00","2026-08-08 05:25:57.108297+00","2026-08-09 02:40:01.200497+00",success,,t,,,ff209a47-72a7-46d0-b190-0a427a9afb0a,"2026-07-23 17:11:40.808988+00","2026-08-09 02:40:01.534897+00",가능,,"무료 (특별전의 경우 유료)",,http://tong.visitkorea.or.kr/cms/resource/70/3478570_image2_1.jpg,http://tong.visitkorea.or.kr/cms/resource/70/3478570_image3_1.jpg,,,,,
129905,14,선화랑,"서울특별시 종로구 인사동5길 8 (인사동)",37.5729226322472,126.985721885944,11,110,VE,VE07,VE070600,"10:00~18:00 (입장 마감 17:30)","매주 일요일 / 공휴일","{""rules"": [{""months"": null, ""weekdays"": null, ""source_text"": ""10:00~18:00 (입장 마감 17:30)"", ""time_ranges"": [{""end"": ""18:00"", ""start"": ""10:00"", ""crosses_midnight"": false}], ""last_admission"": ""17:30""}], ""warnings"": [""휴무 문구의 일부 예외를 구조화하지 못했습니다.""], ""availability"": ""scheduled"", ""closure_rules"": [{""weekdays"": [6], ""source_text"": ""매주 일요일 / 공휴일""}], ""assumption_reason"": null}",partial,operating-hours-1.2.0,"2026-03-18 01:10:05+00","2026-08-09 02:40:01.200497+00","2026-08-08 05:25:57.108297+00","2026-08-09 02:40:01.200497+00",success,,t,,,ff209a47-72a7-46d0-b190-0a427a9afb0a,"2026-07-23 17:11:40.955853+00","2026-08-09 02:40:01.534897+00",,,무료,,https://tong.visitkorea.or.kr/cms/resource/07/3527907_image2_1.jpg,https://tong.visitkorea.or.kr/cms/resource/07/3527907_image3_1.jpg,,,,,
129906,14,노화랑,"서울특별시 종로구 인사동길 54 (관훈동)",37.5748605247222,126.98408514363,11,110,VE,VE07,VE070600,"10:00~17:00 (휴게시간 12:00~13:00)","매주 일요일~월요일 / 법정공휴일","{""rules"": [{""months"": null, ""weekdays"": null, ""source_text"": ""10:00~17:00 (휴게시간 12:00~13:00)"", ""time_ranges"": [{""end"": ""17:00"", ""start"": ""10:00"", ""crosses_midnight"": false}, {""end"": ""13:00"", ""start"": ""12:00"", ""crosses_midnight"": false}], ""last_admission"": null}], ""warnings"": [""휴무 문구의 일부 예외를 구조화하지 못했습니다.""], ""availability"": ""scheduled"", ""closure_rules"": [{""weekdays"": [0, 6], ""source_text"": ""매주 일요일~월요일 / 법정공휴일""}], ""assumption_reason"": null}",partial,operating-hours-1.2.0,"2026-03-11 01:03:40+00","2026-08-09 02:40:01.200497+00","2026-08-08 05:25:57.108297+00","2026-08-09 02:40:01.200497+00",success,,t,,,ff209a47-72a7-46d0-b190-0a427a9afb0a,"2026-07-23 17:11:40.808988+00","2026-08-09 02:40:01.534897+00",,,무료,,https://tong.visitkorea.or.kr/cms/resource/00/3505700_image2_1.jpg,https://tong.visitkorea.or.kr/cms/resource/00/3505700_image3_1.jpg,,,,,
129907,14,조형갤러리,"서울특별시 종로구 인사동5길 29 (인사동) 지하 1층",37.572039832,126.9848563969,11,110,VE,VE07,VE070600,10:30~18:30,연중무휴,"{""rules"": [{""months"": null, ""weekdays"": null, ""source_text"": ""10:30~18:30"", ""time_ranges"": [{""end"": ""18:30"", ""start"": ""10:30"", ""crosses_midnight"": false}], ""last_admission"": null}], ""warnings"": [], ""availability"": ""scheduled"", ""closure_rules"": [], ""assumption_reason"": null}",parsed,operating-hours-1.2.0,"2025-09-18 05:23:58+00","2026-08-09 02:40:01.200497+00","2026-08-08 05:25:57.108297+00","2026-08-09 02:40:01.200497+00",success,,t,,,ff209a47-72a7-46d0-b190-0a427a9afb0a,"2026-07-23 17:11:41.296349+00","2026-08-09 02:40:01.534897+00",가능,,무료,,http://tong.visitkorea.or.kr/cms/resource/33/3540833_image2_1.jpg,http://tong.visitkorea.or.kr/cms/resource/33/3540833_image3_1.jpg,,,,,
129908,14,학고재,"서울특별시 종로구 삼청로 50 (소격동)",37.580295937219,126.980220919156,11,110,VE,VE07,VE070600,10:00~18:00,"매주 일요일, 월요일","{""rules"": [{""months"": null, ""weekdays"": null, ""source_text"": ""10:00~18:00"", ""time_ranges"": [{""end"": ""18:00"", ""start"": ""10:00"", ""crosses_midnight"": false}], ""last_admission"": null}], ""warnings"": [], ""availability"": ""scheduled"", ""closure_rules"": [{""weekdays"": [0, 6], ""source_text"": ""매주 일요일, 월요일""}], ""assumption_reason"": null}",parsed,operating-hours-1.2.0,"2026-03-12 00:08:40+00","2026-08-09 02:40:01.200497+00","2026-08-08 05:25:57.108297+00","2026-08-09 02:40:01.200497+00",success,,t,,,ff209a47-72a7-46d0-b190-0a427a9afb0a,"2026-07-23 17:11:41.371579+00","2026-08-09 02:40:01.534897+00",,,무료,,https://tong.visitkorea.or.kr/cms/resource/34/3497534_image2_1.jpg,https://tong.visitkorea.or.kr/cms/resource/34/3497534_image3_1.jpg,,,,,
129909,14,모던화랑,"서울특별시 종로구 인사동10길 4 (관훈동)",37.5739842406529,126.985356901486,11,110,VE,VE07,VE070600,"10:00~19:00※ 자세한 사항은 전화문의 요망","※ 자세한 사항은 전화문의 요망","{""rules"": [{""months"": null, ""weekdays"": null, ""source_text"": ""10:00~19:00※ 자세한 사항은 전화문의 요망"", ""time_ranges"": [{""end"": ""19:00"", ""start"": ""10:00"", ""crosses_midnight"": false}], ""last_admission"": null}], ""warnings"": [""휴무 문구의 일부 예외를 구조화하지 못했습니다.""], ""availability"": ""scheduled"", ""closure_rules"": [], ""assumption_reason"": null}",partial,operating-hours-1.2.0,"2026-03-18 01:10:05+00","2026-08-09 02:40:01.200497+00","2026-08-08 05:25:57.108297+00","2026-08-09 02:40:01.200497+00",success,,t,,,ff209a47-72a7-46d0-b190-0a427a9afb0a,"2026-07-23 17:11:40.882874+00","2026-08-09 02:40:01.534897+00",,,무료,,https://tong.visitkorea.or.kr/cms/resource/74/3526774_image2_1.jpg,https://tong.visitkorea.or.kr/cms/resource/74/3526774_image3_1.jpg,,,,,
129917,14,"갤러리 현대","서울특별시 종로구 삼청로 14 (사간동)",37.577245641204,126.979787681186,11,110,VE,VE07,VE070600,10:00~18:00,"매주 월요일 / 1월 1일 / 설·추석 당일","{""rules"": [{""months"": null, ""weekdays"": null, ""source_text"": ""10:00~18:00"", ""time_ranges"": [{""end"": ""18:00"", ""start"": ""10:00"", ""crosses_midnight"": false}], ""last_admission"": null}], ""warnings"": [], ""availability"": ""scheduled"", ""closure_rules"": [{""weekdays"": [0], ""source_text"": ""매주 월요일 / 1월 1일 / 설·추석 당일""}], ""assumption_reason"": null}",parsed,operating-hours-1.2.0,"2026-02-10 23:10:09+00","2026-08-09 02:40:01.200497+00","2026-08-08 05:25:57.108297+00","2026-08-09 02:40:01.200497+00",success,,t,,,ff209a47-72a7-46d0-b190-0a427a9afb0a,"2026-07-23 17:11:40.721834+00","2026-08-09 02:40:01.534897+00",,,"무료※ 일부 특별 전시의 경우 유료 관람",,https://tong.visitkorea.or.kr/cms/resource/50/1570450_image2_1.jpg,https://tong.visitkorea.or.kr/cms/resource/50/1570450_image3_1.jpg,,,,,
129918,14,국제갤러리,"서울특별시 종로구 삼청로 54 (소격동)",37.5807887397,126.9806426439,11,110,VE,VE07,VE070600,"- 월요일~토요일 10:00~18:00<br >
- 일요일 및 공휴일 10:00~17:00",연중무휴,"{""rules"": [{""months"": null, ""weekdays"": [0, 1, 2, 3, 4, 5], ""source_text"": "" 10:00~18:00"", ""time_ranges"": [{""end"": ""18:00"", ""start"": ""10:00"", ""crosses_midnight"": false}], ""last_admission"": null}, {""months"": null, ""weekdays"": [6], ""source_text"": "" 및 공휴일 10:00~17:00"", ""time_ranges"": [{""end"": ""17:00"", ""start"": ""10:00"", ""crosses_midnight"": false}], ""last_admission"": null}], ""warnings"": [], ""availability"": ""scheduled"", ""closure_rules"": [], ""assumption_reason"": null}",parsed,operating-hours-1.2.0,"2025-03-17 01:48:40+00","2026-08-09 02:40:01.200497+00","2026-08-08 05:25:57.108297+00","2026-08-09 02:40:01.200497+00",success,,t,,,ff209a47-72a7-46d0-b190-0a427a9afb0a,"2026-07-23 17:11:40.721834+00","2026-08-09 02:40:01.534897+00",불가능,,"전시 별로 상이함",,http://tong.visitkorea.or.kr/cms/resource/32/3384832_image2_1.JPG,http://tong.visitkorea.or.kr/cms/resource/32/3384832_image3_1.JPG,,,,,
129928,14,이목화랑,"서울특별시 종로구 북촌로 94",37.5851855362,126.985425417,11,110,VE,VE07,VE070600,"- 평일 11:00~18:00<br>
- 주말 11:00~17:00<br>
※ 자세한 사항은 전화문의 요망","매주 월요일","{""rules"": [{""months"": null, ""weekdays"": [0, 1, 2, 3, 4], ""source_text"": "" 11:00~18:00"", ""time_ranges"": [{""end"": ""18:00"", ""start"": ""11:00"", ""crosses_midnight"": false}], ""last_admission"": null}, {""months"": null, ""weekdays"": [5, 6], ""source_text"": "" 11:00~17:00"", ""time_ranges"": [{""end"": ""17:00"", ""start"": ""11:00"", ""crosses_midnight"": false}], ""last_admission"": null}], ""warnings"": [], ""availability"": ""scheduled"", ""closure_rules"": [{""weekdays"": [0], ""source_text"": ""매주 월요일""}], ""assumption_reason"": null}",parsed,operating-hours-1.2.0,"2025-12-30 05:19:52+00","2026-08-09 02:40:01.200497+00","2026-08-08 05:25:57.108297+00","2026-08-09 02:40:01.200497+00",success,,t,,,ff209a47-72a7-46d0-b190-0a427a9afb0a,"2026-07-23 17:11:41.225101+00","2026-08-09 02:40:01.534897+00",가능,,무료,,http://tong.visitkorea.or.kr/cms/resource/87/3589687_image2_1.jpg,http://tong.visitkorea.or.kr/cms/resource/87/3589687_image3_1.jpg,,,,,
130072,14,아트선재센터,"서울특별시 종로구 율곡로3길 87 (소격동)",37.5794635324,126.9818392396,11,110,VE,VE07,VE070600,"12:00~18:00 (입장 마감 17:30)","매주 월요일 / 1월 1일 / 설·추석 연휴※ 이외 휴관은 홈페이지 공지사항에 공지되므로 자세한 사항은 홈페이지 참조","{""rules"": [{""months"": null, ""weekdays"": null, ""source_text"": ""12:00~18:00 (입장 마감 17:30)"", ""time_ranges"": [{""end"": ""18:00"", ""start"": ""12:00"", ""crosses_midnight"": false}], ""last_admission"": ""17:30""}], ""warnings"": [], ""availability"": ""scheduled"", ""closure_rules"": [{""weekdays"": [0], ""source_text"": ""매주 월요일 / 1월 1일 / 설·추석 연휴※ 이외 휴관은 홈페이지 공지사항에 공지되므로 자세한 사항은 홈페이지 참조""}], ""assumption_reason"": null}",parsed,operating-hours-1.2.0,"2026-06-11 04:48:41+00","2026-08-09 02:40:01.200497+00","2026-08-08 05:25:57.108297+00","2026-08-09 02:40:01.200497+00",success,,t,,,ff209a47-72a7-46d0-b190-0a427a9afb0a,"2026-07-23 17:11:41.150397+00","2026-08-09 02:40:01.534897+00",,,"- 성인 10,000원
- 초·중·고등학생 7,000원
- 예술인패스 소지자7,000원
※ 무료 : 장애인 / ICOM‧CIMAM‧서울시미술관협의회 카드 소지자
※ 아트홀의 관람료는 개별 프로그램 확인 요망
※ 기타 이벤트 및 특별 전시, 대관 행사 등의 관람료는 안내 참조 요망
※ 개별 전시 및 프로그램 관람료는 홈페이지 및 예약 사이트 확인 요망",,,,,,,,
130154,14,성곡미술관,"서울특별시 종로구 경희궁길 42 (신문로2가)",37.5735105142,126.9697036474,11,110,VE,VE07,VE070600,"10:00~18:00 (입장 마감 17:30)","매주 월요일","{""rules"": [{""months"": null, ""weekdays"": null, ""source_text"": ""10:00~18:00 (입장 마감 17:30)"", ""time_ranges"": [{""end"": ""18:00"", ""start"": ""10:00"", ""crosses_midnight"": false}], ""last_admission"": ""17:30""}], ""warnings"": [], ""availability"": ""scheduled"", ""closure_rules"": [{""weekdays"": [0], ""source_text"": ""매주 월요일""}], ""assumption_reason"": null}",parsed,operating-hours-1.2.0,"2026-07-16 01:20:06+00","2026-08-09 02:40:01.200497+00","2026-08-08 05:25:57.108297+00","2026-08-09 02:40:01.200497+00",success,,t,,,ff209a47-72a7-46d0-b190-0a427a9afb0a,"2026-07-23 17:11:40.955853+00","2026-08-09 02:40:01.534897+00",,무료,"전시 별로 상이함",,https://tong.visitkorea.or.kr/cms/resource/31/3487031_image2_1.png,https://tong.visitkorea.or.kr/cms/resource/31/3487031_image3_1.png,,,,,
130155,14,동덕아트갤러리,"서울특별시 종로구 우정국로 68 동덕빌딩 B1 동덕아트갤러리",37.5749894618,126.9833314524,11,110,VE,VE07,VE070600,10:00~18:00,연중무휴,"{""rules"": [{""months"": null, ""weekdays"": null, ""source_text"": ""10:00~18:00"", ""time_ranges"": [{""end"": ""18:00"", ""start"": ""10:00"", ""crosses_midnight"": false}], ""last_admission"": null}], ""warnings"": [], ""availability"": ""scheduled"", ""closure_rules"": [], ""assumption_reason"": null}",parsed,operating-hours-1.2.0,"2025-07-22 01:20:40+00","2026-08-09 02:40:01.200497+00","2026-08-08 05:25:57.108297+00","2026-08-09 02:40:01.200497+00",success,,t,,,ff209a47-72a7-46d0-b190-0a427a9afb0a,"2026-07-23 17:11:40.808988+00","2026-08-09 02:40:01.534897+00",가능,"기본 30분 2,000원 / 15분당 1,000원 추가 요금 발생","전시 별로 상이함",,http://tong.visitkorea.or.kr/cms/resource/69/3048969_image2_1.JPG,http://tong.visitkorea.or.kr/cms/resource/69/3048969_image3_1.JPG,,,,,
130190,14,"갤러리 시몬","서울특별시 종로구 자하문로6길 20 (통의동)",37.5780538484364,126.973251488402,11,110,VE,VE07,VE070600,11:00~18:00,"매주 월요일, 일요일","{""rules"": [{""months"": null, ""weekdays"": null, ""source_text"": ""11:00~18:00"", ""time_ranges"": [{""end"": ""18:00"", ""start"": ""11:00"", ""crosses_midnight"": false}], ""last_admission"": null}], ""warnings"": [], ""availability"": ""scheduled"", ""closure_rules"": [{""weekdays"": [0, 6], ""source_text"": ""매주 월요일, 일요일""}], ""assumption_reason"": null}",parsed,operating-hours-1.2.0,"2026-03-19 00:49:59+00","2026-08-09 02:40:01.200497+00","2026-08-08 05:25:57.108297+00","2026-08-09 02:40:01.200497+00",success,,t,,,ff209a47-72a7-46d0-b190-0a427a9afb0a,"2026-07-23 17:11:40.721834+00","2026-08-09 02:40:01.534897+00",,,무료,,https://tong.visitkorea.or.kr/cms/resource/56/3497656_image2_1.jpg,https://tong.visitkorea.or.kr/cms/resource/56/3497656_image3_1.jpg,,,,,
130207,14,종로문화원,"서울특별시 종로구 종로5길 31 (청진동)",37.5716918630193,126.980395589272,11,110,VE,VE09,VE090100,09:00~18:00,"매주 토요일, 일요일","{""rules"": [{""months"": null, ""weekdays"": null, ""source_text"": ""09:00~18:00"", ""time_ranges"": [{""end"": ""18:00"", ""start"": ""09:00"", ""crosses_midnight"": false}], ""last_admission"": null}], ""warnings"": [], ""availability"": ""scheduled"", ""closure_rules"": [{""weekdays"": [5, 6], ""source_text"": ""매주 토요일, 일요일""}], ""assumption_reason"": null}",parsed,operating-hours-1.2.0,"2026-03-04 01:04:26+00","2026-08-09 02:40:01.200497+00","2026-08-08 05:25:57.108297+00","2026-08-09 02:40:01.200497+00",success,,t,,,ff209a47-72a7-46d0-b190-0a427a9afb0a,"2026-07-23 17:11:41.296349+00","2026-08-09 02:40:01.534897+00",,,"※ 강좌마다 상이하므로 홈페이지 참조",,https://tong.visitkorea.or.kr/cms/resource/15/1894715_image2_1.jpg,https://tong.visitkorea.or.kr/cms/resource/15/1894715_image3_1.jpg,,,,,
130227,14,일민미술관,"서울특별시 종로구 세종대로 152 (세종로)",37.5699121725,126.9776737786,11,110,VE,VE07,VE070600,11:00~19:00,"매주 월요일","{""rules"": [{""months"": null, ""weekdays"": null, ""source_text"": ""11:00~19:00"", ""time_ranges"": [{""end"": ""19:00"", ""start"": ""11:00"", ""crosses_midnight"": false}], ""last_admission"": null}], ""warnings"": [], ""availability"": ""scheduled"", ""closure_rules"": [{""weekdays"": [0], ""source_text"": ""매주 월요일""}], ""assumption_reason"": null}",parsed,operating-hours-1.2.0,"2025-11-03 06:51:24+00","2026-08-09 02:40:01.200497+00","2026-08-08 05:25:57.108297+00","2026-08-09 02:40:01.200497+00",success,,t,,,ff209a47-72a7-46d0-b190-0a427a9afb0a,"2026-07-23 17:11:41.225101+00","2026-08-09 02:40:01.534897+00",,,"- 일반 9,000원<br>- 학생 7,000원",,http://tong.visitkorea.or.kr/cms/resource/25/3412025_image2_1.JPG,http://tong.visitkorea.or.kr/cms/resource/25/3412025_image3_1.JPG,,,,,
130230,14,아르코예술극장,"서울특별시 종로구 대학로8길 7 (동숭동)",37.5812640855,127.0029878163,11,110,VE,VE06,VE060100,"공연 별로 상이함","공연 별로 상이함","{""rules"": [], ""warnings"": [""운영시간을 구조화하지 못했습니다.""], ""availability"": ""unknown"", ""closure_rules"": [], ""assumption_reason"": null}",partial,operating-hours-1.2.0,"2025-03-14 08:41:59+00","2026-08-09 02:40:01.200497+00","2026-08-08 05:25:57.108297+00","2026-08-09 02:40:01.200497+00",success,,t,,,ff209a47-72a7-46d0-b190-0a427a9afb0a,"2026-07-23 17:11:41.150397+00","2026-08-09 02:40:01.534897+00","가능 (약 30대)","[일반요금] 30분 2,000원 / 초과 시 15분당 1,000원<br>
[공연관객] 4시간까지 3,000원 / 초과 시 15분마다 1,000원","공연 별로 상이함",,,,,,,,
130272,14,토탈미술관,"서울특별시 종로구 평창32길 8 (평창동)",37.6122373056682,126.9757367236,11,110,VE,VE07,VE070600,"13:00~18:00 (입장마감 17:30)","매주 월요일","{""rules"": [{""months"": null, ""weekdays"": null, ""source_text"": ""13:00~18:00 (입장마감 17:30)"", ""time_ranges"": [{""end"": ""18:00"", ""start"": ""13:00"", ""crosses_midnight"": false}], ""last_admission"": ""17:30""}], ""warnings"": [], ""availability"": ""scheduled"", ""closure_rules"": [{""weekdays"": [0], ""source_text"": ""매주 월요일""}], ""assumption_reason"": null}",parsed,operating-hours-1.2.0,"2026-03-19 00:49:59+00","2026-08-09 02:40:01.200497+00","2026-08-08 05:25:57.108297+00","2026-08-09 02:40:01.200497+00",success,,t,,,ff209a47-72a7-46d0-b190-0a427a9afb0a,"2026-07-23 17:11:41.371579+00","2026-08-09 02:40:01.534897+00",,,"- 성인 10,000원- 청년 7,000원- 청소년 5,000원※ 무료 : 경로(만 65세 이상) / 영유아(만6세 이하) / 장애인(동반1인) / 국가유공자 / 평창동 주민 / 서울예고 재학생 / 예술인 패스 / ICOM 회원",,https://tong.visitkorea.or.kr/cms/resource/99/3499799_image2_1.jpg,https://tong.visitkorea.or.kr/cms/resource/99/3499799_image3_1.jpg,,,,,
130275,14,"서울대학교병원 의학박물관","서울특별시 종로구 대학로 101 (연건동)",37.5804523853297,126.997196437908,11,110,VE,VE07,VE070100,"- 월요일~금요일 09:00~18:00- 토요일 10:00~15:00","매주 일요일 / 법정공휴일 / 근로자의 날 / 법인화 기념일(10월 15일)","{""rules"": [{""months"": null, ""weekdays"": [0, 1, 2, 3, 4], ""source_text"": "" 09:00~18:00- "", ""time_ranges"": [{""end"": ""18:00"", ""start"": ""09:00"", ""crosses_midnight"": false}], ""last_admission"": null}, {""months"": null, ""weekdays"": [5], ""source_text"": "" 10:00~15:00"", ""time_ranges"": [{""end"": ""15:00"", ""start"": ""10:00"", ""crosses_midnight"": false}], ""last_admission"": null}], ""warnings"": [""휴무 문구의 일부 예외를 구조화하지 못했습니다.""], ""availability"": ""scheduled"", ""closure_rules"": [{""weekdays"": [6], ""source_text"": ""매주 일요일 / 법정공휴일 / 근로자의 날 / 법인화 기념일(10월 15일)""}], ""assumption_reason"": null}",partial,operating-hours-1.2.0,"2026-03-12 00:08:40+00","2026-08-09 02:40:01.200497+00","2026-08-08 05:25:57.108297+00","2026-08-09 02:40:01.200497+00",success,,t,,,ff209a47-72a7-46d0-b190-0a427a9afb0a,"2026-07-23 17:11:40.955853+00","2026-08-09 02:40:01.534897+00",,,무료,,https://tong.visitkorea.or.kr/cms/resource/75/3501275_image2_1.jpg,https://tong.visitkorea.or.kr/cms/resource/75/3501275_image3_1.jpg,,,,,
130278,14,경인미술관,"서울특별시 종로구 인사동10길 11-4 (관훈동)",37.5743460927036,126.985473970295,11,110,VE,VE07,VE070600,10:00~18:00,"1월 1일 / 설·추석","{""rules"": [{""months"": null, ""weekdays"": null, ""source_text"": ""10:00~18:00"", ""time_ranges"": [{""end"": ""18:00"", ""start"": ""10:00"", ""crosses_midnight"": false}], ""last_admission"": null}], ""warnings"": [""휴무 문구의 일부 예외를 구조화하지 못했습니다.""], ""availability"": ""scheduled"", ""closure_rules"": [], ""assumption_reason"": null}",partial,operating-hours-1.2.0,"2026-03-11 01:03:40+00","2026-08-09 02:40:01.200497+00","2026-08-08 05:25:57.108297+00","2026-08-09 02:40:01.200497+00",success,,t,,,ff209a47-72a7-46d0-b190-0a427a9afb0a,"2026-07-23 17:11:40.721834+00","2026-08-09 02:40:01.534897+00",,,무료,,https://tong.visitkorea.or.kr/cms/resource/34/3499034_image2_1.jpg,https://tong.visitkorea.or.kr/cms/resource/34/3499034_image3_1.jpg,,,,,
130279,14,모인화랑,"서울특별시 종로구 인사동10길 13 (관훈동)",37.5743951298,126.9857368058,11,110,VE,VE07,VE070600,"- 하절기 11:00~18:00<br>
- 동절기 11:00~17:00","매주 일요일","{""rules"": [{""months"": null, ""weekdays"": null, ""source_text"": ""- 하절기 11:00~18:00"", ""time_ranges"": [{""end"": ""18:00"", ""start"": ""11:00"", ""crosses_midnight"": false}], ""last_admission"": null}, {""months"": null, ""weekdays"": null, ""source_text"": ""- 동절기 11:00~17:00"", ""time_ranges"": [{""end"": ""17:00"", ""start"": ""11:00"", ""crosses_midnight"": false}], ""last_admission"": null}], ""warnings"": [], ""availability"": ""scheduled"", ""closure_rules"": [{""weekdays"": [6], ""source_text"": ""매주 일요일""}], ""assumption_reason"": null}",parsed,operating-hours-1.2.0,"2025-09-01 06:08:04+00","2026-08-09 02:40:01.200497+00","2026-08-08 05:25:57.108297+00","2026-08-09 02:40:01.200497+00",success,,t,,,ff209a47-72a7-46d0-b190-0a427a9afb0a,"2026-07-23 17:11:40.882874+00","2026-08-09 02:40:01.534897+00",불가능,,무료,,http://tong.visitkorea.or.kr/cms/resource/28/3529828_image2_1.jpg,http://tong.visitkorea.or.kr/cms/resource/28/3529828_image3_1.jpg,,,,,
130285,14,교보문고,"서울특별시 종로구 종로 1 (종로1가)",37.5709759433,126.9779820539,11,110,VE,VE12,VE120100,09:30~22:00,"설·추석 당일","{""rules"": [{""months"": null, ""weekdays"": null, ""source_text"": ""09:30~22:00"", ""time_ranges"": [{""end"": ""22:00"", ""start"": ""09:30"", ""crosses_midnight"": false}], ""last_admission"": null}], ""warnings"": [""휴무 문구의 일부 예외를 구조화하지 못했습니다.""], ""availability"": ""scheduled"", ""closure_rules"": [], ""assumption_reason"": null}",partial,operating-hours-1.2.0,"2025-07-10 04:57:05+00","2026-08-09 02:40:01.200497+00","2026-08-08 05:25:57.108297+00","2026-08-09 02:40:01.200497+00",success,,t,,,ff209a47-72a7-46d0-b190-0a427a9afb0a,"2026-07-23 17:11:40.721834+00","2026-08-09 02:40:01.534897+00",가능,,무료,,http://tong.visitkorea.or.kr/cms/resource/26/2721826_image2_1.jpg,http://tong.visitkorea.or.kr/cms/resource/26/2721826_image3_1.jpg,,,,,
130302,14,금호미술관,"서울특별시 종로구 삼청로 18 (사간동)",37.5774666827824,126.979912860195,11,110,VE,VE07,VE070600,"10:00~18:00 (입장 마감 17:30)","매주 월요일","{""rules"": [{""months"": null, ""weekdays"": null, ""source_text"": ""10:00~18:00 (입장 마감 17:30)"", ""time_ranges"": [{""end"": ""18:00"", ""start"": ""10:00"", ""crosses_midnight"": false}], ""last_admission"": ""17:30""}], ""warnings"": [], ""availability"": ""scheduled"", ""closure_rules"": [{""weekdays"": [0], ""source_text"": ""매주 월요일""}], ""assumption_reason"": null}",parsed,operating-hours-1.2.0,"2026-03-09 00:36:31+00","2026-08-09 02:40:01.200497+00","2026-08-08 05:25:57.108297+00","2026-08-09 02:40:01.200497+00",success,,t,,,ff209a47-72a7-46d0-b190-0a427a9afb0a,"2026-07-23 17:11:40.721834+00","2026-08-09 02:40:01.534897+00",,,"- 일반 5,000원- 학생 4,000원※ 자세한 사항은 전화문의 요망",,https://tong.visitkorea.or.kr/cms/resource/12/3493912_image2_1.jpg,https://tong.visitkorea.or.kr/cms/resource/12/3493912_image3_1.jpg,,,,,
130361,14,서울역사박물관,"서울특별시 종로구 새문안로 55 (신문로2가)",37.5698981615,126.9707771853,11,110,VE,VE07,VE070100,"09:00~18:00 (입장 마감 17:30)","매주 월요일 / 1월 1일","{""rules"": [{""months"": null, ""weekdays"": null, ""source_text"": ""09:00~18:00 (입장 마감 17:30)"", ""time_ranges"": [{""end"": ""18:00"", ""start"": ""09:00"", ""crosses_midnight"": false}], ""last_admission"": ""17:30""}], ""warnings"": [], ""availability"": ""scheduled"", ""closure_rules"": [{""weekdays"": [0], ""source_text"": ""매주 월요일 / 1월 1일""}], ""assumption_reason"": null}",parsed,operating-hours-1.2.0,"2025-12-15 00:28:05+00","2026-08-09 02:40:01.200497+00","2026-08-08 05:25:57.108297+00","2026-08-09 02:40:01.200497+00",success,,t,,,ff209a47-72a7-46d0-b190-0a427a9afb0a,"2026-07-23 17:11:40.955853+00","2026-08-09 02:40:01.534897+00","가능 (114대)","[20인 미만 차량]<br>
- 최초 1시간까지 1,000원 / 초과 5분당 400원<br>
[20인 이상 차량]<br>
- 최초 1시간까지 3,000원 / 초과 5분당 800원",무료,,http://tong.visitkorea.or.kr/cms/resource/87/2661487_image2_1.JPG,http://tong.visitkorea.or.kr/cms/resource/87/2661487_image2_1.JPG,,,,,
130365,14,떡박물관,"서울특별시 종로구 돈화문로 71 (와룡동)",37.574953486,126.9906530083,11,110,VE,VE07,VE070100,"월요일~토요일 10:00~18:00 (입장마감 17:30)","매주 일요일 / 설·추석","{""rules"": [{""months"": null, ""weekdays"": [0, 1, 2, 3, 4, 5], ""source_text"": "" 10:00~18:00 (입장마감 17:30)"", ""time_ranges"": [{""end"": ""18:00"", ""start"": ""10:00"", ""crosses_midnight"": false}], ""last_admission"": ""17:30""}], ""warnings"": [], ""availability"": ""scheduled"", ""closure_rules"": [{""weekdays"": [6], ""source_text"": ""매주 일요일 / 설·추석""}], ""assumption_reason"": null}",parsed,operating-hours-1.2.0,"2025-09-18 05:39:43+00","2026-08-09 02:40:01.200497+00","2026-08-08 05:25:57.108297+00","2026-08-09 02:40:01.200497+00",success,,t,,,ff209a47-72a7-46d0-b190-0a427a9afb0a,"2026-07-23 17:11:40.808988+00","2026-08-09 02:40:01.534897+00",불가능,,"- 성인 3,000원<br>- 36개월~19세 미만 2,000원<br>※ 무료 : 36개월 미만 / 65세 이상",,http://tong.visitkorea.or.kr/cms/resource/39/3540839_image2_1.jpg,http://tong.visitkorea.or.kr/cms/resource/39/3540839_image3_1.jpg,,,,,
130403,14,아르코미술관,"서울특별시 종로구 동숭길 3 아르코 미술관",37.579753142,127.0025212349,11,110,VE,VE07,VE070600,"11:00~19:00 (입장 마감 18:30)","매주 월요일 / 1월 1일 / 설·추석 당일","{""rules"": [{""months"": null, ""weekdays"": null, ""source_text"": ""11:00~19:00 (입장 마감 18:30)"", ""time_ranges"": [{""end"": ""19:00"", ""start"": ""11:00"", ""crosses_midnight"": false}], ""last_admission"": ""18:30""}], ""warnings"": [], ""availability"": ""scheduled"", ""closure_rules"": [{""weekdays"": [0], ""source_text"": ""매주 월요일 / 1월 1일 / 설·추석 당일""}], ""assumption_reason"": null}",parsed,operating-hours-1.2.0,"2025-08-05 07:17:25+00","2026-08-09 02:40:01.200497+00","2026-08-08 05:25:57.108297+00","2026-08-09 02:40:01.200497+00",success,,t,,,ff209a47-72a7-46d0-b190-0a427a9afb0a,"2026-07-23 17:11:41.150397+00","2026-08-09 02:40:01.534897+00",가능,,무료,,http://tong.visitkorea.or.kr/cms/resource/28/2993428_image2_1.jpg,http://tong.visitkorea.or.kr/cms/resource/28/2993428_image3_1.jpg,,,,,
130406,14,연우소극장,"서울특별시 종로구 창경궁로35길 21 (혜화동)",37.5869793483482,127.001762138128,11,110,VE,VE06,VE060100,"※ 공연마다 상이하므로 전화문의 요망","※ 공연마다 상이하므로 전화문의 요망","{""rules"": [], ""warnings"": [""운영시간을 구조화하지 못했습니다.""], ""availability"": ""unknown"", ""closure_rules"": [], ""assumption_reason"": null}",partial,operating-hours-1.2.0,"2026-03-12 04:35:38+00","2026-08-09 02:40:01.200497+00","2026-08-08 05:25:57.108297+00","2026-08-09 02:40:01.200497+00",success,,t,,,ff209a47-72a7-46d0-b190-0a427a9afb0a,"2026-07-23 17:11:41.150397+00","2026-08-09 02:40:01.534897+00",,,"※ 공연마다 상이하므로 전화문의 요망",,https://tong.visitkorea.or.kr/cms/resource/94/3505694_image2_1.jpg,https://tong.visitkorea.or.kr/cms/resource/94/3505694_image3_1.jpg,,,,,
130418,14,신문박물관,"서울특별시 종로구 세종대로 152 일민미술관 5, 6층",37.5698760651,126.9776487818,11,110,VE,VE07,VE070100,"화요일~일요일 10:00~18:30 (매표 마감 18:00)","매주 월요일 / 1월 1일 / 설·추석 연휴<br>※ 봄과 가을의 경우, 3월, 9월 첫째 주 화요일~일요일 정기 휴관","{""rules"": [{""months"": null, ""weekdays"": [1, 2, 3, 4, 5, 6], ""source_text"": "" 10:00~18:30 (매표 마감 18:00)"", ""time_ranges"": [{""end"": ""18:30"", ""start"": ""10:00"", ""crosses_midnight"": false}], ""last_admission"": ""18:00""}], ""warnings"": [], ""availability"": ""scheduled"", ""closure_rules"": [{""weekdays"": [0], ""source_text"": ""매주 월요일 / 1월 1일 / 설·추석 연휴""}], ""assumption_reason"": null}",parsed,operating-hours-1.2.0,"2025-12-12 01:57:31+00","2026-08-09 02:40:01.200497+00","2026-08-08 05:25:57.108297+00","2026-08-09 02:40:01.200497+00",success,,t,,,ff209a47-72a7-46d0-b190-0a427a9afb0a,"2026-07-23 17:11:41.150397+00","2026-08-09 02:40:01.534897+00",가능,"동아미디어센터 지하주차장 1시간 무료 / 1시간 이후 10분당 1,000원","[개인]<br>- 일반 4,000원<br>- 청소년, 대학생 3,000원<br>[단체예약]<br>- 일반 3,000원<br>- 청소년, 대학생 2,500원",,http://tong.visitkorea.or.kr/cms/resource/15/3556615_image2_1.jpg,http://tong.visitkorea.or.kr/cms/resource/15/3556615_image3_1.jpg,,,,,
130446,14,가회민화박물관,"서울특별시 종로구 북촌로 52 (가회동)",37.58154429,126.9852783115,11,110,VE,VE07,VE070100,"[관람시간]<br>
- 3월~11월 10:00~18:00<br>
- 12월~2월 10:00~17:00<br>
※ 관람 시 종료 40분 전까지 입장<br>
[체험시간]<br>
- 10:00~16:00<br>
※ 체험 시 종료 1시간 전까지 입장","매주 월요일","{""rules"": [{""months"": [3, 4, 5, 6, 7, 8, 9, 10, 11], ""weekdays"": null, ""source_text"": ""- 3월~11월 10:00~18:00"", ""time_ranges"": [{""end"": ""18:00"", ""start"": ""10:00"", ""crosses_midnight"": false}], ""last_admission"": null}, {""months"": [1, 2, 12], ""weekdays"": null, ""source_text"": ""- 12월~2월 10:00~17:00"", ""time_ranges"": [{""end"": ""17:00"", ""start"": ""10:00"", ""crosses_midnight"": false}], ""last_admission"": null}, {""months"": null, ""weekdays"": null, ""source_text"": ""- 10:00~16:00"", ""time_ranges"": [{""end"": ""16:00"", ""start"": ""10:00"", ""crosses_midnight"": false}], ""last_admission"": null}], ""warnings"": [], ""availability"": ""scheduled"", ""closure_rules"": [{""weekdays"": [0], ""source_text"": ""매주 월요일""}], ""assumption_reason"": null}",parsed,operating-hours-1.2.0,"2025-10-23 05:30:00+00","2026-08-09 02:40:01.200497+00","2026-08-08 05:25:57.108297+00","2026-08-09 02:40:01.200497+00",success,,t,,,ff209a47-72a7-46d0-b190-0a427a9afb0a,"2026-07-23 17:11:40.721834+00","2026-08-09 02:40:01.534897+00",불가능,,"5,000원",,http://tong.visitkorea.or.kr/cms/resource/90/3355090_image2_1.png,http://tong.visitkorea.or.kr/cms/resource/90/3355090_image3_1.png,,,,,
130459,14,대림미술관,"서울특별시 종로구 자하문로4길 21 (통의동)",37.5774888144245,126.973355599615,11,110,VE,VE07,VE070600,"[화요일~금요일 / 일요일]- 11:00~18:00- 입장 마감 17:00[토요일]- 11:00~20:00- 입장 마감 19:00","매주 월요일 / 추석 연휴 / 1월 1일","{""rules"": [{""months"": null, ""weekdays"": [1, 2, 3, 4, 6], ""source_text"": ""]- 11:00~18:00- 입장 마감 17:00["", ""time_ranges"": [{""end"": ""18:00"", ""start"": ""11:00"", ""crosses_midnight"": false}], ""last_admission"": ""17:00""}, {""months"": null, ""weekdays"": [5], ""source_text"": ""]- 11:00~20:00- 입장 마감 19:00"", ""time_ranges"": [{""end"": ""20:00"", ""start"": ""11:00"", ""crosses_midnight"": false}], ""last_admission"": ""19:00""}], ""warnings"": [], ""availability"": ""scheduled"", ""closure_rules"": [{""weekdays"": [0], ""source_text"": ""매주 월요일 / 추석 연휴 / 1월 1일""}], ""assumption_reason"": null}",parsed,operating-hours-1.2.0,"2026-03-31 00:26:30+00","2026-08-09 02:40:01.200497+00","2026-08-08 05:25:57.108297+00","2026-08-09 02:40:01.200497+00",success,,t,,,ff209a47-72a7-46d0-b190-0a427a9afb0a,"2026-07-23 17:11:40.808988+00","2026-08-09 02:40:01.534897+00",,,"무료 ※ 이용요금은 변동될 수 있으므로 자세한 사항은 홈페이지 참조 또는 전화 문의 요망",,https://tong.visitkorea.or.kr/cms/resource/57/3571557_image2_1.jpg,https://tong.visitkorea.or.kr/cms/resource/57/3571557_image3_1.jpg,,,,,
1304864,38,"영풍문고 종각종로본점","서울특별시 종로구 청계천로 41 (서린동) 지하 1층",37.5697233868,126.9821983715,11,110,SH,SH05,SH050200,10:00~22:00,연중무휴,"{""rules"": [{""months"": null, ""weekdays"": null, ""source_text"": ""10:00~22:00"", ""time_ranges"": [{""end"": ""22:00"", ""start"": ""10:00"", ""crosses_midnight"": false}], ""last_admission"": null}], ""warnings"": [], ""availability"": ""scheduled"", ""closure_rules"": [], ""assumption_reason"": null}",parsed,operating-hours-1.2.0,"2025-11-27 05:55:16+00","2026-08-09 02:40:01.200497+00","2026-08-08 05:25:57.108297+00","2026-08-09 02:40:01.200497+00",success,,t,,,ff209a47-72a7-46d0-b190-0a427a9afb0a,"2026-07-23 17:11:41.150397+00","2026-08-09 02:40:01.534897+00",가능,,,,http://tong.visitkorea.or.kr/cms/resource/14/3571814_image2_1.jpg,http://tong.visitkorea.or.kr/cms/resource/14/3571814_image3_1.jpg,,,,,
1304880,38,승진완구,"서울특별시 종로구 종로52길 30 (창신동)",37.5713959893,127.014203741,11,110,SH,SH05,SH050200,09:00~18:00,연중무휴,"{""rules"": [{""months"": null, ""weekdays"": null, ""source_text"": ""09:00~18:00"", ""time_ranges"": [{""end"": ""18:00"", ""start"": ""09:00"", ""crosses_midnight"": false}], ""last_admission"": null}], ""warnings"": [], ""availability"": ""scheduled"", ""closure_rules"": [], ""assumption_reason"": null}",parsed,operating-hours-1.2.0,"2025-12-15 04:20:52+00","2026-08-09 02:40:01.200497+00","2026-08-08 05:25:57.108297+00","2026-08-09 02:40:01.200497+00",success,,t,,,ff209a47-72a7-46d0-b190-0a427a9afb0a,"2026-07-23 17:11:41.150397+00","2026-08-09 02:40:01.534897+00",불가능,,,,http://tong.visitkorea.or.kr/cms/resource/07/3583807_image2_1.jpg,http://tong.visitkorea.or.kr/cms/resource/07/3583807_image3_1.jpg,,,,,
130498,14,상원미술관,"서울특별시 종로구 평창31길 27",37.6115719511567,126.976542572798,11,110,VE,VE07,VE070600,10:30~17:30,"매주 일요일, 월요일 / 법정공휴일","{""rules"": [{""months"": null, ""weekdays"": null, ""source_text"": ""10:30~17:30"", ""time_ranges"": [{""end"": ""17:30"", ""start"": ""10:30"", ""crosses_midnight"": false}], ""last_admission"": null}], ""warnings"": [""휴무 문구의 일부 예외를 구조화하지 못했습니다.""], ""availability"": ""scheduled"", ""closure_rules"": [{""weekdays"": [0, 6], ""source_text"": ""매주 일요일, 월요일 / 법정공휴일""}], ""assumption_reason"": null}",partial,operating-hours-1.2.0,"2026-03-04 01:04:26+00","2026-08-09 02:40:01.200497+00","2026-08-08 05:25:57.108297+00","2026-08-09 02:40:01.200497+00",success,,t,,,ff209a47-72a7-46d0-b190-0a427a9afb0a,"2026-07-23 17:11:40.955853+00","2026-08-09 02:40:01.534897+00",,,"- 성인 2,000원- 청소년, 경로 1,000원",,https://tong.visitkorea.or.kr/cms/resource/22/1865322_image2_1.jpg,https://tong.visitkorea.or.kr/cms/resource/22/1865322_image3_1.jpg,,,,,
130568,14,"갤러리 미즈","서울특별시 종로구 삼일대로 461 (경운동) 101동 B105",37.5756088859,126.986217283,11,110,VE,VE07,VE070600,10:30~18:30,연중무휴,"{""rules"": [{""months"": null, ""weekdays"": null, ""source_text"": ""10:30~18:30"", ""time_ranges"": [{""end"": ""18:30"", ""start"": ""10:30"", ""crosses_midnight"": false}], ""last_admission"": null}], ""warnings"": [], ""availability"": ""scheduled"", ""closure_rules"": [], ""assumption_reason"": null}",parsed,operating-hours-1.2.0,"2025-03-17 01:46:37+00","2026-08-09 02:40:01.200497+00","2026-08-08 05:25:57.108297+00","2026-08-09 02:40:01.200497+00",success,,t,,,ff209a47-72a7-46d0-b190-0a427a9afb0a,"2026-07-23 17:11:40.721834+00","2026-08-09 02:40:01.534897+00",불가능,,무료,,http://tong.visitkorea.or.kr/cms/resource/11/3384811_image2_1.JPG,http://tong.visitkorea.or.kr/cms/resource/11/3384811_image3_1.JPG,,,,,
130577,14,"갤러리 라메르","서울특별시 종로구 인사동5길 26 (관훈동)",37.5726342077,126.9848841554,11,110,VE,VE07,VE070600,10:30~18:00,"매주 화요일","{""rules"": [{""months"": null, ""weekdays"": null, ""source_text"": ""10:30~18:00"", ""time_ranges"": [{""end"": ""18:00"", ""start"": ""10:30"", ""crosses_midnight"": false}], ""last_admission"": null}], ""warnings"": [], ""availability"": ""scheduled"", ""closure_rules"": [{""weekdays"": [1], ""source_text"": ""매주 화요일""}], ""assumption_reason"": null}",parsed,operating-hours-1.2.0,"2025-11-27 07:02:38+00","2026-08-09 02:40:01.200497+00","2026-08-08 05:25:57.108297+00","2026-08-09 02:40:01.200497+00",success,,t,,,ff209a47-72a7-46d0-b190-0a427a9afb0a,"2026-07-23 17:11:40.721834+00","2026-08-09 02:40:01.534897+00",불가능,,"무료<br>※ 단, 전시 별로 상이함 (홈페이지 참조)",,http://tong.visitkorea.or.kr/cms/resource/07/2022407_image2_1.jpg,http://tong.visitkorea.or.kr/cms/resource/07/2022407_image3_1.jpg,,,,,
130585,14,"김현주 갤러리","서울특별시 종로구 삼청로7길 19-9 (팔판동)",37.5834983767019,126.980978601408,11,110,VE,VE07,VE070600,"11:00~18:00※ 전시 기간 외 방문은 예약제로 운영","매주 월요일","{""rules"": [{""months"": null, ""weekdays"": null, ""source_text"": ""11:00~18:00※ 전시 기간 외 방문은 예약제로 운영"", ""time_ranges"": [{""end"": ""18:00"", ""start"": ""11:00"", ""crosses_midnight"": false}], ""last_admission"": null}], ""warnings"": [], ""availability"": ""scheduled"", ""closure_rules"": [{""weekdays"": [0], ""source_text"": ""매주 월요일""}], ""assumption_reason"": null}",parsed,operating-hours-1.2.0,"2026-03-17 01:12:58+00","2026-08-09 02:40:01.200497+00","2026-08-08 05:25:57.108297+00","2026-08-09 02:40:01.200497+00",success,,t,,,ff209a47-72a7-46d0-b190-0a427a9afb0a,"2026-07-23 17:11:40.721834+00","2026-08-09 02:40:01.534897+00",,,"전시 별로 상이함으로 전화 문의 요망",,https://tong.visitkorea.or.kr/cms/resource/68/3526468_image2_1.jpg,https://tong.visitkorea.or.kr/cms/resource/68/3526468_image3_1.jpg,,,,,
130587,14,갤러리조선,"서울특별시 종로구 북촌로5길 64 (소격동) 지하 1층",37.5799860694,126.981478702,11,110,VE,VE07,VE070600,10:30~18:30,"매주 월요일","{""rules"": [{""months"": null, ""weekdays"": null, ""source_text"": ""10:30~18:30"", ""time_ranges"": [{""end"": ""18:30"", ""start"": ""10:30"", ""crosses_midnight"": false}], ""last_admission"": null}], ""warnings"": [], ""availability"": ""scheduled"", ""closure_rules"": [{""weekdays"": [0], ""source_text"": ""매주 월요일""}], ""assumption_reason"": null}",parsed,operating-hours-1.2.0,"2025-09-18 08:20:49+00","2026-08-09 02:40:01.200497+00","2026-08-08 05:25:57.108297+00","2026-08-09 02:40:01.200497+00",success,,t,,,ff209a47-72a7-46d0-b190-0a427a9afb0a,"2026-07-23 17:11:40.721834+00","2026-08-09 02:40:01.534897+00",가능,,무료,,http://tong.visitkorea.or.kr/cms/resource/77/3540977_image2_1.jpg,http://tong.visitkorea.or.kr/cms/resource/77/3540977_image3_1.jpg,,,,,
130613,14,갤러리도올,"서울특별시 종로구 삼청로 87 (팔판동) 2층",37.583277358,126.9816952556,11,110,VE,VE07,VE070600,"11:00~18:00 (점심시간 12:00~13:30)",연중무휴,"{""rules"": [{""months"": null, ""weekdays"": null, ""source_text"": ""11:00~18:00 (점심시간 12:00~13:30)"", ""time_ranges"": [{""end"": ""18:00"", ""start"": ""11:00"", ""crosses_midnight"": false}, {""end"": ""13:30"", ""start"": ""12:00"", ""crosses_midnight"": false}], ""last_admission"": null}], ""warnings"": [], ""availability"": ""scheduled"", ""closure_rules"": [], ""assumption_reason"": null}",parsed,operating-hours-1.2.0,"2025-09-18 05:48:04+00","2026-08-09 02:40:01.200497+00","2026-08-08 05:25:57.108297+00","2026-08-09 02:40:01.200497+00",success,,t,,,ff209a47-72a7-46d0-b190-0a427a9afb0a,"2026-07-23 17:11:40.721834+00","2026-08-09 02:40:01.65672+00",불가능,,무료,,http://tong.visitkorea.or.kr/cms/resource/49/3540849_image2_1.jpg,http://tong.visitkorea.or.kr/cms/resource/49/3540849_image3_1.jpg,,,,,
130617,14,"아트사이드 갤러리","서울특별시 종로구 자하문로6길 15 갤러리 아트싸이드",37.5782676150486,126.97294387538,11,110,VE,VE07,VE070600,10:00~18:00,"매주 일요일, 월요일","{""rules"": [{""months"": null, ""weekdays"": null, ""source_text"": ""10:00~18:00"", ""time_ranges"": [{""end"": ""18:00"", ""start"": ""10:00"", ""crosses_midnight"": false}], ""last_admission"": null}], ""warnings"": [], ""availability"": ""scheduled"", ""closure_rules"": [{""weekdays"": [0, 6], ""source_text"": ""매주 일요일, 월요일""}], ""assumption_reason"": null}",parsed,operating-hours-1.2.0,"2026-02-06 02:33:50+00","2026-08-09 02:40:01.200497+00","2026-08-08 05:25:57.108297+00","2026-08-09 02:40:01.200497+00",success,,t,,,ff209a47-72a7-46d0-b190-0a427a9afb0a,"2026-07-23 17:11:41.150397+00","2026-08-09 02:40:01.65672+00",,,무료,,https://tong.visitkorea.or.kr/cms/resource/55/4007855_image2_1.jpg,https://tong.visitkorea.or.kr/cms/resource/55/4007855_image3_1.jpg,,,,,
130623,14,김종영미술관,"서울특별시 종로구 평창32길 30 (평창동)",37.6130222924421,126.977587813868,11,110,VE,VE07,VE070600,"- 3월~10월 10:00~18:00- 11월~2월 10:00~17:00","매주 월요일","{""rules"": [{""months"": [3, 4, 5, 6, 7, 8, 9, 10], ""weekdays"": null, ""source_text"": ""- 3월~10월 10:00~18:00- 11월~2월 10:00~17:00"", ""time_ranges"": [{""end"": ""18:00"", ""start"": ""10:00"", ""crosses_midnight"": false}, {""end"": ""17:00"", ""start"": ""10:00"", ""crosses_midnight"": false}], ""last_admission"": null}], ""warnings"": [], ""availability"": ""scheduled"", ""closure_rules"": [{""weekdays"": [0], ""source_text"": ""매주 월요일""}], ""assumption_reason"": null}",parsed,operating-hours-1.2.0,"2026-03-11 01:03:40+00","2026-08-09 02:40:01.200497+00","2026-08-08 05:25:57.108297+00","2026-08-09 02:40:01.200497+00",success,,t,,,ff209a47-72a7-46d0-b190-0a427a9afb0a,"2026-07-23 17:11:40.721834+00","2026-08-09 02:40:01.65672+00",,,무료,,https://tong.visitkorea.or.kr/cms/resource/96/3497596_image2_1.jpg,https://tong.visitkorea.or.kr/cms/resource/96/3497596_image3_1.jpg,,,,,
130624,14,"다보성 갤러리","서울특별시 종로구 삼일대로 457 (경운동)",37.5752617096,126.9865255983,11,110,VE,VE07,VE070600,"09:00~18:00 <br>
※ 토요일 09:00~16:00 (특별전 기간에만 운영)","매주 토요일~일요일 / 공휴일 <br>※ 기획전 및 특별전의 경우 토요일 개관","{""rules"": [{""months"": null, ""weekdays"": null, ""source_text"": ""09:00~18:00"", ""time_ranges"": [{""end"": ""18:00"", ""start"": ""09:00"", ""crosses_midnight"": false}], ""last_admission"": null}, {""months"": null, ""weekdays"": null, ""source_text"": ""※ 토요일 09:00~16:00 (특별전 기간에만 운영)"", ""time_ranges"": [{""end"": ""16:00"", ""start"": ""09:00"", ""crosses_midnight"": false}], ""last_admission"": null}], ""warnings"": [""휴무 문구의 일부 예외를 구조화하지 못했습니다.""], ""availability"": ""scheduled"", ""closure_rules"": [{""weekdays"": [5, 6], ""source_text"": ""매주 토요일~일요일 / 공휴일""}], ""assumption_reason"": null}",partial,operating-hours-1.2.0,"2025-03-14 06:51:18+00","2026-08-09 02:40:01.200497+00","2026-08-08 05:25:57.108297+00","2026-08-09 02:40:01.200497+00",success,,t,,,ff209a47-72a7-46d0-b190-0a427a9afb0a,"2026-07-23 17:11:40.808988+00","2026-08-09 02:40:01.65672+00",불가능,,무료,,http://tong.visitkorea.or.kr/cms/resource/61/3334161_image2_1.jpg,http://tong.visitkorea.or.kr/cms/resource/61/3334161_image3_1.jpg,,,,,
130629,14,백악미술관,"서울특별시 종로구 인사동9길 16 (관훈동)",37.5736924051,126.9841536365,11,110,VE,VE07,VE070600,"10:00~18:00<br />
※ 매주 목요일~다음주 수요일 (주일단위 전시)",연중무휴,"{""rules"": [{""months"": null, ""weekdays"": null, ""source_text"": ""10:00~18:00"", ""time_ranges"": [{""end"": ""18:00"", ""start"": ""10:00"", ""crosses_midnight"": false}], ""last_admission"": null}], ""warnings"": [], ""availability"": ""scheduled"", ""closure_rules"": [], ""assumption_reason"": null}",parsed,operating-hours-1.2.0,"2026-01-02 05:19:01+00","2026-08-09 02:40:01.200497+00","2026-08-08 05:25:57.108297+00","2026-08-09 02:40:01.200497+00",success,,t,,,ff209a47-72a7-46d0-b190-0a427a9afb0a,"2026-07-23 17:11:40.882874+00","2026-08-09 02:40:01.65672+00",가능,,,,http://tong.visitkorea.or.kr/cms/resource/95/3590795_image2_1.jpg,http://tong.visitkorea.or.kr/cms/resource/95/3590795_image3_1.jpg,,,,,
130636,14,아트파크,"서울특별시 종로구 삼청로7길 25 (팔판동)",37.5838161613,126.980439799,11,110,VE,VE07,VE070600,11:00~18:00,"매주 월요일","{""rules"": [{""months"": null, ""weekdays"": null, ""source_text"": ""11:00~18:00"", ""time_ranges"": [{""end"": ""18:00"", ""start"": ""11:00"", ""crosses_midnight"": false}], ""last_admission"": null}], ""warnings"": [], ""availability"": ""scheduled"", ""closure_rules"": [{""weekdays"": [0], ""source_text"": ""매주 월요일""}], ""assumption_reason"": null}",parsed,operating-hours-1.2.0,"2025-11-03 04:54:50+00","2026-08-09 02:40:01.200497+00","2026-08-08 05:25:57.108297+00","2026-08-09 02:40:01.200497+00",success,,t,,,ff209a47-72a7-46d0-b190-0a427a9afb0a,"2026-07-23 17:11:41.150397+00","2026-08-09 02:40:01.65672+00",,,,,http://tong.visitkorea.or.kr/cms/resource/59/3414059_image2_1.jpg,http://tong.visitkorea.or.kr/cms/resource/59/3414059_image3_1.jpg,,,,,
130640,14,세화미술관,"서울특별시 종로구 새문안로 68 (신문로1가) 3층",37.5696480993403,126.972128849372,11,110,VE,VE07,VE070600,"화요일~일요일 10:00~18:00 (입장 마감 17:30)","매주 월요일 / 신정 및 구정 당일","{""rules"": [{""months"": null, ""weekdays"": [1, 2, 3, 4, 5, 6], ""source_text"": "" 10:00~18:00 (입장 마감 17:30)"", ""time_ranges"": [{""end"": ""18:00"", ""start"": ""10:00"", ""crosses_midnight"": false}], ""last_admission"": ""17:30""}], ""warnings"": [], ""availability"": ""scheduled"", ""closure_rules"": [{""weekdays"": [0], ""source_text"": ""매주 월요일 / 신정 및 구정 당일""}], ""assumption_reason"": null}",parsed,operating-hours-1.2.0,"2026-03-18 01:10:05+00","2026-08-09 02:40:01.200497+00","2026-08-08 05:25:57.108297+00","2026-08-09 02:40:01.200497+00",success,,t,,,ff209a47-72a7-46d0-b190-0a427a9afb0a,"2026-07-23 17:11:40.955853+00","2026-08-09 02:40:01.65672+00",,"전시 관람객에 한해 2시간 무료","[대인(~2006년생)]
- 개인 : 8,000원
- 단체 : 7,200원
[소인(초, 중, 고)]
- 개인 : 5,000원
- 단체 : 4,500원
[미취학 아동 및 만 65세 이상]
- 개인 : 3,000원
- 단체 : 2,700원
※ 전시별로 상이할 수 있으므로 전화문의",,https://tong.visitkorea.or.kr/cms/resource/40/3505640_image2_1.jpg,https://tong.visitkorea.or.kr/cms/resource/40/3505640_image3_1.jpg,,,,,
130645,14,하나아트갤러리,"서울특별시 종로구 인사동10길 2 (관훈동)",37.5739149180952,126.985288681797,11,110,VE,VE07,VE070600,10:00~18:00,"매주 일요일","{""rules"": [{""months"": null, ""weekdays"": null, ""source_text"": ""10:00~18:00"", ""time_ranges"": [{""end"": ""18:00"", ""start"": ""10:00"", ""crosses_midnight"": false}], ""last_admission"": null}], ""warnings"": [], ""availability"": ""scheduled"", ""closure_rules"": [{""weekdays"": [6], ""source_text"": ""매주 일요일""}], ""assumption_reason"": null}",parsed,operating-hours-1.2.0,"2026-03-12 04:39:37+00","2026-08-09 02:40:01.200497+00","2026-08-08 05:25:57.108297+00","2026-08-09 02:40:01.200497+00",success,,t,,,ff209a47-72a7-46d0-b190-0a427a9afb0a,"2026-07-23 17:11:41.371579+00","2026-08-09 02:40:01.65672+00",,,무료,,https://tong.visitkorea.or.kr/cms/resource/78/3499478_image2_1.jpg,https://tong.visitkorea.or.kr/cms/resource/78/3499478_image3_1.jpg,,,,,
130648,14,"아름다운 차박물관","서울특별시 종로구 인사동길 19-11",37.5723102415,126.9858427868,11,110,VE,VE07,VE070100,11:30~20:00,연중무휴,"{""rules"": [{""months"": null, ""weekdays"": null, ""source_text"": ""11:30~20:00"", ""time_ranges"": [{""end"": ""20:00"", ""start"": ""11:30"", ""crosses_midnight"": false}], ""last_admission"": null}], ""warnings"": [], ""availability"": ""scheduled"", ""closure_rules"": [], ""assumption_reason"": null}",parsed,operating-hours-1.2.0,"2026-07-13 07:40:51+00","2026-08-09 02:40:01.200497+00","2026-08-08 05:25:57.108297+00","2026-08-09 02:40:01.200497+00",success,,t,,,ff209a47-72a7-46d0-b190-0a427a9afb0a,"2026-07-23 17:11:41.150397+00","2026-08-09 02:40:01.65672+00",,,무료,,,,,,,,
130678,14,서울교육박물관,"서울특별시 종로구 북촌로5길 48 (화동)",37.579681993743,126.982364686302,11,110,VE,VE07,VE070100,"- 평일 09:00~18:00- 주말 09:00~17:00","매월 첫째, 셋째 수요일 / 법정공휴일","{""rules"": [{""months"": null, ""weekdays"": [0, 1, 2, 3, 4], ""source_text"": "" 09:00~18:00- "", ""time_ranges"": [{""end"": ""18:00"", ""start"": ""09:00"", ""crosses_midnight"": false}], ""last_admission"": null}, {""months"": null, ""weekdays"": [5, 6], ""source_text"": "" 09:00~17:00"", ""time_ranges"": [{""end"": ""17:00"", ""start"": ""09:00"", ""crosses_midnight"": false}], ""last_admission"": null}], ""warnings"": [""휴무 문구의 일부 예외를 구조화하지 못했습니다.""], ""availability"": ""scheduled"", ""closure_rules"": [], ""assumption_reason"": null}",partial,operating-hours-1.2.0,"2026-03-12 04:42:09+00","2026-08-09 02:40:01.200497+00","2026-08-08 05:25:57.108297+00","2026-08-09 02:40:01.200497+00",success,,t,,,ff209a47-72a7-46d0-b190-0a427a9afb0a,"2026-07-23 17:11:40.955853+00","2026-08-09 02:40:01.65672+00",,,무료,,https://tong.visitkorea.or.kr/cms/resource/71/3496671_image2_1.jpg,https://tong.visitkorea.or.kr/cms/resource/71/3496671_image3_1.jpg,,,,,
130688,14,세계장신구박물관,"서울특별시 종로구 북촌로5나길 2 (화동)",37.5810303992,126.9818203079,11,110,VE,VE07,VE070100,10:00~17:00,연중무휴,"{""rules"": [{""months"": null, ""weekdays"": null, ""source_text"": ""10:00~17:00"", ""time_ranges"": [{""end"": ""17:00"", ""start"": ""10:00"", ""crosses_midnight"": false}], ""last_admission"": null}], ""warnings"": [], ""availability"": ""scheduled"", ""closure_rules"": [], ""assumption_reason"": null}",parsed,operating-hours-1.2.0,"2025-11-26 07:50:31+00","2026-08-09 02:40:01.200497+00","2026-08-08 05:25:57.108297+00","2026-08-09 02:40:01.200497+00",success,,t,,,ff209a47-72a7-46d0-b190-0a427a9afb0a,"2026-07-23 17:11:40.955853+00","2026-08-09 02:40:01.65672+00",불가능,,"- 성인 10,000원<br>- 청소년 5,000원<br>- 어린이 5,000원",,http://tong.visitkorea.or.kr/cms/resource/63/3574663_image2_1.jpg,http://tong.visitkorea.or.kr/cms/resource/63/3574663_image3_1.jpg,,,,,
130759,14,"서울특별시교육청 종로도서관","서울특별시 종로구 사직로9길 15-14 (사직동)",37.5764475670628,126.966469026628,11,110,VE,VE09,VE090300,"[인문사회과학실/어문학실]- 평일 09:00~20:00- 주말 09:00~17:00[자연과학정보실]- 평일 09:00~18:00- 주말 09:00~17:00[인왕산(특화자료실)]- 평일 09:00~18:00 [자율학습실]- 하절기(3~10월) 07:00~22:00- 동절기(11~2월) 08:00~22:00[고문헌실감누리실]- 평일 09:00~18:00- 주말 09:00~17:00","매월 둘째, 넷째 월요일 / 국경일 / 정부지정 공휴일 / 도서관 운영상 도서관장이 필요하다고 지정한 날","{""rules"": [{""months"": null, ""weekdays"": [0, 1, 2, 3, 4], ""source_text"": "" 09:00~20:00- "", ""time_ranges"": [{""end"": ""20:00"", ""start"": ""09:00"", ""crosses_midnight"": false}], ""last_admission"": null}, {""months"": null, ""weekdays"": [5, 6], ""source_text"": "" 09:00~17:00"", ""time_ranges"": [{""end"": ""17:00"", ""start"": ""09:00"", ""crosses_midnight"": false}], ""last_admission"": null}, {""months"": null, ""weekdays"": [0, 1, 2, 3, 4], ""source_text"": "" 09:00~18:00- "", ""time_ranges"": [{""end"": ""18:00"", ""start"": ""09:00"", ""crosses_midnight"": false}], ""last_admission"": null}, {""months"": null, ""weekdays"": [5, 6], ""source_text"": "" 09:00~17:00"", ""time_ranges"": [{""end"": ""17:00"", ""start"": ""09:00"", ""crosses_midnight"": false}], ""last_admission"": null}, {""months"": null, ""weekdays"": [0, 1, 2, 3, 4], ""source_text"": "" 09:00~18:00 "", ""time_ranges"": [{""end"": ""18:00"", ""start"": ""09:00"", ""crosses_midnight"": false}], ""last_admission"": null}, {""months"": null, ""weekdays"": null, ""source_text"": ""- 하절기(3~10월) 07:00~22:00- 동절기(11~2월) 08:00~22:00"", ""time_ranges"": [{""end"": ""22:00"", ""start"": ""07:00"", ""crosses_midnight"": false}, {""end"": ""22:00"", ""start"": ""08:00"", ""crosses_midnight"": false}], ""last_admission"": null}, {""months"": null, ""weekdays"": [0, 1, 2, 3, 4], ""source_text"": "" 09:00~18:00- "", ""time_ranges"": [{""end"": ""18:00"", ""start"": ""09:00"", ""crosses_midnight"": false}], ""last_admission"": null}, {""months"": null, ""weekdays"": [5, 6], ""source_text"": "" 09:00~17:00"", ""time_ranges"": [{""end"": ""17:00"", ""start"": ""09:00"", ""crosses_midnight"": false}], ""last_admission"": null}], ""warnings"": [""휴무 문구의 일부 예외를 구조화하지 못했습니다.""], ""availability"": ""scheduled"", ""closure_rules"": [], ""assumption_reason"": null}",partial,operating-hours-1.2.0,"2026-03-19 00:49:59+00","2026-08-09 02:40:01.200497+00","2026-08-08 05:25:57.108297+00","2026-08-09 02:40:01.200497+00",success,,t,,,ff209a47-72a7-46d0-b190-0a427a9afb0a,"2026-07-23 17:11:40.955853+00","2026-08-09 02:40:01.65672+00",,,무료,,https://tong.visitkorea.or.kr/cms/resource/81/3497581_image2_1.jpg,https://tong.visitkorea.or.kr/cms/resource/81/3497581_image3_1.jpg,,,,,
130778,14,"서울특별시교육청 어린이도서관","서울특별시 종로구 사직로 89 (사직동)",37.5758446558,126.9687216489,11,110,VE,VE09,VE090300,"- 평일 09:00~18:00<br>
- 주말 09:00~17:00","매월 첫째주·셋째주 월요일 / 일요일을 제외한 법정공휴일 (단, 일요일과 법정공휴일이 겹칠 경우 휴관)","{""rules"": [{""months"": null, ""weekdays"": [0, 1, 2, 3, 4], ""source_text"": "" 09:00~18:00"", ""time_ranges"": [{""end"": ""18:00"", ""start"": ""09:00"", ""crosses_midnight"": false}], ""last_admission"": null}, {""months"": null, ""weekdays"": [5, 6], ""source_text"": "" 09:00~17:00"", ""time_ranges"": [{""end"": ""17:00"", ""start"": ""09:00"", ""crosses_midnight"": false}], ""last_admission"": null}], ""warnings"": [""휴무 문구의 일부 예외를 구조화하지 못했습니다.""], ""availability"": ""scheduled"", ""closure_rules"": [], ""assumption_reason"": null}",partial,operating-hours-1.2.0,"2025-08-05 07:25:46+00","2026-08-09 02:40:01.200497+00","2026-08-08 05:25:57.108297+00","2026-08-09 02:40:01.200497+00",success,,t,,,ff209a47-72a7-46d0-b190-0a427a9afb0a,"2026-07-23 17:11:40.955853+00","2026-08-09 02:40:01.65672+00",가능,,무료,,http://tong.visitkorea.or.kr/cms/resource/44/3414044_image2_1.jpg,http://tong.visitkorea.or.kr/cms/resource/44/3414044_image3_1.jpg,,,,,
130842,14,"아라리오 갤러리 서울","서울특별시 종로구 율곡로 85 (원서동)",37.5778724854607,126.988509197497,11,110,VE,VE07,VE070600,11:00~18:00,"매주 일요일, 월요일","{""rules"": [{""months"": null, ""weekdays"": null, ""source_text"": ""11:00~18:00"", ""time_ranges"": [{""end"": ""18:00"", ""start"": ""11:00"", ""crosses_midnight"": false}], ""last_admission"": null}], ""warnings"": [], ""availability"": ""scheduled"", ""closure_rules"": [{""weekdays"": [0, 6], ""source_text"": ""매주 일요일, 월요일""}], ""assumption_reason"": null}",parsed,operating-hours-1.2.0,"2026-02-09 06:36:04+00","2026-08-09 02:40:01.200497+00","2026-08-08 05:25:57.108297+00","2026-08-09 02:40:01.200497+00",success,,t,,,ff209a47-72a7-46d0-b190-0a427a9afb0a,"2026-07-23 17:11:41.150397+00","2026-08-09 02:40:01.65672+00",,,무료,,https://tong.visitkorea.or.kr/cms/resource/21/3465421_image2_1.JPG,https://tong.visitkorea.or.kr/cms/resource/21/3465421_image3_1.JPG,,,,,
130851,14,동림매듭공방,"서울특별시 종로구 북촌로12길 10",37.5817368650513,126.985586987069,11,110,VE,VE07,VE070100,10:00~18:00,"매주 월요일","{""rules"": [{""months"": null, ""weekdays"": null, ""source_text"": ""10:00~18:00"", ""time_ranges"": [{""end"": ""18:00"", ""start"": ""10:00"", ""crosses_midnight"": false}], ""last_admission"": null}], ""warnings"": [], ""availability"": ""scheduled"", ""closure_rules"": [{""weekdays"": [0], ""source_text"": ""매주 월요일""}], ""assumption_reason"": null}",parsed,operating-hours-1.2.0,"2026-02-04 08:20:11+00","2026-08-09 02:40:01.200497+00","2026-08-08 05:25:57.108297+00","2026-08-09 02:40:01.200497+00",success,,t,,,ff209a47-72a7-46d0-b190-0a427a9afb0a,"2026-07-23 17:11:40.808988+00","2026-08-09 02:40:01.65672+00",,,"매듭일일체험 12,000원※ 자세한 사항은 전화문의 요망",,https://tong.visitkorea.or.kr/cms/resource/68/923768_image2_1.jpg,https://tong.visitkorea.or.kr/cms/resource/68/923768_image3_1.jpg,,,,,
130903,12,북촌문화센터,"서울특별시 종로구 계동길 37 (계동)",37.5790529392,126.9867060298,11,110,VE,VE12,VE120300,"- 화요일 / 목요일~금요일 09:00~18:00<br>
- 수요일 09:00~20:00<br>
- 토요일~일요일 09:00~17:00",,"{""rules"": [{""months"": null, ""weekdays"": [1, 3, 4], ""source_text"": "" 09:00~18:00"", ""time_ranges"": [{""end"": ""18:00"", ""start"": ""09:00"", ""crosses_midnight"": false}], ""last_admission"": null}, {""months"": null, ""weekdays"": [2], ""source_text"": "" 09:00~20:00"", ""time_ranges"": [{""end"": ""20:00"", ""start"": ""09:00"", ""crosses_midnight"": false}], ""last_admission"": null}, {""months"": null, ""weekdays"": [5, 6], ""source_text"": "" 09:00~17:00"", ""time_ranges"": [{""end"": ""17:00"", ""start"": ""09:00"", ""crosses_midnight"": false}], ""last_admission"": null}], ""warnings"": [], ""availability"": ""scheduled"", ""closure_rules"": [{""weekdays"": [0], ""source_text"": ""운영시간에 열거되지 않은 요일""}], ""assumption_reason"": null}",parsed,operating-hours-1.2.0,"2025-04-03 01:06:30+00","2026-08-09 02:40:01.200497+00","2026-08-08 05:25:57.108297+00","2026-08-09 02:40:01.200497+00",success,,t,,,ff209a47-72a7-46d0-b190-0a427a9afb0a,"2026-07-23 17:11:40.882874+00","2026-08-09 02:40:01.65672+00",,,,,http://tong.visitkorea.or.kr/cms/resource/09/3339109_image2_1.jpg,http://tong.visitkorea.or.kr/cms/resource/09/3339109_image3_1.jpg,,,,,
130931,14,삼성출판박물관,"서울특별시 종로구 비봉길 2-2 (구기동)",37.6087517327,126.9571134414,11,110,VE,VE07,VE070100,"월요일~금요일 10:00~17:00","매주 토요일~일요일 / 법정공휴일","{""rules"": [{""months"": null, ""weekdays"": [0, 1, 2, 3, 4], ""source_text"": "" 10:00~17:00"", ""time_ranges"": [{""end"": ""17:00"", ""start"": ""10:00"", ""crosses_midnight"": false}], ""last_admission"": null}], ""warnings"": [""휴무 문구의 일부 예외를 구조화하지 못했습니다.""], ""availability"": ""scheduled"", ""closure_rules"": [{""weekdays"": [5, 6], ""source_text"": ""매주 토요일~일요일 / 법정공휴일""}], ""assumption_reason"": null}",partial,operating-hours-1.2.0,"2025-09-18 05:58:00+00","2026-08-09 02:40:01.200497+00","2026-08-08 05:25:57.108297+00","2026-08-09 02:40:01.200497+00",success,,t,,,ff209a47-72a7-46d0-b190-0a427a9afb0a,"2026-07-23 17:11:40.955853+00","2026-08-09 02:40:01.65672+00",가능,무료,"- 일반 3,000원<br>- 학생 2,000원","단체(20인 이상) 1,000원 할인",http://tong.visitkorea.or.kr/cms/resource/50/3540850_image2_1.jpg,http://tong.visitkorea.or.kr/cms/resource/50/3540850_image3_1.jpg,,,,,
130932,14,"상명대학교 박물관","서울특별시 종로구 평창문화로 151 (평창동) B동",37.6104005490126,126.976307719125,11,110,VE,VE07,VE070100,"- 월요일~금요일 10:00~17:00- 방학 기간 10:00~15:00","매주 토요일~일요일 / 법정 공휴일 / 개교 기념일","{""rules"": [{""months"": null, ""weekdays"": [0, 1, 2, 3, 4], ""source_text"": "" 10:00~17:00- 방학 기간 10:00~15:00"", ""time_ranges"": [{""end"": ""17:00"", ""start"": ""10:00"", ""crosses_midnight"": false}, {""end"": ""15:00"", ""start"": ""10:00"", ""crosses_midnight"": false}], ""last_admission"": null}], ""warnings"": [""휴무 문구의 일부 예외를 구조화하지 못했습니다.""], ""availability"": ""scheduled"", ""closure_rules"": [{""weekdays"": [5, 6], ""source_text"": ""매주 토요일~일요일 / 법정 공휴일 / 개교 기념일""}], ""assumption_reason"": null}",partial,operating-hours-1.2.0,"2026-03-11 01:03:40+00","2026-08-09 02:40:01.200497+00","2026-08-08 05:25:57.108297+00","2026-08-09 02:40:01.200497+00",success,,t,,,ff209a47-72a7-46d0-b190-0a427a9afb0a,"2026-07-23 17:11:40.955853+00","2026-08-09 02:40:01.65672+00",,,무료,,https://tong.visitkorea.or.kr/cms/resource/01/3499301_image2_1.jpg,https://tong.visitkorea.or.kr/cms/resource/01/3499301_image3_1.jpg,,,,,
130934,14,"서울대학교 치의학박물관","서울특별시 종로구 대학로 101 (연건동) 서울대학교 치의학대학원 본관 1층",37.5802017943342,127.001900442396,11,110,VE,VE07,VE070100,"10:00~17:00 (입장 마감 16:00)","매주 주말 / 개교기념일(10월 15일) / 법정공휴일","{""rules"": [{""months"": null, ""weekdays"": null, ""source_text"": ""10:00~17:00 (입장 마감 16:00)"", ""time_ranges"": [{""end"": ""17:00"", ""start"": ""10:00"", ""crosses_midnight"": false}], ""last_admission"": ""16:00""}], ""warnings"": [""휴무 문구의 일부 예외를 구조화하지 못했습니다.""], ""availability"": ""scheduled"", ""closure_rules"": [], ""assumption_reason"": null}",partial,operating-hours-1.2.0,"2026-03-11 01:03:40+00","2026-08-09 02:40:01.200497+00","2026-08-08 05:25:57.108297+00","2026-08-09 02:40:01.200497+00",success,,t,,,ff209a47-72a7-46d0-b190-0a427a9afb0a,"2026-07-23 17:11:40.955853+00","2026-08-09 02:40:01.65672+00",,,무료,,https://tong.visitkorea.or.kr/cms/resource/11/3496611_image2_1.jpg,https://tong.visitkorea.or.kr/cms/resource/11/3496611_image3_1.jpg,,,,,
130972,14,"주한 프랑스 대사관 어학센터","서울특별시 종로구 삼봉로 94 (공평동) 4층",37.5718380482218,126.98223409819,11,110,VE,VE09,VE090200,"[월요일~목요일]- 09:30~21:30- 휴게시간 11:30~12:30- 휴게시간 17:30~18:30[금요일, 토요일]- 09:30~16:30- 금요일 휴게시간 11:30~12:30- 토요일 휴게시간 13:30~15:00","매주 일요일 / 공휴일","{""rules"": [{""months"": null, ""weekdays"": [0, 1, 2, 3], ""source_text"": ""]- 09:30~21:30- 휴게시간 11:30~12:30- 휴게시간 17:30~18:30["", ""time_ranges"": [{""end"": ""21:30"", ""start"": ""09:30"", ""crosses_midnight"": false}, {""end"": ""12:30"", ""start"": ""11:30"", ""crosses_midnight"": false}, {""end"": ""18:30"", ""start"": ""17:30"", ""crosses_midnight"": false}], ""last_admission"": null}, {""months"": null, ""weekdays"": [4, 5], ""source_text"": ""]- 09:30~16:30- 금요일 휴게시간 11:30~12:30- 토요일 휴게시간 13:30~15:00"", ""time_ranges"": [{""end"": ""16:30"", ""start"": ""09:30"", ""crosses_midnight"": false}, {""end"": ""12:30"", ""start"": ""11:30"", ""crosses_midnight"": false}, {""end"": ""15:00"", ""start"": ""13:30"", ""crosses_midnight"": false}], ""last_admission"": null}], ""warnings"": [""휴무 문구의 일부 예외를 구조화하지 못했습니다.""], ""availability"": ""scheduled"", ""closure_rules"": [{""weekdays"": [6], ""source_text"": ""매주 일요일 / 공휴일""}], ""assumption_reason"": null}",partial,operating-hours-1.2.0,"2026-03-12 00:08:40+00","2026-08-09 02:40:01.200497+00","2026-08-08 05:25:57.108297+00","2026-08-09 02:40:01.200497+00",success,,t,,,ff209a47-72a7-46d0-b190-0a427a9afb0a,"2026-07-23 17:11:41.296349+00","2026-08-09 02:40:01.65672+00",,"최초 30분 무료 / 추가 10분당 1,000원 / 1일 최대 14,000원","교육 프로그램별로 상이함",,https://tong.visitkorea.or.kr/cms/resource/59/3510459_image2_1.jpg,https://tong.visitkorea.or.kr/cms/resource/59/3510459_image3_1.jpg,,,,,
131122,28,올림픽기념국민생활관,"서울특별시 종로구 성균관로 91 (혜화동)",37.5904,126.9988,11,110,VE,VE10,VE100200,"- 평일 06:00~22:00- 주말 09:00~18:00","1월 1일 / 설·추석 연휴 / 법정공휴일 / 대체 휴무일","{""rules"": [{""months"": null, ""weekdays"": [0, 1, 2, 3, 4], ""source_text"": "" 06:00~22:00- "", ""time_ranges"": [{""end"": ""22:00"", ""start"": ""06:00"", ""crosses_midnight"": false}], ""last_admission"": null}, {""months"": null, ""weekdays"": [5, 6], ""source_text"": "" 09:00~18:00"", ""time_ranges"": [{""end"": ""18:00"", ""start"": ""09:00"", ""crosses_midnight"": false}], ""last_admission"": null}], ""warnings"": [""휴무 문구의 일부 예외를 구조화하지 못했습니다.""], ""availability"": ""scheduled"", ""closure_rules"": [], ""assumption_reason"": null}",partial,operating-hours-1.2.0,"2026-03-12 00:12:43+00","2026-08-09 02:40:01.200497+00","2026-08-08 05:25:57.108297+00","2026-08-09 02:40:01.200497+00",success,,t,,,ff209a47-72a7-46d0-b190-0a427a9afb0a,"2026-07-23 17:11:41.225101+00","2026-08-09 02:40:01.65672+00",,,,,https://tong.visitkorea.or.kr/cms/resource/53/3501553_image2_1.jpg,https://tong.visitkorea.or.kr/cms/resource/53/3501553_image3_1.jpg,,,,,
131624,28,종로구민회관,"서울특별시 종로구 지봉로5길 7-5",37.5734578413744,127.014442741712,11,110,VE,VE10,VE100200,"- 평일 06:00~21:50- 주말 09:00~17:50","1월 1일 / 설·추석 연휴 / 법정공휴일","{""rules"": [{""months"": null, ""weekdays"": [0, 1, 2, 3, 4], ""source_text"": "" 06:00~21:50- "", ""time_ranges"": [{""end"": ""21:50"", ""start"": ""06:00"", ""crosses_midnight"": false}], ""last_admission"": null}, {""months"": null, ""weekdays"": [5, 6], ""source_text"": "" 09:00~17:50"", ""time_ranges"": [{""end"": ""17:50"", ""start"": ""09:00"", ""crosses_midnight"": false}], ""last_admission"": null}], ""warnings"": [""휴무 문구의 일부 예외를 구조화하지 못했습니다.""], ""availability"": ""scheduled"", ""closure_rules"": [], ""assumption_reason"": null}",partial,operating-hours-1.2.0,"2026-03-12 01:56:13+00","2026-08-09 02:40:01.200497+00","2026-08-08 05:25:57.108297+00","2026-08-09 02:40:01.200497+00",success,,t,,,ff209a47-72a7-46d0-b190-0a427a9afb0a,"2026-07-23 17:11:41.296349+00","2026-08-09 02:40:01.65672+00",,,,,https://tong.visitkorea.or.kr/cms/resource/22/3510022_image2_1.jpg,https://tong.visitkorea.or.kr/cms/resource/22/3510022_image3_1.jpg,,,,,
1316965,39,"사찰음식 전문점 발우공양","서울특별시 종로구 우정국로 56",37.5739312489,126.9831814961,11,110,FD,FD01,FD010100,"11:30~21:00 (준비시간 15:00~18:00)","매주 일요일","{""rules"": [{""months"": null, ""weekdays"": null, ""source_text"": ""11:30~21:00 (준비시간 15:00~18:00)"", ""time_ranges"": [{""end"": ""21:00"", ""start"": ""11:30"", ""crosses_midnight"": false}, {""end"": ""18:00"", ""start"": ""15:00"", ""crosses_midnight"": false}], ""last_admission"": null}], ""warnings"": [], ""availability"": ""scheduled"", ""closure_rules"": [{""weekdays"": [6], ""source_text"": ""매주 일요일""}], ""assumption_reason"": null}",parsed,operating-hours-1.2.0,"2025-10-28 04:37:59+00","2026-08-09 02:40:01.200497+00","2026-08-08 05:25:57.108297+00","2026-08-09 02:40:01.200497+00",success,,t,,,ff209a47-72a7-46d0-b190-0a427a9afb0a,"2026-07-23 17:11:40.955853+00","2026-08-09 02:40:01.65672+00","가능 <br>요금 (2시간 무료)",,,,,,,,,,
1321191,39,설가온,"서울특별시 종로구 세종대로 175 (세종로) 서울 종로구 세종대로 175 세종문화회관 지하1층 설가온",37.5720098877623,126.976307064718,11,110,FD,FD01,FD010100,"- 11:30~21:30- 준비시간 15:00~17:00- 마지막 주문 20:30",연중무휴,"{""rules"": [{""months"": null, ""weekdays"": null, ""source_text"": ""- 11:30~21:30- 준비시간 15:00~17:00- 마지막 주문 20:30"", ""time_ranges"": [{""end"": ""21:30"", ""start"": ""11:30"", ""crosses_midnight"": false}, {""end"": ""17:00"", ""start"": ""15:00"", ""crosses_midnight"": false}], ""last_admission"": null}], ""warnings"": [], ""availability"": ""scheduled"", ""closure_rules"": [], ""assumption_reason"": null}",parsed,operating-hours-1.2.0,"2026-03-13 07:24:55+00","2026-08-09 02:40:01.200497+00","2026-08-08 05:25:57.108297+00","2026-08-09 02:40:01.200497+00",success,,t,,,ff209a47-72a7-46d0-b190-0a427a9afb0a,"2026-07-23 17:11:40.955853+00","2026-08-09 02:40:01.65672+00","가능요금 (무료)",,,,https://tong.visitkorea.or.kr/cms/resource/09/3592509_image2_1.jpg,https://tong.visitkorea.or.kr/cms/resource/09/3592509_image3_1.jpg,,,,,
132183,38,광장시장,"서울특별시 종로구 창경궁로 88",37.5701653166,126.9997217621,11,110,SH,SH06,SH060200,"점포 별로 상이함","점포 별로 상이함","{""rules"": [], ""warnings"": [""운영시간을 구조화하지 못했습니다.""], ""availability"": ""unknown"", ""closure_rules"": [], ""assumption_reason"": null}",partial,operating-hours-1.2.0,"2025-05-28 01:27:09+00","2026-08-09 02:40:01.200497+00","2026-08-08 05:25:57.108297+00","2026-08-09 02:40:01.200497+00",success,,t,,,ff209a47-72a7-46d0-b190-0a427a9afb0a,"2026-07-23 17:11:40.721834+00","2026-08-09 02:40:01.65672+00",가능,,,,http://tong.visitkorea.or.kr/cms/resource/81/2668981_image2_1.jpg,http://tong.visitkorea.or.kr/cms/resource/81/2668981_image3_1.jpg,,,,,
132200,38,동대문종합시장,"서울특별시 종로구 종로 266 (종로6가)",37.5709736927,127.0073349346,11,110,SH,SH06,SH060200,"- 원단 및 의류부자재 08:00~18:00<br>- 액세서리 부자재 09:30~19:00<br>- 혼수용품 및 홈인테리어 08:00~19:00","매주 일요일 (단, 혼수용품 및 홈인테리어 첫 번째, 세 번째, 다섯 번째 일요일 부분 영업)<br>※ 매달 두 번째, 네 번째 일요일 전체 휴장","{""rules"": [{""months"": null, ""weekdays"": null, ""source_text"": ""- 원단 및 의류부자재 08:00~18:00"", ""time_ranges"": [{""end"": ""18:00"", ""start"": ""08:00"", ""crosses_midnight"": false}], ""last_admission"": null}, {""months"": null, ""weekdays"": null, ""source_text"": ""- 액세서리 부자재 09:30~19:00"", ""time_ranges"": [{""end"": ""19:00"", ""start"": ""09:30"", ""crosses_midnight"": false}], ""last_admission"": null}, {""months"": null, ""weekdays"": null, ""source_text"": ""- 혼수용품 및 홈인테리어 08:00~19:00"", ""time_ranges"": [{""end"": ""19:00"", ""start"": ""08:00"", ""crosses_midnight"": false}], ""last_admission"": null}], ""warnings"": [], ""availability"": ""scheduled"", ""closure_rules"": [{""weekdays"": [6], ""source_text"": ""매주 일요일 (단, 혼수용품 및 홈인테리어 첫 번째, 세 번째, 다섯 번째 일요일 부분 영업)""}], ""assumption_reason"": null}",parsed,operating-hours-1.2.0,"2025-11-27 06:36:16+00","2026-08-09 02:40:01.200497+00","2026-08-08 05:25:57.108297+00","2026-08-09 02:40:01.200497+00",success,,t,,,ff209a47-72a7-46d0-b190-0a427a9afb0a,"2026-07-23 17:11:40.808988+00","2026-08-09 02:40:01.65672+00",가능,,,,http://tong.visitkorea.or.kr/cms/resource/55/3571855_image2_1.jpg,http://tong.visitkorea.or.kr/cms/resource/55/3571855_image3_1.jpg,,,,,
132202,38,"대학천 책방거리","서울특별시 종로구 종로 258 (종로6가)",37.5707098195,127.0064961295,11,110,SH,SH05,SH050200,"점포 별로 상이함","점포 별로 상이함","{""rules"": [], ""warnings"": [""운영시간을 구조화하지 못했습니다.""], ""availability"": ""unknown"", ""closure_rules"": [], ""assumption_reason"": null}",partial,operating-hours-1.2.0,"2025-11-27 07:05:01+00","2026-08-09 02:40:01.200497+00","2026-08-08 05:25:57.108297+00","2026-08-09 02:40:01.200497+00",success,,t,,,ff209a47-72a7-46d0-b190-0a427a9afb0a,"2026-07-23 17:11:40.808988+00","2026-08-09 02:40:01.65672+00",불가능,,,,http://tong.visitkorea.or.kr/cms/resource/97/3571897_image2_1.jpg,http://tong.visitkorea.or.kr/cms/resource/97/3571897_image3_1.jpg,,,,,
132205,38,"견지동 불교용품거리","서울특별시 종로구 우정국로 55",37.574478386,126.9819927,11,110,SH,SH05,SH050200,"점포 별로 상이함","점포 별로 상이함","{""rules"": [], ""warnings"": [""운영시간을 구조화하지 못했습니다.""], ""availability"": ""unknown"", ""closure_rules"": [], ""assumption_reason"": null}",partial,operating-hours-1.2.0,"2025-12-29 08:59:41+00","2026-08-09 02:40:01.200497+00","2026-08-08 05:25:57.108297+00","2026-08-09 02:40:01.200497+00",success,,t,,,ff209a47-72a7-46d0-b190-0a427a9afb0a,"2026-07-23 17:11:40.721834+00","2026-08-09 02:40:01.65672+00",없음,,,,http://tong.visitkorea.or.kr/cms/resource/01/3589201_image2_1.jpg,http://tong.visitkorea.or.kr/cms/resource/01/3589201_image3_1.jpg,,,,,
132207,38,청오가방도매상가,"서울특별시 종로구 청계천로 229",37.5701348234,127.0029909094,11,110,SH,SH05,SH050200,"전화 문의","전화 문의","{""rules"": [], ""warnings"": [""운영시간을 구조화하지 못했습니다.""], ""availability"": ""unknown"", ""closure_rules"": [], ""assumption_reason"": null}",partial,operating-hours-1.2.0,"2025-04-10 02:16:13+00","2026-08-09 02:40:01.200497+00","2026-08-08 05:25:57.108297+00","2026-08-09 02:40:01.200497+00",success,,t,,,ff209a47-72a7-46d0-b190-0a427a9afb0a,"2026-07-23 17:11:41.296349+00","2026-08-09 02:40:01.65672+00",,,,,http://tong.visitkorea.or.kr/cms/resource/26/3109826_image2_1.JPG,http://tong.visitkorea.or.kr/cms/resource/26/3109826_image3_1.JPG,,,,,
132219,38,"인사동 문화의 거리","서울특별시 종로구 인사동",37.5739535014,126.9850146618,11,110,SH,SH05,SH050200,"매장 별로 상이함","매장 별로 상이함","{""rules"": [], ""warnings"": [""운영시간을 구조화하지 못했습니다.""], ""availability"": ""unknown"", ""closure_rules"": [], ""assumption_reason"": null}",partial,operating-hours-1.2.0,"2025-11-27 07:48:27+00","2026-08-09 02:40:01.200497+00","2026-08-08 05:25:57.108297+00","2026-08-09 02:40:01.200497+00",success,,t,,,ff209a47-72a7-46d0-b190-0a427a9afb0a,"2026-07-23 17:11:41.225101+00","2026-08-09 02:40:01.65672+00",불가능,,,,http://tong.visitkorea.or.kr/cms/resource/86/3571886_image2_1.jpg,http://tong.visitkorea.or.kr/cms/resource/86/3571886_image3_1.jpg,,,,,
132226,38,"낙원 악기상가","서울특별시 종로구 삼일대로 428 (낙원동)",37.5728259087,126.9880310857,11,110,SH,SH05,SH050200,"10:00~18:00 <br> ※ 점포별 상이","매주 일요일 <br> ※ 점포별 상이","{""rules"": [{""months"": null, ""weekdays"": null, ""source_text"": ""10:00~18:00"", ""time_ranges"": [{""end"": ""18:00"", ""start"": ""10:00"", ""crosses_midnight"": false}], ""last_admission"": null}], ""warnings"": [], ""availability"": ""scheduled"", ""closure_rules"": [{""weekdays"": [6], ""source_text"": ""매주 일요일""}], ""assumption_reason"": null}",parsed,operating-hours-1.2.0,"2025-12-23 04:25:44+00","2026-08-09 02:40:01.200497+00","2026-08-08 05:25:57.108297+00","2026-08-09 02:40:01.200497+00",success,,t,,,ff209a47-72a7-46d0-b190-0a427a9afb0a,"2026-07-23 17:11:40.808988+00","2026-08-09 02:40:01.65672+00",가능,,,,http://tong.visitkorea.or.kr/cms/resource/19/923719_image2_1.jpg,http://tong.visitkorea.or.kr/cms/resource/19/923719_image3_1.jpg,,,,,
132231,38,세운전자상가,"서울특별시 종로구 청계천로 159 (장사동)",37.5693347773,126.9952555258,11,110,SH,SH05,SH050200,"09:00~20:00<br>※ 단, 매장 별로 상이할 수 있음","매주 일요일 / 법정공휴일<br>※ 단, 매장 별로 상이할 수 있음","{""rules"": [{""months"": null, ""weekdays"": null, ""source_text"": ""09:00~20:00"", ""time_ranges"": [{""end"": ""20:00"", ""start"": ""09:00"", ""crosses_midnight"": false}], ""last_admission"": null}], ""warnings"": [""휴무 문구의 일부 예외를 구조화하지 못했습니다.""], ""availability"": ""scheduled"", ""closure_rules"": [{""weekdays"": [6], ""source_text"": ""매주 일요일 / 법정공휴일""}], ""assumption_reason"": null}",partial,operating-hours-1.2.0,"2025-11-27 08:01:39+00","2026-08-09 02:40:01.200497+00","2026-08-08 05:25:57.108297+00","2026-08-09 02:40:01.200497+00",success,,t,,,ff209a47-72a7-46d0-b190-0a427a9afb0a,"2026-07-23 17:11:40.955853+00","2026-08-09 02:40:01.65672+00","가능<br>요금 (10분당 1,000원)",,,,http://tong.visitkorea.or.kr/cms/resource/21/3571821_image2_1.jpg,http://tong.visitkorea.or.kr/cms/resource/21/3571821_image3_1.jpg,,,,,
132421,38,종로귀금속거리,"서울특별시 종로구 봉익동",37.5715539165,126.9926140374,11,110,SH,SH05,SH050200,"매장 별로 상이함","매장 별로 상이함","{""rules"": [], ""warnings"": [""운영시간을 구조화하지 못했습니다.""], ""availability"": ""unknown"", ""closure_rules"": [], ""assumption_reason"": null}",partial,operating-hours-1.2.0,"2025-11-27 08:23:12+00","2026-08-09 02:40:01.200497+00","2026-08-08 05:25:57.108297+00","2026-08-09 02:40:01.200497+00",success,,t,,,ff209a47-72a7-46d0-b190-0a427a9afb0a,"2026-07-23 17:11:41.296349+00","2026-08-09 02:40:01.65672+00",불가능,,,,http://tong.visitkorea.or.kr/cms/resource/58/3571858_image2_1.jpg,http://tong.visitkorea.or.kr/cms/resource/58/3571858_image3_1.jpg,,,,,
1325115,39,진옥화할매원조닭한마리,"서울특별시 종로구 종로40가길 18 (종로5가)",37.5704292825,127.0057128756,11,110,FD,FD01,FD010100,"10:30~01:00 (마지막 주문 23:30)",연중무휴,"{""rules"": [{""months"": null, ""weekdays"": null, ""source_text"": ""10:30~01:00 (마지막 주문 23:30)"", ""time_ranges"": [{""end"": ""01:00"", ""start"": ""10:30"", ""crosses_midnight"": true}], ""last_admission"": null}], ""warnings"": [], ""availability"": ""scheduled"", ""closure_rules"": [], ""assumption_reason"": null}",parsed,operating-hours-1.2.0,"2025-04-09 07:57:04+00","2026-08-09 02:40:01.200497+00","2026-08-08 05:25:57.108297+00","2026-08-09 02:40:01.200497+00",success,,t,,,ff209a47-72a7-46d0-b190-0a427a9afb0a,"2026-07-23 17:11:41.296349+00","2026-08-09 02:40:01.65672+00",가능,,,,http://tong.visitkorea.or.kr/cms/resource/39/3082739_image2_1.png,http://tong.visitkorea.or.kr/cms/resource/39/3082739_image3_1.png,,,,,
132522,38,우석공예사,"서울특별시 종로구 청계천로 205 (예지동) 1층 35~38",37.56972927,127.0004883714,11,110,SH,SH05,SH050100,10:00~17:00,"매주 일요일","{""rules"": [{""months"": null, ""weekdays"": null, ""source_text"": ""10:00~17:00"", ""time_ranges"": [{""end"": ""17:00"", ""start"": ""10:00"", ""crosses_midnight"": false}], ""last_admission"": null}], ""warnings"": [], ""availability"": ""scheduled"", ""closure_rules"": [{""weekdays"": [6], ""source_text"": ""매주 일요일""}], ""assumption_reason"": null}",parsed,operating-hours-1.2.0,"2025-12-23 01:29:34+00","2026-08-09 02:40:01.200497+00","2026-08-08 05:25:57.108297+00","2026-08-09 02:40:01.200497+00",success,,t,,,ff209a47-72a7-46d0-b190-0a427a9afb0a,"2026-07-23 17:11:41.225101+00","2026-08-09 02:40:01.65672+00",,,,,http://tong.visitkorea.or.kr/cms/resource/14/1984414_image2_1.jpg,http://tong.visitkorea.or.kr/cms/resource/14/1984414_image3_1.jpg,,,,,
1325623,39,신승관,"서울특별시 종로구 종로 19 (종로1가) 217호",37.5708982096,126.9799374337,11,110,FD,FD02,FD020100,"- 11:00~23:00<br>- 준비시간 15:00~16:30<br>- 마지막 주문 21:00","매주 일요일","{""rules"": [{""months"": null, ""weekdays"": null, ""source_text"": ""- 11:00~23:00"", ""time_ranges"": [{""end"": ""23:00"", ""start"": ""11:00"", ""crosses_midnight"": false}], ""last_admission"": null}, {""months"": null, ""weekdays"": null, ""source_text"": ""- 준비시간 15:00~16:30"", ""time_ranges"": [{""end"": ""16:30"", ""start"": ""15:00"", ""crosses_midnight"": false}], ""last_admission"": null}], ""warnings"": [], ""availability"": ""scheduled"", ""closure_rules"": [{""weekdays"": [6], ""source_text"": ""매주 일요일""}], ""assumption_reason"": null}",parsed,operating-hours-1.2.0,"2025-03-11 01:24:31+00","2026-08-09 02:40:01.200497+00","2026-08-08 05:25:57.108297+00","2026-08-09 02:40:01.200497+00",success,,t,,,ff209a47-72a7-46d0-b190-0a427a9afb0a,"2026-07-23 17:11:41.150397+00","2026-08-09 02:40:01.65672+00",가능,,,,http://tong.visitkorea.or.kr/cms/resource/23/1290223_image2_1.jpg,http://tong.visitkorea.or.kr/cms/resource/23/1290223_image3_1.jpg,,,,,
132590,38,한국관광명품점,"서울특별시 종로구 인사동5길 14 (관훈동)",37.5727634022474,126.985357624683,11,110,SH,SH05,SH050300,"- 평일 10:00~18:00- 주말 11:00~18:00","설·추석 당일","{""rules"": [{""months"": null, ""weekdays"": [0, 1, 2, 3, 4], ""source_text"": "" 10:00~18:00- "", ""time_ranges"": [{""end"": ""18:00"", ""start"": ""10:00"", ""crosses_midnight"": false}], ""last_admission"": null}, {""months"": null, ""weekdays"": [5, 6], ""source_text"": "" 11:00~18:00"", ""time_ranges"": [{""end"": ""18:00"", ""start"": ""11:00"", ""crosses_midnight"": false}], ""last_admission"": null}], ""warnings"": [""휴무 문구의 일부 예외를 구조화하지 못했습니다.""], ""availability"": ""scheduled"", ""closure_rules"": [], ""assumption_reason"": null}",partial,operating-hours-1.2.0,"2026-03-12 00:08:40+00","2026-08-09 02:40:01.200497+00","2026-08-08 05:25:57.108297+00","2026-08-09 02:40:01.200497+00",success,,t,,,ff209a47-72a7-46d0-b190-0a427a9afb0a,"2026-07-23 17:11:41.371579+00","2026-08-09 02:40:01.65672+00",불가능,,,,https://tong.visitkorea.or.kr/cms/resource/31/3502231_image2_1.jpg,https://tong.visitkorea.or.kr/cms/resource/31/3502231_image3_1.jpg,,,,,
132815,39,토속촌삼계탕,"서울특별시 종로구 자하문로5길 5",37.5775621208271,126.971577362193,11,110,FD,FD01,FD010100,"10:00 ~ 22:00 (주문 마감 21:00)",연중무휴,"{""rules"": [{""months"": null, ""weekdays"": null, ""source_text"": ""10:00 ~ 22:00 (주문 마감 21:00)"", ""time_ranges"": [{""end"": ""22:00"", ""start"": ""10:00"", ""crosses_midnight"": false}], ""last_admission"": null}], ""warnings"": [], ""availability"": ""scheduled"", ""closure_rules"": [], ""assumption_reason"": null}",parsed,operating-hours-1.2.0,"2026-02-25 07:22:04+00","2026-08-09 02:40:01.200497+00","2026-08-08 05:25:57.108297+00","2026-08-09 02:40:01.200497+00",success,,t,,,ff209a47-72a7-46d0-b190-0a427a9afb0a,"2026-07-23 17:11:41.371579+00","2026-08-09 02:40:01.65672+00","주차 가능",,,,,,,,,,
133769,39,석파랑,"서울특별시 종로구 자하문로 309 (홍지동)",37.5993084164,126.9587635581,11,110,FD,FD01,FD010100,"- 점심 12:00~15:00<br>- 저녁 18:00~22:00<br>※ 영업시간 변동 가능성 있으므로 방문 전 전화 문의 요망","매주 수요일 / 설·추석 연휴<br>※ 전화 문의 요망","{""rules"": [{""months"": null, ""weekdays"": null, ""source_text"": ""- 점심 12:00~15:00"", ""time_ranges"": [{""end"": ""15:00"", ""start"": ""12:00"", ""crosses_midnight"": false}], ""last_admission"": null}, {""months"": null, ""weekdays"": null, ""source_text"": ""- 저녁 18:00~22:00"", ""time_ranges"": [{""end"": ""22:00"", ""start"": ""18:00"", ""crosses_midnight"": false}], ""last_admission"": null}], ""warnings"": [""휴무 문구의 일부 예외를 구조화하지 못했습니다.""], ""availability"": ""scheduled"", ""closure_rules"": [{""weekdays"": [2], ""source_text"": ""매주 수요일 / 설·추석 연휴""}], ""assumption_reason"": null}",partial,operating-hours-1.2.0,"2025-09-22 04:26:36+00","2026-08-09 02:40:01.200497+00","2026-08-08 05:25:57.108297+00","2026-08-09 02:40:01.200497+00",success,,t,,,ff209a47-72a7-46d0-b190-0a427a9afb0a,"2026-07-23 17:11:40.955853+00","2026-08-09 02:40:01.65672+00","가능 (40대)<br>요금 (무료)",,,,,,,,,,
133862,39,이모집,"서울특별시 종로구 인사동14길 5-3 (관훈동)",37.5749515581968,126.984303972678,11,110,FD,FD01,FD010100,12:00~22:00,연중무휴,"{""rules"": [{""months"": null, ""weekdays"": null, ""source_text"": ""12:00~22:00"", ""time_ranges"": [{""end"": ""22:00"", ""start"": ""12:00"", ""crosses_midnight"": false}], ""last_admission"": null}], ""warnings"": [], ""availability"": ""scheduled"", ""closure_rules"": [], ""assumption_reason"": null}",parsed,operating-hours-1.2.0,"2026-02-25 07:31:11+00","2026-08-09 02:40:01.200497+00","2026-08-08 05:25:57.108297+00","2026-08-09 02:40:01.200497+00",success,,t,,,ff209a47-72a7-46d0-b190-0a427a9afb0a,"2026-07-23 17:11:41.225101+00","2026-08-09 02:40:01.65672+00",,,,,,,,,,,
134752,39,미진,"서울특별시 종로구 종로 19 (종로1가)",37.5708982096,126.9799374337,11,110,FD,FD01,FD010100,"10:30~21:00 (마지막 주문 20:30)",연중무휴,"{""rules"": [{""months"": null, ""weekdays"": null, ""source_text"": ""10:30~21:00 (마지막 주문 20:30)"", ""time_ranges"": [{""end"": ""21:00"", ""start"": ""10:30"", ""crosses_midnight"": false}], ""last_admission"": null}], ""warnings"": [], ""availability"": ""scheduled"", ""closure_rules"": [], ""assumption_reason"": null}",parsed,operating-hours-1.2.0,"2025-04-09 00:42:28+00","2026-08-09 02:40:01.200497+00","2026-08-08 05:25:57.108297+00","2026-08-09 02:40:01.200497+00",success,,t,,,ff209a47-72a7-46d0-b190-0a427a9afb0a,"2026-07-23 17:11:40.882874+00","2026-08-09 02:40:01.65672+00",가능,,,,http://tong.visitkorea.or.kr/cms/resource/45/3083645_image2_1.jpg,http://tong.visitkorea.or.kr/cms/resource/45/3083645_image3_1.jpg,,,,,
135103,39,풍류사랑,"서울특별시 종로구 인사동8길 12-7",37.5738378393822,126.986198264096,11,110,FD,FD01,FD010100,16:30~21:00,"매주 토요일~일요일","{""rules"": [{""months"": null, ""weekdays"": null, ""source_text"": ""16:30~21:00"", ""time_ranges"": [{""end"": ""21:00"", ""start"": ""16:30"", ""crosses_midnight"": false}], ""last_admission"": null}], ""warnings"": [], ""availability"": ""scheduled"", ""closure_rules"": [{""weekdays"": [5, 6], ""source_text"": ""매주 토요일~일요일""}], ""assumption_reason"": null}",parsed,operating-hours-1.2.0,"2026-02-26 08:54:44+00","2026-08-09 02:40:01.200497+00","2026-08-08 05:25:57.108297+00","2026-08-09 02:40:01.200497+00",success,,t,,,ff209a47-72a7-46d0-b190-0a427a9afb0a,"2026-07-23 17:11:41.371579+00","2026-08-09 02:40:01.65672+00",,,,,https://tong.visitkorea.or.kr/cms/resource/43/1353643_image2_1.jpg,https://tong.visitkorea.or.kr/cms/resource/43/1353643_image3_1.jpg,,,,,
135747,39,"채식요리전문점 오세계향","서울특별시 종로구 인사동12길 14-5 (관훈동)",37.5746800002982,126.9852667001,11,110,FD,FD02,FD020500,"- 11:30~21:00- 점심 마지막 주문 15:00- 준비시간 16:00~17:00- 저녁 마지막 주문 20:00","매주 목요일 / 설·추석 연휴","{""rules"": [{""months"": null, ""weekdays"": null, ""source_text"": ""- 11:30~21:00- 점심 마지막 주문 15:00- 준비시간 16:00~17:00- 저녁 마지막 주문 20:00"", ""time_ranges"": [{""end"": ""21:00"", ""start"": ""11:30"", ""crosses_midnight"": false}, {""end"": ""17:00"", ""start"": ""16:00"", ""crosses_midnight"": false}], ""last_admission"": null}], ""warnings"": [], ""availability"": ""scheduled"", ""closure_rules"": [{""weekdays"": [3], ""source_text"": ""매주 목요일 / 설·추석 연휴""}], ""assumption_reason"": null}",parsed,operating-hours-1.2.0,"2026-02-10 23:10:09+00","2026-08-09 02:40:01.200497+00","2026-08-08 05:25:57.108297+00","2026-08-09 02:40:01.200497+00",success,,t,,,ff209a47-72a7-46d0-b190-0a427a9afb0a,"2026-07-23 17:11:41.296349+00","2026-08-09 02:40:01.65672+00",,,,,,,,,,,
1364932,12,"세종대왕 동상","서울특별시 종로구 세종로 1-68",37.5729534722,126.9769154284,11,110,VE,VE01,VE010500,"상시 개방",연중무휴,"{""rules"": [], ""warnings"": [], ""availability"": ""all_day"", ""closure_rules"": [], ""assumption_reason"": ""always_open_text""}",parsed,operating-hours-1.2.0,"2025-12-31 00:14:46+00","2026-08-09 02:40:01.200497+00","2026-08-08 05:25:57.108297+00","2026-08-09 02:40:01.200497+00",success,,t,,,ff209a47-72a7-46d0-b190-0a427a9afb0a,"2026-07-23 17:11:40.955853+00","2026-08-09 02:40:01.65672+00",불가능,,,,http://tong.visitkorea.or.kr/cms/resource/38/3590038_image2_1.jpg,http://tong.visitkorea.or.kr/cms/resource/38/3590038_image3_1.jpg,,,,,
1364975,12,"충무공 이순신 동상","서울특별시 종로구 세종로 1-68",37.571053693,126.9769154822,11,110,VE,VE01,VE010500,"상시 개방",연중무휴,"{""rules"": [], ""warnings"": [], ""availability"": ""all_day"", ""closure_rules"": [], ""assumption_reason"": ""always_open_text""}",parsed,operating-hours-1.2.0,"2025-12-31 00:22:35+00","2026-08-09 02:40:01.200497+00","2026-08-08 05:25:57.108297+00","2026-08-09 02:40:01.200497+00",success,,t,,,ff209a47-72a7-46d0-b190-0a427a9afb0a,"2026-07-23 17:11:41.371579+00","2026-08-09 02:40:01.65672+00",불가능,,,,http://tong.visitkorea.or.kr/cms/resource/45/3590045_image2_1.jpg,http://tong.visitkorea.or.kr/cms/resource/45/3590045_image3_1.jpg,,,,,
1367251,12,부암동,"서울특별시 종로구 창의문로 145",37.5924870824,126.9640854894,11,110,VE,VE04,VE040200,"상시 개방",연중무휴,"{""rules"": [], ""warnings"": [], ""availability"": ""all_day"", ""closure_rules"": [], ""assumption_reason"": ""always_open_text""}",parsed,operating-hours-1.2.0,"2025-12-04 04:41:24+00","2026-08-09 02:40:01.200497+00","2026-08-08 05:25:57.108297+00","2026-08-09 02:40:01.200497+00",success,,t,,,ff209a47-72a7-46d0-b190-0a427a9afb0a,"2026-07-23 17:11:40.882874+00","2026-08-09 02:40:01.65672+00",불가능,,,,http://tong.visitkorea.or.kr/cms/resource/19/3109519_image2_1.JPG,http://tong.visitkorea.or.kr/cms/resource/19/3109519_image3_1.JPG,,,,,
1380688,14,대학로예술극장,"서울특별시 종로구 대학로10길 17 (동숭동)",37.5820038167,127.0031297122,11,110,VE,VE06,VE060100,"공연마다 상이하므로 홈페이지 참조","공연마다 상이하므로 홈페이지 참조","{""rules"": [], ""warnings"": [""운영시간을 구조화하지 못했습니다.""], ""availability"": ""unknown"", ""closure_rules"": [], ""assumption_reason"": null}",partial,operating-hours-1.2.0,"2026-08-03 04:38:51+00","2026-08-09 02:40:01.200497+00","2026-08-08 05:25:57.108297+00","2026-08-09 02:40:01.200497+00",success,,t,,,ff209a47-72a7-46d0-b190-0a427a9afb0a,"2026-07-23 17:11:40.808988+00","2026-08-09 02:40:01.65672+00",,,"공연마다 상이하므로 홈페이지 참조",,,,,,,,
1386291,39,친니,"서울특별시 종로구 세종대로 175 (세종로) 세종문화회관 지하 1층",37.5718478584908,126.976168275947,11,110,FD,FD02,FD020100,"- 11:30~21:30- 준비 시간 15:00~17:00- 마지막 주문 20:30",연중무휴,"{""rules"": [{""months"": null, ""weekdays"": null, ""source_text"": ""- 11:30~21:30- 준비 시간 15:00~17:00- 마지막 주문 20:30"", ""time_ranges"": [{""end"": ""21:30"", ""start"": ""11:30"", ""crosses_midnight"": false}, {""end"": ""17:00"", ""start"": ""15:00"", ""crosses_midnight"": false}], ""last_admission"": null}], ""warnings"": [], ""availability"": ""scheduled"", ""closure_rules"": [], ""assumption_reason"": null}",parsed,operating-hours-1.2.0,"2026-03-13 07:27:44+00","2026-08-09 02:40:01.200497+00","2026-08-08 05:25:57.108297+00","2026-08-09 02:40:01.200497+00",success,,t,,,ff209a47-72a7-46d0-b190-0a427a9afb0a,"2026-07-23 17:11:41.371579+00","2026-08-09 02:40:01.65672+00","가능최초 2시간 4,000원 이후 5분당 추가요금 430원 발생",,,,https://tong.visitkorea.or.kr/cms/resource/11/3578411_image2_1.jpg,https://tong.visitkorea.or.kr/cms/resource/11/3578411_image3_1.jpg,,,,,
1394252,39,"인사동 촌","서울특별시 종로구 인사동14길 19 (관훈동)",37.574991347001,126.985117571103,11,110,FD,FD01,FD010100,"- 11:30~21:00- 준비시간 15:00~17:00- 마지막 주문 20:00",연중무휴,"{""rules"": [{""months"": null, ""weekdays"": null, ""source_text"": ""- 11:30~21:00- 준비시간 15:00~17:00- 마지막 주문 20:00"", ""time_ranges"": [{""end"": ""21:00"", ""start"": ""11:30"", ""crosses_midnight"": false}, {""end"": ""17:00"", ""start"": ""15:00"", ""crosses_midnight"": false}], ""last_admission"": null}], ""warnings"": [], ""availability"": ""scheduled"", ""closure_rules"": [], ""assumption_reason"": null}",parsed,operating-hours-1.2.0,"2026-03-13 07:28:41+00","2026-08-09 02:40:01.200497+00","2026-08-08 05:25:57.108297+00","2026-08-09 02:40:01.200497+00",success,,t,,,ff209a47-72a7-46d0-b190-0a427a9afb0a,"2026-07-23 17:11:41.225101+00","2026-08-09 02:40:01.65672+00",불가능,,,,https://tong.visitkorea.or.kr/cms/resource/75/4002875_image2_1.jpg,https://tong.visitkorea.or.kr/cms/resource/75/4002875_image3_1.jpg,,,,,
141661,15,"수문장 교대의식","서울특별시 종로구 사직로 161 (세종로)",37.5801313447,126.9767073438,11,110,EV,EV02,EV020100,"수문장 교대의식 10시, 14시 광화문 파수의식 11시, 13시 수문군 공개훈련 9시35분, 13시 35분",,"{""rules"": [], ""warnings"": [""운영시간을 구조화하지 못했습니다.""], ""availability"": ""unknown"", ""closure_rules"": [], ""assumption_reason"": null}",partial,operating-hours-1.2.0,"2026-08-04 00:52:15+00","2026-08-09 02:40:01.200497+00","2026-08-08 05:25:57.108297+00","2026-08-09 02:40:01.200497+00",success,,t,,,ff209a47-72a7-46d0-b190-0a427a9afb0a,"2026-08-08 05:25:58.291531+00","2026-08-09 02:40:01.65672+00",,,무료,,https://tong.visitkorea.or.kr/cms/resource/87/3112987_image2_1.png,https://tong.visitkorea.or.kr/cms/resource/87/3112987_image3_1.png,,,,,
141759,15,종묘대제,"서울특별시 종로구 종로 157 종묘",37.5742351620923,126.994430782881,11,110,EV,EV01,EV010400,10:00~17:30,,"{""rules"": [{""months"": null, ""weekdays"": null, ""source_text"": ""10:00~17:30"", ""time_ranges"": [{""end"": ""17:30"", ""start"": ""10:00"", ""crosses_midnight"": false}], ""last_admission"": null}], ""warnings"": [], ""availability"": ""scheduled"", ""closure_rules"": [], ""assumption_reason"": null}",parsed,operating-hours-1.2.0,"2026-04-24 00:16:26+00","2026-08-09 02:40:01.200497+00","2026-08-08 05:25:57.108297+00","2026-08-09 02:40:01.200497+00",success,,t,,,ff209a47-72a7-46d0-b190-0a427a9afb0a,"2026-07-23 17:11:41.296349+00","2026-08-09 02:40:01.65672+00",,,무료,,https://tong.visitkorea.or.kr/cms/resource/58/4057758_image2_1.jpg,https://tong.visitkorea.or.kr/cms/resource/58/4057758_image3_1.jpg,,,,,
1494435,39,종로할머니칼국수,"서울특별시 종로구 돈화문로11다길 14-2",37.5727963834194,126.990825620143,11,110,FD,FD01,FD010100,"11:00~20:00※ 재료 소진 시 조기 마감",연중무휴,"{""rules"": [{""months"": null, ""weekdays"": null, ""source_text"": ""11:00~20:00※ 재료 소진 시 조기 마감"", ""time_ranges"": [{""end"": ""20:00"", ""start"": ""11:00"", ""crosses_midnight"": false}], ""last_admission"": null}], ""warnings"": [], ""availability"": ""scheduled"", ""closure_rules"": [], ""assumption_reason"": null}",parsed,operating-hours-1.2.0,"2026-02-20 00:49:35+00","2026-08-09 02:40:01.200497+00","2026-08-08 05:25:57.108297+00","2026-08-09 02:40:01.200497+00",success,,t,,,ff209a47-72a7-46d0-b190-0a427a9afb0a,"2026-07-23 17:11:41.296349+00","2026-08-09 02:40:01.65672+00",불가능,,,,,,,,,,
1539730,15,"2026 이럴때이런음악 해설이 있는 청소년음악회","서울특별시 종로구 세종대로 175 (세종로)",37.5718478585,126.9761682759,11,110,EV,EV02,EV020600,19:30~21:30,,"{""rules"": [{""months"": null, ""weekdays"": null, ""source_text"": ""19:30~21:30"", ""time_ranges"": [{""end"": ""21:30"", ""start"": ""19:30"", ""crosses_midnight"": false}], ""last_admission"": null}], ""warnings"": [], ""availability"": ""scheduled"", ""closure_rules"": [], ""assumption_reason"": null}",parsed,operating-hours-1.2.0,"2026-07-21 05:36:45+00","2026-08-09 02:40:01.200497+00","2026-08-08 05:25:57.108297+00","2026-08-09 02:40:01.200497+00",success,,t,,,ff209a47-72a7-46d0-b190-0a427a9afb0a,"2026-07-23 17:11:41.44801+00","2026-08-09 02:40:01.65672+00",,,"- R석 30,000원- S석 20,000원",,https://tong.visitkorea.or.kr/cms/resource/87/4090187_image2_1.jpg,https://tong.visitkorea.or.kr/cms/resource/87/4090187_image3_1.jpg,,,,,
1590323,38,통인시장,"서울특별시 종로구 자하문로15길 18 (통인동)",37.5807670044059,126.969947621917,11,110,SH,SH06,SH060200,"[통인시장 점포]07:00~21:00[도시락카페]11:00~15:00","점포 별로 상이함","{""rules"": [{""months"": null, ""weekdays"": null, ""source_text"": ""07:00~21:00"", ""time_ranges"": [{""end"": ""21:00"", ""start"": ""07:00"", ""crosses_midnight"": false}], ""last_admission"": null}, {""months"": null, ""weekdays"": null, ""source_text"": ""11:00~15:00"", ""time_ranges"": [{""end"": ""15:00"", ""start"": ""11:00"", ""crosses_midnight"": false}], ""last_admission"": null}], ""warnings"": [""휴무 문구의 일부 예외를 구조화하지 못했습니다.""], ""availability"": ""scheduled"", ""closure_rules"": [], ""assumption_reason"": null}",partial,operating-hours-1.2.0,"2026-03-09 00:36:31+00","2026-08-09 02:40:01.200497+00","2026-08-08 05:25:57.108297+00","2026-08-09 02:40:01.200497+00",success,,t,,,ff209a47-72a7-46d0-b190-0a427a9afb0a,"2026-07-23 17:11:41.371579+00","2026-08-09 02:40:01.65672+00",가능,,,,https://tong.visitkorea.or.kr/cms/resource/39/3300739_image2_1.jpg,https://tong.visitkorea.or.kr/cms/resource/39/3300739_image3_1.jpg,,,,,
1603543,12,무궁화동산,"서울특별시 종로구 궁정동 55-5",37.5843076223,126.9721572068,11,110,VE,VE03,VE030100,"상시 개방",연중무휴,"{""rules"": [], ""warnings"": [], ""availability"": ""all_day"", ""closure_rules"": [], ""assumption_reason"": ""always_open_text""}",parsed,operating-hours-1.2.0,"2025-11-03 06:28:56+00","2026-08-09 02:40:01.200497+00","2026-08-08 05:25:57.108297+00","2026-08-09 02:40:01.200497+00",success,,t,,,ff209a47-72a7-46d0-b190-0a427a9afb0a,"2026-07-23 17:11:40.882874+00","2026-08-09 02:40:01.65672+00",불가능,,,,http://tong.visitkorea.or.kr/cms/resource/24/3399924_image2_1.JPG,http://tong.visitkorea.or.kr/cms/resource/24/3399924_image3_1.JPG,,,,,
1603677,12,동십자각,"서울특별시 종로구 삼청로 1",37.5760791102,126.9794210836,11,110,HS,HS01,HS010200,"상시 개방",연중무휴,"{""rules"": [], ""warnings"": [], ""availability"": ""all_day"", ""closure_rules"": [], ""assumption_reason"": ""always_open_text""}",parsed,operating-hours-1.2.0,"2026-07-27 04:41:17+00","2026-08-09 02:40:01.200497+00","2026-08-08 05:25:57.108297+00","2026-08-09 02:40:01.200497+00",success,,t,,,ff209a47-72a7-46d0-b190-0a427a9afb0a,"2026-07-23 17:11:40.808988+00","2026-08-09 02:40:01.65672+00",불가능,,,,https://tong.visitkorea.or.kr/cms/resource/91/4092691_image2_1.jpg,https://tong.visitkorea.or.kr/cms/resource/91/4092691_image3_1.jpg,,,,,
1604450,12,황학정,"서울특별시 종로구 사직로9길 15-32 (사직동)",37.5771000006,126.9651024987,11,110,HS,HS01,HS010100,10:00~17:00,"매주 월요일 / 1월 1일 / 설·추석 당일","{""rules"": [{""months"": null, ""weekdays"": null, ""source_text"": ""10:00~17:00"", ""time_ranges"": [{""end"": ""17:00"", ""start"": ""10:00"", ""crosses_midnight"": false}], ""last_admission"": null}], ""warnings"": [], ""availability"": ""scheduled"", ""closure_rules"": [{""weekdays"": [0], ""source_text"": ""매주 월요일 / 1월 1일 / 설·추석 당일""}], ""assumption_reason"": null}",parsed,operating-hours-1.2.0,"2025-07-24 05:41:00+00","2026-08-09 02:40:01.200497+00","2026-08-08 05:25:57.108297+00","2026-08-09 02:40:01.200497+00",success,,t,,,ff209a47-72a7-46d0-b190-0a427a9afb0a,"2026-07-23 17:11:41.44801+00","2026-08-09 02:40:01.65672+00",가능,,,,http://tong.visitkorea.or.kr/cms/resource/31/3350631_image2_1.jpg,http://tong.visitkorea.or.kr/cms/resource/31/3350631_image3_1.jpg,,,,,
1604652,12,건청궁,"서울특별시 종로구 사직로 161 (세종로)",37.5760836609,126.9767375783,11,110,HS,HS01,HS011200,"[1월~2월] 09:00~17:00 (입장마감 16:00)<br>
[3월~5월] 09:00~18:00 (입장마감 17:00)<br>
[6월~8월] 09:00~18:30 (입장마감 17:30)<br>
[9월~10월] 09:00~18:00 (입장마감 17:00)<br>
[11월~12월] 09:00~17:00 (입장마감 16:00)","매주 화요일<br>※ 단, 정기휴일이 공휴일 및 대체공휴일과 겹칠 경우에는 개방하며, 그 다음의 첫 번째 비공휴일이 정기휴일임","{""rules"": [{""months"": [1, 2], ""weekdays"": null, ""source_text"": "" 09:00~17:00 (입장마감 16:00)"", ""time_ranges"": [{""end"": ""17:00"", ""start"": ""09:00"", ""crosses_midnight"": false}], ""last_admission"": ""16:00""}, {""months"": [3, 4, 5], ""weekdays"": null, ""source_text"": "" 09:00~18:00 (입장마감 17:00)"", ""time_ranges"": [{""end"": ""18:00"", ""start"": ""09:00"", ""crosses_midnight"": false}], ""last_admission"": ""17:00""}, {""months"": [6, 7, 8], ""weekdays"": null, ""source_text"": "" 09:00~18:30 (입장마감 17:30)"", ""time_ranges"": [{""end"": ""18:30"", ""start"": ""09:00"", ""crosses_midnight"": false}], ""last_admission"": ""17:30""}, {""months"": [9, 10], ""weekdays"": null, ""source_text"": "" 09:00~18:00 (입장마감 17:00)"", ""time_ranges"": [{""end"": ""18:00"", ""start"": ""09:00"", ""crosses_midnight"": false}], ""last_admission"": ""17:00""}, {""months"": [11, 12], ""weekdays"": null, ""source_text"": "" 09:00~17:00 (입장마감 16:00)"", ""time_ranges"": [{""end"": ""17:00"", ""start"": ""09:00"", ""crosses_midnight"": false}], ""last_admission"": ""16:00""}], ""warnings"": [""휴무 문구의 일부 예외를 구조화하지 못했습니다.""], ""availability"": ""scheduled"", ""closure_rules"": [{""weekdays"": [1], ""source_text"": ""매주 화요일""}], ""assumption_reason"": null}",partial,operating-hours-1.2.0,"2025-03-13 06:55:16+00","2026-08-09 02:40:01.200497+00","2026-08-08 05:25:57.108297+00","2026-08-09 02:40:01.200497+00",success,,t,,,ff209a47-72a7-46d0-b190-0a427a9afb0a,"2026-07-23 17:11:40.721834+00","2026-08-09 02:40:01.65672+00","가능 (버스 50대 / 승용차 240대)",,,,http://tong.visitkorea.or.kr/cms/resource/10/2527110_image2_1.jpg,http://tong.visitkorea.or.kr/cms/resource/10/2527110_image3_1.jpg,,,,,
1604697,12,세종로공원,"서울특별시 종로구 세종대로 지하189 (세종로)",37.5734839492,126.9759766097,11,110,VE,VE03,VE030100,"상시 개방",연중무휴,"{""rules"": [], ""warnings"": [], ""availability"": ""all_day"", ""closure_rules"": [], ""assumption_reason"": ""always_open_text""}",parsed,operating-hours-1.2.0,"2025-11-03 06:17:07+00","2026-08-09 02:40:01.200497+00","2026-08-08 05:25:57.108297+00","2026-08-09 02:40:01.200497+00",success,,t,,,ff209a47-72a7-46d0-b190-0a427a9afb0a,"2026-07-23 17:11:40.955853+00","2026-08-09 02:40:01.65672+00",가능,,,,http://tong.visitkorea.or.kr/cms/resource/51/3412051_image2_1.JPG,http://tong.visitkorea.or.kr/cms/resource/51/3412051_image3_1.JPG,,,,,
1604733,12,숭인근린공원,"서울특별시 종로구 숭인동 58-70",37.5772537086,127.0179143478,11,110,VE,VE03,VE030400,"상시 개방",연중무휴,"{""rules"": [], ""warnings"": [], ""availability"": ""all_day"", ""closure_rules"": [], ""assumption_reason"": ""always_open_text""}",parsed,operating-hours-1.2.0,"2025-03-14 01:05:25+00","2026-08-09 02:40:01.200497+00","2026-08-08 05:25:57.108297+00","2026-08-09 02:40:01.200497+00",success,,t,,,ff209a47-72a7-46d0-b190-0a427a9afb0a,"2026-07-23 17:11:41.150397+00","2026-08-09 02:40:01.65672+00",불가능,,,,http://tong.visitkorea.or.kr/cms/resource/45/3384845_image2_1.JPG,http://tong.visitkorea.or.kr/cms/resource/45/3384845_image3_1.JPG,,,,,
1604784,12,"경희궁 흥화문","서울특별시 종로구 새문안로 55 (신문로2가)",37.5698981615,126.9707771853,11,110,HS,HS01,HS010300,"09:00~18:00 (입장마감 17:30)","매주 월요일 / 1월 1일","{""rules"": [{""months"": null, ""weekdays"": null, ""source_text"": ""09:00~18:00 (입장마감 17:30)"", ""time_ranges"": [{""end"": ""18:00"", ""start"": ""09:00"", ""crosses_midnight"": false}], ""last_admission"": ""17:30""}], ""warnings"": [], ""availability"": ""scheduled"", ""closure_rules"": [{""weekdays"": [0], ""source_text"": ""매주 월요일 / 1월 1일""}], ""assumption_reason"": null}",parsed,operating-hours-1.2.0,"2025-03-13 04:40:49+00","2026-08-09 02:40:01.200497+00","2026-08-08 05:25:57.108297+00","2026-08-09 02:40:01.200497+00",success,,t,,,ff209a47-72a7-46d0-b190-0a427a9afb0a,"2026-07-23 17:11:40.721834+00","2026-08-09 02:40:01.65672+00",가능,,,,http://tong.visitkorea.or.kr/cms/resource/55/3384855_image2_1.JPG,http://tong.visitkorea.or.kr/cms/resource/55/3384855_image3_1.JPG,,,,,
1604824,12,경희궁공원,"서울특별시 종로구 새문안로 55 (신문로2가)",37.5698981615,126.9707771853,11,110,VE,VE03,VE030500,"09:00~18:00 (입장 마감 17:30)","매주 월요일 / 1월 1일","{""rules"": [{""months"": null, ""weekdays"": null, ""source_text"": ""09:00~18:00 (입장 마감 17:30)"", ""time_ranges"": [{""end"": ""18:00"", ""start"": ""09:00"", ""crosses_midnight"": false}], ""last_admission"": ""17:30""}], ""warnings"": [], ""availability"": ""scheduled"", ""closure_rules"": [{""weekdays"": [0], ""source_text"": ""매주 월요일 / 1월 1일""}], ""assumption_reason"": null}",parsed,operating-hours-1.2.0,"2025-09-09 08:31:00+00","2026-08-09 02:40:01.200497+00","2026-08-08 05:25:57.108297+00","2026-08-09 02:40:01.200497+00",success,,t,,,ff209a47-72a7-46d0-b190-0a427a9afb0a,"2026-07-23 17:11:40.721834+00","2026-08-09 02:40:01.65672+00",가능,,,,http://tong.visitkorea.or.kr/cms/resource/98/3531398_image2_1.jpg,http://tong.visitkorea.or.kr/cms/resource/98/3531398_image3_1.jpg,,,,,
1604941,12,"창덕궁 낙선재","서울특별시 종로구 율곡로 99 (와룡동)",37.5777031595,126.9902446339,11,110,HS,HS01,HS010100,"[2월~5월] 09:00~18:00 (입장마감 17:00)<br>
[6월~8월] 09:00~18:30 (입장마감 17:30)<br>
[9월~10월] 09:00~18:00 (입장마감 17:00)<br>
[11월~1월] 09:00~17:30 (입장마감 16:30)","매주 월요일<br>※ 단, 정기휴일이 공휴일 및 대체공휴일과 겹칠 경우에는 개방하며, 그 다음의 첫 번째 비공휴일이 정기휴일임","{""rules"": [{""months"": [2, 3, 4, 5], ""weekdays"": null, ""source_text"": "" 09:00~18:00 (입장마감 17:00)"", ""time_ranges"": [{""end"": ""18:00"", ""start"": ""09:00"", ""crosses_midnight"": false}], ""last_admission"": ""17:00""}, {""months"": [6, 7, 8], ""weekdays"": null, ""source_text"": "" 09:00~18:30 (입장마감 17:30)"", ""time_ranges"": [{""end"": ""18:30"", ""start"": ""09:00"", ""crosses_midnight"": false}], ""last_admission"": ""17:30""}, {""months"": [9, 10], ""weekdays"": null, ""source_text"": "" 09:00~18:00 (입장마감 17:00)"", ""time_ranges"": [{""end"": ""18:00"", ""start"": ""09:00"", ""crosses_midnight"": false}], ""last_admission"": ""17:00""}, {""months"": [1, 11, 12], ""weekdays"": null, ""source_text"": "" 09:00~17:30 (입장마감 16:30)"", ""time_ranges"": [{""end"": ""17:30"", ""start"": ""09:00"", ""crosses_midnight"": false}], ""last_admission"": ""16:30""}], ""warnings"": [""휴무 문구의 일부 예외를 구조화하지 못했습니다.""], ""availability"": ""scheduled"", ""closure_rules"": [{""weekdays"": [0], ""source_text"": ""매주 월요일""}], ""assumption_reason"": null}",partial,operating-hours-1.2.0,"2025-07-30 07:48:18+00","2026-08-09 02:40:01.200497+00","2026-08-08 05:25:57.108297+00","2026-08-09 02:40:01.200497+00",success,,t,,,ff209a47-72a7-46d0-b190-0a427a9afb0a,"2026-07-23 17:11:41.296349+00","2026-08-09 02:40:01.65672+00",불가능,,,,,,,,,,
1604953,12,"창덕궁 인정문","서울특별시 종로구 율곡로 99",37.5787974932,126.9911806294,11,110,HS,HS01,HS010300,"[2월~5월] 09:00~18:00 (입장마감 17:00)<br>
[6월~8월] 09:00~18:30 (입장마감 17:30)<br>
[9월~10월] 09:00~18:00 (입장마감 17:00)<br>
[11월~1월] 09:00~17:30 (입장마감 16:30)","매주 월요일<br>※ 단, 정기휴일이 공휴일 및 대체공휴일과 겹칠 경우에는 개방하며, 그 다음의 첫 번째 비공휴일이 정기휴일","{""rules"": [{""months"": [2, 3, 4, 5], ""weekdays"": null, ""source_text"": "" 09:00~18:00 (입장마감 17:00)"", ""time_ranges"": [{""end"": ""18:00"", ""start"": ""09:00"", ""crosses_midnight"": false}], ""last_admission"": ""17:00""}, {""months"": [6, 7, 8], ""weekdays"": null, ""source_text"": "" 09:00~18:30 (입장마감 17:30)"", ""time_ranges"": [{""end"": ""18:30"", ""start"": ""09:00"", ""crosses_midnight"": false}], ""last_admission"": ""17:30""}, {""months"": [9, 10], ""weekdays"": null, ""source_text"": "" 09:00~18:00 (입장마감 17:00)"", ""time_ranges"": [{""end"": ""18:00"", ""start"": ""09:00"", ""crosses_midnight"": false}], ""last_admission"": ""17:00""}, {""months"": [1, 11, 12], ""weekdays"": null, ""source_text"": "" 09:00~17:30 (입장마감 16:30)"", ""time_ranges"": [{""end"": ""17:30"", ""start"": ""09:00"", ""crosses_midnight"": false}], ""last_admission"": ""16:30""}], ""warnings"": [""휴무 문구의 일부 예외를 구조화하지 못했습니다.""], ""availability"": ""scheduled"", ""closure_rules"": [{""weekdays"": [0], ""source_text"": ""매주 월요일""}], ""assumption_reason"": null}",partial,operating-hours-1.2.0,"2025-03-13 04:55:13+00","2026-08-09 02:40:01.200497+00","2026-08-08 05:25:57.108297+00","2026-08-09 02:40:01.200497+00",success,,t,,,ff209a47-72a7-46d0-b190-0a427a9afb0a,"2026-07-23 17:11:41.296349+00","2026-08-09 02:40:01.65672+00",불가능,,,,http://tong.visitkorea.or.kr/cms/resource/78/3384878_image2_1.JPG,http://tong.visitkorea.or.kr/cms/resource/78/3384878_image3_1.JPG,,,,,
1605009,12,"창경궁 홍화문","서울특별시 종로구 창경궁로 185 (와룡동)",37.5789336838,126.9964634775,11,110,HS,HS01,HS010300,"09:00~21:00 (입장마감 20:00)","매주 월요일<br>※ 단, 정기휴일이 공휴일 및 대체공휴일과 겹칠 경우에는 개방하며, 그 다음의 첫 번째 비공휴일이 정기휴일임","{""rules"": [{""months"": null, ""weekdays"": null, ""source_text"": ""09:00~21:00 (입장마감 20:00)"", ""time_ranges"": [{""end"": ""21:00"", ""start"": ""09:00"", ""crosses_midnight"": false}], ""last_admission"": ""20:00""}], ""warnings"": [""휴무 문구의 일부 예외를 구조화하지 못했습니다.""], ""availability"": ""scheduled"", ""closure_rules"": [{""weekdays"": [0], ""source_text"": ""매주 월요일""}], ""assumption_reason"": null}",partial,operating-hours-1.2.0,"2025-03-13 05:05:49+00","2026-08-09 02:40:01.200497+00","2026-08-08 05:25:57.108297+00","2026-08-09 02:40:01.200497+00",success,,t,,,ff209a47-72a7-46d0-b190-0a427a9afb0a,"2026-07-23 17:11:41.296349+00","2026-08-09 02:40:01.65672+00","가능 (22대)",,,,http://tong.visitkorea.or.kr/cms/resource/96/3384896_image2_1.JPG,http://tong.visitkorea.or.kr/cms/resource/96/3384896_image3_1.JPG,,,,,
1605036,12,"창경궁 대온실","서울특별시 종로구 창경궁로 185 (와룡동)",37.5788809215874,126.996448835547,11,110,NA,NA04,NA040700,"09:00~20:45※ 12월~2월에는 18:00부터 대온실 내부 비개방함","매주 월요일","{""rules"": [{""months"": [1, 2, 12], ""weekdays"": null, ""source_text"": ""09:00~20:45※ 12월~2월에는 18:00부터 대온실 내부 비개방함"", ""time_ranges"": [{""end"": ""20:45"", ""start"": ""09:00"", ""crosses_midnight"": false}], ""last_admission"": null}], ""warnings"": [], ""availability"": ""scheduled"", ""closure_rules"": [{""weekdays"": [0], ""source_text"": ""매주 월요일""}], ""assumption_reason"": null}",parsed,operating-hours-1.2.0,"2026-03-05 00:58:51+00","2026-08-09 02:40:01.200497+00","2026-08-08 05:25:57.108297+00","2026-08-09 02:40:01.200497+00",success,,t,,,ff209a47-72a7-46d0-b190-0a427a9afb0a,"2026-07-23 17:11:41.296349+00","2026-08-09 02:40:01.65672+00",가능,,,,https://tong.visitkorea.or.kr/cms/resource/64/3481964_image2_1.jpg,https://tong.visitkorea.or.kr/cms/resource/64/3481964_image3_1.jpg,,,,,
1605908,12,"창덕궁 향나무","서울특별시 종로구 율곡로 99 (와룡동)",37.5792316848544,126.989447793014,11,110,NA,NA03,NA030200,"[11월~1월] 09:00~17:30[2월~5월, 9월~10월] 09:00~18:00[6월~8월] 09:00~18:30","매주 월요일※ 자세한 사항은 전화문의 요망","{""rules"": [{""months"": [1, 11, 12], ""weekdays"": null, ""source_text"": "" 09:00~17:30"", ""time_ranges"": [{""end"": ""17:30"", ""start"": ""09:00"", ""crosses_midnight"": false}], ""last_admission"": null}, {""months"": [1, 11, 12], ""weekdays"": null, ""source_text"": "" 09:00~18:00"", ""time_ranges"": [{""end"": ""18:00"", ""start"": ""09:00"", ""crosses_midnight"": false}], ""last_admission"": null}, {""months"": [1, 11, 12], ""weekdays"": null, ""source_text"": "" 09:00~18:30"", ""time_ranges"": [{""end"": ""18:30"", ""start"": ""09:00"", ""crosses_midnight"": false}], ""last_admission"": null}], ""warnings"": [""휴무 문구의 일부 예외를 구조화하지 못했습니다.""], ""availability"": ""scheduled"", ""closure_rules"": [{""weekdays"": [0], ""source_text"": ""매주 월요일※ 자세한 사항은 전화문의 요망""}], ""assumption_reason"": null}",partial,operating-hours-1.2.0,"2026-02-13 08:32:12+00","2026-08-09 02:40:01.200497+00","2026-08-08 05:25:57.108297+00","2026-08-09 02:40:01.200497+00",success,,t,,,ff209a47-72a7-46d0-b190-0a427a9afb0a,"2026-07-23 17:11:41.296349+00","2026-08-09 02:40:01.65672+00",가능,,,,https://tong.visitkorea.or.kr/cms/resource/47/2031847_image2_1.jpg,https://tong.visitkorea.or.kr/cms/resource/47/2031847_image3_1.jpg,,,,,
1605920,12,"창덕궁 다래나무","서울특별시 종로구 율곡로 99",37.5864530223838,126.989225386201,11,110,NA,NA03,NA030200,"[3월~5월]09:00~18:00[6월~8월]09:00~18:30[9월~10월]09:00~18:00[11월~2월]09:00~17:30※ 자세한 사항은 전화문의 요망","매주 월요일 (단, 공휴일이 월요일인 경우 그 다음날 휴무)","{""rules"": [{""months"": [3, 4, 5], ""weekdays"": null, ""source_text"": ""09:00~18:00"", ""time_ranges"": [{""end"": ""18:00"", ""start"": ""09:00"", ""crosses_midnight"": false}], ""last_admission"": null}, {""months"": [3, 4, 5], ""weekdays"": null, ""source_text"": ""09:00~18:30"", ""time_ranges"": [{""end"": ""18:30"", ""start"": ""09:00"", ""crosses_midnight"": false}], ""last_admission"": null}, {""months"": [3, 4, 5], ""weekdays"": null, ""source_text"": ""09:00~18:00"", ""time_ranges"": [{""end"": ""18:00"", ""start"": ""09:00"", ""crosses_midnight"": false}], ""last_admission"": null}, {""months"": [3, 4, 5], ""weekdays"": null, ""source_text"": ""09:00~17:30※ 자세한 사항은 전화문의 요망"", ""time_ranges"": [{""end"": ""17:30"", ""start"": ""09:00"", ""crosses_midnight"": false}], ""last_admission"": null}], ""warnings"": [""휴무 문구의 일부 예외를 구조화하지 못했습니다.""], ""availability"": ""scheduled"", ""closure_rules"": [{""weekdays"": [0], ""source_text"": ""매주 월요일 (단, 공휴일이 월요일인 경우 그 다음날 휴무)""}], ""assumption_reason"": null}",partial,operating-hours-1.2.0,"2026-02-10 23:10:09+00","2026-08-09 02:40:01.200497+00","2026-08-08 05:25:57.108297+00","2026-08-09 02:40:01.200497+00",success,,t,,,ff209a47-72a7-46d0-b190-0a427a9afb0a,"2026-07-23 17:11:41.296349+00","2026-08-09 02:40:01.65672+00",가능,,,,https://tong.visitkorea.or.kr/cms/resource/85/1568385_image2_1.jpg,https://tong.visitkorea.or.kr/cms/resource/85/1568385_image3_1.jpg,,,,,
1605927,12,현대원서공원,"서울특별시 종로구 창덕궁길 19 (원서동)",37.5782322345766,126.988558704164,11,110,VE,VE03,VE030100,"상시 개방",연중무휴,"{""rules"": [], ""warnings"": [], ""availability"": ""all_day"", ""closure_rules"": [], ""assumption_reason"": ""always_open_text""}",parsed,operating-hours-1.2.0,"2026-02-09 06:21:42+00","2026-08-09 02:40:01.200497+00","2026-08-08 05:25:57.108297+00","2026-08-09 02:40:01.200497+00",success,,t,,,ff209a47-72a7-46d0-b190-0a427a9afb0a,"2026-07-23 17:11:41.44801+00","2026-08-09 02:40:01.65672+00",가능,,,,https://tong.visitkorea.or.kr/cms/resource/09/3540909_image2_1.jpg,https://tong.visitkorea.or.kr/cms/resource/09/3540909_image3_1.jpg,,,,,
1605933,12,"탑골공원 팔각정","서울특별시 종로구 종로 99 (종로2가)",37.5705539611,126.9886227626,11,110,HS,HS01,HS011200,"- 3월~10월 09:00~18:00<br>
- 11월~2월 09:00~17:00",연중무휴,"{""rules"": [{""months"": [3, 4, 5, 6, 7, 8, 9, 10], ""weekdays"": null, ""source_text"": ""- 3월~10월 09:00~18:00"", ""time_ranges"": [{""end"": ""18:00"", ""start"": ""09:00"", ""crosses_midnight"": false}], ""last_admission"": null}, {""months"": [1, 2, 11, 12], ""weekdays"": null, ""source_text"": ""- 11월~2월 09:00~17:00"", ""time_ranges"": [{""end"": ""17:00"", ""start"": ""09:00"", ""crosses_midnight"": false}], ""last_admission"": null}], ""warnings"": [], ""availability"": ""scheduled"", ""closure_rules"": [], ""assumption_reason"": null}",parsed,operating-hours-1.2.0,"2025-08-12 00:55:28+00","2026-08-09 02:40:01.200497+00","2026-08-08 05:25:57.108297+00","2026-08-09 02:40:01.200497+00",success,,t,,,ff209a47-72a7-46d0-b190-0a427a9afb0a,"2026-07-23 17:11:41.371579+00","2026-08-09 02:40:01.65672+00",불가능,,,,http://tong.visitkorea.or.kr/cms/resource/19/3414019_image2_1.jpg,http://tong.visitkorea.or.kr/cms/resource/19/3414019_image3_1.jpg,,,,,
1605942,14,한벽원미술관,"서울특별시 종로구 삼청로 83 (팔판동)",37.5828831211,126.9815635232,11,110,VE,VE07,VE070600,10:00~18:00,"전시기간 외 휴관※ 전시기간에는 연중무휴이므로 자세한 사항은 홈페이지 참조 및 전화 문의 요망","{""rules"": [{""months"": null, ""weekdays"": null, ""source_text"": ""10:00~18:00"", ""time_ranges"": [{""end"": ""18:00"", ""start"": ""10:00"", ""crosses_midnight"": false}], ""last_admission"": null}], ""warnings"": [""휴무 문구의 일부 예외를 구조화하지 못했습니다.""], ""availability"": ""scheduled"", ""closure_rules"": [], ""assumption_reason"": null}",partial,operating-hours-1.2.0,"2026-08-03 04:23:29+00","2026-08-09 02:40:01.200497+00","2026-08-08 05:25:57.108297+00","2026-08-09 02:40:01.200497+00",success,,t,,,ff209a47-72a7-46d0-b190-0a427a9afb0a,"2026-07-23 17:11:41.371579+00","2026-08-09 02:40:01.65672+00",,,무료,,https://tong.visitkorea.or.kr/cms/resource/31/4095431_image2_1.jpg,https://tong.visitkorea.or.kr/cms/resource/31/4095431_image3_1.jpg,,,,,
1605948,12,"대원군별장(석파정)","서울특별시 종로구 창의문로11길 4-1 (부암동)",37.5948701151,126.96277443,11,110,HS,HS01,HS011200,"10:00~18:00 (입장마감 17:00)","매주 월요일~화요일","{""rules"": [{""months"": null, ""weekdays"": null, ""source_text"": ""10:00~18:00 (입장마감 17:00)"", ""time_ranges"": [{""end"": ""18:00"", ""start"": ""10:00"", ""crosses_midnight"": false}], ""last_admission"": ""17:00""}], ""warnings"": [], ""availability"": ""scheduled"", ""closure_rules"": [{""weekdays"": [0, 1], ""source_text"": ""매주 월요일~화요일""}], ""assumption_reason"": null}",parsed,operating-hours-1.2.0,"2025-12-03 00:22:40+00","2026-08-09 02:40:01.200497+00","2026-08-08 05:25:57.108297+00","2026-08-09 02:40:01.200497+00",success,,t,,,ff209a47-72a7-46d0-b190-0a427a9afb0a,"2026-07-23 17:11:40.808988+00","2026-08-09 02:40:01.65672+00",가능,,,,http://tong.visitkorea.or.kr/cms/resource/53/3572953_image2_1.jpg,http://tong.visitkorea.or.kr/cms/resource/53/3572953_image3_1.jpg,,,,,
1606042,12,"경희궁 숭정전","서울특별시 종로구 새문안로 45 (신문로2가) 192-5",37.5717690679936,126.96798487452,11,110,HS,HS01,HS010100,09:00~18:00,"매주 월요일","{""rules"": [{""months"": null, ""weekdays"": null, ""source_text"": ""09:00~18:00"", ""time_ranges"": [{""end"": ""18:00"", ""start"": ""09:00"", ""crosses_midnight"": false}], ""last_admission"": null}], ""warnings"": [], ""availability"": ""scheduled"", ""closure_rules"": [{""weekdays"": [0], ""source_text"": ""매주 월요일""}], ""assumption_reason"": null}",parsed,operating-hours-1.2.0,"2026-02-11 01:34:30+00","2026-08-09 02:40:01.200497+00","2026-08-08 05:25:57.108297+00","2026-08-09 02:40:01.200497+00",success,,t,,,ff209a47-72a7-46d0-b190-0a427a9afb0a,"2026-07-23 17:11:40.721834+00","2026-08-09 02:40:01.65672+00",가능,,,,https://tong.visitkorea.or.kr/cms/resource/95/1569195_image2_1.jpg,https://tong.visitkorea.or.kr/cms/resource/95/1569195_image3_1.jpg,,,,,
1717921,15,"D.FESTA 거리공연축제","서울특별시 종로구 대학로 104 (동숭동)",37.5805124610451,127.002374229345,11,110,EV,EV02,EV020900,14:00~20:00,,"{""rules"": [{""months"": null, ""weekdays"": null, ""source_text"": ""14:00~20:00"", ""time_ranges"": [{""end"": ""20:00"", ""start"": ""14:00"", ""crosses_midnight"": false}], ""last_admission"": null}], ""warnings"": [], ""availability"": ""scheduled"", ""closure_rules"": [], ""assumption_reason"": null}",parsed,operating-hours-1.2.0,"2026-05-13 23:27:38+00","2026-08-09 02:40:01.200497+00","2026-08-08 05:25:57.108297+00","2026-08-09 02:40:01.200497+00",success,,t,,,ff209a47-72a7-46d0-b190-0a427a9afb0a,"2026-07-23 17:11:41.44801+00","2026-08-09 02:40:01.65672+00",,,무료,,https://tong.visitkorea.or.kr/cms/resource/07/4064407_image2_1.jpg,https://tong.visitkorea.or.kr/cms/resource/07/4064407_image3_1.jpg,,,,,
1718910,14,"템플스테이 홍보관","서울특별시 종로구 우정국로 56 (견지동)",37.5739312489,126.9831814961,11,110,VE,VE07,VE070300,"- 평일 09:00~19:00<br>
- 주말 09:00~18:00",,"{""rules"": [{""months"": null, ""weekdays"": [0, 1, 2, 3, 4], ""source_text"": "" 09:00~19:00"", ""time_ranges"": [{""end"": ""19:00"", ""start"": ""09:00"", ""crosses_midnight"": false}], ""last_admission"": null}, {""months"": null, ""weekdays"": [5, 6], ""source_text"": "" 09:00~18:00"", ""time_ranges"": [{""end"": ""18:00"", ""start"": ""09:00"", ""crosses_midnight"": false}], ""last_admission"": null}], ""warnings"": [], ""availability"": ""scheduled"", ""closure_rules"": [], ""assumption_reason"": null}",parsed,operating-hours-1.2.0,"2025-07-22 01:51:01+00","2026-08-09 02:40:01.200497+00","2026-08-08 05:25:57.108297+00","2026-08-09 02:40:01.200497+00",success,,t,,,ff209a47-72a7-46d0-b190-0a427a9afb0a,"2026-07-23 17:11:41.371579+00","2026-08-09 02:40:01.65672+00",,,,,http://tong.visitkorea.or.kr/cms/resource/83/3050183_image2_1.JPG,http://tong.visitkorea.or.kr/cms/resource/83/3050183_image3_1.JPG,,,,,
1849416,14,대한민국역사박물관,"서울특별시 종로구 세종대로 198 (세종로)",37.5741339024,126.977573668,11,110,VE,VE07,VE070100,"- 월요일~화요일 / 목요일~금요일 / 일요일 10:00~18:00 (입장마감 17:30)<br>
- 수요일 / 토요일 10:00~21:00 (입장마감 20:30)","1월 1일 / 설·추석 당일","{""rules"": [{""months"": null, ""weekdays"": [0, 1, 3, 4, 6], ""source_text"": "" 10:00~18:00 (입장마감 17:30)"", ""time_ranges"": [{""end"": ""18:00"", ""start"": ""10:00"", ""crosses_midnight"": false}], ""last_admission"": ""17:30""}, {""months"": null, ""weekdays"": [2, 5], ""source_text"": "" 10:00~21:00 (입장마감 20:30)"", ""time_ranges"": [{""end"": ""21:00"", ""start"": ""10:00"", ""crosses_midnight"": false}], ""last_admission"": ""20:30""}], ""warnings"": [""휴무 문구의 일부 예외를 구조화하지 못했습니다.""], ""availability"": ""scheduled"", ""closure_rules"": [], ""assumption_reason"": null}",partial,operating-hours-1.2.0,"2025-04-14 01:59:44+00","2026-08-09 02:40:01.200497+00","2026-08-08 05:25:57.108297+00","2026-08-09 02:40:01.200497+00",success,,t,,,ff209a47-72a7-46d0-b190-0a427a9afb0a,"2026-07-23 17:11:40.808988+00","2026-08-09 02:40:01.65672+00","가능 (10대)",,무료,,http://tong.visitkorea.or.kr/cms/resource/89/3082989_image2_1.JPG,http://tong.visitkorea.or.kr/cms/resource/89/3082989_image3_1.JPG,,,,,
1870779,32,담소정,"서울특별시 종로구 북촌로9길 16-2 (가회동)",37.5813424450928,126.984281570157,11,110,AC,AC03,AC030200,15:00,,"{""rules"": [], ""warnings"": [""운영시간을 구조화하지 못했습니다.""], ""availability"": ""unknown"", ""closure_rules"": [], ""assumption_reason"": null}",partial,operating-hours-1.0.0,"2026-04-21 06:26:07+00","2026-07-23 17:16:48.538813+00","2026-07-23 17:16:48.538813+00","2026-07-23 17:16:48.538813+00",success,,f,missing_from_source,"2026-07-29 10:28:28.906487+00",9fe817b4-a60d-4ea0-8f88-0623954b32f0,"2026-07-23 17:11:40.808988+00","2026-07-29 10:28:29.019834+00",,,,,,,,,,,
1877251,39,모뜨,"서울특별시 종로구 평창30길 24",37.611769122989,126.975087153688,11,110,FD,FD02,FD020300,"- 11:30~21:00- 준비시간 14:30~17:00- 마지막 주문 19:30※ 주말에는 준비시간 없이 영업","매주 월요일","{""rules"": [{""months"": null, ""weekdays"": null, ""source_text"": ""- 11:30~21:00- 준비시간 14:30~17:00- 마지막 주문 19:30※ 주말에는 준비시간 없이 영업"", ""time_ranges"": [{""end"": ""21:00"", ""start"": ""11:30"", ""crosses_midnight"": false}, {""end"": ""17:00"", ""start"": ""14:30"", ""crosses_midnight"": false}], ""last_admission"": null}], ""warnings"": [], ""availability"": ""scheduled"", ""closure_rules"": [{""weekdays"": [0], ""source_text"": ""매주 월요일""}], ""assumption_reason"": null}",parsed,operating-hours-1.2.0,"2026-03-13 07:36:40+00","2026-08-09 02:40:01.200497+00","2026-08-08 05:25:57.108297+00","2026-08-09 02:40:01.200497+00",success,,t,,,ff209a47-72a7-46d0-b190-0a427a9afb0a,"2026-07-23 17:11:40.882874+00","2026-08-09 02:40:01.65672+00","가능요금 (무료)",,,,https://tong.visitkorea.or.kr/cms/resource/64/4003764_image2_1.jpg,https://tong.visitkorea.or.kr/cms/resource/64/4003764_image3_1.jpg,,,,,
1882248,32,인우하우스,"서울특별시 종로구 계동6길 9 (계동)",37.5827089934908,126.986956270135,11,110,AC,AC03,AC030200,14:00,,"{""rules"": [], ""warnings"": [""운영시간을 구조화하지 못했습니다.""], ""availability"": ""unknown"", ""closure_rules"": [], ""assumption_reason"": null}",partial,operating-hours-1.2.0,"2026-04-21 07:04:18+00","2026-08-09 02:40:01.200497+00","2026-08-08 05:25:57.108297+00","2026-08-09 02:40:01.200497+00",success,,t,,,ff209a47-72a7-46d0-b190-0a427a9afb0a,"2026-07-23 17:11:41.225101+00","2026-08-09 02:40:01.65672+00",가능,,,,https://tong.visitkorea.or.kr/cms/resource/56/3009456_image2_1.jpg,https://tong.visitkorea.or.kr/cms/resource/56/3009456_image3_1.jpg,,,,,
1883087,32,연우하우스,"서울특별시 종로구 북촌로12길 5-13 (가회동)",37.5822812381325,126.985311998354,11,110,AC,AC03,AC030200,15:00,,"{""rules"": [], ""warnings"": [""운영시간을 구조화하지 못했습니다.""], ""availability"": ""unknown"", ""closure_rules"": [], ""assumption_reason"": null}",partial,operating-hours-1.2.0,"2026-04-21 06:04:04+00","2026-08-09 02:40:01.200497+00","2026-08-08 05:25:57.108297+00","2026-08-09 02:40:01.200497+00",success,,t,,,ff209a47-72a7-46d0-b190-0a427a9afb0a,"2026-07-23 17:11:41.150397+00","2026-08-09 02:40:01.65672+00",가능,,,,https://tong.visitkorea.or.kr/cms/resource/52/3009452_image2_1.jpg,https://tong.visitkorea.or.kr/cms/resource/52/3009452_image3_1.jpg,,,,,
1887241,39,사랑채,"서울특별시 종로구 인사동16길 6",37.5749598890072,126.984220647237,11,110,FD,FD01,FD010100,10:00~23:00,"매월 첫째·셋째 일요일","{""rules"": [{""months"": null, ""weekdays"": null, ""source_text"": ""10:00~23:00"", ""time_ranges"": [{""end"": ""23:00"", ""start"": ""10:00"", ""crosses_midnight"": false}], ""last_admission"": null}], ""warnings"": [""휴무 문구의 일부 예외를 구조화하지 못했습니다.""], ""availability"": ""scheduled"", ""closure_rules"": [], ""assumption_reason"": null}",partial,operating-hours-1.2.0,"2026-02-20 01:18:51+00","2026-08-09 02:40:01.200497+00","2026-08-08 05:25:57.108297+00","2026-08-09 02:40:01.200497+00",success,,t,,,ff209a47-72a7-46d0-b190-0a427a9afb0a,"2026-07-23 17:11:40.955853+00","2026-08-09 02:40:01.65672+00",가능,,,,,,,,,,
1889319,25,"한양의 500년 도읍을 거닐다",,37.5745534411,126.9855423744,11,110,C01,C0113,C01130001,,,"{""rules"": [], ""warnings"": [""여행코스의 운영시간 누락을 24시간 이용 가능으로 가정했습니다.""], ""availability"": ""all_day"", ""closure_rules"": [], ""assumption_reason"": ""course_without_operating_hours""}",assumed,operating-hours-1.0.0,"2023-08-11 01:02:28+00","2026-07-23 17:16:48.538813+00","2026-07-23 17:16:48.538813+00","2026-07-23 17:16:48.538813+00",empty,,f,missing_from_source,"2026-07-29 10:28:28.906487+00",9fe817b4-a60d-4ea0-8f88-0623954b32f0,"2026-07-23 17:11:41.371579+00","2026-07-29 10:28:29.019834+00",,,,,,,,,,,
1889325,25,"옛 서울의 아름다움에 반하다",,37.5792724367,126.9911250653,11,110,C01,C0114,C01140001,,,"{""rules"": [], ""warnings"": [""여행코스의 운영시간 누락을 24시간 이용 가능으로 가정했습니다.""], ""availability"": ""all_day"", ""closure_rules"": [], ""assumption_reason"": ""course_without_operating_hours""}",assumed,operating-hours-1.0.0,"2023-08-08 08:21:35+00","2026-07-23 17:16:48.538813+00","2026-07-23 17:16:48.538813+00","2026-07-23 17:16:48.538813+00",empty,,f,missing_from_source,"2026-07-29 10:28:28.906487+00",9fe817b4-a60d-4ea0-8f88-0623954b32f0,"2026-07-23 17:11:41.150397+00","2026-07-29 10:28:29.019834+00",,,,,,,,,,,
1897611,39,장군굴보쌈,"서울특별시 종로구 수표로20길 22",37.5698884042281,126.990800705604,11,110,FD,FD01,FD010100,11:30~23:00,연중무휴,"{""rules"": [{""months"": null, ""weekdays"": null, ""source_text"": ""11:30~23:00"", ""time_ranges"": [{""end"": ""23:00"", ""start"": ""11:30"", ""crosses_midnight"": false}], ""last_admission"": null}], ""warnings"": [], ""availability"": ""scheduled"", ""closure_rules"": [], ""assumption_reason"": null}",parsed,operating-hours-1.2.0,"2026-02-24 06:54:31+00","2026-08-09 02:40:01.200497+00","2026-08-08 05:25:57.108297+00","2026-08-09 02:40:01.200497+00",success,,t,,,ff209a47-72a7-46d0-b190-0a427a9afb0a,"2026-07-23 17:11:41.296349+00","2026-08-09 02:40:01.65672+00",불가,,,,,,,,,,
1912553,39,조선김밥,"서울특별시 종로구 율곡로3길 68 (안국동)",37.5786000492769,126.982183437111,11,110,FD,FD03,FD030400,"- 화요일~금요일 11:00~19:00 (준비시간 15:00~16:30)- 토요일~일요일 11:00~18:00※ 주말에는 준비시간 없이 영업","매주 월요일","{""rules"": [{""months"": null, ""weekdays"": [1, 2, 3, 4], ""source_text"": "" 11:00~19:00 (준비시간 15:00~16:30)- "", ""time_ranges"": [{""end"": ""19:00"", ""start"": ""11:00"", ""crosses_midnight"": false}, {""end"": ""16:30"", ""start"": ""15:00"", ""crosses_midnight"": false}], ""last_admission"": null}, {""months"": null, ""weekdays"": [5, 6], ""source_text"": "" 11:00~18:00※ 주말에는 준비시간 없이 영업"", ""time_ranges"": [{""end"": ""18:00"", ""start"": ""11:00"", ""crosses_midnight"": false}], ""last_admission"": null}], ""warnings"": [], ""availability"": ""scheduled"", ""closure_rules"": [{""weekdays"": [0], ""source_text"": ""매주 월요일""}], ""assumption_reason"": null}",parsed,operating-hours-1.2.0,"2026-03-05 00:58:51+00","2026-08-09 02:40:01.200497+00","2026-08-08 05:25:57.108297+00","2026-08-09 02:40:01.200497+00",success,,t,,,ff209a47-72a7-46d0-b190-0a427a9afb0a,"2026-07-23 17:11:41.296349+00","2026-08-09 02:40:01.65672+00",불가능,,,,,,,,,,
1914920,32,"JW 메리어트 동대문 스퀘어 서울","서울특별시 종로구 청계천로 279",37.5730494166645,127.00664629171,11,110,AC,AC01,AC010100,15:00,,"{""rules"": [], ""warnings"": [""운영시간을 구조화하지 못했습니다.""], ""availability"": ""unknown"", ""closure_rules"": [], ""assumption_reason"": null}",partial,operating-hours-1.2.0,"2026-02-24 00:52:05+00","2026-08-09 02:40:01.200497+00","2026-08-08 05:25:57.108297+00","2026-08-09 02:40:01.200497+00",success,,t,,,ff209a47-72a7-46d0-b190-0a427a9afb0a,"2026-07-23 17:11:41.44801+00","2026-08-09 02:40:01.65672+00",주차가능,,,,,,,,,,
1915423,25,"도시의 고풍스러운 정취를 즐기다",,37.5745534411,126.9855423744,11,110,C01,C0114,C01140001,,,"{""rules"": [], ""warnings"": [""여행코스의 운영시간 누락을 24시간 이용 가능으로 가정했습니다.""], ""availability"": ""all_day"", ""closure_rules"": [], ""assumption_reason"": ""course_without_operating_hours""}",assumed,operating-hours-1.0.0,"2023-08-08 06:30:59+00","2026-07-23 17:16:48.538813+00","2026-07-23 17:16:48.538813+00","2026-07-23 17:16:48.538813+00",empty,,f,missing_from_source,"2026-07-29 10:28:28.906487+00",9fe817b4-a60d-4ea0-8f88-0623954b32f0,"2026-07-23 17:11:40.808988+00","2026-07-29 10:28:29.019834+00",,,,,,,,,,,
1915680,25,"동대문 투어하기",,37.5704793121,127.0076821392,11,110,C01,C0115,C01150001,,,"{""rules"": [], ""warnings"": [""여행코스의 운영시간 누락을 24시간 이용 가능으로 가정했습니다.""], ""availability"": ""all_day"", ""closure_rules"": [], ""assumption_reason"": ""course_without_operating_hours""}",assumed,operating-hours-1.0.0,"2023-08-08 07:57:53+00","2026-07-23 17:16:48.538813+00","2026-07-23 17:16:48.538813+00","2026-07-23 17:16:48.538813+00",empty,,f,missing_from_source,"2026-07-29 10:28:28.906487+00",9fe817b4-a60d-4ea0-8f88-0623954b32f0,"2026-07-23 17:11:40.808988+00","2026-07-29 10:28:29.019834+00",,,,,,,,,,,
1920563,25,"고풍스러움이 흐르는 북촌",,37.57853359,126.9886864194,11,110,C01,C0113,C01130001,,,"{""rules"": [], ""warnings"": [""여행코스의 운영시간 누락을 24시간 이용 가능으로 가정했습니다.""], ""availability"": ""all_day"", ""closure_rules"": [], ""assumption_reason"": ""course_without_operating_hours""}",assumed,operating-hours-1.0.0,"2023-08-09 06:13:00+00","2026-07-23 17:16:48.538813+00","2026-07-23 17:16:48.538813+00","2026-07-23 17:16:48.538813+00",empty,,f,missing_from_source,"2026-07-29 10:28:28.906487+00",9fe817b4-a60d-4ea0-8f88-0623954b32f0,"2026-07-23 17:11:40.721834+00","2026-07-29 10:28:29.019834+00",,,,,,,,,,,
1922694,39,"소소한 풍경","서울특별시 종로구 자하문로40길 75 (부암동)",37.5936017299754,126.965977450872,11,110,FD,FD01,FD010100,"- 11:30~22:00- 준비시간 15:30~17:00- 마지막 주문 20:30※ 주말에는 준비시간 없이 영업","매주 월요일","{""rules"": [{""months"": null, ""weekdays"": null, ""source_text"": ""- 11:30~22:00- 준비시간 15:30~17:00- 마지막 주문 20:30※ 주말에는 준비시간 없이 영업"", ""time_ranges"": [{""end"": ""22:00"", ""start"": ""11:30"", ""crosses_midnight"": false}, {""end"": ""17:00"", ""start"": ""15:30"", ""crosses_midnight"": false}], ""last_admission"": null}], ""warnings"": [], ""availability"": ""scheduled"", ""closure_rules"": [{""weekdays"": [0], ""source_text"": ""매주 월요일""}], ""assumption_reason"": null}",parsed,operating-hours-1.2.0,"2026-03-13 07:40:51+00","2026-08-09 02:40:01.200497+00","2026-08-08 05:25:57.108297+00","2026-08-09 02:40:01.200497+00",success,,t,,,ff209a47-72a7-46d0-b190-0a427a9afb0a,"2026-07-23 17:11:41.150397+00","2026-08-09 02:40:01.65672+00",불가능,,,,https://tong.visitkorea.or.kr/cms/resource/34/4002634_image2_1.jpg,https://tong.visitkorea.or.kr/cms/resource/34/4002634_image3_1.jpg,,,,,
1922730,39,부빙,"서울특별시 종로구 창의문로 136",37.5926851636603,126.965344205516,11,110,FD,FD05,FD050100,"13:00~19:30 (마지막 주문 19:00)","매주 월요일~화요일","{""rules"": [{""months"": null, ""weekdays"": null, ""source_text"": ""13:00~19:30 (마지막 주문 19:00)"", ""time_ranges"": [{""end"": ""19:30"", ""start"": ""13:00"", ""crosses_midnight"": false}], ""last_admission"": null}], ""warnings"": [], ""availability"": ""scheduled"", ""closure_rules"": [{""weekdays"": [0, 1], ""source_text"": ""매주 월요일~화요일""}], ""assumption_reason"": null}",parsed,operating-hours-1.2.0,"2026-02-24 03:13:40+00","2026-08-09 02:40:01.200497+00","2026-08-08 05:25:57.108297+00","2026-08-09 02:40:01.200497+00",success,,t,,,ff209a47-72a7-46d0-b190-0a427a9afb0a,"2026-07-23 17:11:40.882874+00","2026-08-09 02:40:01.65672+00",불가능,,,,https://tong.visitkorea.or.kr/cms/resource/52/1922452_image2_1.jpg,https://tong.visitkorea.or.kr/cms/resource/52/1922452_image3_1.jpg,,,,,
1922914,39,체부동잔치집,"서울특별시 종로구 자하문로1길 16",37.5765039147384,126.971477402143,11,110,FD,FD01,FD010100,11:00~22:30,연중무휴,"{""rules"": [{""months"": null, ""weekdays"": null, ""source_text"": ""11:00~22:30"", ""time_ranges"": [{""end"": ""22:30"", ""start"": ""11:00"", ""crosses_midnight"": false}], ""last_admission"": null}], ""warnings"": [], ""availability"": ""scheduled"", ""closure_rules"": [], ""assumption_reason"": null}",parsed,operating-hours-1.2.0,"2026-03-13 07:40:05+00","2026-08-09 02:40:01.200497+00","2026-08-08 05:25:57.108297+00","2026-08-09 02:40:01.200497+00",success,,t,,,ff209a47-72a7-46d0-b190-0a427a9afb0a,"2026-07-23 17:11:41.371579+00","2026-08-09 02:40:01.65672+00",불가능,,,,https://tong.visitkorea.or.kr/cms/resource/41/4003741_image2_1.jpg,https://tong.visitkorea.or.kr/cms/resource/41/4003741_image3_1.jpg,,,,,
1934593,14,"국립현대미술관 서울","서울특별시 종로구 삼청로 30 (소격동)",37.5786500878,126.9800038741,11,110,VE,VE07,VE070600,"10:00~18:00<br>
수,토 10:00~21:00<br>
※ 발권시간 : 관람종료 1시간 전까지 가능","1월1일 / 설날 / 추석","{""rules"": [{""months"": null, ""weekdays"": null, ""source_text"": ""10:00~18:00"", ""time_ranges"": [{""end"": ""18:00"", ""start"": ""10:00"", ""crosses_midnight"": false}], ""last_admission"": null}, {""months"": null, ""weekdays"": null, ""source_text"": ""수,토 10:00~21:00"", ""time_ranges"": [{""end"": ""21:00"", ""start"": ""10:00"", ""crosses_midnight"": false}], ""last_admission"": null}], ""warnings"": [""휴무 문구의 일부 예외를 구조화하지 못했습니다.""], ""availability"": ""scheduled"", ""closure_rules"": [], ""assumption_reason"": null}",partial,operating-hours-1.2.0,"2025-04-02 06:02:25+00","2026-08-09 02:40:01.200497+00","2026-08-08 05:25:57.108297+00","2026-08-09 02:40:01.200497+00",success,,t,,,ff209a47-72a7-46d0-b190-0a427a9afb0a,"2026-07-23 17:11:40.721834+00","2026-08-09 02:40:01.65672+00","주차 가능 (161대)","기본 2시간 : 3,000원 (초과요금 30분당 500원)","상설전시 무료입장<br>* 기획전시는 홈페이지참고",,http://tong.visitkorea.or.kr/cms/resource/02/2991502_image2_1.jpg,http://tong.visitkorea.or.kr/cms/resource/02/2991502_image3_1.jpg,,,,,
1939691,14,한양도성박물관,"서울특별시 종로구 율곡로 283 (종로6가)",37.5728571766825,127.008512884216,11,110,VE,VE07,VE070100,"09:00~18:00 (입장 마감 17:30)","매주 월요일(단, 월요일이 공휴일인 경우 정상운영) / 1월 1일","{""rules"": [{""months"": null, ""weekdays"": null, ""source_text"": ""09:00~18:00 (입장 마감 17:30)"", ""time_ranges"": [{""end"": ""18:00"", ""start"": ""09:00"", ""crosses_midnight"": false}], ""last_admission"": ""17:30""}], ""warnings"": [""휴무 문구의 일부 예외를 구조화하지 못했습니다.""], ""availability"": ""scheduled"", ""closure_rules"": [{""weekdays"": [0], ""source_text"": ""매주 월요일(단, 월요일이 공휴일인 경우 정상운영) / 1월 1일""}], ""assumption_reason"": null}",partial,operating-hours-1.2.0,"2026-03-12 00:08:40+00","2026-08-09 02:40:01.200497+00","2026-08-08 05:25:57.108297+00","2026-08-09 02:40:01.200497+00",success,,t,,,ff209a47-72a7-46d0-b190-0a427a9afb0a,"2026-07-23 17:11:41.371579+00","2026-08-09 02:40:01.65672+00",,,무료,,https://tong.visitkorea.or.kr/cms/resource/53/3505653_image2_1.jpg,https://tong.visitkorea.or.kr/cms/resource/53/3505653_image3_1.jpg,,,,,
1941440,14,"아라리오뮤지엄 인 스페이스","서울특별시 종로구 율곡로 83",37.577707,126.988456,11,110,VE,VE07,VE070600,10:00~19:00,"매주 월요일","{""rules"": [{""months"": null, ""weekdays"": null, ""source_text"": ""10:00~19:00"", ""time_ranges"": [{""end"": ""19:00"", ""start"": ""10:00"", ""crosses_midnight"": false}], ""last_admission"": null}], ""warnings"": [], ""availability"": ""scheduled"", ""closure_rules"": [{""weekdays"": [0], ""source_text"": ""매주 월요일""}], ""assumption_reason"": null}",parsed,operating-hours-1.2.0,"2026-03-05 00:58:51+00","2026-08-09 02:40:01.200497+00","2026-08-08 05:25:57.108297+00","2026-08-09 02:40:01.200497+00",success,,t,,,ff209a47-72a7-46d0-b190-0a427a9afb0a,"2026-07-23 17:11:41.150397+00","2026-08-09 02:40:01.65672+00",,,"- 성인 15,000원- 청소년 9,000원- 어린이 6,000원",,https://tong.visitkorea.or.kr/cms/resource/31/3488531_image2_1.jpg,https://tong.visitkorea.or.kr/cms/resource/31/3488531_image3_1.jpg,,,,,
1945693,39,전통다원,"서울특별시 종로구 인사동10길 11-4",37.5745839959,126.9857145803,11,110,FD,FD05,FD050200,11:00~21:20,연중무휴,"{""rules"": [{""months"": null, ""weekdays"": null, ""source_text"": ""11:00~21:20"", ""time_ranges"": [{""end"": ""21:20"", ""start"": ""11:00"", ""crosses_midnight"": false}], ""last_admission"": null}], ""warnings"": [], ""availability"": ""scheduled"", ""closure_rules"": [], ""assumption_reason"": null}",parsed,operating-hours-1.2.0,"2025-03-14 23:53:48+00","2026-08-09 02:40:01.200497+00","2026-08-08 05:25:57.108297+00","2026-08-09 02:40:01.200497+00",success,,t,,,ff209a47-72a7-46d0-b190-0a427a9afb0a,"2026-07-23 17:11:41.296349+00","2026-08-09 02:40:01.65672+00",,,,,http://tong.visitkorea.or.kr/cms/resource/52/3474852_image2_1.jpg,http://tong.visitkorea.or.kr/cms/resource/52/3474852_image3_1.jpg,,,,,
1947036,39,"스미스가 좋아하는 한옥","서울특별시 종로구 삼청로 22-7",37.5780307157,126.980048332,11,110,FD,FD01,FD010100,"11:30~21:00 (준비시간 15:00~17:00)",연중무휴,"{""rules"": [{""months"": null, ""weekdays"": null, ""source_text"": ""11:30~21:00 (준비시간 15:00~17:00)"", ""time_ranges"": [{""end"": ""21:00"", ""start"": ""11:30"", ""crosses_midnight"": false}, {""end"": ""17:00"", ""start"": ""15:00"", ""crosses_midnight"": false}], ""last_admission"": null}], ""warnings"": [], ""availability"": ""scheduled"", ""closure_rules"": [], ""assumption_reason"": null}",parsed,operating-hours-1.2.0,"2025-10-28 08:35:43+00","2026-08-09 02:40:01.200497+00","2026-08-08 05:25:57.108297+00","2026-08-09 02:40:01.200497+00",success,,t,,,ff209a47-72a7-46d0-b190-0a427a9afb0a,"2026-07-23 17:11:41.150397+00","2026-08-09 02:40:01.65672+00","가능(3대) <br>요금 (최초 120분 3,000원 / 추가요금 125분당 5,000원 / 1일 최대 5,000원)",,,,,,,,,,
1951271,25,"사라진 성곽길을 따라 걷기",,37.5760281134,126.976843125,11,110,C01,C0115,C01150001,,,"{""rules"": [], ""warnings"": [""여행코스의 운영시간 누락을 24시간 이용 가능으로 가정했습니다.""], ""availability"": ""all_day"", ""closure_rules"": [], ""assumption_reason"": ""course_without_operating_hours""}",assumed,operating-hours-1.0.0,"2023-08-08 07:18:58+00","2026-07-23 17:16:48.538813+00","2026-07-23 17:16:48.538813+00","2026-07-23 17:16:48.538813+00",empty,,f,missing_from_source,"2026-07-29 10:28:28.906487+00",9fe817b4-a60d-4ea0-8f88-0623954b32f0,"2026-07-23 17:11:40.955853+00","2026-07-29 10:28:29.019834+00",,,,,,,,,,,
1952962,25,"경복궁 북쪽마을 북촌 즐기기",,37.576072552,126.9768042386,11,110,C01,C0115,C01150001,,,"{""rules"": [], ""warnings"": [""여행코스의 운영시간 누락을 24시간 이용 가능으로 가정했습니다.""], ""availability"": ""all_day"", ""closure_rules"": [], ""assumption_reason"": ""course_without_operating_hours""}",assumed,operating-hours-1.0.0,"2023-08-10 05:35:06+00","2026-07-23 17:16:48.538813+00","2026-07-23 17:16:48.538813+00","2026-07-23 17:16:48.538813+00",empty,,f,missing_from_source,"2026-07-29 10:28:28.906487+00",9fe817b4-a60d-4ea0-8f88-0623954b32f0,"2026-07-23 17:11:40.721834+00","2026-07-29 10:28:29.019834+00",,,,,,,,,,,
1952971,25,"청와대 앞 코스 돌아보기",,37.5756364926,126.9768570246,11,110,C01,C0115,C01150001,,,"{""rules"": [], ""warnings"": [""여행코스의 운영시간 누락을 24시간 이용 가능으로 가정했습니다.""], ""availability"": ""all_day"", ""closure_rules"": [], ""assumption_reason"": ""course_without_operating_hours""}",assumed,operating-hours-1.0.0,"2025-08-20 09:10:00+00","2026-07-23 17:16:48.538813+00","2026-07-23 17:16:48.538813+00","2026-07-23 17:16:48.538813+00",empty,,f,missing_from_source,"2026-07-29 10:28:28.906487+00",9fe817b4-a60d-4ea0-8f88-0623954b32f0,"2026-07-23 17:11:41.296349+00","2026-07-29 10:28:29.019834+00",,,,,,,,,,,
1952975,25,"과거와 현재의 시간이 겹쳐진 부암동길",,37.5711257558,126.9685023578,11,110,C01,C0113,C01130001,,,"{""rules"": [], ""warnings"": [""여행코스의 운영시간 누락을 24시간 이용 가능으로 가정했습니다.""], ""availability"": ""all_day"", ""closure_rules"": [], ""assumption_reason"": ""course_without_operating_hours""}",assumed,operating-hours-1.0.0,"2023-08-10 01:15:01+00","2026-07-23 17:16:48.538813+00","2026-07-23 17:16:48.538813+00","2026-07-23 17:16:48.538813+00",empty,,f,missing_from_source,"2026-07-29 10:28:28.906487+00",9fe817b4-a60d-4ea0-8f88-0623954b32f0,"2026-07-23 17:11:40.721834+00","2026-07-29 10:28:29.019834+00",,,,,,,,,,,
1952978,25,"궁의 북쪽 자하문 돌아보기",,37.5801859611,126.9767235747,11,110,C01,C0112,C01120001,,,"{""rules"": [], ""warnings"": [""여행코스의 운영시간 누락을 24시간 이용 가능으로 가정했습니다.""], ""availability"": ""all_day"", ""closure_rules"": [], ""assumption_reason"": ""course_without_operating_hours""}",assumed,operating-hours-1.0.0,"2023-08-10 00:31:17+00","2026-07-23 17:16:48.538813+00","2026-07-23 17:16:48.538813+00","2026-07-23 17:16:48.538813+00",empty,,f,missing_from_source,"2026-07-29 10:28:28.906487+00",9fe817b4-a60d-4ea0-8f88-0623954b32f0,"2026-07-23 17:11:40.721834+00","2026-07-29 10:28:29.019834+00",,,,,,,,,,,
1953116,25,"북촌을 중심으로 한 조선시대 생활 이야기",,37.5812776131,126.9829674185,11,110,C01,C0115,C01150001,,,"{""rules"": [], ""warnings"": [""여행코스의 운영시간 누락을 24시간 이용 가능으로 가정했습니다.""], ""availability"": ""all_day"", ""closure_rules"": [], ""assumption_reason"": ""course_without_operating_hours""}",assumed,operating-hours-1.0.0,"2023-08-10 00:45:32+00","2026-07-23 17:16:48.538813+00","2026-07-23 17:16:48.538813+00","2026-07-23 17:16:48.538813+00",empty,,f,missing_from_source,"2026-07-29 10:28:28.906487+00",9fe817b4-a60d-4ea0-8f88-0623954b32f0,"2026-07-23 17:11:40.882874+00","2026-07-29 10:28:29.019834+00",,,,,,,,,,,
1953121,25,"성안 마을 혜화동의 어제와 오늘",,37.5808974491,127.0022962231,11,110,C01,C0115,C01150001,,,"{""rules"": [], ""warnings"": [""여행코스의 운영시간 누락을 24시간 이용 가능으로 가정했습니다.""], ""availability"": ""all_day"", ""closure_rules"": [], ""assumption_reason"": ""course_without_operating_hours""}",assumed,operating-hours-1.0.0,"2023-08-08 06:05:55+00","2026-07-23 17:16:48.538813+00","2026-07-23 17:16:48.538813+00","2026-07-23 17:16:48.538813+00",empty,,f,missing_from_source,"2026-07-29 10:28:28.906487+00",9fe817b4-a60d-4ea0-8f88-0623954b32f0,"2026-07-23 17:11:40.955853+00","2026-07-29 10:28:29.019834+00",,,,,,,,,,,
1957671,12,"종로 청계 관광특구","서울특별시 종로구 무교로 37 (서린동)",37.5694065566554,126.979107784546,11,110,VE,VE05,VE050100,"상시 개방",연중무휴,"{""rules"": [], ""warnings"": [], ""availability"": ""all_day"", ""closure_rules"": [], ""assumption_reason"": ""always_open_text""}",parsed,operating-hours-1.2.0,"2026-03-09 06:12:33+00","2026-08-09 02:40:01.200497+00","2026-08-08 05:25:57.108297+00","2026-08-09 02:40:01.200497+00",success,,t,,,ff209a47-72a7-46d0-b190-0a427a9afb0a,"2026-07-23 17:11:41.296349+00","2026-08-09 02:40:01.65672+00",가능,,,,https://tong.visitkorea.or.kr/cms/resource/53/3499653_image2_1.jpg,https://tong.visitkorea.or.kr/cms/resource/53/3499653_image3_1.jpg,,,,,
1965675,39,호남집,"서울특별시 종로구 종로40가길 5",37.5702080911173,127.006351957164,11,110,FD,FD01,FD010100,06:00~21:00,연중무휴,"{""rules"": [{""months"": null, ""weekdays"": null, ""source_text"": ""06:00~21:00"", ""time_ranges"": [{""end"": ""21:00"", ""start"": ""06:00"", ""crosses_midnight"": false}], ""last_admission"": null}], ""warnings"": [], ""availability"": ""scheduled"", ""closure_rules"": [], ""assumption_reason"": null}",parsed,operating-hours-1.2.0,"2026-02-24 03:13:40+00","2026-08-09 02:40:01.200497+00","2026-08-08 05:25:57.108297+00","2026-08-09 02:40:01.200497+00",success,,t,,,ff209a47-72a7-46d0-b190-0a427a9afb0a,"2026-07-23 17:11:41.44801+00","2026-08-09 02:40:01.65672+00",가능,,,,,,,,,,
1965691,39,"더 우리곱창","서울특별시 종로구 종로36나길 9 (종로5가)",37.5702145237576,127.004428268138,11,110,FD,FD01,FD010100,10:00~22:00,"매월 둘째·넷째·다섯째 일요일","{""rules"": [{""months"": null, ""weekdays"": null, ""source_text"": ""10:00~22:00"", ""time_ranges"": [{""end"": ""22:00"", ""start"": ""10:00"", ""crosses_midnight"": false}], ""last_admission"": null}], ""warnings"": [""휴무 문구의 일부 예외를 구조화하지 못했습니다.""], ""availability"": ""scheduled"", ""closure_rules"": [], ""assumption_reason"": null}",partial,operating-hours-1.2.0,"2026-02-20 01:54:45+00","2026-08-09 02:40:01.200497+00","2026-08-08 05:25:57.108297+00","2026-08-09 02:40:01.200497+00",success,,t,,,ff209a47-72a7-46d0-b190-0a427a9afb0a,"2026-07-23 17:11:40.808988+00","2026-08-09 02:40:01.65672+00",불가능,,,,,,,,,,
1968826,39,"순라길 예 & 비비","서울특별시 종로구 서순라길 55",37.5729509832,126.9929917413,11,110,FD,FD05,FD050100,"11:00~23:00 (마지막 주문 22:00)",연중무휴,"{""rules"": [{""months"": null, ""weekdays"": null, ""source_text"": ""11:00~23:00 (마지막 주문 22:00)"", ""time_ranges"": [{""end"": ""23:00"", ""start"": ""11:00"", ""crosses_midnight"": false}], ""last_admission"": null}], ""warnings"": [], ""availability"": ""scheduled"", ""closure_rules"": [], ""assumption_reason"": null}",parsed,operating-hours-1.2.0,"2025-08-12 02:36:29+00","2026-08-09 02:40:01.200497+00","2026-08-08 05:25:57.108297+00","2026-08-09 02:40:01.200497+00",success,,t,,,ff209a47-72a7-46d0-b190-0a427a9afb0a,"2026-07-23 17:11:41.150397+00","2026-08-09 02:40:01.65672+00",불가능,,,,http://tong.visitkorea.or.kr/cms/resource/93/3454193_image2_1.jpg,http://tong.visitkorea.or.kr/cms/resource/93/3454193_image3_1.jpg,,,,,
1985692,39,"고궁의 아침","서울특별시 종로구 창경궁로 158 (원남동) (원남동)",37.5764587371697,126.997570843872,11,110,FD,FD01,FD010100,"[평일]- 09:00~21:00- 점심 마지막 주문 15:00- 준비시간 15:30~16:30- 저녁 마지막 주문 15:00[주말]- 10:00~21:00- 점심 마지막 주문 15:00- 준비시간 15:30~16:30- 저녁 마지막 주문 15:00",연중무휴,"{""rules"": [{""months"": null, ""weekdays"": [0, 1, 2, 3, 4], ""source_text"": ""]- 09:00~21:00- 점심 마지막 주문 15:00- 준비시간 15:30~16:30- 저녁 마지막 주문 15:00["", ""time_ranges"": [{""end"": ""21:00"", ""start"": ""09:00"", ""crosses_midnight"": false}, {""end"": ""16:30"", ""start"": ""15:30"", ""crosses_midnight"": false}], ""last_admission"": null}, {""months"": null, ""weekdays"": [5, 6], ""source_text"": ""]- 10:00~21:00- 점심 마지막 주문 15:00- 준비시간 15:30~16:30- 저녁 마지막 주문 15:00"", ""time_ranges"": [{""end"": ""21:00"", ""start"": ""10:00"", ""crosses_midnight"": false}, {""end"": ""16:30"", ""start"": ""15:30"", ""crosses_midnight"": false}], ""last_admission"": null}], ""warnings"": [], ""availability"": ""scheduled"", ""closure_rules"": [], ""assumption_reason"": null}",parsed,operating-hours-1.2.0,"2026-03-13 07:46:27+00","2026-08-09 02:40:01.200497+00","2026-08-08 05:25:57.108297+00","2026-08-09 02:40:01.200497+00",success,,t,,,ff209a47-72a7-46d0-b190-0a427a9afb0a,"2026-07-23 17:11:40.721834+00","2026-08-09 02:40:01.65672+00","가능최초 10분 2,000원 이후 10분당 2,000원 씩 추가 요금 발생",,,,https://tong.visitkorea.or.kr/cms/resource/12/4002712_image2_1.jpg,https://tong.visitkorea.or.kr/cms/resource/12/4002712_image3_1.jpg,,,,,
1986171,39,뜰과다원,"서울특별시 종로구 인사동길 34 (관훈동)",37.5735931497109,126.98571736,11,110,FD,FD05,FD050200,"10:00~22:00 (마지막 주문 21:50)",연중무휴,"{""rules"": [{""months"": null, ""weekdays"": null, ""source_text"": ""10:00~22:00 (마지막 주문 21:50)"", ""time_ranges"": [{""end"": ""22:00"", ""start"": ""10:00"", ""crosses_midnight"": false}], ""last_admission"": null}], ""warnings"": [], ""availability"": ""scheduled"", ""closure_rules"": [], ""assumption_reason"": null}",parsed,operating-hours-1.2.0,"2026-02-10 23:10:09+00","2026-08-09 02:40:01.200497+00","2026-08-08 05:25:57.108297+00","2026-08-09 02:40:01.200497+00",success,,t,,,ff209a47-72a7-46d0-b190-0a427a9afb0a,"2026-07-23 17:11:40.808988+00","2026-08-09 02:40:01.65672+00",불가능,,,,,,,,,,
1998192,39,순희네빈대떡,"서울특별시 종로구 종로32길 5 (종로5가)",37.5706736091,127.0007355441,11,110,FD,FD01,FD010100,"11:00~21:00 (마지막 주문 20:30)","매주 화요일","{""rules"": [{""months"": null, ""weekdays"": null, ""source_text"": ""11:00~21:00 (마지막 주문 20:30)"", ""time_ranges"": [{""end"": ""21:00"", ""start"": ""11:00"", ""crosses_midnight"": false}], ""last_admission"": null}], ""warnings"": [], ""availability"": ""scheduled"", ""closure_rules"": [{""weekdays"": [1], ""source_text"": ""매주 화요일""}], ""assumption_reason"": null}",parsed,operating-hours-1.2.0,"2025-03-11 04:48:58+00","2026-08-09 02:40:01.200497+00","2026-08-08 05:25:57.108297+00","2026-08-09 02:40:01.200497+00",success,,t,,,ff209a47-72a7-46d0-b190-0a427a9afb0a,"2026-07-23 17:11:41.150397+00","2026-08-09 02:40:01.65672+00",,,,,,,,,,,
1998216,39,"박가네 빈대떡","서울특별시 종로구 종로32길 7 (종로5가)",37.5705958426,127.0008577576,11,110,FD,FD01,FD010100,08:00~22:00,연중무휴,"{""rules"": [{""months"": null, ""weekdays"": null, ""source_text"": ""08:00~22:00"", ""time_ranges"": [{""end"": ""22:00"", ""start"": ""08:00"", ""crosses_midnight"": false}], ""last_admission"": null}], ""warnings"": [], ""availability"": ""scheduled"", ""closure_rules"": [], ""assumption_reason"": null}",parsed,operating-hours-1.2.0,"2025-04-09 08:09:09+00","2026-08-09 02:40:01.200497+00","2026-08-08 05:25:57.108297+00","2026-08-09 02:40:01.200497+00",success,,t,,,ff209a47-72a7-46d0-b190-0a427a9afb0a,"2026-07-23 17:11:40.882874+00","2026-08-09 02:40:01.65672+00",,,,,http://tong.visitkorea.or.kr/cms/resource/46/3474846_image2_1.jpg,http://tong.visitkorea.or.kr/cms/resource/46/3474846_image3_1.jpg,,,,,
1998333,39,모녀김밥,"서울특별시 종로구 동호로 403-23",37.5702819948,127.0011132988,11,110,FD,FD03,FD030400,09:00~21:00,"설·추석 연휴","{""rules"": [{""months"": null, ""weekdays"": null, ""source_text"": ""09:00~21:00"", ""time_ranges"": [{""end"": ""21:00"", ""start"": ""09:00"", ""crosses_midnight"": false}], ""last_admission"": null}], ""warnings"": [""휴무 문구의 일부 예외를 구조화하지 못했습니다.""], ""availability"": ""scheduled"", ""closure_rules"": [], ""assumption_reason"": null}",partial,operating-hours-1.2.0,"2025-12-10 00:20:39+00","2026-08-09 02:40:01.200497+00","2026-08-08 05:25:57.108297+00","2026-08-09 02:40:01.200497+00",success,,t,,,ff209a47-72a7-46d0-b190-0a427a9afb0a,"2026-07-23 17:11:40.882874+00","2026-08-09 02:40:01.65672+00",불가능,,,,,,,,,,
1998564,15,궁중문화축전,"서울특별시 종로구 사직로 161",37.5787676269878,126.976976800907,11,110,EV,EV01,EV010400,"프로그램별 상이",,"{""rules"": [], ""warnings"": [""운영시간을 구조화하지 못했습니다.""], ""availability"": ""unknown"", ""closure_rules"": [], ""assumption_reason"": null}",partial,operating-hours-1.2.0,"2026-05-06 04:36:34+00","2026-08-09 02:40:01.200497+00","2026-08-08 05:25:57.108297+00","2026-08-09 02:40:01.200497+00",success,,t,,,ff209a47-72a7-46d0-b190-0a427a9afb0a,"2026-07-23 17:11:40.721834+00","2026-08-09 02:40:01.768207+00",,,"유료(궁궐 별 입장료 상이)",,https://tong.visitkorea.or.kr/cms/resource/86/4055386_image2_1.jpg,https://tong.visitkorea.or.kr/cms/resource/86/4055386_image3_1.jpg,,,,,
2000603,39,전주식당,"서울특별시 종로구 수표로20길 16-17 (관수동)",37.5698596421,126.9911169998,11,110,FD,FD01,FD010100,"07:30~20:30 (마지막 주문 20:00)","매월 첫째, 셋째 일요일","{""rules"": [{""months"": null, ""weekdays"": null, ""source_text"": ""07:30~20:30 (마지막 주문 20:00)"", ""time_ranges"": [{""end"": ""20:30"", ""start"": ""07:30"", ""crosses_midnight"": false}], ""last_admission"": null}], ""warnings"": [""휴무 문구의 일부 예외를 구조화하지 못했습니다.""], ""availability"": ""scheduled"", ""closure_rules"": [], ""assumption_reason"": null}",partial,operating-hours-1.2.0,"2025-03-11 02:14:45+00","2026-08-09 02:40:01.200497+00","2026-08-08 05:25:57.108297+00","2026-08-09 02:40:01.200497+00",success,,t,,,ff209a47-72a7-46d0-b190-0a427a9afb0a,"2026-07-23 17:11:41.296349+00","2026-08-09 02:40:01.768207+00",불가능,,,,http://tong.visitkorea.or.kr/cms/resource/74/2664374_image2_1.jpg,http://tong.visitkorea.or.kr/cms/resource/74/2664374_image2_1.jpg,,,,,
2006842,32,"노블관광호텔 인사동","서울특별시 종로구 율곡로6길 13-3 노블호텔",37.5766903320193,126.989664511117,11,110,AC,AC01,AC010100,15:00,,"{""rules"": [], ""warnings"": [""운영시간을 구조화하지 못했습니다.""], ""availability"": ""unknown"", ""closure_rules"": [], ""assumption_reason"": null}",partial,operating-hours-1.2.0,"2026-02-24 04:34:07+00","2026-08-09 02:40:01.200497+00","2026-08-08 05:25:57.108297+00","2026-08-09 02:40:01.200497+00",success,,t,,,ff209a47-72a7-46d0-b190-0a427a9afb0a,"2026-07-23 17:11:40.808988+00","2026-08-09 02:40:01.768207+00","있음 ( 총 4대 가능 )",,,,,,,,,,
2019203,32,"호텔 더 디자이너스 종로점","서울특별시 종로구 수표로 89-8 (관수동)",37.5693669711445,126.989025574921,11,110,AC,AC01,AC010100,15:00,,"{""rules"": [], ""warnings"": [""운영시간을 구조화하지 못했습니다.""], ""availability"": ""unknown"", ""closure_rules"": [], ""assumption_reason"": null}",partial,operating-hours-1.2.0,"2026-02-25 06:04:27+00","2026-08-09 02:40:01.200497+00","2026-08-08 05:25:57.108297+00","2026-08-09 02:40:01.200497+00",success,,t,,,ff209a47-72a7-46d0-b190-0a427a9afb0a,"2026-07-23 17:11:41.44801+00","2026-08-09 02:40:01.768207+00",가능,,,,https://tong.visitkorea.or.kr/cms/resource/57/2018657_image2_1.JPG,https://tong.visitkorea.or.kr/cms/resource/57/2018657_image3_1.JPG,,,,,
2022929,25,"낮이 좋아? 밤이 좋아? 서울의 주경, 야경 여행코스",,37.5759947835,126.9768292386,11,110,C01,C0115,C01150001,,,"{""rules"": [], ""warnings"": [""여행코스의 운영시간 누락을 24시간 이용 가능으로 가정했습니다.""], ""availability"": ""all_day"", ""closure_rules"": [], ""assumption_reason"": ""course_without_operating_hours""}",assumed,operating-hours-1.0.0,"2025-05-20 01:49:31+00","2026-07-23 17:16:48.538813+00","2026-07-23 17:16:48.538813+00","2026-07-23 17:16:48.538813+00",empty,,f,missing_from_source,"2026-07-29 10:28:28.906487+00",9fe817b4-a60d-4ea0-8f88-0623954b32f0,"2026-07-23 17:11:40.808988+00","2026-07-29 10:28:29.019834+00",,,,,,,,,,,
2025260,39,마지,"서울특별시 종로구 자하문로5길 19",37.5776167085,126.9707714116,11,110,FD,FD02,FD020500,"[수요일~토요일]<br>- 11:30~20:00<br>- 준비시간 15:00~17:30<br>- 마지막 주문 19:10<br>[일요일]<br>- 11:30~15:00<br>- 마지막 주문 14:10","매주 월요일, 화요일","{""rules"": [{""months"": null, ""weekdays"": [2, 3, 4, 5], ""source_text"": ""- 11:30~20:00"", ""time_ranges"": [{""end"": ""20:00"", ""start"": ""11:30"", ""crosses_midnight"": false}], ""last_admission"": null}, {""months"": null, ""weekdays"": [2, 3, 4, 5], ""source_text"": ""- 준비시간 15:00~17:30"", ""time_ranges"": [{""end"": ""17:30"", ""start"": ""15:00"", ""crosses_midnight"": false}], ""last_admission"": null}, {""months"": null, ""weekdays"": [6], ""source_text"": ""- 11:30~15:00"", ""time_ranges"": [{""end"": ""15:00"", ""start"": ""11:30"", ""crosses_midnight"": false}], ""last_admission"": null}], ""warnings"": [], ""availability"": ""scheduled"", ""closure_rules"": [{""weekdays"": [0, 1], ""source_text"": ""매주 월요일, 화요일""}], ""assumption_reason"": null}",parsed,operating-hours-1.2.0,"2025-09-19 08:05:50+00","2026-08-09 02:40:01.200497+00","2026-08-08 05:25:57.108297+00","2026-08-09 02:40:01.200497+00",success,,t,,,ff209a47-72a7-46d0-b190-0a427a9afb0a,"2026-07-23 17:11:40.882874+00","2026-08-09 02:40:01.768207+00",가능,,,,,,,,,,
2030911,25,"서촌에서 즐기는 즐거운 맛산책",,37.5792026787,126.9732044783,11,110,C01,C0115,C01150001,,,"{""rules"": [], ""warnings"": [""여행코스의 운영시간 누락을 24시간 이용 가능으로 가정했습니다.""], ""availability"": ""all_day"", ""closure_rules"": [], ""assumption_reason"": ""course_without_operating_hours""}",assumed,operating-hours-1.0.0,"2023-08-09 08:11:42+00","2026-07-23 17:16:48.538813+00","2026-07-23 17:16:48.538813+00","2026-07-23 17:16:48.538813+00",empty,,f,missing_from_source,"2026-07-29 10:28:28.906487+00",9fe817b4-a60d-4ea0-8f88-0623954b32f0,"2026-07-23 17:11:40.955853+00","2026-07-29 10:28:29.019834+00",,,,,,,,,,,
2036023,25,"서울에서 전통주 체험을 할 수 있는 곳",,37.5825022938,126.9731155042,11,110,C01,C0117,C01170001,,,"{""rules"": [], ""warnings"": [""여행코스의 운영시간 누락을 24시간 이용 가능으로 가정했습니다.""], ""availability"": ""all_day"", ""closure_rules"": [], ""assumption_reason"": ""course_without_operating_hours""}",assumed,operating-hours-1.0.0,"2023-08-08 04:00:24+00","2026-07-23 17:16:48.538813+00","2026-07-23 17:16:48.538813+00","2026-07-23 17:16:48.538813+00",empty,,f,missing_from_source,"2026-07-29 10:28:28.906487+00",9fe817b4-a60d-4ea0-8f88-0623954b32f0,"2026-07-23 17:11:40.955853+00","2026-07-29 10:28:29.019834+00",,,,,,,,,,,
2037020,12,서촌마을,"서울특별시 종로구 필운대로 45 (누하동)",37.5801934368158,126.968507923789,11,110,VE,VE04,VE040200,"상시 개방",연중무휴,"{""rules"": [], ""warnings"": [], ""availability"": ""all_day"", ""closure_rules"": [], ""assumption_reason"": ""always_open_text""}",parsed,operating-hours-1.2.0,"2026-03-11 01:03:40+00","2026-08-09 02:40:01.200497+00","2026-08-08 05:25:57.108297+00","2026-08-09 02:40:01.200497+00",success,,t,,,ff209a47-72a7-46d0-b190-0a427a9afb0a,"2026-07-23 17:11:40.955853+00","2026-08-09 02:40:01.768207+00",불가능,,,,https://tong.visitkorea.or.kr/cms/resource/97/3497497_image2_1.jpg,https://tong.visitkorea.or.kr/cms/resource/97/3497497_image3_1.jpg,,,,,
2037723,25,"조선의 왕들이 지극히 아끼던 공간",,37.5809583673,126.9919888278,11,110,C01,C0112,C01120001,,,"{""rules"": [], ""warnings"": [""여행코스의 운영시간 누락을 24시간 이용 가능으로 가정했습니다.""], ""availability"": ""all_day"", ""closure_rules"": [], ""assumption_reason"": ""course_without_operating_hours""}",assumed,operating-hours-1.0.0,"2023-08-09 05:13:59+00","2026-07-23 17:16:48.538813+00","2026-07-23 17:16:48.538813+00","2026-07-23 17:16:48.538813+00",empty,,f,missing_from_source,"2026-07-29 10:28:28.906487+00",9fe817b4-a60d-4ea0-8f88-0623954b32f0,"2026-07-23 17:11:41.296349+00","2026-07-29 10:28:29.019834+00",,,,,,,,,,,
2038266,25,"600년 역사의 재미난 스토리가 흐르는 골목",,37.5790640424,126.9863810591,11,110,C01,C0115,C01150001,,,"{""rules"": [], ""warnings"": [""여행코스의 운영시간 누락을 24시간 이용 가능으로 가정했습니다.""], ""availability"": ""all_day"", ""closure_rules"": [], ""assumption_reason"": ""course_without_operating_hours""}",assumed,operating-hours-1.0.0,"2023-08-10 05:34:32+00","2026-07-23 17:16:48.538813+00","2026-07-23 17:16:48.538813+00","2026-07-23 17:16:48.538813+00",empty,,f,missing_from_source,"2026-07-29 10:28:28.906487+00",9fe817b4-a60d-4ea0-8f88-0623954b32f0,"2026-07-23 17:11:41.44801+00","2026-07-29 10:28:29.019834+00",,,,,,,,,,,
2050509,25,"서울의 아름다운 밤을 바라보다.",,37.5673630692,127.0110958057,11,110,C01,C0115,C01150001,,,"{""rules"": [], ""warnings"": [""여행코스의 운영시간 누락을 24시간 이용 가능으로 가정했습니다.""], ""availability"": ""all_day"", ""closure_rules"": [], ""assumption_reason"": ""course_without_operating_hours""}",assumed,operating-hours-1.0.0,"2023-08-11 00:37:20+00","2026-07-23 17:16:48.538813+00","2026-07-23 17:16:48.538813+00","2026-07-23 17:16:48.538813+00",empty,,f,missing_from_source,"2026-07-29 10:28:28.906487+00",9fe817b4-a60d-4ea0-8f88-0623954b32f0,"2026-07-23 17:11:40.955853+00","2026-07-29 10:28:29.019834+00",,,,,,,,,,,
231938,12,"서울 경모궁지","서울특별시 종로구 창경궁로 202-1 (연건동)",37.580402,126.999009,11,110,HS,HS01,HS010400,"상시 개방",연중무휴,"{""rules"": [], ""warnings"": [], ""availability"": ""all_day"", ""closure_rules"": [], ""assumption_reason"": ""always_open_text""}",parsed,operating-hours-1.2.0,"2026-03-04 01:04:26+00","2026-08-09 02:40:01.200497+00","2026-08-08 05:25:57.108297+00","2026-08-09 02:40:01.200497+00",success,,t,,,ff209a47-72a7-46d0-b190-0a427a9afb0a,"2026-07-23 17:11:40.955853+00","2026-08-09 02:40:01.768207+00",가능,,,,https://tong.visitkorea.or.kr/cms/resource/30/1984630_image2_1.jpg,https://tong.visitkorea.or.kr/cms/resource/30/1984630_image3_1.jpg,,,,,
231971,14,북촌생활사박물관,"서울특별시 종로구 북촌로5나길 90 (삼청동)",37.584486719,126.9829320332,11,110,VE,VE07,VE070100,"- 하절기(3월~10월) 10:00~18:00 (입장마감 17:30)- 동절기(11월~2월) 11:00~17:00 (입장마감 16:30)","매주 월요일 / 설·추석 연휴","{""rules"": [{""months"": [3, 4, 5, 6, 7, 8, 9, 10], ""weekdays"": null, ""source_text"": ""- 하절기(3월~10월) 10:00~18:00 (입장마감 17:30)- 동절기(11월~2월) 11:00~17:00 (입장마감 16:30)"", ""time_ranges"": [{""end"": ""18:00"", ""start"": ""10:00"", ""crosses_midnight"": false}, {""end"": ""17:00"", ""start"": ""11:00"", ""crosses_midnight"": false}], ""last_admission"": ""17:30""}], ""warnings"": [], ""availability"": ""scheduled"", ""closure_rules"": [{""weekdays"": [0], ""source_text"": ""매주 월요일 / 설·추석 연휴""}], ""assumption_reason"": null}",parsed,operating-hours-1.2.0,"2026-06-18 04:17:54+00","2026-08-09 02:40:01.200497+00","2026-08-08 05:25:57.108297+00","2026-08-09 02:40:01.200497+00",success,,t,,,ff209a47-72a7-46d0-b190-0a427a9afb0a,"2026-07-23 17:11:40.882874+00","2026-08-09 02:40:01.768207+00",,,"5,000원",,https://tong.visitkorea.or.kr/cms/resource/75/3574275_image2_1.jpg,https://tong.visitkorea.or.kr/cms/resource/75/3574275_image3_1.jpg,,,,,
231976,14,"목인박물관 목석원","서울특별시 종로구 창의문로5길 46-1 (부암동)",37.5890707988,126.9633051014,11,110,VE,VE07,VE070100,"- 하절기 10:30~19:00 (입장마감 18:00)<br>
- 동절기 10:30~18:00 (입장마감 17:00)","매주 월요일 / 설·추석 연휴","{""rules"": [{""months"": null, ""weekdays"": null, ""source_text"": ""- 하절기 10:30~19:00 (입장마감 18:00)"", ""time_ranges"": [{""end"": ""19:00"", ""start"": ""10:30"", ""crosses_midnight"": false}], ""last_admission"": ""18:00""}, {""months"": null, ""weekdays"": null, ""source_text"": ""- 동절기 10:30~18:00 (입장마감 17:00)"", ""time_ranges"": [{""end"": ""18:00"", ""start"": ""10:30"", ""crosses_midnight"": false}], ""last_admission"": ""17:00""}], ""warnings"": [], ""availability"": ""scheduled"", ""closure_rules"": [{""weekdays"": [0], ""source_text"": ""매주 월요일 / 설·추석 연휴""}], ""assumption_reason"": null}",parsed,operating-hours-1.2.0,"2025-09-18 04:58:50+00","2026-08-09 02:40:01.200497+00","2026-08-08 05:25:57.108297+00","2026-08-09 02:40:01.200497+00",success,,t,,,ff209a47-72a7-46d0-b190-0a427a9afb0a,"2026-07-23 17:11:40.882874+00","2026-08-09 02:40:01.768207+00",가능,,"- 일반 10,000원<br>- 19세 미만(13~18세) 7,000원<br>- 36개월 이상~초등학생(3~12세) 5,000원<br>※ 모든 관람객에게 음료 1잔을 제공","- 회원가입시 2회차 방문부터 2,000원 할인<br >
- 단체(20인 이상) / 장애인 / 임산부 / 만 65세 이상 2,000원 할인",http://tong.visitkorea.or.kr/cms/resource/15/3540815_image2_1.jpg,http://tong.visitkorea.or.kr/cms/resource/15/3540815_image3_1.jpg,,,,,
232205,39,뿌자,"서울특별시 종로구 종로 327",37.5726857043961,127.013951145071,11,110,FD,FD02,FD020400,"11:00~23:00 (마지막 주문 22:00)",연중무휴,"{""rules"": [{""months"": null, ""weekdays"": null, ""source_text"": ""11:00~23:00 (마지막 주문 22:00)"", ""time_ranges"": [{""end"": ""23:00"", ""start"": ""11:00"", ""crosses_midnight"": false}], ""last_admission"": null}], ""warnings"": [], ""availability"": ""scheduled"", ""closure_rules"": [], ""assumption_reason"": null}",parsed,operating-hours-1.2.0,"2026-02-06 00:24:12+00","2026-08-09 02:40:01.200497+00","2026-08-08 05:25:57.108297+00","2026-08-09 02:40:01.200497+00",success,,t,,,ff209a47-72a7-46d0-b190-0a427a9afb0a,"2026-07-23 17:11:40.882874+00","2026-08-09 02:40:01.768207+00",불가능,,,,,,,,,,
232206,39,"에베레스트 레스토랑 동대문본점","서울특별시 종로구 종로51가길 2-1",37.5725652673,127.012501085,11,110,FD,FD02,FD020400,11:00~22:00,연중무휴,"{""rules"": [{""months"": null, ""weekdays"": null, ""source_text"": ""11:00~22:00"", ""time_ranges"": [{""end"": ""22:00"", ""start"": ""11:00"", ""crosses_midnight"": false}], ""last_admission"": null}], ""warnings"": [], ""availability"": ""scheduled"", ""closure_rules"": [], ""assumption_reason"": null}",parsed,operating-hours-1.2.0,"2025-09-19 07:46:30+00","2026-08-09 02:40:01.200497+00","2026-08-08 05:25:57.108297+00","2026-08-09 02:40:01.200497+00",success,,t,,,ff209a47-72a7-46d0-b190-0a427a9afb0a,"2026-07-23 17:11:41.150397+00","2026-08-09 02:40:01.768207+00",가능,,,,,,,,,,
232218,39,궁나라냉면묵밥,"서울특별시 종로구 지봉로12길 6",37.5769092675,127.0158673219,11,110,FD,FD01,FD010100,10:00~20:00,"설·추석 연휴","{""rules"": [{""months"": null, ""weekdays"": null, ""source_text"": ""10:00~20:00"", ""time_ranges"": [{""end"": ""20:00"", ""start"": ""10:00"", ""crosses_midnight"": false}], ""last_admission"": null}], ""warnings"": [""휴무 문구의 일부 예외를 구조화하지 못했습니다.""], ""availability"": ""scheduled"", ""closure_rules"": [], ""assumption_reason"": null}",partial,operating-hours-1.2.0,"2025-11-24 06:49:33+00","2026-08-09 02:40:01.200497+00","2026-08-08 05:25:57.108297+00","2026-08-09 02:40:01.200497+00",success,,t,,,ff209a47-72a7-46d0-b190-0a427a9afb0a,"2026-07-23 17:11:40.721834+00","2026-08-09 02:40:01.768207+00",가능,,,,,,,,,,
232225,39,양반댁,"서울특별시 종로구 인사동길 19-18",37.5722481591,126.9858590773,11,110,FD,FD01,FD010100,"11:30~21:00 (주중 브레이크타임 15:00~17:00 / 라스트오더 20:00)",연중무휴,"{""rules"": [{""months"": null, ""weekdays"": null, ""source_text"": ""11:30~21:00 (주중 브레이크타임 15:00~17:00 / 라스트오더 20:00)"", ""time_ranges"": [{""end"": ""21:00"", ""start"": ""11:30"", ""crosses_midnight"": false}, {""end"": ""17:00"", ""start"": ""15:00"", ""crosses_midnight"": false}], ""last_admission"": null}], ""warnings"": [], ""availability"": ""scheduled"", ""closure_rules"": [], ""assumption_reason"": null}",parsed,operating-hours-1.2.0,"2024-09-30 04:13:40+00","2026-08-09 02:40:01.200497+00","2026-08-08 05:25:57.108297+00","2026-08-09 02:40:01.200497+00",success,,t,,,ff209a47-72a7-46d0-b190-0a427a9afb0a,"2026-07-23 17:11:41.150397+00","2026-08-09 02:40:01.768207+00",불가,,,,,,,,,,
2367770,39,계림식당,"서울특별시 종로구 돈화문로4길 39",37.5701624455,126.9945027934,11,110,FD,FD01,FD010100,"- 11:30~21:45<br>- 준비시간 15:30~16:30<br>- 마지막 주문 20:30","매주 일요일","{""rules"": [{""months"": null, ""weekdays"": null, ""source_text"": ""- 11:30~21:45"", ""time_ranges"": [{""end"": ""21:45"", ""start"": ""11:30"", ""crosses_midnight"": false}], ""last_admission"": null}, {""months"": null, ""weekdays"": null, ""source_text"": ""- 준비시간 15:30~16:30"", ""time_ranges"": [{""end"": ""16:30"", ""start"": ""15:30"", ""crosses_midnight"": false}], ""last_admission"": null}], ""warnings"": [], ""availability"": ""scheduled"", ""closure_rules"": [{""weekdays"": [6], ""source_text"": ""매주 일요일""}], ""assumption_reason"": null}",parsed,operating-hours-1.2.0,"2025-09-22 04:36:33+00","2026-08-09 02:40:01.200497+00","2026-08-08 05:25:57.108297+00","2026-08-09 02:40:01.200497+00",success,,t,,,ff209a47-72a7-46d0-b190-0a427a9afb0a,"2026-07-23 17:11:40.721834+00","2026-08-09 02:40:01.768207+00",불가능,,,,http://tong.visitkorea.or.kr/cms/resource/71/2367771_image2_1.jpg,http://tong.visitkorea.or.kr/cms/resource/71/2367771_image3_1.jpg,,,,,
2373420,12,아띠인력거,"서울특별시 종로구 북촌로5길 43 (화동)",37.5793889366,126.982559176,11,110,EX,EX07,EX070200,10:00~18:00,연중무휴,"{""rules"": [{""months"": null, ""weekdays"": null, ""source_text"": ""10:00~18:00"", ""time_ranges"": [{""end"": ""18:00"", ""start"": ""10:00"", ""crosses_midnight"": false}], ""last_admission"": null}], ""warnings"": [], ""availability"": ""scheduled"", ""closure_rules"": [], ""assumption_reason"": null}",parsed,operating-hours-1.2.0,"2025-04-10 05:23:23+00","2026-08-09 02:40:01.200497+00","2026-08-08 05:25:57.108297+00","2026-08-09 02:40:01.200497+00",success,,t,,,ff209a47-72a7-46d0-b190-0a427a9afb0a,"2026-07-23 17:11:41.150397+00","2026-08-09 02:40:01.768207+00",불가능,,,,http://tong.visitkorea.or.kr/cms/resource/93/3427393_image2_1.jpg,http://tong.visitkorea.or.kr/cms/resource/93/3427393_image3_1.jpg,,,,,
2375858,39,"익선동 그집","서울특별시 종로구 삼일대로30길 34-4",37.574021209039,126.989442386788,11,110,FD,FD01,FD010100,11:00~21:30,연중무휴,"{""rules"": [{""months"": null, ""weekdays"": null, ""source_text"": ""11:00~21:30"", ""time_ranges"": [{""end"": ""21:30"", ""start"": ""11:00"", ""crosses_midnight"": false}], ""last_admission"": null}], ""warnings"": [], ""availability"": ""scheduled"", ""closure_rules"": [], ""assumption_reason"": null}",parsed,operating-hours-1.2.0,"2026-02-09 06:01:08+00","2026-08-09 02:40:01.200497+00","2026-08-08 05:25:57.108297+00","2026-08-09 02:40:01.200497+00",success,,t,,,ff209a47-72a7-46d0-b190-0a427a9afb0a,"2026-07-23 17:11:41.225101+00","2026-08-09 02:40:01.768207+00",가능,,,,,,,,,,
2383723,25,"태조 이성계, 조선을 건국하고 종묘와 사직을 세우다",,37.5756752063,126.9673551116,11,110,C01,C0113,C01130001,,,"{""rules"": [], ""warnings"": [""여행코스의 운영시간 누락을 24시간 이용 가능으로 가정했습니다.""], ""availability"": ""all_day"", ""closure_rules"": [], ""assumption_reason"": ""course_without_operating_hours""}",assumed,operating-hours-1.0.0,"2025-05-20 01:55:06+00","2026-07-23 17:16:48.538813+00","2026-07-23 17:16:48.538813+00","2026-07-23 17:16:48.538813+00",empty,,f,missing_from_source,"2026-07-29 10:28:28.906487+00",9fe817b4-a60d-4ea0-8f88-0623954b32f0,"2026-07-23 17:11:41.371579+00","2026-07-29 10:28:29.019834+00",,,,,,,,,,,
2389009,39,학림,"서울특별시 종로구 대학로 119 2층",37.5818538081918,127.001652082882,11,110,FD,FD05,FD050100,"10:00~23:00 (마지막 주문 22:00)",설·추석,"{""rules"": [{""months"": null, ""weekdays"": null, ""source_text"": ""10:00~23:00 (마지막 주문 22:00)"", ""time_ranges"": [{""end"": ""23:00"", ""start"": ""10:00"", ""crosses_midnight"": false}], ""last_admission"": null}], ""warnings"": [""휴무 문구의 일부 예외를 구조화하지 못했습니다.""], ""availability"": ""scheduled"", ""closure_rules"": [], ""assumption_reason"": null}",partial,operating-hours-1.2.0,"2026-03-13 07:48:54+00","2026-08-09 02:40:01.200497+00","2026-08-08 05:25:57.108297+00","2026-08-09 02:40:01.200497+00",success,,t,,,ff209a47-72a7-46d0-b190-0a427a9afb0a,"2026-07-23 17:11:41.371579+00","2026-08-09 02:40:01.768207+00",불가능,,,,https://tong.visitkorea.or.kr/cms/resource/30/4009330_image2_1.jpg,https://tong.visitkorea.or.kr/cms/resource/30/4009330_image3_1.jpg,,,,,
2390314,12,"한복남 경복궁점","서울특별시 종로구 사직로 133-5",37.5762891312,126.9733212169,11,110,EX,EX01,EX010100,"09:00~19:00 (입장 마감 18:30)",연중무휴,"{""rules"": [{""months"": null, ""weekdays"": null, ""source_text"": ""09:00~19:00 (입장 마감 18:30)"", ""time_ranges"": [{""end"": ""19:00"", ""start"": ""09:00"", ""crosses_midnight"": false}], ""last_admission"": ""18:30""}], ""warnings"": [], ""availability"": ""scheduled"", ""closure_rules"": [], ""assumption_reason"": null}",parsed,operating-hours-1.2.0,"2025-10-22 23:57:55+00","2026-08-09 02:40:01.200497+00","2026-08-08 05:25:57.108297+00","2026-08-09 02:40:01.200497+00",success,,t,,,ff209a47-72a7-46d0-b190-0a427a9afb0a,"2026-07-23 17:11:41.371579+00","2026-08-09 02:40:01.768207+00",불가능,,,,http://tong.visitkorea.or.kr/cms/resource/80/3553780_image2_1.JPG,http://tong.visitkorea.or.kr/cms/resource/80/3553780_image3_1.JPG,,,,,
2390486,25,"세련됨에 깃든 촌스러움이 정겹다. 부암동",,37.5927259859,126.9664408229,11,110,C01,C0115,C01150001,,,"{""rules"": [], ""warnings"": [""여행코스의 운영시간 누락을 24시간 이용 가능으로 가정했습니다.""], ""availability"": ""all_day"", ""closure_rules"": [], ""assumption_reason"": ""course_without_operating_hours""}",assumed,operating-hours-1.0.0,"2023-08-10 07:45:58+00","2026-07-23 17:16:48.538813+00","2026-07-23 17:16:48.538813+00","2026-07-23 17:16:48.538813+00",empty,,f,missing_from_source,"2026-07-29 10:28:28.906487+00",9fe817b4-a60d-4ea0-8f88-0623954b32f0,"2026-07-23 17:11:40.955853+00","2026-07-29 10:28:29.019834+00",,,,,,,,,,,
2390748,14,전통주갤러리,"서울특별시 종로구 북촌로 18",37.5784557709,126.9858672342,11,110,VE,VE07,VE070300,10:00~19:00,,"{""rules"": [{""months"": null, ""weekdays"": null, ""source_text"": ""10:00~19:00"", ""time_ranges"": [{""end"": ""19:00"", ""start"": ""10:00"", ""crosses_midnight"": false}], ""last_admission"": null}], ""warnings"": [], ""availability"": ""scheduled"", ""closure_rules"": [], ""assumption_reason"": null}",parsed,operating-hours-1.2.0,"2025-07-29 07:36:08+00","2026-08-09 02:40:01.200497+00","2026-08-08 05:25:57.108297+00","2026-08-09 02:40:01.200497+00",success,,t,,,ff209a47-72a7-46d0-b190-0a427a9afb0a,"2026-07-23 17:11:41.296349+00","2026-08-09 02:40:01.768207+00",,,,,http://tong.visitkorea.or.kr/cms/resource/22/3400422_image2_1.JPG,http://tong.visitkorea.or.kr/cms/resource/22/3400422_image3_1.JPG,,,,,
2392535,12,"다이나믹 메이즈 인사동","서울특별시 종로구 인사동길 12 (인사동) 지하 1층",37.5719398862,126.9872367386,11,110,VE,VE02,VE020100,"10:00~18:00 (입장마감 17:00)",연중무휴,"{""rules"": [{""months"": null, ""weekdays"": null, ""source_text"": ""10:00~18:00 (입장마감 17:00)"", ""time_ranges"": [{""end"": ""18:00"", ""start"": ""10:00"", ""crosses_midnight"": false}], ""last_admission"": ""17:00""}], ""warnings"": [], ""availability"": ""scheduled"", ""closure_rules"": [], ""assumption_reason"": null}",parsed,operating-hours-1.2.0,"2025-09-18 04:50:09+00","2026-08-09 02:40:01.200497+00","2026-08-08 05:25:57.108297+00","2026-08-09 02:40:01.200497+00",success,,t,,,ff209a47-72a7-46d0-b190-0a427a9afb0a,"2026-07-23 17:11:40.808988+00","2026-08-09 02:40:01.768207+00",가능,,,,http://tong.visitkorea.or.kr/cms/resource/94/3540794_image2_1.jpg,http://tong.visitkorea.or.kr/cms/resource/94/3540794_image3_1.jpg,,,,,
2405329,15,종로K축제,"서울특별시 종로구 세종대로 지하172 (세종로) 광화문광장",37.5716786179,126.9767821434,11,110,EV,EV01,EV010400,10:00~20:00,,"{""rules"": [{""months"": null, ""weekdays"": null, ""source_text"": ""10:00~20:00"", ""time_ranges"": [{""end"": ""20:00"", ""start"": ""10:00"", ""crosses_midnight"": false}], ""last_admission"": null}], ""warnings"": [], ""availability"": ""scheduled"", ""closure_rules"": [], ""assumption_reason"": null}",parsed,operating-hours-1.2.0,"2025-11-10 01:58:44+00","2026-08-09 02:40:01.200497+00","2026-08-08 05:25:57.108297+00","2026-08-09 02:40:01.200497+00",success,,t,,,ff209a47-72a7-46d0-b190-0a427a9afb0a,"2026-07-23 17:11:41.296349+00","2026-08-09 02:40:01.768207+00",,,무료,,http://tong.visitkorea.or.kr/cms/resource/64/3563664_image2_1.jpg,http://tong.visitkorea.or.kr/cms/resource/64/3563664_image3_1.jpg,,,,,
2438221,39,서촌돌솥,"서울특별시 종로구 자하문로 33-1",37.5788369583244,126.971188474872,11,110,FD,FD01,FD010100,"- 월요일~금요일 11:00~20:00- 토요일~일요일 11:00~21:00","연중무휴※ 설·추석 연휴 휴무 가능성 있으므로 방문 전 전화 문의 요망","{""rules"": [{""months"": null, ""weekdays"": [0, 1, 2, 3, 4], ""source_text"": "" 11:00~20:00- "", ""time_ranges"": [{""end"": ""20:00"", ""start"": ""11:00"", ""crosses_midnight"": false}], ""last_admission"": null}, {""months"": null, ""weekdays"": [5, 6], ""source_text"": "" 11:00~21:00"", ""time_ranges"": [{""end"": ""21:00"", ""start"": ""11:00"", ""crosses_midnight"": false}], ""last_admission"": null}], ""warnings"": [""휴무 문구의 일부 예외를 구조화하지 못했습니다.""], ""availability"": ""scheduled"", ""closure_rules"": [], ""assumption_reason"": null}",partial,operating-hours-1.2.0,"2026-02-10 23:10:09+00","2026-08-09 02:40:01.200497+00","2026-08-08 05:25:57.108297+00","2026-08-09 02:40:01.200497+00",success,,t,,,ff209a47-72a7-46d0-b190-0a427a9afb0a,"2026-07-23 17:11:40.955853+00","2026-08-09 02:40:01.768207+00",불가능,,,,,,,,,,
2438867,39,대성집,"서울특별시 종로구 사직로 5",37.5726847449121,126.960900765386,11,110,FD,FD01,FD010100,"[월요일~금요일]-10:30~20:00- 점심 마지막 주문 14:30- 준비시간 15:00~17:00- 저녁 마지막 주문 19:30[토요일]- 10:30~19:30- 점심 마지막 주문 14:00- 준비시간 14:30~17:00- 저녁 마지막 주문 18:30※ 재료 소진 시 조기 마감","매주 일요일","{""rules"": [{""months"": null, ""weekdays"": [0, 1, 2, 3, 4], ""source_text"": ""]-10:30~20:00- 점심 마지막 주문 14:30- 준비시간 15:00~17:00- 저녁 마지막 주문 19:30["", ""time_ranges"": [{""end"": ""20:00"", ""start"": ""10:30"", ""crosses_midnight"": false}, {""end"": ""17:00"", ""start"": ""15:00"", ""crosses_midnight"": false}], ""last_admission"": null}, {""months"": null, ""weekdays"": [5], ""source_text"": ""]- 10:30~19:30- 점심 마지막 주문 14:00- 준비시간 14:30~17:00- 저녁 마지막 주문 18:30※ 재료 소진 시 조기 마감"", ""time_ranges"": [{""end"": ""19:30"", ""start"": ""10:30"", ""crosses_midnight"": false}, {""end"": ""17:00"", ""start"": ""14:30"", ""crosses_midnight"": false}], ""last_admission"": null}], ""warnings"": [], ""availability"": ""scheduled"", ""closure_rules"": [{""weekdays"": [6], ""source_text"": ""매주 일요일""}], ""assumption_reason"": null}",parsed,operating-hours-1.2.0,"2026-03-13 07:50:04+00","2026-08-09 02:40:01.200497+00","2026-08-08 05:25:57.108297+00","2026-08-09 02:40:01.200497+00",success,,t,,,ff209a47-72a7-46d0-b190-0a427a9afb0a,"2026-07-23 17:11:40.808988+00","2026-08-09 02:40:01.768207+00",가능,,,,,,,,,,
2439096,39,"부산식당 (외국어사이트용)","서울특별시 종로구 인사동11길 12",37.5738739061067,126.983987367667,11,110,FD,FD01,FD010100,11:30-22:00,"11:30-22:00 (라스트오더 20:30) / 일요일 휴무 / 설날, 추석 휴무","{""rules"": [{""months"": null, ""weekdays"": null, ""source_text"": ""11:30-22:00"", ""time_ranges"": [{""end"": ""22:00"", ""start"": ""11:30"", ""crosses_midnight"": false}], ""last_admission"": null}], ""warnings"": [""휴무 문구의 일부 예외를 구조화하지 못했습니다.""], ""availability"": ""scheduled"", ""closure_rules"": [], ""assumption_reason"": null}",partial,operating-hours-1.2.0,"2026-03-09 00:36:31+00","2026-08-09 02:40:01.200497+00","2026-08-08 05:25:57.108297+00","2026-08-09 02:40:01.200497+00",success,,t,,,ff209a47-72a7-46d0-b190-0a427a9afb0a,"2026-07-23 17:11:40.882874+00","2026-08-09 02:40:01.768207+00",,,,,https://tong.visitkorea.or.kr/cms/resource/59/2478159_image2_1.jpg,https://tong.visitkorea.or.kr/cms/resource/59/2478159_image3_1.jpg,,,,,
2445728,14,북촌박물관,"서울특별시 종로구 북촌로 39 (가회동)",37.5803844517618,126.984851608175,11,110,VE,VE07,VE070100,10:00~18:00,"매주 일요일~월요일 / 설·추석 연휴","{""rules"": [{""months"": null, ""weekdays"": null, ""source_text"": ""10:00~18:00"", ""time_ranges"": [{""end"": ""18:00"", ""start"": ""10:00"", ""crosses_midnight"": false}], ""last_admission"": null}], ""warnings"": [], ""availability"": ""scheduled"", ""closure_rules"": [{""weekdays"": [0, 6], ""source_text"": ""매주 일요일~월요일 / 설·추석 연휴""}], ""assumption_reason"": null}",parsed,operating-hours-1.2.0,"2026-02-06 05:10:03+00","2026-08-09 02:40:01.200497+00","2026-08-08 05:25:57.108297+00","2026-08-09 02:40:01.200497+00",success,,t,,,ff209a47-72a7-46d0-b190-0a427a9afb0a,"2026-07-23 17:11:40.882874+00","2026-08-09 02:40:01.768207+00",,,"- 성인 3,000원- 청소년 / 65세 이상 2,000원- 국가유공자 / 장애인 1,500원※ 무료 : 미취학 아동",,https://tong.visitkorea.or.kr/cms/resource/16/3303716_image2_1.jpg,https://tong.visitkorea.or.kr/cms/resource/16/3303716_image3_1.jpg,,,,,
2455084,12,생명보험교육문화센터,"서울특별시 종로구 새문안로5길 31 (도렴동) 3층",37.572976495,126.9743513025,11,110,EX,EX06,EX061000,"- 1회차 10:00~12:00 - 2회차 13:00~15:00 - 3회차 15:30~17:00 ※ 자세한 사항은 홈페이지 참조 또는 전화 문의 요망","매주 토요일~일요일 / 법정공휴일","{""rules"": [{""months"": null, ""weekdays"": null, ""source_text"": ""- 1회차 10:00~12:00 - 2회차 13:00~15:00 - 3회차 15:30~17:00 ※ 자세한 사항은 홈페이지 참조 또는 전화 문의 요망"", ""time_ranges"": [{""end"": ""12:00"", ""start"": ""10:00"", ""crosses_midnight"": false}, {""end"": ""15:00"", ""start"": ""13:00"", ""crosses_midnight"": false}, {""end"": ""17:00"", ""start"": ""15:30"", ""crosses_midnight"": false}], ""last_admission"": null}], ""warnings"": [""휴무 문구의 일부 예외를 구조화하지 못했습니다.""], ""availability"": ""scheduled"", ""closure_rules"": [{""weekdays"": [5, 6], ""source_text"": ""매주 토요일~일요일 / 법정공휴일""}], ""assumption_reason"": null}",partial,operating-hours-1.2.0,"2026-08-05 07:39:31+00","2026-08-09 02:40:01.200497+00","2026-08-08 05:25:57.108297+00","2026-08-09 02:40:01.200497+00",success,,t,,,ff209a47-72a7-46d0-b190-0a427a9afb0a,"2026-07-23 17:11:40.955853+00","2026-08-09 02:40:01.768207+00",가능,,,,https://tong.visitkorea.or.kr/cms/resource/54/4096254_image2_1.jpg,https://tong.visitkorea.or.kr/cms/resource/54/4096254_image3_1.jpg,,,,,
2465879,32,서촌게스트하우스,"서울특별시 종로구 자하문로7길 28-3 (통인동)",37.5790369238953,126.970632967818,11,110,AC,AC03,AC030200,15:00,,"{""rules"": [], ""warnings"": [""운영시간을 구조화하지 못했습니다.""], ""availability"": ""unknown"", ""closure_rules"": [], ""assumption_reason"": null}",partial,operating-hours-1.0.0,"2026-04-21 06:02:01+00","2026-07-23 17:16:48.538813+00","2026-07-23 17:16:48.538813+00","2026-07-23 17:16:48.538813+00",success,,f,missing_from_source,"2026-07-29 10:28:28.906487+00",9fe817b4-a60d-4ea0-8f88-0623954b32f0,"2026-07-23 17:11:40.955853+00","2026-07-29 10:28:29.019834+00",,,,,,,,,,,
2465890,32,시은재,"서울특별시 종로구 삼일대로 439",37.5737035704,126.9872477984,11,110,AC,AC03,AC030200,15:00,,"{""rules"": [], ""warnings"": [""운영시간을 구조화하지 못했습니다.""], ""availability"": ""unknown"", ""closure_rules"": [], ""assumption_reason"": null}",partial,operating-hours-1.2.0,"2024-12-22 08:48:44+00","2026-08-09 02:40:01.200497+00","2026-08-08 05:25:57.108297+00","2026-08-09 02:40:01.200497+00",success,,t,,,ff209a47-72a7-46d0-b190-0a427a9afb0a,"2026-07-23 17:11:41.150397+00","2026-08-09 02:40:01.768207+00",불가,,,,http://tong.visitkorea.or.kr/cms/resource/51/2447351_image2_1.jpg,http://tong.visitkorea.or.kr/cms/resource/51/2447351_image3_1.jpg,,,,,
2469662,14,서울돈화문국악당,"서울특별시 종로구 율곡로 102 (와룡동)",37.5772994683999,126.990643086384,11,110,VE,VE06,VE060100,"09:00~18:00※ 공연 여부에 따라 운영시간 상이","매주 월요일","{""rules"": [{""months"": null, ""weekdays"": null, ""source_text"": ""09:00~18:00※ 공연 여부에 따라 운영시간 상이"", ""time_ranges"": [{""end"": ""18:00"", ""start"": ""09:00"", ""crosses_midnight"": false}], ""last_admission"": null}], ""warnings"": [], ""availability"": ""scheduled"", ""closure_rules"": [{""weekdays"": [0], ""source_text"": ""매주 월요일""}], ""assumption_reason"": null}",parsed,operating-hours-1.2.0,"2026-03-19 08:28:37+00","2026-08-09 02:40:01.200497+00","2026-08-08 05:25:57.108297+00","2026-08-09 02:40:01.200497+00",success,,t,,,ff209a47-72a7-46d0-b190-0a427a9afb0a,"2026-07-23 17:11:40.955853+00","2026-08-09 02:40:01.768207+00",,,"공연 별로 상이",,https://tong.visitkorea.or.kr/cms/resource/02/3498902_image2_1.jpg,https://tong.visitkorea.or.kr/cms/resource/02/3498902_image3_1.jpg,,,,,
2469939,12,"뮤지엄 김치간","서울특별시 종로구 인사동길 35-4 (관훈동) 인사동마루 본관 4~6층",37.5735538713881,126.984865107062,11,110,EX,EX06,EX061000,"10:00~18:00 (마지막 입장 17:30)","매주 월요일 / 1월 1일 / 설·추석 연휴 / 12월 25일","{""rules"": [{""months"": null, ""weekdays"": null, ""source_text"": ""10:00~18:00 (마지막 입장 17:30)"", ""time_ranges"": [{""end"": ""18:00"", ""start"": ""10:00"", ""crosses_midnight"": false}], ""last_admission"": ""17:30""}], ""warnings"": [], ""availability"": ""scheduled"", ""closure_rules"": [{""weekdays"": [0], ""source_text"": ""매주 월요일 / 1월 1일 / 설·추석 연휴 / 12월 25일""}], ""assumption_reason"": null}",parsed,operating-hours-1.2.0,"2026-03-19 08:30:44+00","2026-08-09 02:40:01.200497+00","2026-08-08 05:25:57.108297+00","2026-08-09 02:40:01.200497+00",success,,t,,,ff209a47-72a7-46d0-b190-0a427a9afb0a,"2026-07-23 17:11:40.882874+00","2026-08-09 02:40:01.768207+00",불가능,,,,https://tong.visitkorea.or.kr/cms/resource/76/3499176_image2_1.jpg,https://tong.visitkorea.or.kr/cms/resource/76/3499176_image3_1.jpg,,,,,
2481866,12,백인제가옥,"서울특별시 종로구 북촌로7길 16 (가회동)",37.5804693948,126.9841423343,11,110,HS,HS01,HS010400,"09:00~18:00 (입장마감 17:30)","매주 월요일 / 1월 1일<br>※ 단, 월요일이 공휴일인 경우 개관","{""rules"": [{""months"": null, ""weekdays"": null, ""source_text"": ""09:00~18:00 (입장마감 17:30)"", ""time_ranges"": [{""end"": ""18:00"", ""start"": ""09:00"", ""crosses_midnight"": false}], ""last_admission"": ""17:30""}], ""warnings"": [""휴무 문구의 일부 예외를 구조화하지 못했습니다.""], ""availability"": ""scheduled"", ""closure_rules"": [{""weekdays"": [0], ""source_text"": ""매주 월요일 / 1월 1일""}], ""assumption_reason"": null}",partial,operating-hours-1.2.0,"2025-10-24 00:57:41+00","2026-08-09 02:40:01.200497+00","2026-08-08 05:25:57.108297+00","2026-08-09 02:40:01.200497+00",success,,t,,,ff209a47-72a7-46d0-b190-0a427a9afb0a,"2026-07-23 17:11:40.882874+00","2026-08-09 02:40:01.768207+00",불가능,,,,http://tong.visitkorea.or.kr/cms/resource/92/3096392_image2_1.jpg,http://tong.visitkorea.or.kr/cms/resource/92/3096392_image3_1.jpg,,,,,
2489908,32,풍경,"서울특별시 종로구 성균관로 32-6 (명륜2가)",37.5855921607345,126.997207965208,11,110,AC,AC03,AC030200,11:00,,"{""rules"": [], ""warnings"": [""운영시간을 구조화하지 못했습니다.""], ""availability"": ""unknown"", ""closure_rules"": [], ""assumption_reason"": null}",partial,operating-hours-1.0.0,"2026-04-21 06:22:44+00","2026-07-23 17:16:48.538813+00","2026-07-23 17:16:48.538813+00","2026-07-23 17:16:48.538813+00",success,,f,missing_from_source,"2026-07-29 10:28:28.906487+00",9fe817b4-a60d-4ea0-8f88-0623954b32f0,"2026-07-23 17:11:41.371579+00","2026-07-29 10:28:29.019834+00",,,,,,,,,,,
2498434,38,청하고려인삼,"서울특별시 종로구 자하문로 280 청하빌딩",37.5986482589315,126.961680503986,11,110,SH,SH05,SH050200,8:30-17:30,연중무휴,"{""rules"": [{""months"": null, ""weekdays"": null, ""source_text"": ""8:30-17:30"", ""time_ranges"": [{""end"": ""17:30"", ""start"": ""08:30"", ""crosses_midnight"": false}], ""last_admission"": null}], ""warnings"": [], ""availability"": ""scheduled"", ""closure_rules"": [], ""assumption_reason"": null}",parsed,operating-hours-1.0.0,"2026-04-21 07:00:48+00","2026-07-23 17:16:48.538813+00","2026-07-23 17:16:48.538813+00","2026-07-23 17:16:48.538813+00",success,,f,missing_from_source,"2026-07-29 10:28:28.906487+00",9fe817b4-a60d-4ea0-8f88-0623954b32f0,"2026-07-23 17:11:41.371579+00","2026-07-29 10:28:29.019834+00",,,,,,,,,,,
250134,12,율곡로,"서울특별시 종로구 율곡로 (원남동) 일대",37.5769838749,126.9944914897,11,110,HS,HS01,HS011200,"상시 개방",연중무휴,"{""rules"": [], ""warnings"": [], ""availability"": ""all_day"", ""closure_rules"": [], ""assumption_reason"": ""always_open_text""}",parsed,operating-hours-1.2.0,"2025-12-01 06:33:11+00","2026-08-09 02:40:01.200497+00","2026-08-08 05:25:57.108297+00","2026-08-09 02:40:01.200497+00",success,,t,,,ff209a47-72a7-46d0-b190-0a427a9afb0a,"2026-07-23 17:11:41.225101+00","2026-08-09 02:40:01.768207+00",,,,,http://tong.visitkorea.or.kr/cms/resource/06/3568306_image2_1.jpg,http://tong.visitkorea.or.kr/cms/resource/06/3568306_image3_1.jpg,,,,,
250147,12,삼청동거리,"서울특별시 종로구 삼청로 156 (삼청동)",37.5888743566274,126.982805182771,11,110,VE,VE04,VE040100,"상시 개방",연중무휴,"{""rules"": [], ""warnings"": [], ""availability"": ""all_day"", ""closure_rules"": [], ""assumption_reason"": ""always_open_text""}",parsed,operating-hours-1.2.0,"2026-03-09 06:40:33+00","2026-08-09 02:40:01.200497+00","2026-08-08 05:25:57.108297+00","2026-08-09 02:40:01.200497+00",success,,t,,,ff209a47-72a7-46d0-b190-0a427a9afb0a,"2026-07-23 17:11:40.955853+00","2026-08-09 02:40:01.768207+00",불가능,,,,https://tong.visitkorea.or.kr/cms/resource/82/3498982_image2_1.jpg,https://tong.visitkorea.or.kr/cms/resource/82/3498982_image3_1.jpg,,,,,
250323,12,"천도교 중앙대교당","서울특별시 종로구 삼일대로 457 (경운동)",37.575209004651,126.986510933574,11,110,HS,HS03,HS030400,"상시 개방",연중무휴,"{""rules"": [], ""warnings"": [], ""availability"": ""all_day"", ""closure_rules"": [], ""assumption_reason"": ""always_open_text""}",parsed,operating-hours-1.2.0,"2026-06-01 02:20:17+00","2026-08-09 02:40:01.200497+00","2026-08-08 05:25:57.108297+00","2026-08-09 02:40:01.200497+00",success,,t,,,ff209a47-72a7-46d0-b190-0a427a9afb0a,"2026-07-23 17:11:41.296349+00","2026-08-09 02:40:01.768207+00",가능,,,,https://tong.visitkorea.or.kr/cms/resource/64/4056564_image2_1.jpg,https://tong.visitkorea.or.kr/cms/resource/64/4056564_image3_1.jpg,,,,,
250338,12,"서울 관상감 관천대","서울특별시 종로구 원서동",37.5777762178,126.9880090992,11,110,HS,HS01,HS011200,"상시 개방",연중무휴,"{""rules"": [], ""warnings"": [], ""availability"": ""all_day"", ""closure_rules"": [], ""assumption_reason"": ""always_open_text""}",parsed,operating-hours-1.2.0,"2026-07-28 07:45:06+00","2026-08-09 02:40:01.200497+00","2026-08-08 05:25:57.108297+00","2026-08-09 02:40:01.200497+00",success,,t,,,ff209a47-72a7-46d0-b190-0a427a9afb0a,"2026-07-23 17:11:40.955853+00","2026-08-09 02:40:01.768207+00",불가능,,,,https://tong.visitkorea.or.kr/cms/resource/09/4093809_image2_1.jpg,https://tong.visitkorea.or.kr/cms/resource/09/4093809_image3_1.jpg,,,,,
250358,12,"서울 우정총국","서울특별시 종로구 우정국로 59 (견지동)",37.5744228499,126.9827287456,11,110,HS,HS01,HS011100,"상시 개방",연중무휴,"{""rules"": [], ""warnings"": [], ""availability"": ""all_day"", ""closure_rules"": [], ""assumption_reason"": ""always_open_text""}",parsed,operating-hours-1.2.0,"2025-03-13 08:43:16+00","2026-08-09 02:40:01.200497+00","2026-08-08 05:25:57.108297+00","2026-08-09 02:40:01.200497+00",success,,t,,,ff209a47-72a7-46d0-b190-0a427a9afb0a,"2026-07-23 17:11:40.955853+00","2026-08-09 02:40:01.768207+00",불가능,,,,,,,,,,
2505619,38,"디타워 광화문","서울특별시 종로구 종로3길 17 (청진동)",37.5710481741,126.9789291877,11,110,SH,SH05,SH050200,"매장 별로 상이함","매장 별로 상이함","{""rules"": [], ""warnings"": [""운영시간을 구조화하지 못했습니다.""], ""availability"": ""unknown"", ""closure_rules"": [], ""assumption_reason"": null}",partial,operating-hours-1.2.0,"2025-11-27 08:38:25+00","2026-08-09 02:40:01.200497+00","2026-08-08 05:25:57.108297+00","2026-08-09 02:40:01.200497+00",success,,t,,,ff209a47-72a7-46d0-b190-0a427a9afb0a,"2026-07-23 17:11:40.808988+00","2026-08-09 02:40:01.768207+00","가능<br>요금 (매장 이용 시 2시간 무료 / 2시간 이후 10분당 1,000원)",,,,http://tong.visitkorea.or.kr/cms/resource/06/3573106_image2_1.jpg,http://tong.visitkorea.or.kr/cms/resource/06/3573106_image3_1.jpg,,,,,
2511228,15,자문밖문화축제,"서울특별시 종로구 평창31길 5 (평창동) 자문밖문화포럼",37.6119989089,126.97558111,11,110,EV,EV01,EV010600,"10:00~18:00 (프로그램별 상이)",,"{""rules"": [{""months"": null, ""weekdays"": null, ""source_text"": ""10:00~18:00 (프로그램별 상이)"", ""time_ranges"": [{""end"": ""18:00"", ""start"": ""10:00"", ""crosses_midnight"": false}], ""last_admission"": null}], ""warnings"": [], ""availability"": ""scheduled"", ""closure_rules"": [], ""assumption_reason"": null}",parsed,operating-hours-1.0.0,"2025-09-17 00:24:25+00","2026-08-04 06:12:03.917897+00","2026-07-23 17:16:48.538813+00","2026-08-04 06:12:03.917897+00",success,,f,missing_from_source,"2026-08-08 05:27:49.743671+00",b1caf7c2-a244-4122-9630-e7af6c12c61a,"2026-07-23 17:11:41.296349+00","2026-08-08 05:27:49.88878+00",,,,,,,,,,,
252529,12,중앙고등학교,"서울특별시 종로구 창덕궁길 164",37.5841440162,126.986850317,11,110,HS,HS01,HS011100,,,"{""rules"": [], ""warnings"": [], ""availability"": ""unknown"", ""closure_rules"": [], ""assumption_reason"": null}",unknown,operating-hours-1.2.0,"2025-11-25 06:08:29+00","2026-08-09 02:40:01.200497+00","2026-08-08 05:25:57.108297+00","2026-08-09 02:40:01.200497+00",empty,,t,,,ff209a47-72a7-46d0-b190-0a427a9afb0a,"2026-07-23 17:11:41.296349+00","2026-08-09 02:40:01.768207+00",불가능,,,,http://tong.visitkorea.or.kr/cms/resource/11/3573511_image2_1.jpg,http://tong.visitkorea.or.kr/cms/resource/11/3573511_image3_1.jpg,,,,,
252547,12,"창의문(자하문)","서울특별시 종로구 창의문로 118 (부암동)",37.5926565508,126.966510263,11,110,HS,HS01,HS010300,"[3월~4월] 07:00~18:00<br>
[5월~8월] 07:00~19:00<br>
[9월~10월] 07:00~18:00<br>
[11월~2월] 09:00~17:00",연중무휴,"{""rules"": [{""months"": [3, 4], ""weekdays"": null, ""source_text"": "" 07:00~18:00"", ""time_ranges"": [{""end"": ""18:00"", ""start"": ""07:00"", ""crosses_midnight"": false}], ""last_admission"": null}, {""months"": [5, 6, 7, 8], ""weekdays"": null, ""source_text"": "" 07:00~19:00"", ""time_ranges"": [{""end"": ""19:00"", ""start"": ""07:00"", ""crosses_midnight"": false}], ""last_admission"": null}, {""months"": [9, 10], ""weekdays"": null, ""source_text"": "" 07:00~18:00"", ""time_ranges"": [{""end"": ""18:00"", ""start"": ""07:00"", ""crosses_midnight"": false}], ""last_admission"": null}, {""months"": [1, 2, 11, 12], ""weekdays"": null, ""source_text"": "" 09:00~17:00"", ""time_ranges"": [{""end"": ""17:00"", ""start"": ""09:00"", ""crosses_midnight"": false}], ""last_admission"": null}], ""warnings"": [], ""availability"": ""scheduled"", ""closure_rules"": [], ""assumption_reason"": null}",parsed,operating-hours-1.2.0,"2025-03-13 07:27:40+00","2026-08-09 02:40:01.200497+00","2026-08-08 05:25:57.108297+00","2026-08-09 02:40:01.200497+00",success,,t,,,ff209a47-72a7-46d0-b190-0a427a9afb0a,"2026-07-23 17:11:41.296349+00","2026-08-09 02:40:01.768207+00",불가능,,,,http://tong.visitkorea.or.kr/cms/resource/88/3353988_image2_1.jpg,http://tong.visitkorea.or.kr/cms/resource/88/3353988_image3_1.jpg,,,,,
2543919,39,"광화문 세종클럽","서울특별시 종로구 새문안로5가길 7 (내수동)",37.5728256579,126.9740518037,11,110,FD,FD02,FD020500,11:30~24:00,연중무휴,"{""rules"": [{""months"": null, ""weekdays"": null, ""source_text"": ""11:30~24:00"", ""time_ranges"": [{""end"": ""23:59"", ""start"": ""11:30"", ""crosses_midnight"": false}], ""last_admission"": null}], ""warnings"": [], ""availability"": ""scheduled"", ""closure_rules"": [], ""assumption_reason"": null}",parsed,operating-hours-1.2.0,"2025-12-11 00:33:43+00","2026-08-09 02:40:01.200497+00","2026-08-08 05:25:57.108297+00","2026-08-09 02:40:01.200497+00",success,,t,,,ff209a47-72a7-46d0-b190-0a427a9afb0a,"2026-07-23 17:11:40.721834+00","2026-08-09 02:40:01.768207+00",,,,,,,,,,,
2544573,39,광화문한옥집,"서울특별시 종로구 새문안로5가길 7, 지하1층",37.5727155334329,126.973999486365,11,110,FD,FD01,FD010100,"11:30~22:00 (주문 마감 21:00)","연중무휴 (전화문의)","{""rules"": [{""months"": null, ""weekdays"": null, ""source_text"": ""11:30~22:00 (주문 마감 21:00)"", ""time_ranges"": [{""end"": ""22:00"", ""start"": ""11:30"", ""crosses_midnight"": false}], ""last_admission"": null}], ""warnings"": [""휴무 문구의 일부 예외를 구조화하지 못했습니다.""], ""availability"": ""scheduled"", ""closure_rules"": [], ""assumption_reason"": null}",partial,operating-hours-1.2.0,"2026-02-25 06:00:20+00","2026-08-09 02:40:01.200497+00","2026-08-08 05:25:57.108297+00","2026-08-09 02:40:01.200497+00",success,,t,,,ff209a47-72a7-46d0-b190-0a427a9afb0a,"2026-07-23 17:11:40.721834+00","2026-08-09 02:40:01.768207+00",,,,,,,,,,,
2544579,39,금용문,"서울특별시 종로구 새문안로5가길 7 (내수동) 2층",37.5728256579,126.9740518037,11,110,FD,FD02,FD020100,"11:30~22:00 (준비시간 15:00~17:00)",연중무휴,"{""rules"": [{""months"": null, ""weekdays"": null, ""source_text"": ""11:30~22:00 (준비시간 15:00~17:00)"", ""time_ranges"": [{""end"": ""22:00"", ""start"": ""11:30"", ""crosses_midnight"": false}, {""end"": ""17:00"", ""start"": ""15:00"", ""crosses_midnight"": false}], ""last_admission"": null}], ""warnings"": [], ""availability"": ""scheduled"", ""closure_rules"": [], ""assumption_reason"": null}",parsed,operating-hours-1.2.0,"2025-03-11 02:40:14+00","2026-08-09 02:40:01.200497+00","2026-08-08 05:25:57.108297+00","2026-08-09 02:40:01.200497+00",success,,t,,,ff209a47-72a7-46d0-b190-0a427a9afb0a,"2026-07-23 17:11:40.721834+00","2026-08-09 02:40:01.768207+00",가능,,,"※ 종로구청 연계 한복음식점 : 한복입고 방문시 탕수육&짜장면&짬뽕 50%할인
이외 다른메뉴 10%할인 (딤섬 및 음주류 제외)",http://tong.visitkorea.or.kr/cms/resource/54/2544554_image2_1.bmp,http://tong.visitkorea.or.kr/cms/resource/54/2544554_image3_1.bmp,,,,,
2544584,39,일품당프리미엄,"서울특별시 종로구 새문안로5가길 7 세종클럽 3층",37.5727701079,126.9740156982,11,110,FD,FD02,FD020200,"- 11:30~22:00<br>- 준비시간 15:00~17:00<br>- 마지막 주문 21:00",연중무휴,"{""rules"": [{""months"": null, ""weekdays"": null, ""source_text"": ""- 11:30~22:00"", ""time_ranges"": [{""end"": ""22:00"", ""start"": ""11:30"", ""crosses_midnight"": false}], ""last_admission"": null}, {""months"": null, ""weekdays"": null, ""source_text"": ""- 준비시간 15:00~17:00"", ""time_ranges"": [{""end"": ""17:00"", ""start"": ""15:00"", ""crosses_midnight"": false}], ""last_admission"": null}], ""warnings"": [], ""availability"": ""scheduled"", ""closure_rules"": [], ""assumption_reason"": null}",parsed,operating-hours-1.2.0,"2025-10-29 01:03:08+00","2026-08-09 02:40:01.200497+00","2026-08-08 05:25:57.108297+00","2026-08-09 02:40:01.200497+00",success,,t,,,ff209a47-72a7-46d0-b190-0a427a9afb0a,"2026-07-23 17:11:41.296349+00","2026-08-09 02:40:01.768207+00","가능 (양지주차장) <br>요금 (무료)",,,,http://tong.visitkorea.or.kr/cms/resource/57/2544557_image2_1.bmp,http://tong.visitkorea.or.kr/cms/resource/57/2544557_image2_1.bmp,,,,,
2544611,39,이채,"서울특별시 종로구 북촌로 20-21",37.5785955864947,126.985864827446,11,110,FD,FD05,FD050100,"11:00~20:00 (마지막 주문 19:30)",연중무휴,"{""rules"": [{""months"": null, ""weekdays"": null, ""source_text"": ""11:00~20:00 (마지막 주문 19:30)"", ""time_ranges"": [{""end"": ""20:00"", ""start"": ""11:00"", ""crosses_midnight"": false}], ""last_admission"": null}], ""warnings"": [], ""availability"": ""scheduled"", ""closure_rules"": [], ""assumption_reason"": null}",parsed,operating-hours-1.2.0,"2026-03-13 07:56:28+00","2026-08-09 02:40:01.200497+00","2026-08-08 05:25:57.108297+00","2026-08-09 02:40:01.200497+00",success,,t,,,ff209a47-72a7-46d0-b190-0a427a9afb0a,"2026-07-23 17:11:41.225101+00","2026-08-09 02:40:01.768207+00",불가능,,,,https://tong.visitkorea.or.kr/cms/resource/10/4001610_image2_1.jpg,https://tong.visitkorea.or.kr/cms/resource/10/4001610_image3_1.jpg,,,,,
2545174,15,2026젊은안무자창작공연,"서울특별시 종로구 대학로10길 17 동숭동복합건물",37.5820954730452,127.003179704707,11,110,EV,EV02,EV020500,19:30,,"{""rules"": [], ""warnings"": [""운영시간을 구조화하지 못했습니다.""], ""availability"": ""unknown"", ""closure_rules"": [], ""assumption_reason"": null}",partial,operating-hours-1.2.0,"2026-03-13 04:58:16+00","2026-08-09 02:40:01.200497+00","2026-08-08 05:25:57.108297+00","2026-08-09 02:40:01.200497+00",success,,t,,,ff209a47-72a7-46d0-b190-0a427a9afb0a,"2026-07-23 17:11:41.44801+00","2026-08-09 02:40:01.768207+00",,,"균일석 30,000원",,,,,,,,
2545920,14,국립어린이과학관,"서울특별시 종로구 창경궁로 215 (와룡동)",37.5818277974,126.9967994757,11,110,VE,VE07,VE070500,"09:30~17:30 (입장마감 16:30)","매주 월요일 (단, 월요일이 공휴일인 경우 개관하며, 화요일에 대체 휴관)  / 1월 1일 / 설·추석 당일","{""rules"": [{""months"": null, ""weekdays"": null, ""source_text"": ""09:30~17:30 (입장마감 16:30)"", ""time_ranges"": [{""end"": ""17:30"", ""start"": ""09:30"", ""crosses_midnight"": false}], ""last_admission"": ""16:30""}], ""warnings"": [""휴무 문구의 일부 예외를 구조화하지 못했습니다.""], ""availability"": ""scheduled"", ""closure_rules"": [{""weekdays"": [0], ""source_text"": ""매주 월요일 (단, 월요일이 공휴일인 경우 개관하며, 화요일에 대체 휴관) / 1월 1일 / 설·추석 당일""}], ""assumption_reason"": null}",partial,operating-hours-1.2.0,"2025-04-15 01:36:08+00","2026-08-09 02:40:01.200497+00","2026-08-08 05:25:57.108297+00","2026-08-09 02:40:01.200497+00",success,,t,,,ff209a47-72a7-46d0-b190-0a427a9afb0a,"2026-07-23 17:11:40.721834+00","2026-08-09 02:40:01.768207+00",불가능,,"[상설전시관]<br>- 성인 2,000원<br>- 청소년 1,000원<br>- 초등학생 1,000원<br>※ 무료 : 6세 이하 / 우대고객<br><br>[천체투영관]<br>- 성인 1,500원<br>- 청소년 1,000원<br>- 초등학생 1,000원<br>- 유아(4~6세) 1,000원<br>- 우대고객 1,000원<br><br>[4D영상관]<br>- 성인 1,500원<br>- 청소년 1,000원<br>- 초등학생 1,000원<br>- 유아(4~6세) 1,000원<br>- 우대고객 1,000원<br>※ 자세한 사항은 홈페이지 참조",,http://tong.visitkorea.or.kr/cms/resource/12/2545812_image2_1.jpg,http://tong.visitkorea.or.kr/cms/resource/12/2545812_image3_1.jpg,,,,,
2552651,32,메이플레이스,"서울특별시 종로구 율곡로 179 (원남동)",37.5761050075,126.9987461402,11,110,AC,AC01,AC010100,15:00,,"{""rules"": [], ""warnings"": [""운영시간을 구조화하지 못했습니다.""], ""availability"": ""unknown"", ""closure_rules"": [], ""assumption_reason"": null}",partial,operating-hours-1.2.0,"2026-06-11 01:21:58+00","2026-08-09 02:40:01.200497+00","2026-08-08 05:25:57.108297+00","2026-08-09 02:40:01.200497+00",success,,t,,,ff209a47-72a7-46d0-b190-0a427a9afb0a,"2026-07-23 17:11:40.882874+00","2026-08-09 02:40:01.768207+00",불가능,,,,https://tong.visitkorea.or.kr/cms/resource/45/3562645_image2_1.jpg,https://tong.visitkorea.or.kr/cms/resource/45/3562645_image3_1.jpg,,,,,
2553377,14,김달진미술자료박물관,"서울특별시 종로구 홍지문1길 4 (홍지동)",37.600105508,126.9566637277,11,110,VE,VE07,VE070100,"[평일]<br>
- 10:00~17:00<br>
※ 매월 말 마지막 평일은 15시부터 관람 가능<br>
[토요일]<br>
- 10:00~14:00","매주 일요일 / 공휴일","{""rules"": [{""months"": null, ""weekdays"": [0, 1, 2, 3, 4], ""source_text"": ""- 10:00~17:00"", ""time_ranges"": [{""end"": ""17:00"", ""start"": ""10:00"", ""crosses_midnight"": false}], ""last_admission"": null}, {""months"": null, ""weekdays"": [5], ""source_text"": ""- 10:00~14:00"", ""time_ranges"": [{""end"": ""14:00"", ""start"": ""10:00"", ""crosses_midnight"": false}], ""last_admission"": null}], ""warnings"": [""휴무 문구의 일부 예외를 구조화하지 못했습니다.""], ""availability"": ""scheduled"", ""closure_rules"": [{""weekdays"": [6], ""source_text"": ""매주 일요일 / 공휴일""}], ""assumption_reason"": null}",partial,operating-hours-1.2.0,"2025-12-24 07:39:01+00","2026-08-09 02:40:01.200497+00","2026-08-08 05:25:57.108297+00","2026-08-09 02:40:01.200497+00",success,,t,,,ff209a47-72a7-46d0-b190-0a427a9afb0a,"2026-07-23 17:11:40.721834+00","2026-08-09 02:40:01.768207+00","가능<br>요금 (무료)",,무료,,http://tong.visitkorea.or.kr/cms/resource/70/3412170_image2_1.JPG,http://tong.visitkorea.or.kr/cms/resource/70/3412170_image3_1.JPG,,,,,
2553876,12,세운상가,"서울특별시 종로구 청계천로 159 (장사동)",37.5693347773,126.9952555258,11,110,EX,EX06,EX061000,"점포별 상이","점포별 상이","{""rules"": [], ""warnings"": [""운영시간을 구조화하지 못했습니다.""], ""availability"": ""unknown"", ""closure_rules"": [], ""assumption_reason"": null}",partial,operating-hours-1.2.0,"2025-12-16 07:34:27+00","2026-08-09 02:40:01.200497+00","2026-08-08 05:25:57.108297+00","2026-08-09 02:40:01.200497+00",success,,t,,,ff209a47-72a7-46d0-b190-0a427a9afb0a,"2026-07-23 17:11:40.955853+00","2026-08-09 02:40:01.768207+00",가능,,,,http://tong.visitkorea.or.kr/cms/resource/60/3569460_image2_1.jpg,http://tong.visitkorea.or.kr/cms/resource/60/3569460_image3_1.jpg,,,,,
2554142,14,유금와당박물관,"서울특별시 종로구 창의문로11가길 4 (부암동)",37.593767464,126.9626772472,11,110,VE,VE07,VE070100,"화요일~토요일 14:00~17:00<br>
※ 단체교육이 진행 중인 경우 관람에 제한이 있음","매주 일요일~월요일 / 공휴일","{""rules"": [{""months"": null, ""weekdays"": [1, 2, 3, 4, 5], ""source_text"": "" 14:00~17:00"", ""time_ranges"": [{""end"": ""17:00"", ""start"": ""14:00"", ""crosses_midnight"": false}], ""last_admission"": null}], ""warnings"": [""휴무 문구의 일부 예외를 구조화하지 못했습니다.""], ""availability"": ""scheduled"", ""closure_rules"": [{""weekdays"": [0, 6], ""source_text"": ""매주 일요일~월요일 / 공휴일""}], ""assumption_reason"": null}",partial,operating-hours-1.2.0,"2025-03-17 02:00:26+00","2026-08-09 02:40:01.200497+00","2026-08-08 05:25:57.108297+00","2026-08-09 02:40:01.200497+00",success,,t,,,ff209a47-72a7-46d0-b190-0a427a9afb0a,"2026-07-23 17:11:41.225101+00","2026-08-09 02:40:01.768207+00",불가능,,"일반요금 5,000원<br>※ 무료 : 소외계층 / 미취학 아동 / 유금와당박물관 회원(학술, 예술, 기부) / 매월 마지막 주 수요일 ‘문화가 있는 날’","할인요금 3,000원<br>
※ 할인요금 대상자 : 청소년 / 단체 10인이상 / 경로 / 장애인, 지역주민 등",http://tong.visitkorea.or.kr/cms/resource/81/3384781_image2_1.JPG,http://tong.visitkorea.or.kr/cms/resource/81/3384781_image3_1.JPG,,,,,
2554814,15,"정조대왕 능행차 공동재현","서울특별시 종로구 사직로 161 (세종로)",37.5760307,126.9767218661,11,110,EV,EV03,EV030400,08:00~20:00,,"{""rules"": [{""months"": null, ""weekdays"": null, ""source_text"": ""08:00~20:00"", ""time_ranges"": [{""end"": ""20:00"", ""start"": ""08:00"", ""crosses_midnight"": false}], ""last_admission"": null}], ""warnings"": [], ""availability"": ""scheduled"", ""closure_rules"": [], ""assumption_reason"": null}",parsed,operating-hours-1.2.0,"2026-08-04 00:52:46+00","2026-08-09 02:40:01.200497+00","2026-08-08 05:25:57.108297+00","2026-08-09 02:40:01.200497+00",success,,t,,,ff209a47-72a7-46d0-b190-0a427a9afb0a,"2026-07-23 17:11:41.296349+00","2026-08-09 02:40:01.768207+00",,,"무료 (일부 프로그램 참가비 유료)",,https://tong.visitkorea.or.kr/cms/resource/59/4078459_image2_1.png,https://tong.visitkorea.or.kr/cms/resource/59/4078459_image3_1.png,,,,,
2556687,15,"문학주간2026 〈곁눈질〉","서울특별시 종로구 대학로 104 (동숭동)",37.580512461,127.0023742293,11,110,EV,EV03,EV030400,"프로그램 별 상이함",,"{""rules"": [], ""warnings"": [""운영시간을 구조화하지 못했습니다.""], ""availability"": ""unknown"", ""closure_rules"": [], ""assumption_reason"": null}",partial,operating-hours-1.2.0,"2026-08-04 00:53:30+00","2026-08-09 02:40:01.200497+00","2026-08-08 05:25:57.108297+00","2026-08-09 02:40:01.200497+00",success,,t,,,ff209a47-72a7-46d0-b190-0a427a9afb0a,"2026-07-23 17:11:40.882874+00","2026-08-09 02:40:01.768207+00",,,무료,,https://tong.visitkorea.or.kr/cms/resource/65/4081065_image2_1.jpg,https://tong.visitkorea.or.kr/cms/resource/65/4081065_image3_1.jpg,,,,,
2560317,15,"2026 우리 임산물 숲푸드 대축제","서울특별시 종로구 세종대로 175 (세종로)",37.5720098877622,126.976307064718,11,110,EV,EV03,EV030400,"- 5월 13일(수) 12:00~20:00- 5월 14일(목) 10:00~18:00",,"{""rules"": [{""months"": null, ""weekdays"": null, ""source_text"": ""- 5월 13일(수) 12:00~20:00- 5월 14일(목) 10:00~18:00"", ""time_ranges"": [{""end"": ""20:00"", ""start"": ""12:00"", ""crosses_midnight"": false}, {""end"": ""18:00"", ""start"": ""10:00"", ""crosses_midnight"": false}], ""last_admission"": null}], ""warnings"": [], ""availability"": ""scheduled"", ""closure_rules"": [], ""assumption_reason"": null}",parsed,operating-hours-1.2.0,"2026-05-07 05:39:43+00","2026-08-09 02:40:01.200497+00","2026-08-08 05:25:57.108297+00","2026-08-09 02:40:01.200497+00",success,,t,,,ff209a47-72a7-46d0-b190-0a427a9afb0a,"2026-07-23 17:11:41.44801+00","2026-08-09 02:40:01.768207+00",,,무료,,https://tong.visitkorea.or.kr/cms/resource/43/4062743_image2_1.png,https://tong.visitkorea.or.kr/cms/resource/43/4062743_image3_1.png,,,,,
2563182,39,"[백년가게] 선천집","서울특별시 종로구 인사동14길 5 (관훈동)",37.5748617187,126.9844507984,11,110,FD,FD01,FD010100,11:00~21:00,"매주 일요일","{""rules"": [{""months"": null, ""weekdays"": null, ""source_text"": ""11:00~21:00"", ""time_ranges"": [{""end"": ""21:00"", ""start"": ""11:00"", ""crosses_midnight"": false}], ""last_admission"": null}], ""warnings"": [], ""availability"": ""scheduled"", ""closure_rules"": [{""weekdays"": [6], ""source_text"": ""매주 일요일""}], ""assumption_reason"": null}",parsed,operating-hours-1.2.0,"2025-06-24 08:52:47+00","2026-08-09 02:40:01.200497+00","2026-08-08 05:25:57.108297+00","2026-08-09 02:40:01.200497+00",success,,t,,,ff209a47-72a7-46d0-b190-0a427a9afb0a,"2026-07-23 17:11:41.44801+00","2026-08-09 02:40:01.768207+00",가능,,,,http://tong.visitkorea.or.kr/cms/resource/59/3474859_image2_1.jpg,http://tong.visitkorea.or.kr/cms/resource/59/3474859_image3_1.jpg,,,,,
2563366,39,[백년가게]하나로회관,"서울특별시 종로구 인사동5길 25",37.5720380435817,126.985353953409,11,110,FD,FD01,FD010100,"- 10:00~21:00- 준비시간 15:00~17:00- 마지막 주문 20:00","매주 일요일","{""rules"": [{""months"": null, ""weekdays"": null, ""source_text"": ""- 10:00~21:00- 준비시간 15:00~17:00- 마지막 주문 20:00"", ""time_ranges"": [{""end"": ""21:00"", ""start"": ""10:00"", ""crosses_midnight"": false}, {""end"": ""17:00"", ""start"": ""15:00"", ""crosses_midnight"": false}], ""last_admission"": null}], ""warnings"": [], ""availability"": ""scheduled"", ""closure_rules"": [{""weekdays"": [6], ""source_text"": ""매주 일요일""}], ""assumption_reason"": null}",parsed,operating-hours-1.2.0,"2026-03-12 00:08:40+00","2026-08-09 02:40:01.200497+00","2026-08-08 05:25:57.108297+00","2026-08-09 02:40:01.200497+00",success,,t,,,ff209a47-72a7-46d0-b190-0a427a9afb0a,"2026-07-23 17:11:41.44801+00","2026-08-09 02:40:01.768207+00",가능,,,,https://tong.visitkorea.or.kr/cms/resource/15/4005215_image2_1.jpg,https://tong.visitkorea.or.kr/cms/resource/15/4005215_image3_1.jpg,,,,,
2569150,32,"서울이야기 한옥(서울이야기한옥게스트하우스)","서울특별시 종로구 율곡로5길 3-19 (안국동)",37.577005917,126.9846035015,11,110,AC,AC03,AC030200,15:00,,"{""rules"": [], ""warnings"": [""운영시간을 구조화하지 못했습니다.""], ""availability"": ""unknown"", ""closure_rules"": [], ""assumption_reason"": null}",partial,operating-hours-1.2.0,"2024-11-25 05:15:49+00","2026-08-09 02:40:01.200497+00","2026-08-08 05:25:57.108297+00","2026-08-09 02:40:01.200497+00",success,,t,,,ff209a47-72a7-46d0-b190-0a427a9afb0a,"2026-07-23 17:11:40.955853+00","2026-08-09 02:40:01.768207+00",불가,,,,http://tong.visitkorea.or.kr/cms/resource/75/2566975_image2_1.jpg,http://tong.visitkorea.or.kr/cms/resource/75/2566975_image2_1.jpg,,,,,
2570164,32,지유,"서울특별시 종로구 종로 347 (숭인동,롯데캐슬 천지인APT)인동 2302호",37.5737346471,127.0164673572,11,110,AC,AC06,AC060200,15:00,,"{""rules"": [], ""warnings"": [""운영시간을 구조화하지 못했습니다.""], ""availability"": ""unknown"", ""closure_rules"": [], ""assumption_reason"": null}",partial,operating-hours-1.2.0,"2025-10-23 05:30:00+00","2026-08-09 02:40:01.200497+00","2026-08-08 05:25:57.108297+00","2026-08-09 02:40:01.200497+00",success,,t,,,ff209a47-72a7-46d0-b190-0a427a9afb0a,"2026-07-23 17:11:41.296349+00","2026-08-09 02:40:01.768207+00",가능,,,,http://tong.visitkorea.or.kr/cms/resource/48/2568048_image2_1.jpg,http://tong.visitkorea.or.kr/cms/resource/48/2568048_image3_1.jpg,,,,,
2571971,32,"한스하우스(Hans house)","서울특별시 종로구 자하문로1다길 20 (체부동)",37.5774778296,126.9704270026,11,110,AC,AC06,AC060200,14:00,,"{""rules"": [], ""warnings"": [""운영시간을 구조화하지 못했습니다.""], ""availability"": ""unknown"", ""closure_rules"": [], ""assumption_reason"": null}",partial,operating-hours-1.2.0,"2025-10-23 05:30:00+00","2026-08-09 02:40:01.200497+00","2026-08-08 05:25:57.108297+00","2026-08-09 02:40:01.200497+00",success,,t,,,ff209a47-72a7-46d0-b190-0a427a9afb0a,"2026-07-23 17:11:41.371579+00","2026-08-09 02:40:01.768207+00",가능,,,,http://tong.visitkorea.or.kr/cms/resource/23/2571123_image2_1.jpg,http://tong.visitkorea.or.kr/cms/resource/23/2571123_image3_1.jpg,,,,,
2575836,32,"북촌 게스트하우스","서울특별시 종로구 북촌로 20-17 (재동)",37.5786279695,126.9856811352,11,110,AC,AC03,AC030200,15:00,,"{""rules"": [], ""warnings"": [""운영시간을 구조화하지 못했습니다.""], ""availability"": ""unknown"", ""closure_rules"": [], ""assumption_reason"": null}",partial,operating-hours-1.2.0,"2024-11-27 05:41:35+00","2026-08-09 02:40:01.200497+00","2026-08-08 05:25:57.108297+00","2026-08-09 02:40:01.200497+00",success,,t,,,ff209a47-72a7-46d0-b190-0a427a9afb0a,"2026-07-23 17:11:40.882874+00","2026-08-09 02:40:01.768207+00",불가,,,,http://tong.visitkorea.or.kr/cms/resource/42/2575642_image2_1.PNG,http://tong.visitkorea.or.kr/cms/resource/42/2575642_image2_1.PNG,,,,,
2576513,32,"예하도예 게스트하우스(YEHADOYE guesthouse)","서울특별시 종로구 인사동12길 10 (관훈동) 4, 5층",37.5744062273,126.9850701994,11,110,AC,AC06,AC060200,15:00,,"{""rules"": [], ""warnings"": [""운영시간을 구조화하지 못했습니다.""], ""availability"": ""unknown"", ""closure_rules"": [], ""assumption_reason"": null}",partial,operating-hours-1.2.0,"2025-10-23 05:30:00+00","2026-08-09 02:40:01.200497+00","2026-08-08 05:25:57.108297+00","2026-08-09 02:40:01.200497+00",success,,t,,,ff209a47-72a7-46d0-b190-0a427a9afb0a,"2026-07-23 17:11:41.150397+00","2026-08-09 02:40:01.768207+00",불가,,,,http://tong.visitkorea.or.kr/cms/resource/88/2576188_image2_1.jpg,http://tong.visitkorea.or.kr/cms/resource/88/2576188_image2_1.jpg,,,,,
2583699,32,소소하우스,"서울특별시 종로구 필운대로5가길 16-5 (누하동)",37.5803330123,126.9681632393,11,110,AC,AC03,AC030200,15:00,,"{""rules"": [], ""warnings"": [""운영시간을 구조화하지 못했습니다.""], ""availability"": ""unknown"", ""closure_rules"": [], ""assumption_reason"": null}",partial,operating-hours-1.2.0,"2024-12-13 04:26:28+00","2026-08-09 02:40:01.200497+00","2026-08-08 05:25:57.108297+00","2026-08-09 02:40:01.200497+00",success,,t,,,ff209a47-72a7-46d0-b190-0a427a9afb0a,"2026-07-23 17:11:41.150397+00","2026-08-09 02:40:01.768207+00",불가,,,,,,,,,,
2583741,32,서촌영락재,"서울특별시 종로구 필운대로5가길 29 (누하동)",37.5803191143,126.9675494067,11,110,AC,AC03,AC030200,16:00,,"{""rules"": [], ""warnings"": [""운영시간을 구조화하지 못했습니다.""], ""availability"": ""unknown"", ""closure_rules"": [], ""assumption_reason"": null}",partial,operating-hours-1.0.0,"2024-07-31 01:02:20+00","2026-07-29 10:28:20.07778+00","2026-07-23 17:16:48.538813+00","2026-07-29 10:28:20.07778+00",success,,f,missing_from_source,"2026-08-04 06:12:05.164879+00",d474ee14-af7f-40f5-a326-6f6ba27e7ff2,"2026-07-23 17:11:40.955853+00","2026-08-04 06:12:05.220993+00",,,,,,,,,,,
2587214,32,"제이한옥(JAY Hanok)","서울특별시 종로구 계동4길 9 (계동)",37.582308127,126.9873364358,11,110,AC,AC03,AC030200,16:00,,"{""rules"": [], ""warnings"": [""운영시간을 구조화하지 못했습니다.""], ""availability"": ""unknown"", ""closure_rules"": [], ""assumption_reason"": null}",partial,operating-hours-1.2.0,"2024-11-27 04:53:04+00","2026-08-09 02:40:01.200497+00","2026-08-08 05:25:57.108297+00","2026-08-09 02:40:01.200497+00",success,,t,,,ff209a47-72a7-46d0-b190-0a427a9afb0a,"2026-07-23 17:11:41.296349+00","2026-08-09 02:40:01.768207+00",불가,,,,,,,,,,
2588198,32,"삼청동 코리아 게스트하우스","서울특별시 종로구 삼청로4길 12-1 (화동)",37.5821136107,126.982025814,11,110,AC,AC06,AC060200,14:00,,"{""rules"": [], ""warnings"": [""운영시간을 구조화하지 못했습니다.""], ""availability"": ""unknown"", ""closure_rules"": [], ""assumption_reason"": null}",partial,operating-hours-1.2.0,"2024-11-26 06:38:35+00","2026-08-09 02:40:01.200497+00","2026-08-08 05:25:57.108297+00","2026-08-09 02:40:01.200497+00",success,,t,,,ff209a47-72a7-46d0-b190-0a427a9afb0a,"2026-07-23 17:11:40.955853+00","2026-08-09 02:40:01.768207+00",가능,,,,,,,,,,
2588389,39,"엘 샌드위치","서울특별시 종로구 율곡로4길 14",37.5750616475,126.9817593715,11,110,FD,FD02,FD020300,"- 월요일~금요일 07:00~20:00<br>- 토요일 10:00~14:00","매주 일요일","{""rules"": [{""months"": null, ""weekdays"": [0, 1, 2, 3, 4], ""source_text"": "" 07:00~20:00"", ""time_ranges"": [{""end"": ""20:00"", ""start"": ""07:00"", ""crosses_midnight"": false}], ""last_admission"": null}, {""months"": null, ""weekdays"": [5], ""source_text"": "" 10:00~14:00"", ""time_ranges"": [{""end"": ""14:00"", ""start"": ""10:00"", ""crosses_midnight"": false}], ""last_admission"": null}], ""warnings"": [], ""availability"": ""scheduled"", ""closure_rules"": [{""weekdays"": [6], ""source_text"": ""매주 일요일""}], ""assumption_reason"": null}",parsed,operating-hours-1.2.0,"2025-08-22 01:10:16+00","2026-08-09 02:40:01.200497+00","2026-08-08 05:25:57.108297+00","2026-08-09 02:40:01.200497+00",success,,t,,,ff209a47-72a7-46d0-b190-0a427a9afb0a,"2026-07-23 17:11:41.150397+00","2026-08-09 02:40:01.768207+00",불가능,,,"샌드위치, 필라프, 샐러드 구매시 음료할인",http://tong.visitkorea.or.kr/cms/resource/92/2588392_image2_1.jpg,http://tong.visitkorea.or.kr/cms/resource/92/2588392_image2_1.jpg,,,,,
2589659,12,"올리바인 스파","서울특별시 종로구 통일로16길 4-1 (무악동)",37.5757626052972,126.957591877838,11,110,EX,EX05,EX050500,"- 평일 10:00~18:00- 주말 10:00~17:00",연중무휴,"{""rules"": [{""months"": null, ""weekdays"": null, ""source_text"": ""- 평일 10:00~18:00- 주말 10:00~17:00"", ""time_ranges"": [{""end"": ""18:00"", ""start"": ""10:00"", ""crosses_midnight"": false}, {""end"": ""17:00"", ""start"": ""10:00"", ""crosses_midnight"": false}], ""last_admission"": null}], ""warnings"": [], ""availability"": ""scheduled"", ""closure_rules"": [], ""assumption_reason"": null}",parsed,operating-hours-1.0.0,"2026-05-28 01:11:13+00","2026-07-23 17:16:48.538813+00","2026-07-23 17:16:48.538813+00","2026-07-23 17:16:48.538813+00",success,,f,missing_from_source,"2026-07-29 10:28:28.906487+00",9fe817b4-a60d-4ea0-8f88-0623954b32f0,"2026-07-23 17:11:41.225101+00","2026-07-29 10:28:29.019834+00",,,,,,,,,,,
2590223,25,"3·1운동의 정신을 느껴보는 서울 여행",,37.5752811449,126.9861478542,11,110,C01,C0115,C01150001,,,"{""rules"": [], ""warnings"": [""여행코스의 운영시간 누락을 24시간 이용 가능으로 가정했습니다.""], ""availability"": ""all_day"", ""closure_rules"": [], ""assumption_reason"": ""course_without_operating_hours""}",assumed,operating-hours-1.0.0,"2023-08-09 00:08:47+00","2026-07-23 17:16:48.538813+00","2026-07-23 17:16:48.538813+00","2026-07-23 17:16:48.538813+00",empty,,f,missing_from_source,"2026-07-29 10:28:28.906487+00",9fe817b4-a60d-4ea0-8f88-0623954b32f0,"2026-07-23 17:11:41.44801+00","2026-07-29 10:28:29.019834+00",,,,,,,,,,,
2592489,32,"복합한옥공간 곳","서울특별시 종로구 계동길 52-11 (계동)",37.5797528699,126.9873670606,11,110,AC,AC03,AC030200,15:00,,"{""rules"": [], ""warnings"": [""운영시간을 구조화하지 못했습니다.""], ""availability"": ""unknown"", ""closure_rules"": [], ""assumption_reason"": null}",partial,operating-hours-1.2.0,"2025-12-29 08:59:38+00","2026-08-09 02:40:01.200497+00","2026-08-08 05:25:57.108297+00","2026-08-09 02:40:01.200497+00",success,,t,,,ff209a47-72a7-46d0-b190-0a427a9afb0a,"2026-07-23 17:11:40.882874+00","2026-08-09 02:40:01.768207+00",가능,,,,http://tong.visitkorea.or.kr/cms/resource/68/2631068_image2_1.jpg,http://tong.visitkorea.or.kr/cms/resource/68/2631068_image3_1.jpg,,,,,
2594760,32,"호텔큐비(호텔QB)","서울특별시 종로구 종로 322-10 (창신동)",37.5719181369,127.0134287966,11,110,AC,AC01,AC010100,14:00,,"{""rules"": [], ""warnings"": [""운영시간을 구조화하지 못했습니다.""], ""availability"": ""unknown"", ""closure_rules"": [], ""assumption_reason"": null}",partial,operating-hours-1.2.0,"2025-01-20 05:20:31+00","2026-08-09 02:40:01.200497+00","2026-08-08 05:25:57.108297+00","2026-08-09 02:40:01.200497+00",success,,t,,,ff209a47-72a7-46d0-b190-0a427a9afb0a,"2026-07-23 17:11:41.44801+00","2026-08-09 02:40:01.768207+00",불가,,,,http://tong.visitkorea.or.kr/cms/resource/54/2634454_image2_1.jpg,http://tong.visitkorea.or.kr/cms/resource/54/2634454_image3_1.jpg,,,,,
2594815,15,"정순왕후 문화제","서울특별시 종로구 동망산길 150 (숭인동)",37.5775792413339,127.018133812673,11,110,EV,EV01,EV010400,12:00~16:00,,"{""rules"": [{""months"": null, ""weekdays"": null, ""source_text"": ""12:00~16:00"", ""time_ranges"": [{""end"": ""16:00"", ""start"": ""12:00"", ""crosses_midnight"": false}], ""last_admission"": null}], ""warnings"": [], ""availability"": ""scheduled"", ""closure_rules"": [], ""assumption_reason"": null}",parsed,operating-hours-1.2.0,"2026-04-06 00:42:39+00","2026-08-09 02:40:01.200497+00","2026-08-08 05:25:57.108297+00","2026-08-09 02:40:01.200497+00",success,,t,,,ff209a47-72a7-46d0-b190-0a427a9afb0a,"2026-07-23 17:11:41.296349+00","2026-08-09 02:40:01.768207+00",,,"입장료 무료(일부 프로그램 유료)",,https://tong.visitkorea.or.kr/cms/resource/45/4054945_image2_1.jpg,https://tong.visitkorea.or.kr/cms/resource/45/4054945_image3_1.jpg,,,,,
2601364,15,"수라간 시식공감","서울특별시 종로구 사직로 161 (세종로) 경복궁",37.5760307000494,126.976721866063,11,110,EV,EV01,EV010400,18:00~21:00,,"{""rules"": [{""months"": null, ""weekdays"": null, ""source_text"": ""18:00~21:00"", ""time_ranges"": [{""end"": ""21:00"", ""start"": ""18:00"", ""crosses_midnight"": false}], ""last_admission"": null}], ""warnings"": [], ""availability"": ""scheduled"", ""closure_rules"": [], ""assumption_reason"": null}",parsed,operating-hours-1.2.0,"2026-04-27 01:36:38+00","2026-08-09 02:40:01.200497+00","2026-08-08 05:25:57.108297+00","2026-08-09 02:40:01.200497+00",success,,t,,,ff209a47-72a7-46d0-b190-0a427a9afb0a,"2026-07-23 17:11:41.150397+00","2026-08-09 02:40:01.768207+00",,,"유료(1인 30,000원)",,https://tong.visitkorea.or.kr/cms/resource/27/4060327_image2_1.jpg,https://tong.visitkorea.or.kr/cms/resource/27/4060327_image3_1.jpg,,,,,
2603884,32,연당,"서울특별시 종로구 계동6길 3 (계동)",37.5826025329,126.9870725624,11,110,AC,AC03,AC030200,14:00,,"{""rules"": [], ""warnings"": [""운영시간을 구조화하지 못했습니다.""], ""availability"": ""unknown"", ""closure_rules"": [], ""assumption_reason"": null}",partial,operating-hours-1.2.0,"2024-12-05 03:49:31+00","2026-08-09 02:40:01.200497+00","2026-08-08 05:25:57.108297+00","2026-08-09 02:40:01.200497+00",success,,t,,,ff209a47-72a7-46d0-b190-0a427a9afb0a,"2026-07-23 17:11:41.150397+00","2026-08-09 02:40:01.768207+00",불가,,,,,,,,,,
2604078,32,"숨바꼭질(Hide & Seek)(Hide & Seek (숨바꼭질) 게스트하우스)","서울특별시 종로구 자하문로6길 14 (통의동)",37.5808302228,126.9707129929,11,110,AC,AC06,AC060200,15:00,,"{""rules"": [], ""warnings"": [""운영시간을 구조화하지 못했습니다.""], ""availability"": ""unknown"", ""closure_rules"": [], ""assumption_reason"": null}",partial,operating-hours-1.2.0,"2025-10-23 05:30:00+00","2026-08-09 02:40:01.200497+00","2026-08-08 05:25:57.108297+00","2026-08-09 02:40:01.200497+00",success,,t,,,ff209a47-72a7-46d0-b190-0a427a9afb0a,"2026-07-23 17:11:41.150397+00","2026-08-09 02:40:01.768207+00","가능(2대)",,,,,,,,,,
2604153,32,이화한옥,"서울특별시 종로구 필운대로 26-25 (누하동)",37.5816467367,126.9674549333,11,110,AC,AC01,AC010100,18:00,,"{""rules"": [], ""warnings"": [""운영시간을 구조화하지 못했습니다.""], ""availability"": ""unknown"", ""closure_rules"": [], ""assumption_reason"": null}",partial,operating-hours-1.2.0,"2024-11-27 04:08:46+00","2026-08-09 02:40:01.200497+00","2026-08-08 05:25:57.108297+00","2026-08-09 02:40:01.200497+00",success,,t,,,ff209a47-72a7-46d0-b190-0a427a9afb0a,"2026-07-23 17:11:41.225101+00","2026-08-09 02:40:01.768207+00",불가,,,,,,,,,,
2605926,12,"평창동 미술관 거리","서울특별시 종로구 평창32길 8 (평창동)",37.6122373056682,126.9757367236,11,110,VE,VE04,VE040100,"시설별로 상이","시설별로 상이","{""rules"": [], ""warnings"": [""운영시간을 구조화하지 못했습니다.""], ""availability"": ""unknown"", ""closure_rules"": [], ""assumption_reason"": null}",partial,operating-hours-1.2.0,"2026-03-19 08:41:32+00","2026-08-09 02:40:01.200497+00","2026-08-08 05:25:57.108297+00","2026-08-09 02:40:01.200497+00",success,,t,,,ff209a47-72a7-46d0-b190-0a427a9afb0a,"2026-07-23 17:11:41.371579+00","2026-08-09 02:40:01.768207+00",가능,,,,https://tong.visitkorea.or.kr/cms/resource/76/3499776_image2_1.jpg,https://tong.visitkorea.or.kr/cms/resource/76/3499776_image3_1.jpg,,,,,
2606158,12,"창경궁 명정전","서울특별시 종로구 창경궁로 185 (와룡동)",37.5788809215874,126.996448835547,11,110,HS,HS01,HS010100,"09:00~21:00 (입장마감 20:00)","매주 월요일","{""rules"": [{""months"": null, ""weekdays"": null, ""source_text"": ""09:00~21:00 (입장마감 20:00)"", ""time_ranges"": [{""end"": ""21:00"", ""start"": ""09:00"", ""crosses_midnight"": false}], ""last_admission"": ""20:00""}], ""warnings"": [], ""availability"": ""scheduled"", ""closure_rules"": [{""weekdays"": [0], ""source_text"": ""매주 월요일""}], ""assumption_reason"": null}",parsed,operating-hours-1.2.0,"2026-03-05 00:58:51+00","2026-08-09 02:40:01.200497+00","2026-08-08 05:25:57.108297+00","2026-08-09 02:40:01.200497+00",success,,t,,,ff209a47-72a7-46d0-b190-0a427a9afb0a,"2026-07-23 17:11:41.296349+00","2026-08-09 02:40:01.768207+00",가능,,,,https://tong.visitkorea.or.kr/cms/resource/30/2616930_image2_1.jpg,https://tong.visitkorea.or.kr/cms/resource/30/2616930_image3_1.jpg,,,,,
2606224,14,공평도시유적전시관,"서울특별시 종로구 우정국로 26",37.5716231906,126.9835704148,11,110,VE,VE07,VE070300,"09:00~18:00 (입장 마감 17:30)","매주 월요일 / 1월 1일","{""rules"": [{""months"": null, ""weekdays"": null, ""source_text"": ""09:00~18:00 (입장 마감 17:30)"", ""time_ranges"": [{""end"": ""18:00"", ""start"": ""09:00"", ""crosses_midnight"": false}], ""last_admission"": ""17:30""}], ""warnings"": [], ""availability"": ""scheduled"", ""closure_rules"": [{""weekdays"": [0], ""source_text"": ""매주 월요일 / 1월 1일""}], ""assumption_reason"": null}",parsed,operating-hours-1.2.0,"2025-10-23 05:30:00+00","2026-08-09 02:40:01.200497+00","2026-08-08 05:25:57.108297+00","2026-08-09 02:40:01.200497+00",success,,t,,,ff209a47-72a7-46d0-b190-0a427a9afb0a,"2026-07-23 17:11:40.721834+00","2026-08-09 02:40:01.768207+00",가능,,무료,,http://tong.visitkorea.or.kr/cms/resource/18/3514018_image2_1.jpg,http://tong.visitkorea.or.kr/cms/resource/18/3514018_image3_1.jpg,,,,,
2607481,32,향운,"서울특별시 종로구 북촌로12길 35-3 (가회동)",37.5830274626,126.9859254324,11,110,AC,AC03,AC030200,16:00,,"{""rules"": [], ""warnings"": [""운영시간을 구조화하지 못했습니다.""], ""availability"": ""unknown"", ""closure_rules"": [], ""assumption_reason"": null}",partial,operating-hours-1.2.0,"2024-12-12 04:52:25+00","2026-08-09 02:40:01.200497+00","2026-08-08 05:25:57.108297+00","2026-08-09 02:40:01.200497+00",success,,t,,,ff209a47-72a7-46d0-b190-0a427a9afb0a,"2026-07-23 17:11:41.44801+00","2026-08-09 02:40:01.768207+00",불가,,,,,,,,,,
2608499,32,"미담 한옥 게스트 하우스","서울특별시 종로구 북촌로6길 25-6 (계동)",37.5806638566,126.9863532384,11,110,AC,AC03,AC030200,15:00,,"{""rules"": [], ""warnings"": [""운영시간을 구조화하지 못했습니다.""], ""availability"": ""unknown"", ""closure_rules"": [], ""assumption_reason"": null}",partial,operating-hours-1.2.0,"2024-11-26 04:53:54+00","2026-08-09 02:40:01.200497+00","2026-08-08 05:25:57.108297+00","2026-08-09 02:40:01.200497+00",success,,t,,,ff209a47-72a7-46d0-b190-0a427a9afb0a,"2026-07-23 17:11:40.882874+00","2026-08-09 02:40:01.768207+00",불가,,,,,,,,,,
2608933,39,[백년가게]신안촌,"서울특별시 종로구 사직로12길 8",37.5756919346,126.9709075648,11,110,FD,FD01,FD010100,"[월요일~금요일]<br>- 11:45~21:40<br>- 준비시간 15:00~17:00<br>- 마지막 주문 20:30<br>[토요일]<br>- 12:00~19:30<br>- 마지막 주문 18:20","매주 일요일","{""rules"": [{""months"": null, ""weekdays"": [0, 1, 2, 3, 4], ""source_text"": ""- 11:45~21:40"", ""time_ranges"": [{""end"": ""21:40"", ""start"": ""11:45"", ""crosses_midnight"": false}], ""last_admission"": null}, {""months"": null, ""weekdays"": [0, 1, 2, 3, 4], ""source_text"": ""- 준비시간 15:00~17:00"", ""time_ranges"": [{""end"": ""17:00"", ""start"": ""15:00"", ""crosses_midnight"": false}], ""last_admission"": null}, {""months"": null, ""weekdays"": [5], ""source_text"": ""- 12:00~19:30"", ""time_ranges"": [{""end"": ""19:30"", ""start"": ""12:00"", ""crosses_midnight"": false}], ""last_admission"": null}], ""warnings"": [], ""availability"": ""scheduled"", ""closure_rules"": [{""weekdays"": [6], ""source_text"": ""매주 일요일""}], ""assumption_reason"": null}",parsed,operating-hours-1.2.0,"2025-09-18 05:12:40+00","2026-08-09 02:40:01.200497+00","2026-08-08 05:25:57.108297+00","2026-08-09 02:40:01.200497+00",success,,t,,,ff209a47-72a7-46d0-b190-0a427a9afb0a,"2026-07-23 17:11:41.44801+00","2026-08-09 02:40:01.768207+00",가능,,,,http://tong.visitkorea.or.kr/cms/resource/26/2609026_image2_1.JPG,http://tong.visitkorea.or.kr/cms/resource/26/2609026_image3_1.JPG,,,,,
2608977,12,"국립민속박물관과 국립민속박물관 어린이박물관","서울특별시 종로구 삼청로 37 (세종로)",37.5816745310255,126.978889955558,11,110,EX,EX06,EX061000,"[국립민속박물관]- 3월~10월 09:00~18:00 (입장 마감 17:00)- 11월~2월 09:00~17:00 (입장 마감 16:00)[국립민속박물관 어린이박물관]- 09:30~16:50※  변동 될 수 있으므로 홈페이지 참조","1월 1일 / 설·추석 당일","{""rules"": [{""months"": [3, 4, 5, 6, 7, 8, 9, 10], ""weekdays"": null, ""source_text"": ""- 3월~10월 09:00~18:00 (입장 마감 17:00)- 11월~2월 09:00~17:00 (입장 마감 16:00)"", ""time_ranges"": [{""end"": ""18:00"", ""start"": ""09:00"", ""crosses_midnight"": false}, {""end"": ""17:00"", ""start"": ""09:00"", ""crosses_midnight"": false}], ""last_admission"": ""17:00""}, {""months"": [3, 4, 5, 6, 7, 8, 9, 10], ""weekdays"": null, ""source_text"": ""- 09:30~16:50※ 변동 될 수 있으므로 홈페이지 참조"", ""time_ranges"": [{""end"": ""16:50"", ""start"": ""09:30"", ""crosses_midnight"": false}], ""last_admission"": null}], ""warnings"": [""휴무 문구의 일부 예외를 구조화하지 못했습니다.""], ""availability"": ""scheduled"", ""closure_rules"": [], ""assumption_reason"": null}",partial,operating-hours-1.2.0,"2026-03-09 08:01:19+00","2026-08-09 02:40:01.200497+00","2026-08-08 05:25:57.108297+00","2026-08-09 02:40:01.200497+00",success,,t,,,ff209a47-72a7-46d0-b190-0a427a9afb0a,"2026-07-23 17:11:40.721834+00","2026-08-09 02:40:01.768207+00",가능,,,,https://tong.visitkorea.or.kr/cms/resource/93/3512693_image2_1.jpg,https://tong.visitkorea.or.kr/cms/resource/93/3512693_image3_1.jpg,,,,,
2615461,15,"경복궁 생과방","서울특별시 종로구 사직로 161 (세종로)",37.5760307000494,126.976721866063,11,110,EV,EV01,EV010400,10:00~16:50,,"{""rules"": [{""months"": null, ""weekdays"": null, ""source_text"": ""10:00~16:50"", ""time_ranges"": [{""end"": ""16:50"", ""start"": ""10:00"", ""crosses_midnight"": false}], ""last_admission"": null}], ""warnings"": [], ""availability"": ""scheduled"", ""closure_rules"": [], ""assumption_reason"": null}",parsed,operating-hours-1.2.0,"2026-04-06 00:42:39+00","2026-08-09 02:40:01.200497+00","2026-08-08 05:25:57.108297+00","2026-08-09 02:40:01.200497+00",success,,t,,,ff209a47-72a7-46d0-b190-0a427a9afb0a,"2026-07-23 17:11:40.721834+00","2026-08-09 02:40:01.768207+00",,,유료,,https://tong.visitkorea.or.kr/cms/resource/63/4055163_image2_1.jpg,https://tong.visitkorea.or.kr/cms/resource/63/4055163_image3_1.jpg,,,,,
2622715,39,감꽃당,"서울특별시 종로구 돈화문로11다길 38",37.5738480486,126.9900725369,11,110,FD,FD05,FD050100,10:30~22:00,연중무휴,"{""rules"": [{""months"": null, ""weekdays"": null, ""source_text"": ""10:30~22:00"", ""time_ranges"": [{""end"": ""22:00"", ""start"": ""10:30"", ""crosses_midnight"": false}], ""last_admission"": null}], ""warnings"": [], ""availability"": ""scheduled"", ""closure_rules"": [], ""assumption_reason"": null}",parsed,operating-hours-1.2.0,"2025-09-18 05:15:06+00","2026-08-09 02:40:01.200497+00","2026-08-08 05:25:57.108297+00","2026-08-09 02:40:01.200497+00",success,,t,,,ff209a47-72a7-46d0-b190-0a427a9afb0a,"2026-07-23 17:11:40.721834+00","2026-08-09 02:40:01.768207+00",불가능,,,,http://tong.visitkorea.or.kr/cms/resource/24/2622724_image2_1.jpg,http://tong.visitkorea.or.kr/cms/resource/24/2622724_image2_1.jpg,,,,,
2629577,39,"장수촌 풍천장어","서울특별시 종로구 삼일대로17길 8",37.5693624043,126.9870590502,11,110,FD,FD01,FD010100,10:00~22:00,연중무휴,"{""rules"": [{""months"": null, ""weekdays"": null, ""source_text"": ""10:00~22:00"", ""time_ranges"": [{""end"": ""22:00"", ""start"": ""10:00"", ""crosses_midnight"": false}], ""last_admission"": null}], ""warnings"": [], ""availability"": ""scheduled"", ""closure_rules"": [], ""assumption_reason"": null}",parsed,operating-hours-1.2.0,"2025-01-07 06:05:00+00","2026-08-09 02:40:01.200497+00","2026-08-08 05:25:57.108297+00","2026-08-09 02:40:01.200497+00",success,,t,,,ff209a47-72a7-46d0-b190-0a427a9afb0a,"2026-07-23 17:11:41.296349+00","2026-08-09 02:40:01.768207+00",가능,,,,http://tong.visitkorea.or.kr/cms/resource/85/2629585_image2_1.jpg,http://tong.visitkorea.or.kr/cms/resource/85/2629585_image2_1.jpg,,,,,
2638477,12,"산마루 놀이터","서울특별시 종로구 창신6가길 39 (창신동)",37.5756932649164,127.012346723113,11,110,VE,VE02,VE020100,09:00~19:00,"매주 월요일 / 법정공휴일 / 설·추석 연휴","{""rules"": [{""months"": null, ""weekdays"": null, ""source_text"": ""09:00~19:00"", ""time_ranges"": [{""end"": ""19:00"", ""start"": ""09:00"", ""crosses_midnight"": false}], ""last_admission"": null}], ""warnings"": [""휴무 문구의 일부 예외를 구조화하지 못했습니다.""], ""availability"": ""scheduled"", ""closure_rules"": [{""weekdays"": [0], ""source_text"": ""매주 월요일 / 법정공휴일 / 설·추석 연휴""}], ""assumption_reason"": null}",partial,operating-hours-1.2.0,"2026-01-21 02:18:21+00","2026-08-09 02:40:01.200497+00","2026-08-08 05:25:57.108297+00","2026-08-09 02:40:01.200497+00",success,,t,,,ff209a47-72a7-46d0-b190-0a427a9afb0a,"2026-07-23 17:11:40.955853+00","2026-08-09 02:40:01.768207+00",가능,,,,https://tong.visitkorea.or.kr/cms/resource/98/4002298_image2_1.jpg,https://tong.visitkorea.or.kr/cms/resource/98/4002298_image3_1.jpg,,,,,
2642683,39,도원마산아구찜,"서울특별시 종로구 삼일대로 438 1층",37.573845233,126.9879366209,11,110,FD,FD01,FD010100,"10:00-24:00(라스트오더 23:30)",연중무휴,"{""rules"": [{""months"": null, ""weekdays"": null, ""source_text"": ""10:00-24:00(라스트오더 23:30)"", ""time_ranges"": [{""end"": ""00:00"", ""start"": ""10:00"", ""crosses_midnight"": true}], ""last_admission"": null}], ""warnings"": [], ""availability"": ""scheduled"", ""closure_rules"": [], ""assumption_reason"": null}",parsed,operating-hours-1.0.0,"2025-07-30 05:20:03+00","2026-07-23 17:16:48.538813+00","2026-07-23 17:16:48.538813+00","2026-07-23 17:16:48.538813+00",success,,f,missing_from_source,"2026-07-29 10:28:28.906487+00",9fe817b4-a60d-4ea0-8f88-0623954b32f0,"2026-07-23 17:11:40.808988+00","2026-07-29 10:28:29.019834+00",,,,,,,,,,,
2642752,39,전주골숯불갈비,"서울특별시 종로구 돈화문로5가길 15",37.5714983442,126.9913197125,11,110,FD,FD01,FD010100,"10:00-22:00(라스트오더 21:30)",연중무휴,"{""rules"": [{""months"": null, ""weekdays"": null, ""source_text"": ""10:00-22:00(라스트오더 21:30)"", ""time_ranges"": [{""end"": ""22:00"", ""start"": ""10:00"", ""crosses_midnight"": false}], ""last_admission"": null}], ""warnings"": [], ""availability"": ""scheduled"", ""closure_rules"": [], ""assumption_reason"": null}",parsed,operating-hours-1.0.0,"2025-07-29 07:48:15+00","2026-07-23 17:16:48.538813+00","2026-07-23 17:16:48.538813+00","2026-07-23 17:16:48.538813+00",success,,f,missing_from_source,"2026-07-29 10:28:28.906487+00",9fe817b4-a60d-4ea0-8f88-0623954b32f0,"2026-07-23 17:11:41.296349+00","2026-07-29 10:28:29.019834+00",,,,,,,,,,,
264353,12,인사동,"서울특별시 종로구 인사동길 62 (관훈동)",37.5754616322,126.9835230884,11,110,EX,EX07,EX070200,"상시 개방",연중무휴,"{""rules"": [], ""warnings"": [], ""availability"": ""all_day"", ""closure_rules"": [], ""assumption_reason"": ""always_open_text""}",parsed,operating-hours-1.2.0,"2025-11-27 07:29:13+00","2026-08-09 02:40:01.200497+00","2026-08-08 05:25:57.108297+00","2026-08-09 02:40:01.200497+00",success,,t,,,ff209a47-72a7-46d0-b190-0a427a9afb0a,"2026-07-23 17:11:41.225101+00","2026-08-09 02:40:01.768207+00",가능,,,,http://tong.visitkorea.or.kr/cms/resource/03/3412103_image2_1.JPG,http://tong.visitkorea.or.kr/cms/resource/03/3412103_image3_1.JPG,,,,,
2648460,15,"경복궁 별빛야행","서울특별시 종로구 사직로 161 (세종로) 경복궁",37.5760836609,126.9767375783,11,110,EV,EV01,EV010200,"1부 - 18:30~20:20 / 2부 - 19:40~21:30",,"{""rules"": [{""months"": null, ""weekdays"": null, ""source_text"": ""1부 - 18:30~20:20 / 2부 - 19:40~21:30"", ""time_ranges"": [{""end"": ""20:20"", ""start"": ""18:30"", ""crosses_midnight"": false}, {""end"": ""21:30"", ""start"": ""19:40"", ""crosses_midnight"": false}], ""last_admission"": null}], ""warnings"": [], ""availability"": ""scheduled"", ""closure_rules"": [], ""assumption_reason"": null}",parsed,operating-hours-1.2.0,"2025-10-23 05:30:00+00","2026-08-09 02:40:01.200497+00","2026-08-08 05:25:57.108297+00","2026-08-09 02:40:01.200497+00",success,,t,,,ff209a47-72a7-46d0-b190-0a427a9afb0a,"2026-07-23 17:11:40.721834+00","2026-08-09 02:40:01.768207+00",,,"유료 (1인 60,000원)",,http://tong.visitkorea.or.kr/cms/resource/24/3349624_image2_1.png,http://tong.visitkorea.or.kr/cms/resource/24/3349624_image3_1.png,,,,,
2650046,12,"익선동 한옥거리","서울특별시 종로구 익선동",37.5734657272497,126.989775703463,11,110,VE,VE04,VE040100,"점포 별로 상이함","점포 별로 상이함","{""rules"": [], ""warnings"": [""운영시간을 구조화하지 못했습니다.""], ""availability"": ""unknown"", ""closure_rules"": [], ""assumption_reason"": null}",partial,operating-hours-1.2.0,"2026-03-11 01:03:40+00","2026-08-09 02:40:01.200497+00","2026-08-08 05:25:57.108297+00","2026-08-09 02:40:01.200497+00",success,,t,,,ff209a47-72a7-46d0-b190-0a427a9afb0a,"2026-07-23 17:11:41.225101+00","2026-08-09 02:40:01.768207+00",불가능,,,,https://tong.visitkorea.or.kr/cms/resource/54/3497254_image2_1.jpg,https://tong.visitkorea.or.kr/cms/resource/54/3497254_image3_1.jpg,,,,,
2653724,39,포도원삼계탕,"서울특별시 종로구 창경궁로26길 41-5",37.5822000284,126.9996964232,11,110,FD,FD01,FD010100,11:00-21:00,,"{""rules"": [{""months"": null, ""weekdays"": null, ""source_text"": ""11:00-21:00"", ""time_ranges"": [{""end"": ""21:00"", ""start"": ""11:00"", ""crosses_midnight"": false}], ""last_admission"": null}], ""warnings"": [], ""availability"": ""scheduled"", ""closure_rules"": [], ""assumption_reason"": null}",parsed,operating-hours-1.0.0,"2025-07-28 05:01:39+00","2026-07-23 17:16:48.538813+00","2026-07-23 17:16:48.538813+00","2026-07-23 17:16:48.538813+00",success,,f,missing_from_source,"2026-07-29 10:28:28.906487+00",9fe817b4-a60d-4ea0-8f88-0623954b32f0,"2026-07-23 17:11:41.371579+00","2026-07-29 10:28:29.019834+00",,,,,,,,,,,
2654150,39,"더라운지 JW메리어트동대문스퀘어서울","서울특별시 종로구 청계천로 279, JW메리어트동대문스퀘어서울 1층",37.5703710113,127.0087987073,11,110,FD,FD02,FD020300,"09:00-22:00(라스트오더 21:00)",,"{""rules"": [{""months"": null, ""weekdays"": null, ""source_text"": ""09:00-22:00(라스트오더 21:00)"", ""time_ranges"": [{""end"": ""22:00"", ""start"": ""09:00"", ""crosses_midnight"": false}], ""last_admission"": null}], ""warnings"": [], ""availability"": ""scheduled"", ""closure_rules"": [], ""assumption_reason"": null}",parsed,operating-hours-1.0.0,"2024-12-05 00:24:48+00","2026-07-23 17:16:48.538813+00","2026-07-23 17:16:48.538813+00","2026-07-23 17:16:48.538813+00",success,,f,missing_from_source,"2026-07-29 10:28:28.906487+00",9fe817b4-a60d-4ea0-8f88-0623954b32f0,"2026-07-23 17:11:40.808988+00","2026-07-29 10:28:29.019834+00",,,,,,,,,,,
2654165,39,일품당프리미엄,"서울특별시 종로구 새문안로5가길 7, 3층",37.5728312129,126.9740629139,11,110,FD,FD02,FD020200,"11:00-22:00(브레이크타임 15:00-17:00 / 라스트오더 20:30)",,"{""rules"": [{""months"": null, ""weekdays"": null, ""source_text"": ""11:00-22:00(브레이크타임 15:00-17:00 / 라스트오더 20:30)"", ""time_ranges"": [{""end"": ""22:00"", ""start"": ""11:00"", ""crosses_midnight"": false}, {""end"": ""17:00"", ""start"": ""15:00"", ""crosses_midnight"": false}], ""last_admission"": null}], ""warnings"": [], ""availability"": ""scheduled"", ""closure_rules"": [], ""assumption_reason"": null}",parsed,operating-hours-1.0.0,"2024-07-28 07:48:36+00","2026-07-23 17:16:48.538813+00","2026-07-23 17:16:48.538813+00","2026-07-23 17:16:48.538813+00",success,,f,missing_from_source,"2026-07-29 10:28:28.906487+00",9fe817b4-a60d-4ea0-8f88-0623954b32f0,"2026-07-23 17:11:41.296349+00","2026-07-29 10:28:29.019834+00",,,,,,,,,,,
2657713,12,"채석장 전망대","서울특별시 종로구 낙산5길 51 (창신동)",37.578309028,127.0116121139,11,110,VE,VE01,VE010200,"- 화요일~목요일 / 일요일 10:00~20:00<br>
- 금요일~토요일 10:00~22:00","매주 월요일","{""rules"": [{""months"": null, ""weekdays"": [1, 2, 3, 6], ""source_text"": "" 10:00~20:00"", ""time_ranges"": [{""end"": ""20:00"", ""start"": ""10:00"", ""crosses_midnight"": false}], ""last_admission"": null}, {""months"": null, ""weekdays"": [4, 5], ""source_text"": "" 10:00~22:00"", ""time_ranges"": [{""end"": ""22:00"", ""start"": ""10:00"", ""crosses_midnight"": false}], ""last_admission"": null}], ""warnings"": [], ""availability"": ""scheduled"", ""closure_rules"": [{""weekdays"": [0], ""source_text"": ""매주 월요일""}], ""assumption_reason"": null}",parsed,operating-hours-1.2.0,"2025-03-14 00:59:47+00","2026-08-09 02:40:01.200497+00","2026-08-08 05:25:57.108297+00","2026-08-09 02:40:01.200497+00",success,,t,,,ff209a47-72a7-46d0-b190-0a427a9afb0a,"2026-07-23 17:11:41.296349+00","2026-08-09 02:40:01.768207+00",불가능,,,,http://tong.visitkorea.or.kr/cms/resource/03/3384903_image2_1.JPG,http://tong.visitkorea.or.kr/cms/resource/03/3384903_image3_1.JPG,,,,,
2663118,39,브라운에비뉴,"서울특별시 종로구 혜화로3길 5 아남 주상복합 301동 112호",37.5856246395,127.0001768379,11,110,FD,FD05,FD050100,11:00-21:00,"매주 일요일","{""rules"": [{""months"": null, ""weekdays"": null, ""source_text"": ""11:00-21:00"", ""time_ranges"": [{""end"": ""21:00"", ""start"": ""11:00"", ""crosses_midnight"": false}], ""last_admission"": null}], ""warnings"": [], ""availability"": ""scheduled"", ""closure_rules"": [{""weekdays"": [6], ""source_text"": ""매주 일요일""}], ""assumption_reason"": null}",parsed,operating-hours-1.0.0,"2025-07-24 06:12:58+00","2026-07-23 17:16:48.538813+00","2026-07-23 17:16:48.538813+00","2026-07-23 17:16:48.538813+00",success,,f,missing_from_source,"2026-07-29 10:28:28.906487+00",9fe817b4-a60d-4ea0-8f88-0623954b32f0,"2026-07-23 17:11:40.882874+00","2026-07-29 10:28:29.019834+00",,,,,,,,,,,
2666751,12,안녕인사동,"서울특별시 종로구 인사동길 49",37.5744839692,126.9835620013,11,110,VE,VE01,VE010100,10:00~22:00,연중무휴,"{""rules"": [{""months"": null, ""weekdays"": null, ""source_text"": ""10:00~22:00"", ""time_ranges"": [{""end"": ""22:00"", ""start"": ""10:00"", ""crosses_midnight"": false}], ""last_admission"": null}], ""warnings"": [], ""availability"": ""scheduled"", ""closure_rules"": [], ""assumption_reason"": null}",parsed,operating-hours-1.2.0,"2025-07-31 02:53:14+00","2026-08-09 02:40:01.200497+00","2026-08-08 05:25:57.108297+00","2026-08-09 02:40:01.200497+00",success,,t,,,ff209a47-72a7-46d0-b190-0a427a9afb0a,"2026-07-23 17:11:41.150397+00","2026-08-09 02:40:01.768207+00",가능,,,,http://tong.visitkorea.or.kr/cms/resource/36/2666736_image2_1.jpg,http://tong.visitkorea.or.kr/cms/resource/36/2666736_image2_1.jpg,,,,,
2678273,14,서울우리소리박물관,"서울특별시 종로구 율곡로 96 (와룡동)",37.5771703420385,126.989601173376,11,110,VE,VE07,VE070100,"09:00~18:00 (입장 마감 17:30)","매주 월요일 / 1월 1일","{""rules"": [{""months"": null, ""weekdays"": null, ""source_text"": ""09:00~18:00 (입장 마감 17:30)"", ""time_ranges"": [{""end"": ""18:00"", ""start"": ""09:00"", ""crosses_midnight"": false}], ""last_admission"": ""17:30""}], ""warnings"": [], ""availability"": ""scheduled"", ""closure_rules"": [{""weekdays"": [0], ""source_text"": ""매주 월요일 / 1월 1일""}], ""assumption_reason"": null}",parsed,operating-hours-1.2.0,"2026-03-11 01:03:40+00","2026-08-09 02:40:01.200497+00","2026-08-08 05:25:57.108297+00","2026-08-09 02:40:01.200497+00",success,,t,,,ff209a47-72a7-46d0-b190-0a427a9afb0a,"2026-07-23 17:11:40.955853+00","2026-08-09 02:40:01.768207+00",,,무료,,https://tong.visitkorea.or.kr/cms/resource/40/3499440_image2_1.jpg,https://tong.visitkorea.or.kr/cms/resource/40/3499440_image3_1.jpg,,,,,
2685295,39,대평갈비,"서울특별시 종로구 평창문화로 83",37.6069890619438,126.970187768604,11,110,FD,FD01,FD010100,"[주중]- 11:00~21:30- 준비시간 14:30~16:30- 마지막 주문 20:30[주말]- 11:00~21:30- 마지막 주문 20:30","설·추석 연휴","{""rules"": [{""months"": null, ""weekdays"": [0, 1, 2, 3, 4], ""source_text"": ""]- 11:00~21:30- 준비시간 14:30~16:30- 마지막 주문 20:30["", ""time_ranges"": [{""end"": ""21:30"", ""start"": ""11:00"", ""crosses_midnight"": false}, {""end"": ""16:30"", ""start"": ""14:30"", ""crosses_midnight"": false}], ""last_admission"": null}, {""months"": null, ""weekdays"": [5, 6], ""source_text"": ""]- 11:00~21:30- 마지막 주문 20:30"", ""time_ranges"": [{""end"": ""21:30"", ""start"": ""11:00"", ""crosses_midnight"": false}], ""last_admission"": null}], ""warnings"": [""휴무 문구의 일부 예외를 구조화하지 못했습니다.""], ""availability"": ""scheduled"", ""closure_rules"": [], ""assumption_reason"": null}",partial,operating-hours-1.2.0,"2026-03-09 06:26:55+00","2026-08-09 02:40:01.200497+00","2026-08-08 05:25:57.108297+00","2026-08-09 02:40:01.200497+00",success,,t,,,ff209a47-72a7-46d0-b190-0a427a9afb0a,"2026-07-23 17:11:40.808988+00","2026-08-09 02:40:01.768207+00","가능요금 (무료)",,,,https://tong.visitkorea.or.kr/cms/resource/30/3561330_image2_1.jpg,https://tong.visitkorea.or.kr/cms/resource/30/3561330_image3_1.jpg,,,,,
2689478,39,"일일주(日日酒)","서울특별시 종로구 사직로8길 4 풍림스페이스본 201동 108호",37.5744559264,126.9686161422,11,110,FD,FD02,FD020200,11:00-21:00,연중무휴,"{""rules"": [{""months"": null, ""weekdays"": null, ""source_text"": ""11:00-21:00"", ""time_ranges"": [{""end"": ""21:00"", ""start"": ""11:00"", ""crosses_midnight"": false}], ""last_admission"": null}], ""warnings"": [], ""availability"": ""scheduled"", ""closure_rules"": [], ""assumption_reason"": null}",parsed,operating-hours-1.0.0,"2025-07-30 00:41:55+00","2026-07-23 17:16:48.538813+00","2026-07-23 17:16:48.538813+00","2026-07-23 17:16:48.538813+00",success,,f,missing_from_source,"2026-07-29 10:28:28.906487+00",9fe817b4-a60d-4ea0-8f88-0623954b32f0,"2026-07-23 17:11:41.225101+00","2026-07-29 10:28:29.019834+00",,,,,,,,,,,
2689483,39,조금,"서울특별시 종로구 인사동길 60 (관훈동) 크라운빌딩 1층",37.5753310942,126.9836425255,11,110,FD,FD01,FD010100,11:00-22:00,"명절 휴무","{""rules"": [{""months"": null, ""weekdays"": null, ""source_text"": ""11:00-22:00"", ""time_ranges"": [{""end"": ""22:00"", ""start"": ""11:00"", ""crosses_midnight"": false}], ""last_admission"": null}], ""warnings"": [""휴무 문구의 일부 예외를 구조화하지 못했습니다.""], ""availability"": ""scheduled"", ""closure_rules"": [], ""assumption_reason"": null}",partial,operating-hours-1.0.0,"2025-07-29 06:41:33+00","2026-07-23 17:16:48.538813+00","2026-07-23 17:16:48.538813+00","2026-07-23 17:16:48.538813+00",success,,f,missing_from_source,"2026-07-29 10:28:28.906487+00",9fe817b4-a60d-4ea0-8f88-0623954b32f0,"2026-07-23 17:11:41.296349+00","2026-07-29 10:28:29.019834+00",,,,,,,,,,,
2692866,14,청운문학도서관,"서울특별시 종로구 자하문로36길 40 (청운동)",37.5904317988,126.965932601,11,110,VE,VE09,VE090300,"- 평일 09:00~21:00<br>
- 주말 09:00~19:00","매주 월요일 / 1월 1일 / 설·추석 연휴","{""rules"": [{""months"": null, ""weekdays"": [0, 1, 2, 3, 4], ""source_text"": "" 09:00~21:00"", ""time_ranges"": [{""end"": ""21:00"", ""start"": ""09:00"", ""crosses_midnight"": false}], ""last_admission"": null}, {""months"": null, ""weekdays"": [5, 6], ""source_text"": "" 09:00~19:00"", ""time_ranges"": [{""end"": ""19:00"", ""start"": ""09:00"", ""crosses_midnight"": false}], ""last_admission"": null}], ""warnings"": [], ""availability"": ""scheduled"", ""closure_rules"": [{""weekdays"": [0], ""source_text"": ""매주 월요일 / 1월 1일 / 설·추석 연휴""}], ""assumption_reason"": null}",parsed,operating-hours-1.2.0,"2025-09-04 07:45:25+00","2026-08-09 02:40:01.200497+00","2026-08-08 05:25:57.108297+00","2026-08-09 02:40:01.200497+00",success,,t,,,ff209a47-72a7-46d0-b190-0a427a9afb0a,"2026-07-23 17:11:41.371579+00","2026-08-09 02:40:01.768207+00",가능,,무료,,http://tong.visitkorea.or.kr/cms/resource/37/3531837_image2_1.jpg,http://tong.visitkorea.or.kr/cms/resource/37/3531837_image3_1.jpg,,,,,
2695730,32,효자스테이,"서울특별시 종로구 효자로7길 7-5 (통의동)",37.5787999537,126.9734877974,11,110,AC,AC03,AC030200,15:00,,"{""rules"": [], ""warnings"": [""운영시간을 구조화하지 못했습니다.""], ""availability"": ""unknown"", ""closure_rules"": [], ""assumption_reason"": null}",partial,operating-hours-1.2.0,"2024-11-27 06:59:14+00","2026-08-09 02:40:01.200497+00","2026-08-08 05:25:57.108297+00","2026-08-09 02:40:01.200497+00",success,,t,,,ff209a47-72a7-46d0-b190-0a427a9afb0a,"2026-07-23 17:11:41.44801+00","2026-08-09 02:40:01.768207+00",가능,,,,,,,,,,
2696383,32,"한옥 201(Hanok 201)","서울특별시 종로구 북촌로 40-3 (가회동)",37.5805582961,126.9854144381,11,110,AC,AC03,AC030200,15:00,,"{""rules"": [], ""warnings"": [""운영시간을 구조화하지 못했습니다.""], ""availability"": ""unknown"", ""closure_rules"": [], ""assumption_reason"": null}",partial,operating-hours-1.2.0,"2024-11-27 06:17:28+00","2026-08-09 02:40:01.200497+00","2026-08-08 05:25:57.108297+00","2026-08-09 02:40:01.200497+00",success,,t,,,ff209a47-72a7-46d0-b190-0a427a9afb0a,"2026-07-23 17:11:41.371579+00","2026-08-09 02:40:01.768207+00",불가,,,,,,,,,,
2699340,32,"한옥 게스트하우스 동촌재","서울특별시 종로구 자하문로11길 21-10 (통인동)",37.5801108465,126.9698547581,11,110,AC,AC03,AC030200,16:00,,"{""rules"": [], ""warnings"": [""운영시간을 구조화하지 못했습니다.""], ""availability"": ""unknown"", ""closure_rules"": [], ""assumption_reason"": null}",partial,operating-hours-1.2.0,"2024-11-27 06:17:54+00","2026-08-09 02:40:01.200497+00","2026-08-08 05:25:57.108297+00","2026-08-09 02:40:01.200497+00",success,,t,,,ff209a47-72a7-46d0-b190-0a427a9afb0a,"2026-07-23 17:11:41.371579+00","2026-08-09 02:40:01.768207+00",가능,,,,,,,,,,
2699653,32,"호스텔 하루","서울특별시 종로구 청계천로 61 (관철동)",37.5690401708,126.9843398624,11,110,AC,AC06,AC060200,15:00,,"{""rules"": [], ""warnings"": [""운영시간을 구조화하지 못했습니다.""], ""availability"": ""unknown"", ""closure_rules"": [], ""assumption_reason"": null}",partial,operating-hours-1.2.0,"2024-12-05 04:09:28+00","2026-08-09 02:40:01.200497+00","2026-08-08 05:25:57.108297+00","2026-08-09 02:40:01.200497+00",success,,t,,,ff209a47-72a7-46d0-b190-0a427a9afb0a,"2026-07-23 17:11:41.44801+00","2026-08-09 02:40:01.768207+00",불가,,,,,,,,,,
2700971,32,"락고재 서울 북촌 한옥호텔","서울특별시 종로구 계동길 49-23",37.580183352,126.9860754996,11,110,AC,AC01,AC010100,15:00,,"{""rules"": [], ""warnings"": [""운영시간을 구조화하지 못했습니다.""], ""availability"": ""unknown"", ""closure_rules"": [], ""assumption_reason"": null}",partial,operating-hours-1.2.0,"2025-10-27 06:25:00+00","2026-08-09 02:40:01.200497+00","2026-08-08 05:25:57.108297+00","2026-08-09 02:40:01.200497+00",success,,t,,,ff209a47-72a7-46d0-b190-0a427a9afb0a,"2026-07-23 17:11:40.882874+00","2026-08-09 02:40:01.768207+00","가능(사전 주차 예약 필수/1박당 주차료 15,000원)",,,,,,,,,,
2706047,32,"한옥 게스트하우스 동촌재","서울특별시 종로구 자하문로11길 21-10 (통인동)",37.5801108465,126.9698547581,11,110,AC,AC03,AC030200,16:00,,"{""rules"": [], ""warnings"": [""운영시간을 구조화하지 못했습니다.""], ""availability"": ""unknown"", ""closure_rules"": [], ""assumption_reason"": null}",partial,operating-hours-1.2.0,"2024-12-22 08:45:37+00","2026-08-09 02:40:01.200497+00","2026-08-08 05:25:57.108297+00","2026-08-09 02:40:01.200497+00",success,,t,,,ff209a47-72a7-46d0-b190-0a427a9afb0a,"2026-07-23 17:11:41.371579+00","2026-08-09 02:40:01.768207+00",가능,,,,http://tong.visitkorea.or.kr/cms/resource/96/2705896_image2_1.jpg,http://tong.visitkorea.or.kr/cms/resource/96/2705896_image3_1.jpg,,,,,
2707438,32,하은재,"서울특별시 종로구 자하문로 68-10 (효자동)",37.5819384379,126.9712823538,11,110,AC,AC03,AC030200,16:00,,"{""rules"": [], ""warnings"": [""운영시간을 구조화하지 못했습니다.""], ""availability"": ""unknown"", ""closure_rules"": [], ""assumption_reason"": null}",partial,operating-hours-1.2.0,"2024-12-22 08:46:10+00","2026-08-09 02:40:01.200497+00","2026-08-08 05:25:57.108297+00","2026-08-09 02:40:01.200497+00",success,,t,,,ff209a47-72a7-46d0-b190-0a427a9afb0a,"2026-07-23 17:11:41.371579+00","2026-08-09 02:40:01.768207+00","가능(신교 공용주차장 유료)",,,,http://tong.visitkorea.or.kr/cms/resource/68/3070268_image2_1.jpg,http://tong.visitkorea.or.kr/cms/resource/68/3070268_image3_1.jpg,,,,,
2707439,32,"스테이 데이 오프","서울특별시 종로구 자하문로1다길 6 (체부동)",37.5773111969,126.9712158243,11,110,AC,AC03,AC030200,18:00,,"{""rules"": [], ""warnings"": [""운영시간을 구조화하지 못했습니다.""], ""availability"": ""unknown"", ""closure_rules"": [], ""assumption_reason"": null}",partial,operating-hours-1.2.0,"2025-01-21 05:12:39+00","2026-08-09 02:40:01.200497+00","2026-08-08 05:25:57.108297+00","2026-08-09 02:40:01.200497+00",success,,t,,,ff209a47-72a7-46d0-b190-0a427a9afb0a,"2026-07-23 17:11:41.150397+00","2026-08-09 02:40:01.768207+00",불가,,,,http://tong.visitkorea.or.kr/cms/resource/96/2707596_image2_1.jpg,http://tong.visitkorea.or.kr/cms/resource/96/2707596_image3_1.jpg,,,,,
2707440,32,누와,"서울특별시 종로구 필운대로5나길 3-1 (누하동)",37.57963031,126.9677966258,11,110,AC,AC03,AC030200,16:00,,"{""rules"": [], ""warnings"": [""운영시간을 구조화하지 못했습니다.""], ""availability"": ""unknown"", ""closure_rules"": [], ""assumption_reason"": null}",partial,operating-hours-1.2.0,"2024-12-22 08:47:05+00","2026-08-09 02:40:01.200497+00","2026-08-08 05:25:57.108297+00","2026-08-09 02:40:01.200497+00",success,,t,,,ff209a47-72a7-46d0-b190-0a427a9afb0a,"2026-07-23 17:11:40.808988+00","2026-08-09 02:40:01.768207+00","가능(공용주차장 이용)",,,,http://tong.visitkorea.or.kr/cms/resource/89/3074289_image2_1.jpg,http://tong.visitkorea.or.kr/cms/resource/89/3074289_image3_1.jpg,,,,,
2707445,32,일독일박,"서울특별시 종로구 필운대로3길 11-1 (누하동)",37.578538784,126.9685688087,11,110,AC,AC03,AC030200,18:00,,"{""rules"": [], ""warnings"": [""운영시간을 구조화하지 못했습니다.""], ""availability"": ""unknown"", ""closure_rules"": [], ""assumption_reason"": null}",partial,operating-hours-1.2.0,"2025-01-21 04:10:01+00","2026-08-09 02:40:01.200497+00","2026-08-08 05:25:57.108297+00","2026-08-09 02:40:01.200497+00",success,,t,,,ff209a47-72a7-46d0-b190-0a427a9afb0a,"2026-07-23 17:11:41.225101+00","2026-08-09 02:40:01.768207+00","가능(공용주차장 이용)",,,,http://tong.visitkorea.or.kr/cms/resource/43/2707643_image2_1.jpg,http://tong.visitkorea.or.kr/cms/resource/43/2707643_image3_1.jpg,,,,,
2707460,14,딜쿠샤,"서울특별시 종로구 사직로2길 17 (행촌동)",37.5730893265,126.9634833153,11,110,VE,VE07,VE070300,"09:00~18:00 (입장마감 17:30)","매주 월요일 (단, 월요일이 공휴일인 경우 개관) / 1월 1일","{""rules"": [{""months"": null, ""weekdays"": null, ""source_text"": ""09:00~18:00 (입장마감 17:30)"", ""time_ranges"": [{""end"": ""18:00"", ""start"": ""09:00"", ""crosses_midnight"": false}], ""last_admission"": ""17:30""}], ""warnings"": [""휴무 문구의 일부 예외를 구조화하지 못했습니다.""], ""availability"": ""scheduled"", ""closure_rules"": [{""weekdays"": [0], ""source_text"": ""매주 월요일 (단, 월요일이 공휴일인 경우 개관) / 1월 1일""}], ""assumption_reason"": null}",partial,operating-hours-1.2.0,"2025-11-27 08:47:03+00","2026-08-09 02:40:01.200497+00","2026-08-08 05:25:57.108297+00","2026-08-09 02:40:01.200497+00",success,,t,,,ff209a47-72a7-46d0-b190-0a427a9afb0a,"2026-07-23 17:11:40.808988+00","2026-08-09 02:40:01.768207+00",불가능,,무료,,http://tong.visitkorea.or.kr/cms/resource/61/3573161_image2_1.jpg,http://tong.visitkorea.or.kr/cms/resource/61/3573161_image3_1.jpg,,,,,
2708791,39,"꽃,밥에피다","서울특별시 종로구 인사동16길 3-6 (관훈동)",37.5753422114,126.9840397113,11,110,FD,FD01,FD010100,"- 11:30~21:00<br>- 준비시간 15:00~17:30<br>- 마지막 주문 20:10","설·추석 당일","{""rules"": [{""months"": null, ""weekdays"": null, ""source_text"": ""- 11:30~21:00"", ""time_ranges"": [{""end"": ""21:00"", ""start"": ""11:30"", ""crosses_midnight"": false}], ""last_admission"": null}, {""months"": null, ""weekdays"": null, ""source_text"": ""- 준비시간 15:00~17:30"", ""time_ranges"": [{""end"": ""17:30"", ""start"": ""15:00"", ""crosses_midnight"": false}], ""last_admission"": null}], ""warnings"": [""휴무 문구의 일부 예외를 구조화하지 못했습니다.""], ""availability"": ""scheduled"", ""closure_rules"": [], ""assumption_reason"": null}",partial,operating-hours-1.2.0,"2025-08-07 06:25:44+00","2026-08-09 02:40:01.200497+00","2026-08-08 05:25:57.108297+00","2026-08-09 02:40:01.200497+00",success,,t,,,ff209a47-72a7-46d0-b190-0a427a9afb0a,"2026-07-23 17:11:40.808988+00","2026-08-09 02:40:01.841796+00",불가능,,,,http://tong.visitkorea.or.kr/cms/resource/05/2705105_image2_1.jpg,http://tong.visitkorea.or.kr/cms/resource/05/2705105_image3_1.jpg,,,,,
2717547,39,내자상회,"서울특별시 종로구 사직로10길 3 (내자동)",37.5758502431,126.9705214845,11,110,FD,FD05,FD050100,10:00~22:00,연중무휴,"{""rules"": [{""months"": null, ""weekdays"": null, ""source_text"": ""10:00~22:00"", ""time_ranges"": [{""end"": ""22:00"", ""start"": ""10:00"", ""crosses_midnight"": false}], ""last_admission"": null}], ""warnings"": [], ""availability"": ""scheduled"", ""closure_rules"": [], ""assumption_reason"": null}",parsed,operating-hours-1.2.0,"2025-07-25 06:22:39+00","2026-08-09 02:40:01.200497+00","2026-08-08 05:25:57.108297+00","2026-08-09 02:40:01.200497+00",success,,t,,,ff209a47-72a7-46d0-b190-0a427a9afb0a,"2026-07-23 17:11:40.808988+00","2026-08-09 02:40:01.841796+00",불가능,,,,http://tong.visitkorea.or.kr/cms/resource/97/2716897_image2_1.jpg,http://tong.visitkorea.or.kr/cms/resource/97/2716897_image3_1.jpg,,,,,
2720203,15,"2026 서울거리공연 구석구석라이브","서울특별시 종로구 세종대로 지하172 (세종로)",37.5716228232824,126.976787992565,11,110,EV,EV02,EV020900,"공연 별 상이",,"{""rules"": [], ""warnings"": [""운영시간을 구조화하지 못했습니다.""], ""availability"": ""unknown"", ""closure_rules"": [], ""assumption_reason"": null}",partial,operating-hours-1.2.0,"2026-04-27 04:26:54+00","2026-08-09 02:40:01.200497+00","2026-08-08 05:25:57.108297+00","2026-08-09 02:40:01.200497+00",success,,t,,,ff209a47-72a7-46d0-b190-0a427a9afb0a,"2026-07-23 17:11:41.44801+00","2026-08-09 02:40:01.841796+00",,,무료,,https://tong.visitkorea.or.kr/cms/resource/74/4060474_image2_1.png,https://tong.visitkorea.or.kr/cms/resource/74/4060474_image3_1.png,,,,,
2723499,28,"서울한양도성 백악구간","서울특별시 종로구 창의문로 118 (부암동) 창의문~혜화문",37.5926044932,126.9664956513,11,110,LS,LS01,LS011900,"상시 개방※ 계절별 탐방 권장시간이 상이하므로 홈페이지 참고",연중무휴,"{""rules"": [], ""warnings"": [], ""availability"": ""all_day"", ""closure_rules"": [], ""assumption_reason"": ""always_open_text""}",parsed,operating-hours-1.2.0,"2026-06-19 00:32:09+00","2026-08-09 02:40:01.200497+00","2026-08-08 05:25:57.108297+00","2026-08-09 02:40:01.200497+00",success,,t,,,ff209a47-72a7-46d0-b190-0a427a9afb0a,"2026-07-23 17:11:40.955853+00","2026-08-09 02:40:01.841796+00",,,,,https://tong.visitkorea.or.kr/cms/resource_photo/50/3511850_image2_1.jpg,https://tong.visitkorea.or.kr/cms/resource_photo/50/3511850_image3_1.jpg,,,,,
2729458,39,"서울 원조할머니 기름떡볶이","서울특별시 종로구 자하문로15길 13 (통인동)",37.580660576615,126.970222542239,11,110,FD,FD03,FD030400,"10:00~19:00※ 재료 소진 시 영업 종료",연중무휴,"{""rules"": [{""months"": null, ""weekdays"": null, ""source_text"": ""10:00~19:00※ 재료 소진 시 영업 종료"", ""time_ranges"": [{""end"": ""19:00"", ""start"": ""10:00"", ""crosses_midnight"": false}], ""last_admission"": null}], ""warnings"": [], ""availability"": ""scheduled"", ""closure_rules"": [], ""assumption_reason"": null}",parsed,operating-hours-1.2.0,"2026-02-24 05:31:23+00","2026-08-09 02:40:01.200497+00","2026-08-08 05:25:57.108297+00","2026-08-09 02:40:01.200497+00",success,,t,,,ff209a47-72a7-46d0-b190-0a427a9afb0a,"2026-07-23 17:11:40.955853+00","2026-08-09 02:40:01.841796+00",,,,,,,,,,,
2732184,14,에무,"서울특별시 종로구 경희궁1가길 7 (신문로2가)",37.572068922706,126.969011116977,11,110,VE,VE06,VE060100,"※ 시설 별로 상이함",연중무휴,"{""rules"": [], ""warnings"": [""운영시간을 구조화하지 못했습니다.""], ""availability"": ""unknown"", ""closure_rules"": [], ""assumption_reason"": null}",partial,operating-hours-1.2.0,"2026-02-10 23:10:09+00","2026-08-09 02:40:01.200497+00","2026-08-08 05:25:57.108297+00","2026-08-09 02:40:01.200497+00",success,,t,,,ff209a47-72a7-46d0-b190-0a427a9afb0a,"2026-07-23 17:11:41.150397+00","2026-08-09 02:40:01.841796+00",,,"※ 시설 별로 상이함",,,,,,,,
2733962,12,수성동계곡,"서울특별시 종로구 옥인동 185-3 (옥인동)",37.5822799198,126.9631997475,11,110,NA,NA01,NA010400,"상시 개방",연중무휴,"{""rules"": [], ""warnings"": [], ""availability"": ""all_day"", ""closure_rules"": [], ""assumption_reason"": ""always_open_text""}",parsed,operating-hours-1.2.0,"2025-03-14 00:33:36+00","2026-08-09 02:40:01.200497+00","2026-08-08 05:25:57.108297+00","2026-08-09 02:40:01.200497+00",success,,t,,,ff209a47-72a7-46d0-b190-0a427a9afb0a,"2026-07-23 17:11:41.150397+00","2026-08-09 02:40:01.841796+00",불가능,,,,,,,,,,
2733967,12,가회동성당,"서울특별시 종로구 북촌로 57 (가회동)",37.5820334711,126.9846467509,11,110,HS,HS03,HS030200,"- 주일미사 07:00(오전미사) / 10:00(교중미사) / 18:00(학생미사)- 토요일 미사 18:00 / 07:00(매월 첫 토요일 성모신심미사)- 평일미사 월 07:00 / 화 19:00 / 수 10:00 / 목 19:00 / 금 10:00※ 자세한 사항은 홈페이지 참조","매주 월요일 / 공휴일","{""rules"": [], ""warnings"": [""운영시간을 구조화하지 못했습니다.""], ""availability"": ""unknown"", ""closure_rules"": [{""weekdays"": [0], ""source_text"": ""매주 월요일 / 공휴일""}], ""assumption_reason"": null}",partial,operating-hours-1.2.0,"2026-07-13 07:31:48+00","2026-08-09 02:40:01.200497+00","2026-08-08 05:25:57.108297+00","2026-08-09 02:40:01.200497+00",success,,t,,,ff209a47-72a7-46d0-b190-0a427a9afb0a,"2026-07-23 17:11:40.721834+00","2026-08-09 02:40:01.841796+00",가능,,,,https://tong.visitkorea.or.kr/cms/resource/09/3303909_image2_1.jpg,https://tong.visitkorea.or.kr/cms/resource/09/3303909_image3_1.jpg,,,,,
2738571,14,서울공예박물관,"서울특별시 종로구 율곡로3길 4 (안국동)",37.5767003779,126.9835480508,11,110,VE,VE07,VE070100,10:00~18:00,"매주 월요일 / 1월1일","{""rules"": [{""months"": null, ""weekdays"": null, ""source_text"": ""10:00~18:00"", ""time_ranges"": [{""end"": ""18:00"", ""start"": ""10:00"", ""crosses_midnight"": false}], ""last_admission"": null}], ""warnings"": [], ""availability"": ""scheduled"", ""closure_rules"": [{""weekdays"": [0], ""source_text"": ""매주 월요일 / 1월1일""}], ""assumption_reason"": null}",parsed,operating-hours-1.2.0,"2025-04-02 05:44:56+00","2026-08-09 02:40:01.200497+00","2026-08-08 05:25:57.108297+00","2026-08-09 02:40:01.200497+00",success,,t,,,ff209a47-72a7-46d0-b190-0a427a9afb0a,"2026-07-23 17:11:40.955853+00","2026-08-09 02:40:01.841796+00",,,"무료 (대관전시 유료 가능)",,http://tong.visitkorea.or.kr/cms/resource/87/3083687_image2_1.JPG,http://tong.visitkorea.or.kr/cms/resource/87/3083687_image3_1.JPG,,,,,
2739435,14,JCC재능문화센터,"서울특별시 종로구 창경궁로35길 29 (혜화동)",37.5871832102,127.0018857245,11,110,VE,VE07,VE070300,09:00~18:00,"매주 월요일 / 명절 연휴※ 프로그램별로 상이함","{""rules"": [{""months"": null, ""weekdays"": null, ""source_text"": ""09:00~18:00"", ""time_ranges"": [{""end"": ""18:00"", ""start"": ""09:00"", ""crosses_midnight"": false}], ""last_admission"": null}], ""warnings"": [], ""availability"": ""scheduled"", ""closure_rules"": [{""weekdays"": [0], ""source_text"": ""매주 월요일 / 명절 연휴※ 프로그램별로 상이함""}], ""assumption_reason"": null}",parsed,operating-hours-1.2.0,"2026-07-02 05:21:13+00","2026-08-09 02:40:01.200497+00","2026-08-08 05:25:57.108297+00","2026-08-09 02:40:01.200497+00",success,,t,,,ff209a47-72a7-46d0-b190-0a427a9afb0a,"2026-07-23 17:11:41.44801+00","2026-08-09 02:40:01.841796+00",,,"프로그램별로 상이함",,https://tong.visitkorea.or.kr/cms/resource/14/4081014_image2_1.JPG,https://tong.visitkorea.or.kr/cms/resource/14/4081014_image3_1.JPG,,,,,
2739443,14,PKM갤러리,"서울특별시 종로구 삼청로7길 40 (삼청동)",37.584143895,126.9800981543,11,110,VE,VE07,VE070600,"10:00~18:00 (입장 마감 17:30)","매주 월요일","{""rules"": [{""months"": null, ""weekdays"": null, ""source_text"": ""10:00~18:00 (입장 마감 17:30)"", ""time_ranges"": [{""end"": ""18:00"", ""start"": ""10:00"", ""crosses_midnight"": false}], ""last_admission"": ""17:30""}], ""warnings"": [], ""availability"": ""scheduled"", ""closure_rules"": [{""weekdays"": [0], ""source_text"": ""매주 월요일""}], ""assumption_reason"": null}",parsed,operating-hours-1.2.0,"2025-01-15 05:04:57+00","2026-08-09 02:40:01.200497+00","2026-08-08 05:25:57.108297+00","2026-08-09 02:40:01.200497+00",success,,t,,,ff209a47-72a7-46d0-b190-0a427a9afb0a,"2026-07-23 17:11:41.44801+00","2026-08-09 02:40:01.841796+00",가능,,"전시별 상이",,http://tong.visitkorea.or.kr/cms/resource/51/3451451_image2_1.jpg,http://tong.visitkorea.or.kr/cms/resource/51/3451451_image3_1.jpg,,,,,
2739448,14,공근혜갤러리,"서울특별시 종로구 삼청로7길 38 (삼청동)",37.5840827831,126.9796815273,11,110,VE,VE07,VE070600,10:30~17:30,"매주 일요일~월요일","{""rules"": [{""months"": null, ""weekdays"": null, ""source_text"": ""10:30~17:30"", ""time_ranges"": [{""end"": ""17:30"", ""start"": ""10:30"", ""crosses_midnight"": false}], ""last_admission"": null}], ""warnings"": [], ""availability"": ""scheduled"", ""closure_rules"": [{""weekdays"": [0, 6], ""source_text"": ""매주 일요일~월요일""}], ""assumption_reason"": null}",parsed,operating-hours-1.2.0,"2025-10-28 00:15:08+00","2026-08-09 02:40:01.200497+00","2026-08-08 05:25:57.108297+00","2026-08-09 02:40:01.200497+00",success,,t,,,ff209a47-72a7-46d0-b190-0a427a9afb0a,"2026-07-23 17:11:40.721834+00","2026-08-09 02:40:01.841796+00",가능,무료,"전시 별로 상이함",,http://tong.visitkorea.or.kr/cms/resource/86/3095786_image2_1.jpg,http://tong.visitkorea.or.kr/cms/resource/86/3095786_image3_1.jpg,,,,,
2739454,14,박노수미술관,"서울특별시 종로구 옥인1길 34 (옥인동)",37.5813192085593,126.966818549895,11,110,VE,VE07,VE070600,"10:00~18:00 (입장마감 17:30)","매주 월요일 / 1월 1일 / 설·추석 연휴","{""rules"": [{""months"": null, ""weekdays"": null, ""source_text"": ""10:00~18:00 (입장마감 17:30)"", ""time_ranges"": [{""end"": ""18:00"", ""start"": ""10:00"", ""crosses_midnight"": false}], ""last_admission"": ""17:30""}], ""warnings"": [], ""availability"": ""scheduled"", ""closure_rules"": [{""weekdays"": [0], ""source_text"": ""매주 월요일 / 1월 1일 / 설·추석 연휴""}], ""assumption_reason"": null}",parsed,operating-hours-1.2.0,"2026-02-09 06:03:26+00","2026-08-09 02:40:01.200497+00","2026-08-08 05:25:57.108297+00","2026-08-09 02:40:01.200497+00",success,,t,,,ff209a47-72a7-46d0-b190-0a427a9afb0a,"2026-07-23 17:11:40.882874+00","2026-08-09 02:40:01.841796+00",,,"[개인]- 어른 3,000원- 청소년 1,800원- 어린이 1,200원[단체(20명 이상)]- 어른 1,800원- 청소년 1,200원- 어린이 600원","50% 감면 : 종로구에 주소를 둔 관람객 / 한복착용자",https://tong.visitkorea.or.kr/cms/resource/02/3350702_image2_1.jpg,https://tong.visitkorea.or.kr/cms/resource/02/3350702_image3_1.jpg,,,,,
2739467,14,수애뇨339,"서울특별시 종로구 평창길 339 (평창동)",37.6126127832,126.9787558031,11,110,VE,VE07,VE070300,"- 월요일~토요일 10:00~19:00<br>
- 일요일 및 공휴일 11:00~19:00",연중무휴,"{""rules"": [{""months"": null, ""weekdays"": [0, 1, 2, 3, 4, 5], ""source_text"": "" 10:00~19:00"", ""time_ranges"": [{""end"": ""19:00"", ""start"": ""10:00"", ""crosses_midnight"": false}], ""last_admission"": null}, {""months"": null, ""weekdays"": [6], ""source_text"": "" 및 공휴일 11:00~19:00"", ""time_ranges"": [{""end"": ""19:00"", ""start"": ""11:00"", ""crosses_midnight"": false}], ""last_admission"": null}], ""warnings"": [], ""availability"": ""scheduled"", ""closure_rules"": [], ""assumption_reason"": null}",parsed,operating-hours-1.2.0,"2025-09-18 06:31:10+00","2026-08-09 02:40:01.200497+00","2026-08-08 05:25:57.108297+00","2026-08-09 02:40:01.200497+00",success,,t,,,ff209a47-72a7-46d0-b190-0a427a9afb0a,"2026-07-23 17:11:41.150397+00","2026-08-09 02:40:01.841796+00",가능,,,,http://tong.visitkorea.or.kr/cms/resource/76/3540876_image2_1.jpg,http://tong.visitkorea.or.kr/cms/resource/76/3540876_image3_1.jpg,,,,,
2739475,14,예술가의집,"서울특별시 종로구 동숭길 3 (동숭동)",37.579753142,127.0025212349,11,110,VE,VE06,VE060100,10:00~20:00,"매주 일요일 / 법정공휴일","{""rules"": [{""months"": null, ""weekdays"": null, ""source_text"": ""10:00~20:00"", ""time_ranges"": [{""end"": ""20:00"", ""start"": ""10:00"", ""crosses_midnight"": false}], ""last_admission"": null}], ""warnings"": [""휴무 문구의 일부 예외를 구조화하지 못했습니다.""], ""availability"": ""scheduled"", ""closure_rules"": [{""weekdays"": [6], ""source_text"": ""매주 일요일 / 법정공휴일""}], ""assumption_reason"": null}",partial,operating-hours-1.2.0,"2025-08-12 05:02:39+00","2026-08-09 02:40:01.200497+00","2026-08-08 05:25:57.108297+00","2026-08-09 02:40:01.200497+00",success,,t,,,ff209a47-72a7-46d0-b190-0a427a9afb0a,"2026-07-23 17:11:41.150397+00","2026-08-09 02:40:01.841796+00",가능,,"행사 별로 상이함",,http://tong.visitkorea.or.kr/cms/resource/23/3428523_image2_1.jpg,http://tong.visitkorea.or.kr/cms/resource/23/3428523_image3_1.jpg,,,,,
2739477,14,윤동주문학관,"서울특별시 종로구 창의문로 119 (청운동)",37.5921816175,126.9671657723,11,110,VE,VE07,VE070200,"10:00~18:00(입장마감 17:30)<br>
※ 매일 30분간(13:30~14:00) 청소 및 소독 시간","매주 월요일 / 1월 1일 / 설·추석 당일","{""rules"": [{""months"": null, ""weekdays"": null, ""source_text"": ""10:00~18:00(입장마감 17:30)"", ""time_ranges"": [{""end"": ""18:00"", ""start"": ""10:00"", ""crosses_midnight"": false}], ""last_admission"": ""17:30""}, {""months"": null, ""weekdays"": null, ""source_text"": ""※ 매일 30분간(13:30~14:00) 청소 및 소독 시간"", ""time_ranges"": [{""end"": ""14:00"", ""start"": ""13:30"", ""crosses_midnight"": false}], ""last_admission"": null}], ""warnings"": [], ""availability"": ""scheduled"", ""closure_rules"": [{""weekdays"": [0], ""source_text"": ""매주 월요일 / 1월 1일 / 설·추석 당일""}], ""assumption_reason"": null}",parsed,operating-hours-1.2.0,"2025-03-14 06:26:37+00","2026-08-09 02:40:01.200497+00","2026-08-08 05:25:57.108297+00","2026-08-09 02:40:01.200497+00",success,,t,,,ff209a47-72a7-46d0-b190-0a427a9afb0a,"2026-07-23 17:11:41.225101+00","2026-08-09 02:40:01.841796+00",가능,,무료,,http://tong.visitkorea.or.kr/cms/resource/15/3302915_image2_1.jpg,http://tong.visitkorea.or.kr/cms/resource/15/3302915_image3_1.jpg,,,,,
2739478,14,전태일기념관,"서울특별시 종로구 청계천로 105 (관수동)",37.5685208763,126.9893144237,11,110,VE,VE07,VE070200,"- 하절기 (3월~10월) 10:00~18:00 <br>
- 동절기 (11월~2월) 10:00~17:30","매주 월요일 / 1월 1일 / 설·추석 당일","{""rules"": [{""months"": [3, 4, 5, 6, 7, 8, 9, 10], ""weekdays"": null, ""source_text"": ""- 하절기 (3월~10월) 10:00~18:00"", ""time_ranges"": [{""end"": ""18:00"", ""start"": ""10:00"", ""crosses_midnight"": false}], ""last_admission"": null}, {""months"": [1, 2, 11, 12], ""weekdays"": null, ""source_text"": ""- 동절기 (11월~2월) 10:00~17:30"", ""time_ranges"": [{""end"": ""17:30"", ""start"": ""10:00"", ""crosses_midnight"": false}], ""last_admission"": null}], ""warnings"": [], ""availability"": ""scheduled"", ""closure_rules"": [{""weekdays"": [0], ""source_text"": ""매주 월요일 / 1월 1일 / 설·추석 당일""}], ""assumption_reason"": null}",parsed,operating-hours-1.2.0,"2025-11-03 06:32:56+00","2026-08-09 02:40:01.200497+00","2026-08-08 05:25:57.108297+00","2026-08-09 02:40:01.200497+00",success,,t,,,ff209a47-72a7-46d0-b190-0a427a9afb0a,"2026-07-23 17:11:41.296349+00","2026-08-09 02:40:01.841796+00",불가능,,,,http://tong.visitkorea.or.kr/cms/resource/26/3412126_image2_1.JPG,http://tong.visitkorea.or.kr/cms/resource/26/3412126_image3_1.JPG,,,,,
2739479,14,한국미술관,"서울특별시 종로구 인사동길 12 (인사동)",37.5719509965,126.9872645136,11,110,VE,VE07,VE070600,10:00~18:00,연중무휴,"{""rules"": [{""months"": null, ""weekdays"": null, ""source_text"": ""10:00~18:00"", ""time_ranges"": [{""end"": ""18:00"", ""start"": ""10:00"", ""crosses_midnight"": false}], ""last_admission"": null}], ""warnings"": [], ""availability"": ""scheduled"", ""closure_rules"": [], ""assumption_reason"": null}",parsed,operating-hours-1.2.0,"2025-03-13 13:35:54+00","2026-08-09 02:40:01.200497+00","2026-08-08 05:25:57.108297+00","2026-08-09 02:40:01.200497+00",success,,t,,,ff209a47-72a7-46d0-b190-0a427a9afb0a,"2026-07-23 17:11:41.371579+00","2026-08-09 02:40:01.841796+00","가능<br>요금 (30분 1,500원)",,무료,,http://tong.visitkorea.or.kr/cms/resource/76/3412076_image2_1.JPG,http://tong.visitkorea.or.kr/cms/resource/76/3412076_image3_1.JPG,,,,,
2739481,38,종로꽃시장,"서울특별시 종로구 종로41길 25 (종로6가)",37.5723492546,127.0062928179,11,110,SH,SH06,SH060200,"점포별로 상이함","점포별로 상이함","{""rules"": [], ""warnings"": [""운영시간을 구조화하지 못했습니다.""], ""availability"": ""unknown"", ""closure_rules"": [], ""assumption_reason"": null}",partial,operating-hours-1.2.0,"2026-07-28 07:30:48+00","2026-08-09 02:40:01.200497+00","2026-08-08 05:25:57.108297+00","2026-08-09 02:40:01.200497+00",success,,t,,,ff209a47-72a7-46d0-b190-0a427a9afb0a,"2026-07-23 17:11:41.296349+00","2026-08-09 02:40:01.841796+00",불가능,,,,https://tong.visitkorea.or.kr/cms/resource/87/4093787_image2_1.jpg,https://tong.visitkorea.or.kr/cms/resource/87/4093787_image3_1.jpg,,,,,
2740046,15,한복문화주간,"서울특별시 종로구 종로1길 45 (세종로)",37.5746727436,126.9783985779,11,110,EV,EV03,EV030400,10:00~18:00,,"{""rules"": [{""months"": null, ""weekdays"": null, ""source_text"": ""10:00~18:00"", ""time_ranges"": [{""end"": ""18:00"", ""start"": ""10:00"", ""crosses_midnight"": false}], ""last_admission"": null}], ""warnings"": [], ""availability"": ""scheduled"", ""closure_rules"": [], ""assumption_reason"": null}",parsed,operating-hours-1.2.0,"2025-10-23 05:30:00+00","2026-08-09 02:40:01.200497+00","2026-08-08 05:25:57.108297+00","2026-08-09 02:40:01.200497+00",success,,t,,,ff209a47-72a7-46d0-b190-0a427a9afb0a,"2026-07-23 17:11:41.371579+00","2026-08-09 02:40:01.841796+00",,,무료,,http://tong.visitkorea.or.kr/cms/resource/99/3547199_image2_1.jpg,http://tong.visitkorea.or.kr/cms/resource/99/3547199_image3_1.jpg,,,,,
274399,39,최대감네,"서울특별시 종로구 인사동8길 12-3",37.5739989290409,126.986098269253,11,110,FD,FD01,FD010100,11:00~20:30,연중무휴,"{""rules"": [{""months"": null, ""weekdays"": null, ""source_text"": ""11:00~20:30"", ""time_ranges"": [{""end"": ""20:30"", ""start"": ""11:00"", ""crosses_midnight"": false}], ""last_admission"": null}], ""warnings"": [], ""availability"": ""scheduled"", ""closure_rules"": [], ""assumption_reason"": null}",parsed,operating-hours-1.2.0,"2026-02-09 04:03:04+00","2026-08-09 02:40:01.200497+00","2026-08-08 05:25:57.108297+00","2026-08-09 02:40:01.200497+00",success,,t,,,ff209a47-72a7-46d0-b190-0a427a9afb0a,"2026-07-23 17:11:41.371579+00","2026-08-09 02:40:01.841796+00",불가능,,,,,,,,,,
2753551,15,"북촌의 날","서울특별시 종로구 계동길 37 북촌문화센터",37.5791307002,126.986289399,11,110,EV,EV01,EV010400,"10:00~20:00 (날짜별 상이)",,"{""rules"": [{""months"": null, ""weekdays"": null, ""source_text"": ""10:00~20:00 (날짜별 상이)"", ""time_ranges"": [{""end"": ""20:00"", ""start"": ""10:00"", ""crosses_midnight"": false}], ""last_admission"": null}], ""warnings"": [], ""availability"": ""scheduled"", ""closure_rules"": [], ""assumption_reason"": null}",parsed,operating-hours-1.2.0,"2025-09-18 08:19:57+00","2026-08-09 02:40:01.200497+00","2026-08-08 05:25:57.108297+00","2026-08-09 02:40:01.200497+00",success,,t,,,ff209a47-72a7-46d0-b190-0a427a9afb0a,"2026-07-23 17:11:40.882874+00","2026-08-09 02:40:01.841796+00",,,"무료 (호족반과 도자기 체험은 유료)",,http://tong.visitkorea.or.kr/cms/resource/45/3540045_image2_1.jpg,http://tong.visitkorea.or.kr/cms/resource/45/3540045_image3_1.jpg,,,,,
2759941,14,"한국교회 100주년 기념관","서울특별시 종로구 대학로3길 29 (연지동)",37.5744574621114,127.00022743323,11,110,VE,VE07,VE070200,09:00~22:00,"매주 토요일~일요일","{""rules"": [{""months"": null, ""weekdays"": null, ""source_text"": ""09:00~22:00"", ""time_ranges"": [{""end"": ""22:00"", ""start"": ""09:00"", ""crosses_midnight"": false}], ""last_admission"": null}], ""warnings"": [], ""availability"": ""scheduled"", ""closure_rules"": [{""weekdays"": [5, 6], ""source_text"": ""매주 토요일~일요일""}], ""assumption_reason"": null}",parsed,operating-hours-1.2.0,"2026-03-11 01:03:40+00","2026-08-09 02:40:01.200497+00","2026-08-08 05:25:57.108297+00","2026-08-09 02:40:01.200497+00",success,,t,,,ff209a47-72a7-46d0-b190-0a427a9afb0a,"2026-07-23 17:11:41.371579+00","2026-08-09 02:40:01.841796+00",,,무료,,https://tong.visitkorea.or.kr/cms/resource/01/3506701_image2_1.jpg,https://tong.visitkorea.or.kr/cms/resource/01/3506701_image3_1.jpg,,,,,
2759976,38,충신시장,"서울특별시 종로구 충신동 31-1",37.5750537379,127.0053155583,11,110,SH,SH06,SH060200,"점포 별로 상이함","점포 별로 상이함","{""rules"": [], ""warnings"": [""운영시간을 구조화하지 못했습니다.""], ""availability"": ""unknown"", ""closure_rules"": [], ""assumption_reason"": null}",partial,operating-hours-1.2.0,"2025-11-27 08:54:00+00","2026-08-09 02:40:01.200497+00","2026-08-08 05:25:57.108297+00","2026-08-09 02:40:01.200497+00",success,,t,,,ff209a47-72a7-46d0-b190-0a427a9afb0a,"2026-07-23 17:11:41.371579+00","2026-08-09 02:40:01.841796+00",불가능,,,,http://tong.visitkorea.or.kr/cms/resource/66/3571866_image2_1.jpg,http://tong.visitkorea.or.kr/cms/resource/66/3571866_image3_1.jpg,,,,,
2762867,12,전태일동상,"서울특별시 종로구 종로5가 411-1",37.5697,127.0067,11,110,VE,VE01,VE010500,"상시 개방",연중무휴,"{""rules"": [], ""warnings"": [], ""availability"": ""all_day"", ""closure_rules"": [], ""assumption_reason"": ""always_open_text""}",parsed,operating-hours-1.2.0,"2026-03-12 00:08:40+00","2026-08-09 02:40:01.200497+00","2026-08-08 05:25:57.108297+00","2026-08-09 02:40:01.200497+00",success,,t,,,ff209a47-72a7-46d0-b190-0a427a9afb0a,"2026-07-23 17:11:41.296349+00","2026-08-09 02:40:01.841796+00",불가능,,,,https://tong.visitkorea.or.kr/cms/resource/09/3499609_image2_1.jpg,https://tong.visitkorea.or.kr/cms/resource/09/3499609_image3_1.jpg,,,,,
2762885,12,청운공원,"서울특별시 종로구 창의문로 119 (청운동)",37.592096942441,126.96706863952,11,110,VE,VE03,VE030100,"상시 개방",연중무휴,"{""rules"": [], ""warnings"": [], ""availability"": ""all_day"", ""closure_rules"": [], ""assumption_reason"": ""always_open_text""}",parsed,operating-hours-1.2.0,"2026-03-11 01:03:40+00","2026-08-09 02:40:01.200497+00","2026-08-08 05:25:57.108297+00","2026-08-09 02:40:01.200497+00",success,,t,,,ff209a47-72a7-46d0-b190-0a427a9afb0a,"2026-07-23 17:11:41.296349+00","2026-08-09 02:40:01.841796+00",가능,,,,https://tong.visitkorea.or.kr/cms/resource/36/3506736_image2_1.jpg,https://tong.visitkorea.or.kr/cms/resource/36/3506736_image3_1.jpg,,,,,
2762892,39,아델라베일리,"서울특별시 종로구 북악산로 48 (부암동)",37.595168080385,126.970184830427,11,110,FD,FD02,FD020300,"11:30~22:00 (마지막 주문 21:00)",연중무휴,"{""rules"": [{""months"": null, ""weekdays"": null, ""source_text"": ""11:30~22:00 (마지막 주문 21:00)"", ""time_ranges"": [{""end"": ""22:00"", ""start"": ""11:30"", ""crosses_midnight"": false}], ""last_admission"": null}], ""warnings"": [], ""availability"": ""scheduled"", ""closure_rules"": [], ""assumption_reason"": null}",parsed,operating-hours-1.2.0,"2026-02-24 03:13:40+00","2026-08-09 02:40:01.200497+00","2026-08-08 05:25:57.108297+00","2026-08-09 02:40:01.200497+00",success,,t,,,ff209a47-72a7-46d0-b190-0a427a9afb0a,"2026-07-23 17:11:41.150397+00","2026-08-09 02:40:01.841796+00",가능,,,,,,,,,,
2764331,12,"인왕산 국사당","서울특별시 종로구 통일로18가길 20 (무악동)",37.5788652439177,126.959524509597,11,110,HS,HS03,HS030100,"상시 개방",연중무휴,"{""rules"": [], ""warnings"": [], ""availability"": ""all_day"", ""closure_rules"": [], ""assumption_reason"": ""always_open_text""}",parsed,operating-hours-1.2.0,"2026-03-05 00:58:51+00","2026-08-09 02:40:01.200497+00","2026-08-08 05:25:57.108297+00","2026-08-09 02:40:01.200497+00",success,,t,,,ff209a47-72a7-46d0-b190-0a427a9afb0a,"2026-07-23 17:11:41.225101+00","2026-08-09 02:40:01.841796+00",가능,,,,https://tong.visitkorea.or.kr/cms/resource/58/3481958_image2_1.jpg,https://tong.visitkorea.or.kr/cms/resource/58/3481958_image3_1.jpg,,,,,
2765213,38,동묘벼룩시장,"서울특별시 종로구 숭인동 102-8",37.5732541699,127.0177144794,11,110,SH,SH06,SH060200,"점포 별로 상이함","점포 별로 상이함","{""rules"": [], ""warnings"": [""운영시간을 구조화하지 못했습니다.""], ""availability"": ""unknown"", ""closure_rules"": [], ""assumption_reason"": null}",partial,operating-hours-1.2.0,"2025-11-27 09:05:48+00","2026-08-09 02:40:01.200497+00","2026-08-08 05:25:57.108297+00","2026-08-09 02:40:01.200497+00",success,,t,,,ff209a47-72a7-46d0-b190-0a427a9afb0a,"2026-07-23 17:11:40.808988+00","2026-08-09 02:40:01.841796+00",불가능,,,,http://tong.visitkorea.or.kr/cms/resource/73/3571873_image2_1.jpg,http://tong.visitkorea.or.kr/cms/resource/73/3571873_image3_1.jpg,,,,,
2768087,28,롤파크,"서울특별시 종로구 종로 33 그랑서울 타워[1] 3층 롤파크",37.5710121125,126.9814539585,11,110,VE,VE10,VE100100,,,"{""rules"": [], ""warnings"": [], ""availability"": ""unknown"", ""closure_rules"": [], ""assumption_reason"": null}",unknown,operating-hours-1.2.0,"2025-10-28 04:18:20+00","2026-08-09 02:40:01.200497+00","2026-08-08 05:25:57.108297+00","2026-08-09 02:40:01.200497+00",empty,,t,,,ff209a47-72a7-46d0-b190-0a427a9afb0a,"2026-07-23 17:11:40.882874+00","2026-08-09 02:40:01.841796+00",,,,,http://tong.visitkorea.or.kr/cms/resource/30/3454730_image2_1.JPG,http://tong.visitkorea.or.kr/cms/resource/30/3454730_image3_1.JPG,,,,,
2774283,12,"선바위(선암)","서울특별시 종로구 통일로18가길 26 (무악동)",37.5789968923,126.9589696707,11,110,NA,NA03,NA030300,"상시 개방",연중무휴,"{""rules"": [], ""warnings"": [], ""availability"": ""all_day"", ""closure_rules"": [], ""assumption_reason"": ""always_open_text""}",parsed,operating-hours-1.2.0,"2025-11-03 06:14:18+00","2026-08-09 02:40:01.200497+00","2026-08-08 05:25:57.108297+00","2026-08-09 02:40:01.200497+00",success,,t,,,ff209a47-72a7-46d0-b190-0a427a9afb0a,"2026-07-23 17:11:40.955853+00","2026-08-09 02:40:01.841796+00",불가능,,,,http://tong.visitkorea.or.kr/cms/resource/55/3412155_image2_1.JPG,http://tong.visitkorea.or.kr/cms/resource/55/3412155_image3_1.JPG,,,,,
2774286,12,"안국선원(서울)","서울특별시 종로구 북촌로 70 (가회동)",37.5829366641627,126.985406647523,11,110,HS,HS03,HS030100,"09:00~18:00※ 자세한 사항은 전화문의 요망",연중무휴,"{""rules"": [{""months"": null, ""weekdays"": null, ""source_text"": ""09:00~18:00※ 자세한 사항은 전화문의 요망"", ""time_ranges"": [{""end"": ""18:00"", ""start"": ""09:00"", ""crosses_midnight"": false}], ""last_admission"": null}], ""warnings"": [], ""availability"": ""scheduled"", ""closure_rules"": [], ""assumption_reason"": null}",parsed,operating-hours-1.2.0,"2026-03-05 00:58:51+00","2026-08-09 02:40:01.200497+00","2026-08-08 05:25:57.108297+00","2026-08-09 02:40:01.200497+00",success,,t,,,ff209a47-72a7-46d0-b190-0a427a9afb0a,"2026-07-23 17:11:41.150397+00","2026-08-09 02:40:01.841796+00",가능,,,,https://tong.visitkorea.or.kr/cms/resource/47/3481947_image2_1.jpg,https://tong.visitkorea.or.kr/cms/resource/47/3481947_image3_1.jpg,,,,,
2778428,39,청진옥,"서울특별시 종로구 종로3길 32 (청진동)",37.571729605,126.9794631808,11,110,FD,FD01,FD010100,"06:00~22:00 (마지막 주문 21:30)",연중무휴,"{""rules"": [{""months"": null, ""weekdays"": null, ""source_text"": ""06:00~22:00 (마지막 주문 21:30)"", ""time_ranges"": [{""end"": ""22:00"", ""start"": ""06:00"", ""crosses_midnight"": false}], ""last_admission"": null}], ""warnings"": [], ""availability"": ""scheduled"", ""closure_rules"": [], ""assumption_reason"": null}",parsed,operating-hours-1.2.0,"2026-08-06 07:53:54+00","2026-08-09 02:40:01.200497+00","2026-08-08 05:25:57.108297+00","2026-08-09 02:40:01.200497+00",success,,t,,,ff209a47-72a7-46d0-b190-0a427a9afb0a,"2026-07-23 17:11:41.371579+00","2026-08-09 02:40:01.841796+00",가능,,,,https://tong.visitkorea.or.kr/cms/resource/01/3083801_image2_1.JPG,https://tong.visitkorea.or.kr/cms/resource/01/3083801_image3_1.JPG,,,,,
2778436,39,서울원조아구찜,"서울특별시 종로구 삼일대로 436-1 (낙원동) 1층",37.5736024516612,126.988019050876,11,110,FD,FD01,FD010100,11:00~23:30,"매주 월요일","{""rules"": [{""months"": null, ""weekdays"": null, ""source_text"": ""11:00~23:30"", ""time_ranges"": [{""end"": ""23:30"", ""start"": ""11:00"", ""crosses_midnight"": false}], ""last_admission"": null}], ""warnings"": [], ""availability"": ""scheduled"", ""closure_rules"": [{""weekdays"": [0], ""source_text"": ""매주 월요일""}], ""assumption_reason"": null}",parsed,operating-hours-1.2.0,"2026-04-14 00:19:50+00","2026-08-09 02:40:01.200497+00","2026-08-08 05:25:57.108297+00","2026-08-09 02:40:01.200497+00",success,,t,,,ff209a47-72a7-46d0-b190-0a427a9afb0a,"2026-07-23 17:11:40.955853+00","2026-08-09 02:40:01.841796+00",불가능,,,,,,,,,,
2782690,39,티테라피,"서울특별시 종로구 윤보선길 74 (안국동)",37.5791684375397,126.983551601223,11,110,FD,FD05,FD050200,"- 월요일~토요일 10:00~21:00- 일요일 10:00~20:00",연중무휴,"{""rules"": [{""months"": null, ""weekdays"": [0, 1, 2, 3, 4, 5], ""source_text"": "" 10:00~21:00- "", ""time_ranges"": [{""end"": ""21:00"", ""start"": ""10:00"", ""crosses_midnight"": false}], ""last_admission"": null}, {""months"": null, ""weekdays"": [6], ""source_text"": "" 10:00~20:00"", ""time_ranges"": [{""end"": ""20:00"", ""start"": ""10:00"", ""crosses_midnight"": false}], ""last_admission"": null}], ""warnings"": [], ""availability"": ""scheduled"", ""closure_rules"": [], ""assumption_reason"": null}",parsed,operating-hours-1.2.0,"2026-03-11 01:03:40+00","2026-08-09 02:40:01.200497+00","2026-08-08 05:25:57.108297+00","2026-08-09 02:40:01.200497+00",success,,t,,,ff209a47-72a7-46d0-b190-0a427a9afb0a,"2026-07-23 17:11:41.371579+00","2026-08-09 02:40:01.841796+00",불가능,,,,https://tong.visitkorea.or.kr/cms/resource/58/3512358_image2_1.jpg,https://tong.visitkorea.or.kr/cms/resource/58/3512358_image3_1.jpg,,,,,
2782735,14,국립경찰박물관,"서울특별시 종로구 송월길 162 (행촌동)",37.5720572533,126.9621960451,11,110,VE,VE07,VE070100,"09:30~17:30 (입장 마감 17:00)","매주 월요일(단, 월요일이 공휴일인 경우 그 다음날 휴관) / 1월 1일 / 설·추석 연휴","{""rules"": [{""months"": null, ""weekdays"": null, ""source_text"": ""09:30~17:30 (입장 마감 17:00)"", ""time_ranges"": [{""end"": ""17:30"", ""start"": ""09:30"", ""crosses_midnight"": false}], ""last_admission"": ""17:00""}], ""warnings"": [""휴무 문구의 일부 예외를 구조화하지 못했습니다.""], ""availability"": ""scheduled"", ""closure_rules"": [{""weekdays"": [0], ""source_text"": ""매주 월요일(단, 월요일이 공휴일인 경우 그 다음날 휴관) / 1월 1일 / 설·추석 연휴""}], ""assumption_reason"": null}",partial,operating-hours-1.2.0,"2026-08-03 00:20:47+00","2026-08-09 02:40:01.200497+00","2026-08-08 05:25:57.108297+00","2026-08-09 02:40:01.200497+00",success,,t,,,ff209a47-72a7-46d0-b190-0a427a9afb0a,"2026-07-23 17:11:40.721834+00","2026-08-09 02:40:01.841796+00",,,무료,,https://tong.visitkorea.or.kr/cms/resource/68/3505668_image2_1.jpg,https://tong.visitkorea.or.kr/cms/resource/68/3505668_image3_1.jpg,,,,,
2783334,39,"인왕산 더숲 초소책방","서울특별시 종로구 인왕산로 172 (옥인동)",37.5860072833,126.9642912092,11,110,FD,FD05,FD050100,"08:00~22:00 (라스트오더 21:30)",연중무휴,"{""rules"": [{""months"": null, ""weekdays"": null, ""source_text"": ""08:00~22:00 (라스트오더 21:30)"", ""time_ranges"": [{""end"": ""22:00"", ""start"": ""08:00"", ""crosses_midnight"": false}], ""last_admission"": null}], ""warnings"": [], ""availability"": ""scheduled"", ""closure_rules"": [], ""assumption_reason"": null}",parsed,operating-hours-1.2.0,"2024-10-24 08:23:43+00","2026-08-09 02:40:01.200497+00","2026-08-08 05:25:57.108297+00","2026-08-09 02:40:01.200497+00",success,,t,,,ff209a47-72a7-46d0-b190-0a427a9afb0a,"2026-07-23 17:11:41.225101+00","2026-08-09 02:40:01.841796+00",불가,,,,http://tong.visitkorea.or.kr/cms/resource/91/3300891_image2_1.jpg,http://tong.visitkorea.or.kr/cms/resource/91/3300891_image3_1.jpg,,,,,
2783352,39,스태픽스,"서울특별시 종로구 사직로9길 22 (필운동)",37.5774250096,126.9677078075,11,110,FD,FD05,FD050100,10:00~21:00,"매월 마지막 주 월요일","{""rules"": [{""months"": null, ""weekdays"": null, ""source_text"": ""10:00~21:00"", ""time_ranges"": [{""end"": ""21:00"", ""start"": ""10:00"", ""crosses_midnight"": false}], ""last_admission"": null}], ""warnings"": [""휴무 문구의 일부 예외를 구조화하지 못했습니다.""], ""availability"": ""scheduled"", ""closure_rules"": [], ""assumption_reason"": null}",partial,operating-hours-1.2.0,"2025-11-19 07:14:25+00","2026-08-09 02:40:01.200497+00","2026-08-08 05:25:57.108297+00","2026-08-09 02:40:01.200497+00",success,,t,,,ff209a47-72a7-46d0-b190-0a427a9afb0a,"2026-07-23 17:11:41.150397+00","2026-08-09 02:40:01.841796+00",가능,,,,http://tong.visitkorea.or.kr/cms/resource/84/2790084_image2_1.jpg,http://tong.visitkorea.or.kr/cms/resource/84/2790084_image3_1.jpg,,,,,
2783358,39,테르트르카페,"서울특별시 종로구 낙산5길 46 (창신동)",37.5782234595541,127.011192857402,11,110,FD,FD05,FD050100,"- 화요일~금요일 15:00~22:30 (마지막 주문 22:00)- 토요일~일요일 13:00~22:30 (마지막 주문 22:00)","매주 월요일","{""rules"": [{""months"": null, ""weekdays"": [1, 2, 3, 4], ""source_text"": "" 15:00~22:30 (마지막 주문 22:00)- "", ""time_ranges"": [{""end"": ""22:30"", ""start"": ""15:00"", ""crosses_midnight"": false}], ""last_admission"": null}, {""months"": null, ""weekdays"": [5, 6], ""source_text"": "" 13:00~22:30 (마지막 주문 22:00)"", ""time_ranges"": [{""end"": ""22:30"", ""start"": ""13:00"", ""crosses_midnight"": false}], ""last_admission"": null}], ""warnings"": [], ""availability"": ""scheduled"", ""closure_rules"": [{""weekdays"": [0], ""source_text"": ""매주 월요일""}], ""assumption_reason"": null}",parsed,operating-hours-1.2.0,"2026-02-06 05:14:14+00","2026-08-09 02:40:01.200497+00","2026-08-08 05:25:57.108297+00","2026-08-09 02:40:01.200497+00",success,,t,,,ff209a47-72a7-46d0-b190-0a427a9afb0a,"2026-07-23 17:11:41.371579+00","2026-08-09 02:40:01.841796+00",불가능,,,,,,,,,,
2783512,14,"석파정 서울미술관","서울특별시 종로구 창의문로11길 4-1 (부암동)",37.5948159817,126.9627603052,11,110,VE,VE07,VE070600,"10:00~18:00 (입장 마감 17:00)","매주 월요일~화요일","{""rules"": [{""months"": null, ""weekdays"": null, ""source_text"": ""10:00~18:00 (입장 마감 17:00)"", ""time_ranges"": [{""end"": ""18:00"", ""start"": ""10:00"", ""crosses_midnight"": false}], ""last_admission"": ""17:00""}], ""warnings"": [], ""availability"": ""scheduled"", ""closure_rules"": [{""weekdays"": [0, 1], ""source_text"": ""매주 월요일~화요일""}], ""assumption_reason"": null}",parsed,operating-hours-1.2.0,"2026-08-05 04:39:45+00","2026-08-09 02:40:01.200497+00","2026-08-08 05:25:57.108297+00","2026-08-09 02:40:01.200497+00",success,,t,,,ff209a47-72a7-46d0-b190-0a427a9afb0a,"2026-07-23 17:11:40.955853+00","2026-08-09 02:40:01.841796+00",,,"- 성인 20,000원
- 학생(만 13세~18세) 15,000원
- 어린이(만 12세 이하) 13,000원
- 우대(만 65세 이상/국가유공자 및 유가족/군인 본인/장애인) 13,000원
※ 무료 : 36개월 미만 (증명 자료 지참 필수)
※ 우대 대상자 신분증 및 증명 자료 지참 필수
※ 자세한 사항은 홈페이지 참조 및 전화 문의 요망",,,,,,,,
2783547,12,"독립선언문 배부 터","서울특별시 종로구 삼일대로 457 (경운동)",37.5752617096,126.9865255983,11,110,HS,HS01,HS011200,"상시 개방","연중 무휴","{""rules"": [], ""warnings"": [], ""availability"": ""all_day"", ""closure_rules"": [], ""assumption_reason"": ""always_open_text""}",parsed,operating-hours-1.2.0,"2025-12-24 07:26:56+00","2026-08-09 02:40:01.200497+00","2026-08-08 05:25:57.108297+00","2026-08-09 02:40:01.200497+00",success,,t,,,ff209a47-72a7-46d0-b190-0a427a9afb0a,"2026-07-23 17:11:40.808988+00","2026-08-09 02:40:01.841796+00",,,,,http://tong.visitkorea.or.kr/cms/resource/09/3412009_image2_1.JPG,http://tong.visitkorea.or.kr/cms/resource/09/3412009_image3_1.JPG,,,,,
2783558,12,"필운동 홍건익 가옥","서울특별시 종로구 필운대로1길 14-4 (필운동)",37.5779721893,126.9688965725,11,110,HS,HS01,HS010400,"- 화요일~목요일, 주말 10:00~18:00<br>
- 금요일 12:00~20:00","매주 월요일 / 공휴일","{""rules"": [{""months"": null, ""weekdays"": [1, 2, 3, 5, 6], ""source_text"": "" 10:00~18:00"", ""time_ranges"": [{""end"": ""18:00"", ""start"": ""10:00"", ""crosses_midnight"": false}], ""last_admission"": null}, {""months"": null, ""weekdays"": [4], ""source_text"": "" 12:00~20:00"", ""time_ranges"": [{""end"": ""20:00"", ""start"": ""12:00"", ""crosses_midnight"": false}], ""last_admission"": null}], ""warnings"": [""휴무 문구의 일부 예외를 구조화하지 못했습니다.""], ""availability"": ""scheduled"", ""closure_rules"": [{""weekdays"": [0], ""source_text"": ""매주 월요일 / 공휴일""}], ""assumption_reason"": null}",partial,operating-hours-1.2.0,"2025-09-12 06:32:45+00","2026-08-09 02:40:01.200497+00","2026-08-08 05:25:57.108297+00","2026-08-09 02:40:01.200497+00",success,,t,,,ff209a47-72a7-46d0-b190-0a427a9afb0a,"2026-07-23 17:11:41.371579+00","2026-08-09 02:40:01.841796+00",불가능,,,,http://tong.visitkorea.or.kr/cms/resource/50/3535950_image2_1.jpg,http://tong.visitkorea.or.kr/cms/resource/50/3535950_image3_1.jpg,,,,,
2786045,39,깔리,"서울특별시 종로구 대학로11길 43 (명륜4가)171번지 2층",37.5825166505,126.999271453,11,110,FD,FD02,FD020400,"11:30 ~ 21:10 (브레이크타임 15:40 ~ 17:00)","매주 월요일","{""rules"": [{""months"": null, ""weekdays"": null, ""source_text"": ""11:30 ~ 21:10 (브레이크타임 15:40 ~ 17:00)"", ""time_ranges"": [{""end"": ""21:10"", ""start"": ""11:30"", ""crosses_midnight"": false}, {""end"": ""17:00"", ""start"": ""15:40"", ""crosses_midnight"": false}], ""last_admission"": null}], ""warnings"": [], ""availability"": ""scheduled"", ""closure_rules"": [{""weekdays"": [0], ""source_text"": ""매주 월요일""}], ""assumption_reason"": null}",parsed,operating-hours-1.2.0,"2025-01-16 00:34:20+00","2026-08-09 02:40:01.200497+00","2026-08-08 05:25:57.108297+00","2026-08-09 02:40:01.200497+00",success,,t,,,ff209a47-72a7-46d0-b190-0a427a9afb0a,"2026-07-23 17:11:40.808988+00","2026-08-09 02:40:01.841796+00",불가능,,,,http://tong.visitkorea.or.kr/cms/resource/29/2792529_image2_1.jpg,http://tong.visitkorea.or.kr/cms/resource/29/2792529_image2_1.jpg,,,,,
2787181,12,윤동주시인의언덕,"서울특별시 종로구 청운동",37.5910539539,126.9662158908,11,110,VE,VE03,VE030500,"상시 개방",연중무휴,"{""rules"": [], ""warnings"": [], ""availability"": ""all_day"", ""closure_rules"": [], ""assumption_reason"": ""always_open_text""}",parsed,operating-hours-1.2.0,"2025-03-13 05:12:52+00","2026-08-09 02:40:01.200497+00","2026-08-08 05:25:57.108297+00","2026-08-09 02:40:01.200497+00",success,,t,,,ff209a47-72a7-46d0-b190-0a427a9afb0a,"2026-07-23 17:11:41.225101+00","2026-08-09 02:40:01.841796+00",불가능,,,,http://tong.visitkorea.or.kr/cms/resource/39/3354039_image2_1.jpg,http://tong.visitkorea.or.kr/cms/resource/39/3354039_image3_1.jpg,,,,,
2788817,39,"창신동매운족발 본점","서울특별시 종로구 종로51길 23 (창신동)",37.5730679692,127.01152616,11,110,FD,FD01,FD010100,10:30~22:00,"매주 월요일","{""rules"": [{""months"": null, ""weekdays"": null, ""source_text"": ""10:30~22:00"", ""time_ranges"": [{""end"": ""22:00"", ""start"": ""10:30"", ""crosses_midnight"": false}], ""last_admission"": null}], ""warnings"": [], ""availability"": ""scheduled"", ""closure_rules"": [{""weekdays"": [0], ""source_text"": ""매주 월요일""}], ""assumption_reason"": null}",parsed,operating-hours-1.2.0,"2025-10-23 05:30:00+00","2026-08-09 02:40:01.200497+00","2026-08-08 05:25:57.108297+00","2026-08-09 02:40:01.200497+00",success,,t,,,ff209a47-72a7-46d0-b190-0a427a9afb0a,"2026-07-23 17:11:41.296349+00","2026-08-09 02:40:01.841796+00",,,,,http://tong.visitkorea.or.kr/cms/resource/97/2789497_image2_1.jpg,http://tong.visitkorea.or.kr/cms/resource/97/2789497_image3_1.jpg,,,,,
2789169,39,된장예술과술,"서울특별시 종로구 삼일대로15길 20 (관철동)",37.5689735496,126.9864091204,11,110,FD,FD01,FD010100,"11:00 ~ 22:00 (브레이크타임 15:00~16:30)","매주 토요일, 일요일","{""rules"": [{""months"": null, ""weekdays"": null, ""source_text"": ""11:00 ~ 22:00 (브레이크타임 15:00~16:30)"", ""time_ranges"": [{""end"": ""22:00"", ""start"": ""11:00"", ""crosses_midnight"": false}, {""end"": ""16:30"", ""start"": ""15:00"", ""crosses_midnight"": false}], ""last_admission"": null}], ""warnings"": [], ""availability"": ""scheduled"", ""closure_rules"": [{""weekdays"": [5, 6], ""source_text"": ""매주 토요일, 일요일""}], ""assumption_reason"": null}",parsed,operating-hours-1.2.0,"2025-01-06 08:41:44+00","2026-08-09 02:40:01.200497+00","2026-08-08 05:25:57.108297+00","2026-08-09 02:40:01.200497+00",success,,t,,,ff209a47-72a7-46d0-b190-0a427a9afb0a,"2026-07-23 17:11:40.808988+00","2026-08-09 02:40:01.841796+00",불가능,,,,http://tong.visitkorea.or.kr/cms/resource/21/2789821_image2_1.jpg,http://tong.visitkorea.or.kr/cms/resource/21/2789821_image2_1.jpg,,,,,
2789182,39,동경우동,"서울특별시 종로구 새문안로9길 28 (도렴동)",37.5714341825,126.9757044705,11,110,FD,FD02,FD020200,"- 평일 07:00~22:00<br>- 주말 10:00~22:00",연중무휴,"{""rules"": [{""months"": null, ""weekdays"": [0, 1, 2, 3, 4], ""source_text"": "" 07:00~22:00"", ""time_ranges"": [{""end"": ""22:00"", ""start"": ""07:00"", ""crosses_midnight"": false}], ""last_admission"": null}, {""months"": null, ""weekdays"": [5, 6], ""source_text"": "" 10:00~22:00"", ""time_ranges"": [{""end"": ""22:00"", ""start"": ""10:00"", ""crosses_midnight"": false}], ""last_admission"": null}], ""warnings"": [], ""availability"": ""scheduled"", ""closure_rules"": [], ""assumption_reason"": null}",parsed,operating-hours-1.2.0,"2025-10-23 05:30:00+00","2026-08-09 02:40:01.200497+00","2026-08-08 05:25:57.108297+00","2026-08-09 02:40:01.200497+00",success,,t,,,ff209a47-72a7-46d0-b190-0a427a9afb0a,"2026-07-23 17:11:40.808988+00","2026-08-09 02:40:01.841796+00",,,,,http://tong.visitkorea.or.kr/cms/resource/14/2789814_image2_1.jpg,http://tong.visitkorea.or.kr/cms/resource/14/2789814_image3_1.jpg,,,,,
2789192,39,금문,"서울특별시 종로구 창경궁로 269-1 (혜화동)",37.585466333,127.0006406888,11,110,FD,FD02,FD020100,"- 11:30~21:00<br>- 준비시간(평일) 15:00~17:00<br>- 마지막 주문 20:30","매주 수요일","{""rules"": [{""months"": null, ""weekdays"": null, ""source_text"": ""- 11:30~21:00"", ""time_ranges"": [{""end"": ""21:00"", ""start"": ""11:30"", ""crosses_midnight"": false}], ""last_admission"": null}, {""months"": null, ""weekdays"": [0, 1, 2, 3, 4], ""source_text"": "") 15:00~17:00"", ""time_ranges"": [{""end"": ""17:00"", ""start"": ""15:00"", ""crosses_midnight"": false}], ""last_admission"": null}], ""warnings"": [], ""availability"": ""scheduled"", ""closure_rules"": [{""weekdays"": [2], ""source_text"": ""매주 수요일""}], ""assumption_reason"": null}",parsed,operating-hours-1.2.0,"2025-10-23 05:30:00+00","2026-08-09 02:40:01.200497+00","2026-08-08 05:25:57.108297+00","2026-08-09 02:40:01.200497+00",success,,t,,,ff209a47-72a7-46d0-b190-0a427a9afb0a,"2026-07-23 17:11:40.721834+00","2026-08-09 02:40:01.841796+00",,,,,http://tong.visitkorea.or.kr/cms/resource/04/2789804_image2_1.jpg,http://tong.visitkorea.or.kr/cms/resource/04/2789804_image3_1.jpg,,,,,
2794729,39,"거울한옥 미러룸","서울특별시 종로구 삼청로2길 40 (소격동)",37.5800541822803,126.981114959092,11,110,FD,FD05,FD050100,11:30~22:00,연중무휴,"{""rules"": [{""months"": null, ""weekdays"": null, ""source_text"": ""11:30~22:00"", ""time_ranges"": [{""end"": ""22:00"", ""start"": ""11:30"", ""crosses_midnight"": false}], ""last_admission"": null}], ""warnings"": [], ""availability"": ""scheduled"", ""closure_rules"": [], ""assumption_reason"": null}",parsed,operating-hours-1.2.0,"2026-02-09 06:02:34+00","2026-08-09 02:40:01.200497+00","2026-08-08 05:25:57.108297+00","2026-08-09 02:40:01.200497+00",success,,t,,,ff209a47-72a7-46d0-b190-0a427a9afb0a,"2026-07-23 17:11:40.721834+00","2026-08-09 02:40:01.841796+00",불가능,,,,,,,,,,
2794769,39,"광장싸롱 1961","서울특별시 종로구 동호로 403-3 (종로5가)",37.5703653287,127.0016854663,11,110,FD,FD05,FD050100,"- 월요일 11:00~21:00<br>- 화요일~일요일 10:00~21:00<br>- 마지막 주문 20:30",연중무휴,"{""rules"": [{""months"": null, ""weekdays"": [0], ""source_text"": "" 11:00~21:00"", ""time_ranges"": [{""end"": ""21:00"", ""start"": ""11:00"", ""crosses_midnight"": false}], ""last_admission"": null}, {""months"": null, ""weekdays"": [1, 2, 3, 4, 5, 6], ""source_text"": "" 10:00~21:00"", ""time_ranges"": [{""end"": ""21:00"", ""start"": ""10:00"", ""crosses_midnight"": false}], ""last_admission"": null}], ""warnings"": [], ""availability"": ""scheduled"", ""closure_rules"": [], ""assumption_reason"": null}",parsed,operating-hours-1.2.0,"2025-10-23 05:30:00+00","2026-08-09 02:40:01.200497+00","2026-08-08 05:25:57.108297+00","2026-08-09 02:40:01.200497+00",success,,t,,,ff209a47-72a7-46d0-b190-0a427a9afb0a,"2026-07-23 17:11:40.721834+00","2026-08-09 02:40:01.841796+00",,,,,http://tong.visitkorea.or.kr/cms/resource/89/2794889_image2_1.jpg,http://tong.visitkorea.or.kr/cms/resource/89/2794889_image3_1.jpg,,,,,
2804401,32,"서울한옥스테이(jnpstay)","서울특별시 종로구 자하문로1나길 7-28 (체부동)",37.5769584543,126.9708991967,11,110,AC,AC03,AC030200,16:00,,"{""rules"": [], ""warnings"": [""운영시간을 구조화하지 못했습니다.""], ""availability"": ""unknown"", ""closure_rules"": [], ""assumption_reason"": null}",partial,operating-hours-1.2.0,"2024-10-31 01:22:44+00","2026-08-09 02:40:01.200497+00","2026-08-08 05:25:57.108297+00","2026-08-09 02:40:01.200497+00",success,,t,,,ff209a47-72a7-46d0-b190-0a427a9afb0a,"2026-07-23 17:11:40.955853+00","2026-08-09 02:40:01.841796+00",가능,,,,http://tong.visitkorea.or.kr/cms/resource/71/2803371_image2_1.jpg,http://tong.visitkorea.or.kr/cms/resource/71/2803371_image3_1.jpg,,,,,
2807122,39,한옥달,"서울특별시 종로구  자하문로1가길 (9)",37.5769233172739,126.971988451418,11,110,FD,FD02,FD020300,"[월요일~금요일]- 11:30~21:00- 점심 마지막 주문 13:40- 준비시간 15:00~17:00- 저녁 마지막 주문 19:40[토요일]- 11:30~15:00- 마지막 주문 13:40","매주 일요일","{""rules"": [{""months"": null, ""weekdays"": [0, 1, 2, 3, 4], ""source_text"": ""]- 11:30~21:00- 점심 마지막 주문 13:40- 준비시간 15:00~17:00- 저녁 마지막 주문 19:40["", ""time_ranges"": [{""end"": ""21:00"", ""start"": ""11:30"", ""crosses_midnight"": false}, {""end"": ""17:00"", ""start"": ""15:00"", ""crosses_midnight"": false}], ""last_admission"": null}, {""months"": null, ""weekdays"": [5], ""source_text"": ""]- 11:30~15:00- 마지막 주문 13:40"", ""time_ranges"": [{""end"": ""15:00"", ""start"": ""11:30"", ""crosses_midnight"": false}], ""last_admission"": null}], ""warnings"": [], ""availability"": ""scheduled"", ""closure_rules"": [{""weekdays"": [6], ""source_text"": ""매주 일요일""}], ""assumption_reason"": null}",parsed,operating-hours-1.2.0,"2026-02-20 06:16:16+00","2026-08-09 02:40:01.200497+00","2026-08-08 05:25:57.108297+00","2026-08-09 02:40:01.200497+00",success,,t,,,ff209a47-72a7-46d0-b190-0a427a9afb0a,"2026-07-23 17:11:41.371579+00","2026-08-09 02:40:01.841796+00",불가능,,,,,,,,,,
2809117,39,"런던베이글뮤지엄 안국","서울특별시 종로구 북촌로4길 20 (계동)",37.5791715088,126.9862029505,11,110,FD,FD05,FD050100,07:00~18:00,연중무휴,"{""rules"": [{""months"": null, ""weekdays"": null, ""source_text"": ""07:00~18:00"", ""time_ranges"": [{""end"": ""18:00"", ""start"": ""07:00"", ""crosses_midnight"": false}], ""last_admission"": null}], ""warnings"": [], ""availability"": ""scheduled"", ""closure_rules"": [], ""assumption_reason"": null}",parsed,operating-hours-1.2.0,"2026-08-06 02:40:20+00","2026-08-09 02:40:01.200497+00","2026-08-08 05:25:57.108297+00","2026-08-09 02:40:01.200497+00",success,,t,,,ff209a47-72a7-46d0-b190-0a427a9afb0a,"2026-07-23 17:11:40.882874+00","2026-08-09 02:40:01.841796+00",불가능,,,,https://tong.visitkorea.or.kr/cms/resource/50/3563950_image2_1.jpg,https://tong.visitkorea.or.kr/cms/resource/50/3563950_image3_1.jpg,,,,,
2809535,15,"남산봉수의식 등 전통문화행사","서울특별시 종로구 종로 54 (관철동)",37.5697673859634,126.983677617361,11,110,EV,EV02,EV020100,11:00~15:40,,"{""rules"": [{""months"": null, ""weekdays"": null, ""source_text"": ""11:00~15:40"", ""time_ranges"": [{""end"": ""15:40"", ""start"": ""11:00"", ""crosses_midnight"": false}], ""last_admission"": null}], ""warnings"": [], ""availability"": ""scheduled"", ""closure_rules"": [], ""assumption_reason"": null}",parsed,operating-hours-1.2.0,"2026-01-27 07:19:47+00","2026-08-09 02:40:01.200497+00","2026-08-08 05:25:57.108297+00","2026-08-09 02:40:01.200497+00",success,,t,,,ff209a47-72a7-46d0-b190-0a427a9afb0a,"2026-07-23 17:11:40.808988+00","2026-08-09 02:40:01.841796+00",,,무료,,https://tong.visitkorea.or.kr/cms/resource/57/4001657_image2_1.jpg,https://tong.visitkorea.or.kr/cms/resource/57/4001657_image3_1.jpg,,,,,
2811673,39,도넛정수,"서울특별시 종로구 창신12길 40",37.5782932980321,127.010862397194,11,110,FD,FD05,FD050100,"11:30~21:00 (마지막 주문 20:30)",연중무휴,"{""rules"": [{""months"": null, ""weekdays"": null, ""source_text"": ""11:30~21:00 (마지막 주문 20:30)"", ""time_ranges"": [{""end"": ""21:00"", ""start"": ""11:30"", ""crosses_midnight"": false}], ""last_admission"": null}], ""warnings"": [], ""availability"": ""scheduled"", ""closure_rules"": [], ""assumption_reason"": null}",parsed,operating-hours-1.2.0,"2026-02-20 06:34:01+00","2026-08-09 02:40:01.200497+00","2026-08-08 05:25:57.108297+00","2026-08-09 02:40:01.200497+00",success,,t,,,ff209a47-72a7-46d0-b190-0a427a9afb0a,"2026-07-23 17:11:40.808988+00","2026-08-09 02:40:01.841796+00",불가능,,,,,,,,,,
2812642,39,돌솥추어탕,"서울특별시 종로구 자하문로1길 54",37.5770177054223,126.969510912708,11,110,FD,FD01,FD010100,"- 월요일 11:00~15:00- 화요일~일요일 11:00~20:30 (준비시간 15:00~17:00)",연중무휴,"{""rules"": [{""months"": null, ""weekdays"": [0], ""source_text"": "" 11:00~15:00- "", ""time_ranges"": [{""end"": ""15:00"", ""start"": ""11:00"", ""crosses_midnight"": false}], ""last_admission"": null}, {""months"": null, ""weekdays"": [1, 2, 3, 4, 5, 6], ""source_text"": "" 11:00~20:30 (준비시간 15:00~17:00)"", ""time_ranges"": [{""end"": ""20:30"", ""start"": ""11:00"", ""crosses_midnight"": false}, {""end"": ""17:00"", ""start"": ""15:00"", ""crosses_midnight"": false}], ""last_admission"": null}], ""warnings"": [], ""availability"": ""scheduled"", ""closure_rules"": [], ""assumption_reason"": null}",parsed,operating-hours-1.2.0,"2026-04-14 00:19:50+00","2026-08-09 02:40:01.200497+00","2026-08-08 05:25:57.108297+00","2026-08-09 02:40:01.200497+00",success,,t,,,ff209a47-72a7-46d0-b190-0a427a9afb0a,"2026-07-23 17:11:40.808988+00","2026-08-09 02:40:01.841796+00",불가능,,,,https://tong.visitkorea.or.kr/cms/resource/88/4002588_image2_1.jpg,https://tong.visitkorea.or.kr/cms/resource/88/4002588_image3_1.jpg,,,,,
2812755,39,"갤러리 더 스퀘어","서울특별시 종로구 계동길 128 서울빌라",37.5829672963278,126.987011812893,11,110,FD,FD05,FD050100,"12:00~22:00※ 100% 예약제로 운영 (12:00 / 15:00 / 17:00 / 19:00 총 4타임으로 운영)",연중무휴,"{""rules"": [{""months"": null, ""weekdays"": null, ""source_text"": ""12:00~22:00※ 100% 예약제로 운영 (12:00 / 15:00 / 17:00 / 19:00 총 4타임으로 운영)"", ""time_ranges"": [{""end"": ""22:00"", ""start"": ""12:00"", ""crosses_midnight"": false}], ""last_admission"": null}], ""warnings"": [], ""availability"": ""scheduled"", ""closure_rules"": [], ""assumption_reason"": null}",parsed,operating-hours-1.2.0,"2026-02-27 06:10:44+00","2026-08-09 02:40:01.200497+00","2026-08-08 05:25:57.108297+00","2026-08-09 02:40:01.200497+00",success,,t,,,ff209a47-72a7-46d0-b190-0a427a9afb0a,"2026-07-23 17:11:40.721834+00","2026-08-09 02:40:01.841796+00",불가능,,,,,,,,,,
2814408,39,두레유,"서울특별시 종로구 평창문화로 84 (평창동) 전진빌딩 2층",37.6065673032,126.970504026,11,110,FD,FD01,FD010100,"- 11:30~20:30- 준비시간 15:00~17:30- 마지막 주문 19:30",연중무휴,"{""rules"": [{""months"": null, ""weekdays"": null, ""source_text"": ""- 11:30~20:30- 준비시간 15:00~17:30- 마지막 주문 19:30"", ""time_ranges"": [{""end"": ""20:30"", ""start"": ""11:30"", ""crosses_midnight"": false}, {""end"": ""17:30"", ""start"": ""15:00"", ""crosses_midnight"": false}], ""last_admission"": null}], ""warnings"": [], ""availability"": ""scheduled"", ""closure_rules"": [], ""assumption_reason"": null}",parsed,operating-hours-1.2.0,"2026-07-23 23:59:34+00","2026-08-09 02:40:01.200497+00","2026-08-08 05:25:57.108297+00","2026-08-09 02:40:01.200497+00",success,,t,,,ff209a47-72a7-46d0-b190-0a427a9afb0a,"2026-07-23 17:11:40.808988+00","2026-08-09 02:40:01.841796+00",가능,,,,https://tong.visitkorea.or.kr/cms/resource/59/3579259_image2_1.jpg,https://tong.visitkorea.or.kr/cms/resource/59/3579259_image3_1.jpg,,,,,
2815711,39,소울,"서울특별시 종로구 자하문로 50",37.5804506539261,126.971382854295,11,110,FD,FD05,FD050100,"11:30~21:00 (마지막 주문 20:30)","매주 화요일~수요일","{""rules"": [{""months"": null, ""weekdays"": null, ""source_text"": ""11:30~21:00 (마지막 주문 20:30)"", ""time_ranges"": [{""end"": ""21:00"", ""start"": ""11:30"", ""crosses_midnight"": false}], ""last_admission"": null}], ""warnings"": [], ""availability"": ""scheduled"", ""closure_rules"": [{""weekdays"": [1, 2], ""source_text"": ""매주 화요일~수요일""}], ""assumption_reason"": null}",parsed,operating-hours-1.2.0,"2026-02-26 08:30:06+00","2026-08-09 02:40:01.200497+00","2026-08-08 05:25:57.108297+00","2026-08-09 02:40:01.200497+00",success,,t,,,ff209a47-72a7-46d0-b190-0a427a9afb0a,"2026-07-23 17:11:41.150397+00","2026-08-09 02:40:01.841796+00",불가능,,,,,,,,,,
2816893,39,하나면옥,"서울특별시 종로구 돈화문로4길 30",37.5700523291564,126.993897621017,11,110,FD,FD01,FD010100,11:00~21:30,"매주 일요일","{""rules"": [{""months"": null, ""weekdays"": null, ""source_text"": ""11:00~21:30"", ""time_ranges"": [{""end"": ""21:30"", ""start"": ""11:00"", ""crosses_midnight"": false}], ""last_admission"": null}], ""warnings"": [], ""availability"": ""scheduled"", ""closure_rules"": [{""weekdays"": [6], ""source_text"": ""매주 일요일""}], ""assumption_reason"": null}",parsed,operating-hours-1.2.0,"2026-02-24 03:13:40+00","2026-08-09 02:40:01.200497+00","2026-08-08 05:25:57.108297+00","2026-08-09 02:40:01.200497+00",success,,t,,,ff209a47-72a7-46d0-b190-0a427a9afb0a,"2026-07-23 17:11:41.371579+00","2026-08-09 02:40:01.841796+00",,,,,,,,,,,
2818138,15,"창경궁 야연","서울특별시 종로구 창경궁로 185 (와룡동)",37.5788809215874,126.996448835547,11,110,EV,EV01,EV010200,17:00~20:30,,"{""rules"": [{""months"": null, ""weekdays"": null, ""source_text"": ""17:00~20:30"", ""time_ranges"": [{""end"": ""20:30"", ""start"": ""17:00"", ""crosses_midnight"": false}], ""last_admission"": null}], ""warnings"": [], ""availability"": ""scheduled"", ""closure_rules"": [], ""assumption_reason"": null}",parsed,operating-hours-1.2.0,"2026-04-24 00:16:26+00","2026-08-09 02:40:01.200497+00","2026-08-08 05:25:57.108297+00","2026-08-09 02:40:01.200497+00",success,,t,,,ff209a47-72a7-46d0-b190-0a427a9afb0a,"2026-07-23 17:11:41.296349+00","2026-08-09 02:40:01.841796+00",,,"유료 / 무료(일부 체험 및 공연 관람)",,https://tong.visitkorea.or.kr/cms/resource/49/4059849_image2_1.jpg,https://tong.visitkorea.or.kr/cms/resource/49/4059849_image3_1.jpg,,,,,
2818750,39,뼈탄집,"서울특별시 종로구 자하문로1길 13 (내자동) (내자동)",37.5764202233299,126.971667142925,11,110,FD,FD01,FD010100,"12:00~23:00 (마지막 주문 22:20)",연중무휴,"{""rules"": [{""months"": null, ""weekdays"": null, ""source_text"": ""12:00~23:00 (마지막 주문 22:20)"", ""time_ranges"": [{""end"": ""23:00"", ""start"": ""12:00"", ""crosses_midnight"": false}], ""last_admission"": null}], ""warnings"": [], ""availability"": ""scheduled"", ""closure_rules"": [], ""assumption_reason"": null}",parsed,operating-hours-1.2.0,"2026-02-20 06:43:26+00","2026-08-09 02:40:01.200497+00","2026-08-08 05:25:57.108297+00","2026-08-09 02:40:01.200497+00",success,,t,,,ff209a47-72a7-46d0-b190-0a427a9afb0a,"2026-07-23 17:11:40.882874+00","2026-08-09 02:40:01.841796+00",불가능,,,,,,,,,,
2818837,15,"종묘 묘현례","서울특별시 종로구 종로 157 (훈정동)",37.5709802172739,126.995131102323,11,110,EV,EV01,EV010400,11:00~17:00,,"{""rules"": [{""months"": null, ""weekdays"": null, ""source_text"": ""11:00~17:00"", ""time_ranges"": [{""end"": ""17:00"", ""start"": ""11:00"", ""crosses_midnight"": false}], ""last_admission"": null}], ""warnings"": [], ""availability"": ""scheduled"", ""closure_rules"": [], ""assumption_reason"": null}",parsed,operating-hours-1.2.0,"2026-04-14 05:30:32+00","2026-08-09 02:40:01.200497+00","2026-08-08 05:25:57.108297+00","2026-08-09 02:40:01.200497+00",success,,t,,,ff209a47-72a7-46d0-b190-0a427a9afb0a,"2026-07-23 17:11:41.296349+00","2026-08-09 02:40:01.841796+00",,,무료,,https://tong.visitkorea.or.kr/cms/resource/35/4057835_image2_1.jpg,https://tong.visitkorea.or.kr/cms/resource/35/4057835_image3_1.jpg,,,,,
2818856,39,라면점빵,"서울특별시 종로구 자하문로1길 39",37.5765955458799,126.970130308757,11,110,FD,FD01,FD010100,"- 평일 09:30~15:00- 토요일 10:30~15:00※ 재료 소진 시 조기 마감","매주 일요일","{""rules"": [{""months"": null, ""weekdays"": [0, 1, 2, 3, 4], ""source_text"": "" 09:30~15:00- "", ""time_ranges"": [{""end"": ""15:00"", ""start"": ""09:30"", ""crosses_midnight"": false}], ""last_admission"": null}, {""months"": null, ""weekdays"": [5], ""source_text"": "" 10:30~15:00※ 재료 소진 시 조기 마감"", ""time_ranges"": [{""end"": ""15:00"", ""start"": ""10:30"", ""crosses_midnight"": false}], ""last_admission"": null}], ""warnings"": [], ""availability"": ""scheduled"", ""closure_rules"": [{""weekdays"": [6], ""source_text"": ""매주 일요일""}], ""assumption_reason"": null}",parsed,operating-hours-1.2.0,"2026-04-14 00:19:50+00","2026-08-09 02:40:01.200497+00","2026-08-08 05:25:57.108297+00","2026-08-09 02:40:01.200497+00",success,,t,,,ff209a47-72a7-46d0-b190-0a427a9afb0a,"2026-07-23 17:11:40.808988+00","2026-08-09 02:40:01.841796+00",불가능,,,,,,,,,,
2820424,39,다래국수,"서울특별시 종로구 자하문로1길 12",37.5765705781455,126.971746818396,11,110,FD,FD01,FD010100,"- 월요일~금요일 11:00~22:00- 토요일~일요일 15:30~22:00※ 영업시간은 상황에 따라 유동적이므로 전화 문의 요망","연중무휴※ 전화 문의 후 방문 요망","{""rules"": [{""months"": null, ""weekdays"": [0, 1, 2, 3, 4], ""source_text"": "" 11:00~22:00- "", ""time_ranges"": [{""end"": ""22:00"", ""start"": ""11:00"", ""crosses_midnight"": false}], ""last_admission"": null}, {""months"": null, ""weekdays"": [5, 6], ""source_text"": "" 15:30~22:00※ 영업시간은 상황에 따라 유동적이므로 전화 문의 요망"", ""time_ranges"": [{""end"": ""22:00"", ""start"": ""15:30"", ""crosses_midnight"": false}], ""last_admission"": null}], ""warnings"": [""휴무 문구의 일부 예외를 구조화하지 못했습니다.""], ""availability"": ""scheduled"", ""closure_rules"": [], ""assumption_reason"": null}",partial,operating-hours-1.2.0,"2026-02-27 06:15:36+00","2026-08-09 02:40:01.200497+00","2026-08-08 05:25:57.108297+00","2026-08-09 02:40:01.200497+00",success,,t,,,ff209a47-72a7-46d0-b190-0a427a9afb0a,"2026-07-23 17:11:40.808988+00","2026-08-09 02:40:01.841796+00",,,,,,,,,,,
2820889,39,"경복궁에 맛있는 부엌","서울특별시 종로구 사직로 103",37.5762455906668,126.970246974024,11,110,FD,FD01,FD010100,11:00~22:00,"매주 월요일","{""rules"": [{""months"": null, ""weekdays"": null, ""source_text"": ""11:00~22:00"", ""time_ranges"": [{""end"": ""22:00"", ""start"": ""11:00"", ""crosses_midnight"": false}], ""last_admission"": null}], ""warnings"": [], ""availability"": ""scheduled"", ""closure_rules"": [{""weekdays"": [0], ""source_text"": ""매주 월요일""}], ""assumption_reason"": null}",parsed,operating-hours-1.2.0,"2026-02-24 03:13:40+00","2026-08-09 02:40:01.200497+00","2026-08-08 05:25:57.108297+00","2026-08-09 02:40:01.200497+00",success,,t,,,ff209a47-72a7-46d0-b190-0a427a9afb0a,"2026-07-23 17:11:40.721834+00","2026-08-09 02:40:01.841796+00",불가능,,,,,,,,,,
2820890,39,쭈먹,"서울특별시 종로구 자하문로1길 20",37.5765316853638,126.971269088345,11,110,FD,FD01,FD010100,11:00~22:00,연중무휴,"{""rules"": [{""months"": null, ""weekdays"": null, ""source_text"": ""11:00~22:00"", ""time_ranges"": [{""end"": ""22:00"", ""start"": ""11:00"", ""crosses_midnight"": false}], ""last_admission"": null}], ""warnings"": [], ""availability"": ""scheduled"", ""closure_rules"": [], ""assumption_reason"": null}",parsed,operating-hours-1.2.0,"2026-02-20 06:50:57+00","2026-08-09 02:40:01.200497+00","2026-08-08 05:25:57.108297+00","2026-08-09 02:40:01.200497+00",success,,t,,,ff209a47-72a7-46d0-b190-0a427a9afb0a,"2026-07-23 17:11:41.296349+00","2026-08-09 02:40:01.841796+00",,,,,,,,,,,
2824887,39,준수방키친,"서울특별시 종로구 자하문로11길 8 (통인동)",37.5796902211,126.9707838885,11,110,FD,FD02,FD020500,"[평일]- 11:00~21:00- 점심 마지막 주문 14:00- 준비시간 15:00~17:00- 저녁 마지막 주문 20:00[주말]- 11:00~21:00- 점심 마지막 주문 14:30- 준비시간 15:30~17:00- 저녁 마지막 주문 20:00","연중무휴※ 비정기적 휴무 가능성 있으므로 홈페이지 참조 및 전화 문의 요망","{""rules"": [{""months"": null, ""weekdays"": [0, 1, 2, 3, 4], ""source_text"": ""]- 11:00~21:00- 점심 마지막 주문 14:00- 준비시간 15:00~17:00- 저녁 마지막 주문 20:00["", ""time_ranges"": [{""end"": ""21:00"", ""start"": ""11:00"", ""crosses_midnight"": false}, {""end"": ""17:00"", ""start"": ""15:00"", ""crosses_midnight"": false}], ""last_admission"": null}, {""months"": null, ""weekdays"": [5, 6], ""source_text"": ""]- 11:00~21:00- 점심 마지막 주문 14:30- 준비시간 15:30~17:00- 저녁 마지막 주문 20:00"", ""time_ranges"": [{""end"": ""21:00"", ""start"": ""11:00"", ""crosses_midnight"": false}, {""end"": ""17:00"", ""start"": ""15:30"", ""crosses_midnight"": false}], ""last_admission"": null}], ""warnings"": [""휴무 문구의 일부 예외를 구조화하지 못했습니다.""], ""availability"": ""scheduled"", ""closure_rules"": [], ""assumption_reason"": null}",partial,operating-hours-1.2.0,"2026-08-06 02:37:40+00","2026-08-09 02:40:01.200497+00","2026-08-08 05:25:57.108297+00","2026-08-09 02:40:01.200497+00",success,,t,,,ff209a47-72a7-46d0-b190-0a427a9afb0a,"2026-07-23 17:11:41.296349+00","2026-08-09 02:40:01.841796+00",불가능,,,,https://tong.visitkorea.or.kr/cms/resource/84/3579284_image2_1.jpg,https://tong.visitkorea.or.kr/cms/resource/84/3579284_image3_1.jpg,,,,,
2826636,39,"호호식당 대학로","서울특별시 종로구 대학로9길 35",37.5819037727843,127.000032795,11,110,FD,FD02,FD020200,"- 11:00~21:50- 준비시간 14:40~17:00- 점심 마지막 주문 14:40 / 저녁 마지막 주문 21:00",연중무휴,"{""rules"": [{""months"": null, ""weekdays"": null, ""source_text"": ""- 11:00~21:50- 준비시간 14:40~17:00- 점심 마지막 주문 14:40 / 저녁 마지막 주문 21:00"", ""time_ranges"": [{""end"": ""21:50"", ""start"": ""11:00"", ""crosses_midnight"": false}, {""end"": ""17:00"", ""start"": ""14:40"", ""crosses_midnight"": false}], ""last_admission"": null}], ""warnings"": [], ""availability"": ""scheduled"", ""closure_rules"": [], ""assumption_reason"": null}",parsed,operating-hours-1.2.0,"2026-04-14 00:19:50+00","2026-08-09 02:40:01.200497+00","2026-08-08 05:25:57.108297+00","2026-08-09 02:40:01.200497+00",success,,t,,,ff209a47-72a7-46d0-b190-0a427a9afb0a,"2026-07-23 17:11:41.44801+00","2026-08-09 02:40:01.841796+00",불가능,,,,https://tong.visitkorea.or.kr/cms/resource/35/4001635_image2_1.jpg,https://tong.visitkorea.or.kr/cms/resource/35/4001635_image3_1.jpg,,,,,
2827829,39,"비건카페 달냥","서울특별시 종로구 명륜1가 31-20 2층",37.5895242463588,126.999111496477,11,110,FD,FD05,FD050100,"11:00~21:00 (마지막 주문 20:30)","매주 화요일~수요일","{""rules"": [{""months"": null, ""weekdays"": null, ""source_text"": ""11:00~21:00 (마지막 주문 20:30)"", ""time_ranges"": [{""end"": ""21:00"", ""start"": ""11:00"", ""crosses_midnight"": false}], ""last_admission"": null}], ""warnings"": [], ""availability"": ""scheduled"", ""closure_rules"": [{""weekdays"": [1, 2], ""source_text"": ""매주 화요일~수요일""}], ""assumption_reason"": null}",parsed,operating-hours-1.2.0,"2026-03-12 08:54:10+00","2026-08-09 02:40:01.200497+00","2026-08-08 05:25:57.108297+00","2026-08-09 02:40:01.200497+00",success,,t,,,ff209a47-72a7-46d0-b190-0a427a9afb0a,"2026-07-23 17:11:40.882874+00","2026-08-09 02:40:01.841796+00",불가능,,,,https://tong.visitkorea.or.kr/cms/resource/81/4009781_image2_1.jpg,https://tong.visitkorea.or.kr/cms/resource/81/4009781_image3_1.jpg,,,,,
2827893,39,"멜팅샵 치즈룸","서울특별시 종로구 종로3길 17 D타워",37.5709936100203,126.978912944979,11,110,FD,FD02,FD020300,10:30~22:00,연중무휴,"{""rules"": [{""months"": null, ""weekdays"": null, ""source_text"": ""10:30~22:00"", ""time_ranges"": [{""end"": ""22:00"", ""start"": ""10:30"", ""crosses_midnight"": false}], ""last_admission"": null}], ""warnings"": [], ""availability"": ""scheduled"", ""closure_rules"": [], ""assumption_reason"": null}",parsed,operating-hours-1.2.0,"2026-02-24 03:13:40+00","2026-08-09 02:40:01.200497+00","2026-08-08 05:25:57.108297+00","2026-08-09 02:40:01.200497+00",success,,t,,,ff209a47-72a7-46d0-b190-0a427a9afb0a,"2026-07-23 17:11:40.882874+00","2026-08-09 02:40:01.841796+00","가능요금 (무료)",,,,,,,,,,
2834225,39,솔나무길된장예술,"서울특별시 종로구 대학로11길 9-2",37.5821287648058,127.001107683695,11,110,FD,FD01,FD010100,"10:30~21:00 (준비시간 14:30~15:30)",연중무휴,"{""rules"": [{""months"": null, ""weekdays"": null, ""source_text"": ""10:30~21:00 (준비시간 14:30~15:30)"", ""time_ranges"": [{""end"": ""21:00"", ""start"": ""10:30"", ""crosses_midnight"": false}, {""end"": ""15:30"", ""start"": ""14:30"", ""crosses_midnight"": false}], ""last_admission"": null}], ""warnings"": [], ""availability"": ""scheduled"", ""closure_rules"": [], ""assumption_reason"": null}",parsed,operating-hours-1.2.0,"2026-03-12 08:56:01+00","2026-08-09 02:40:01.200497+00","2026-08-08 05:25:57.108297+00","2026-08-09 02:40:01.200497+00",success,,t,,,ff209a47-72a7-46d0-b190-0a427a9afb0a,"2026-07-23 17:11:41.150397+00","2026-08-09 02:40:01.841796+00",불가능,,,,,,,,,,
2835583,14,"바라캇 서울","서울특별시 종로구 삼청로 58-4",37.5809165029,126.9806676381,11,110,VE,VE07,VE070600,10:00~18:00,"매주 월요일 / 1월 1일 / 설·추석 연휴 / 성탄절","{""rules"": [{""months"": null, ""weekdays"": null, ""source_text"": ""10:00~18:00"", ""time_ranges"": [{""end"": ""18:00"", ""start"": ""10:00"", ""crosses_midnight"": false}], ""last_admission"": null}], ""warnings"": [], ""availability"": ""scheduled"", ""closure_rules"": [{""weekdays"": [0], ""source_text"": ""매주 월요일 / 1월 1일 / 설·추석 연휴 / 성탄절""}], ""assumption_reason"": null}",parsed,operating-hours-1.2.0,"2025-08-27 06:51:54+00","2026-08-09 02:40:01.200497+00","2026-08-08 05:25:57.108297+00","2026-08-09 02:40:01.200497+00",success,,t,,,ff209a47-72a7-46d0-b190-0a427a9afb0a,"2026-07-23 17:11:40.882874+00","2026-08-09 02:40:01.841796+00",불가능,,무료,,http://tong.visitkorea.or.kr/cms/resource/68/2835568_image2_1.jpg,http://tong.visitkorea.or.kr/cms/resource/68/2835568_image3_1.jpg,,,,,
2836141,39,구기동오면,"서울특별시 종로구 진흥로 455 (구기동)",37.6072324975,126.9589188753,11,110,FD,FD01,FD010100,"- 10:30~20:00<br>- 마지막 주문 19:55","매주 일요일 / 설·추석 연휴","{""rules"": [{""months"": null, ""weekdays"": null, ""source_text"": ""- 10:30~20:00"", ""time_ranges"": [{""end"": ""20:00"", ""start"": ""10:30"", ""crosses_midnight"": false}], ""last_admission"": null}], ""warnings"": [], ""availability"": ""scheduled"", ""closure_rules"": [{""weekdays"": [6], ""source_text"": ""매주 일요일 / 설·추석 연휴""}], ""assumption_reason"": null}",parsed,operating-hours-1.2.0,"2025-09-23 09:17:52+00","2026-08-09 02:40:01.200497+00","2026-08-08 05:25:57.108297+00","2026-08-09 02:40:01.200497+00",success,,t,,,ff209a47-72a7-46d0-b190-0a427a9afb0a,"2026-07-23 17:11:40.721834+00","2026-08-09 02:40:01.841796+00",,,,,http://tong.visitkorea.or.kr/cms/resource/34/2836134_image2_1.jpg,http://tong.visitkorea.or.kr/cms/resource/34/2836134_image3_1.jpg,,,,,
2836148,39,산모퉁이,"서울특별시 종로구 백석동길 153",37.5954756933,126.967982271,11,110,FD,FD05,FD050100,"11:00~18:50 (마지막 주문 18:20)",연중무휴,"{""rules"": [{""months"": null, ""weekdays"": null, ""source_text"": ""11:00~18:50 (마지막 주문 18:20)"", ""time_ranges"": [{""end"": ""18:50"", ""start"": ""11:00"", ""crosses_midnight"": false}], ""last_admission"": null}], ""warnings"": [], ""availability"": ""scheduled"", ""closure_rules"": [], ""assumption_reason"": null}",parsed,operating-hours-1.2.0,"2025-09-03 06:31:02+00","2026-08-09 02:40:01.200497+00","2026-08-08 05:25:57.108297+00","2026-08-09 02:40:01.200497+00",success,,t,,,ff209a47-72a7-46d0-b190-0a427a9afb0a,"2026-07-23 17:11:40.955853+00","2026-08-09 02:40:01.841796+00",가능,,,,http://tong.visitkorea.or.kr/cms/resource/43/2836143_image2_1.jpg,http://tong.visitkorea.or.kr/cms/resource/43/2836143_image3_1.jpg,,,,,
2847165,39,강촌쌈밥,"서울특별시 종로구 평창30길 9",37.610762927,126.9747812177,11,110,FD,FD01,FD010100,"- 주중 11:00~14:30 (라스트오더 13:30)<br>- 주말 11:00~19:30 (라스트오더 18:30)",연중무휴,"{""rules"": [{""months"": null, ""weekdays"": [0, 1, 2, 3, 4], ""source_text"": "" 11:00~14:30 (라스트오더 13:30)"", ""time_ranges"": [{""end"": ""14:30"", ""start"": ""11:00"", ""crosses_midnight"": false}], ""last_admission"": null}, {""months"": null, ""weekdays"": [5, 6], ""source_text"": "" 11:00~19:30 (라스트오더 18:30)"", ""time_ranges"": [{""end"": ""19:30"", ""start"": ""11:00"", ""crosses_midnight"": false}], ""last_admission"": null}], ""warnings"": [], ""availability"": ""scheduled"", ""closure_rules"": [], ""assumption_reason"": null}",parsed,operating-hours-1.2.0,"2025-01-10 07:00:59+00","2026-08-09 02:40:01.200497+00","2026-08-08 05:25:57.108297+00","2026-08-09 02:40:01.200497+00",success,,t,,,ff209a47-72a7-46d0-b190-0a427a9afb0a,"2026-07-23 17:11:40.721834+00","2026-08-09 02:40:01.841796+00",가능,,,,http://tong.visitkorea.or.kr/cms/resource/54/2847154_image2_1.jpg,http://tong.visitkorea.or.kr/cms/resource/54/2847154_image3_1.jpg,,,,,
2847196,39,낙산냉면,"서울특별시 종로구 지봉로5길 8 (창신동)",37.5745400875,127.0152757763,11,110,FD,FD01,FD010100,"- 10:30~21:00<br>- 마지막 주문 20:50","매주 화요일 / 설·추석 당일","{""rules"": [{""months"": null, ""weekdays"": null, ""source_text"": ""- 10:30~21:00"", ""time_ranges"": [{""end"": ""21:00"", ""start"": ""10:30"", ""crosses_midnight"": false}], ""last_admission"": null}], ""warnings"": [], ""availability"": ""scheduled"", ""closure_rules"": [{""weekdays"": [1], ""source_text"": ""매주 화요일 / 설·추석 당일""}], ""assumption_reason"": null}",parsed,operating-hours-1.2.0,"2025-09-24 00:48:19+00","2026-08-09 02:40:01.200497+00","2026-08-08 05:25:57.108297+00","2026-08-09 02:40:01.200497+00",success,,t,,,ff209a47-72a7-46d0-b190-0a427a9afb0a,"2026-07-23 17:11:40.808988+00","2026-08-09 02:40:01.841796+00",불가능,,,,http://tong.visitkorea.or.kr/cms/resource/90/2847190_image2_1.jpg,http://tong.visitkorea.or.kr/cms/resource/90/2847190_image3_1.jpg,,,,,
2847996,39,"정돈 대학로본점","서울특별시 종로구 대학로9길 12 (명륜4가)",37.581866759,127.0011129703,11,110,FD,FD02,FD020200,"- 11:30~21:30<br>- 준비시간 15:30~17:00<br>- 마지막 주문 14:30, 20:30",연중무휴,"{""rules"": [{""months"": null, ""weekdays"": null, ""source_text"": ""- 11:30~21:30"", ""time_ranges"": [{""end"": ""21:30"", ""start"": ""11:30"", ""crosses_midnight"": false}], ""last_admission"": null}, {""months"": null, ""weekdays"": null, ""source_text"": ""- 준비시간 15:30~17:00"", ""time_ranges"": [{""end"": ""17:00"", ""start"": ""15:30"", ""crosses_midnight"": false}], ""last_admission"": null}], ""warnings"": [], ""availability"": ""scheduled"", ""closure_rules"": [], ""assumption_reason"": null}",parsed,operating-hours-1.2.0,"2025-09-18 00:46:06+00","2026-08-09 02:40:01.200497+00","2026-08-08 05:25:57.108297+00","2026-08-09 02:40:01.200497+00",success,,t,,,ff209a47-72a7-46d0-b190-0a427a9afb0a,"2026-07-23 17:11:41.296349+00","2026-08-09 02:40:01.841796+00",불가능,,,,http://tong.visitkorea.or.kr/cms/resource/87/2847987_image2_1.jpg,http://tong.visitkorea.or.kr/cms/resource/87/2847987_image3_1.jpg,,,,,
2848032,39,"인왕산 대충유원지","서울특별시 종로구 필운대로 46 (누하동)",37.5800929749263,126.968821832176,11,110,FD,FD05,FD050100,"- 12:00~22:00- 마지막 주문 21:30",연중무휴,"{""rules"": [{""months"": null, ""weekdays"": null, ""source_text"": ""- 12:00~22:00- 마지막 주문 21:30"", ""time_ranges"": [{""end"": ""22:00"", ""start"": ""12:00"", ""crosses_midnight"": false}], ""last_admission"": null}], ""warnings"": [], ""availability"": ""scheduled"", ""closure_rules"": [], ""assumption_reason"": null}",parsed,operating-hours-1.2.0,"2026-02-09 06:12:09+00","2026-08-09 02:40:01.200497+00","2026-08-08 05:25:57.108297+00","2026-08-09 02:40:01.200497+00",success,,t,,,ff209a47-72a7-46d0-b190-0a427a9afb0a,"2026-07-23 17:11:41.225101+00","2026-08-09 02:40:01.841796+00",,,,,https://tong.visitkorea.or.kr/cms/resource/18/2848018_image2_1.jpg,https://tong.visitkorea.or.kr/cms/resource/18/2848018_image3_1.jpg,,,,,
2848050,39,"아키비스트 서촌","서울특별시 종로구 효자로13길 52 (효자동)",37.5822717581,126.9726933268,11,110,FD,FD05,FD050100,"- 11:00~21:00<br>- 마지막 주문 20:30",연중무휴,"{""rules"": [{""months"": null, ""weekdays"": null, ""source_text"": ""- 11:00~21:00"", ""time_ranges"": [{""end"": ""21:00"", ""start"": ""11:00"", ""crosses_midnight"": false}], ""last_admission"": null}], ""warnings"": [], ""availability"": ""scheduled"", ""closure_rules"": [], ""assumption_reason"": null}",parsed,operating-hours-1.2.0,"2025-09-24 00:53:18+00","2026-08-09 02:40:01.200497+00","2026-08-08 05:25:57.108297+00","2026-08-09 02:40:01.200497+00",success,,t,,,ff209a47-72a7-46d0-b190-0a427a9afb0a,"2026-07-23 17:11:41.150397+00","2026-08-09 02:40:01.841796+00",가능,,,,http://tong.visitkorea.or.kr/cms/resource/47/2848047_image2_1.jpg,http://tong.visitkorea.or.kr/cms/resource/47/2848047_image3_1.jpg,,,,,
2848063,39,"마이클 바이 해비치","서울특별시 종로구 우정국로 26",37.5715509786,126.9836731855,11,110,FD,FD02,FD020300,"11:00~22:00 (평일 브레이크타임 15:00~17:00)<br>21:00 라스트오더",연중무휴,"{""rules"": [{""months"": null, ""weekdays"": null, ""source_text"": ""11:00~22:00 (평일 브레이크타임 15:00~17:00)"", ""time_ranges"": [{""end"": ""22:00"", ""start"": ""11:00"", ""crosses_midnight"": false}, {""end"": ""17:00"", ""start"": ""15:00"", ""crosses_midnight"": false}], ""last_admission"": null}], ""warnings"": [], ""availability"": ""scheduled"", ""closure_rules"": [], ""assumption_reason"": null}",parsed,operating-hours-1.2.0,"2025-01-20 04:00:52+00","2026-08-09 02:40:01.200497+00","2026-08-08 05:25:57.108297+00","2026-08-09 02:40:01.200497+00",success,,t,,,ff209a47-72a7-46d0-b190-0a427a9afb0a,"2026-07-23 17:11:40.882874+00","2026-08-09 02:40:01.841796+00",가능,,,,http://tong.visitkorea.or.kr/cms/resource/61/2848061_image2_1.jpg,http://tong.visitkorea.or.kr/cms/resource/61/2848061_image3_1.jpg,,,,,
2848075,39,더코너키친,"서울특별시 종로구 평창문화로 98 (평창동)",37.6071410749,126.9719426906,11,110,FD,FD02,FD020300,"- 11:00~21:30<br>- 준비시간(평일) 15:00~17:00<br>- 마지막 주문 20:30",연중무휴,"{""rules"": [{""months"": null, ""weekdays"": null, ""source_text"": ""- 11:00~21:30"", ""time_ranges"": [{""end"": ""21:30"", ""start"": ""11:00"", ""crosses_midnight"": false}], ""last_admission"": null}, {""months"": null, ""weekdays"": [0, 1, 2, 3, 4], ""source_text"": "") 15:00~17:00"", ""time_ranges"": [{""end"": ""17:00"", ""start"": ""15:00"", ""crosses_midnight"": false}], ""last_admission"": null}], ""warnings"": [], ""availability"": ""scheduled"", ""closure_rules"": [], ""assumption_reason"": null}",parsed,operating-hours-1.2.0,"2025-09-18 00:55:31+00","2026-08-09 02:40:01.200497+00","2026-08-08 05:25:57.108297+00","2026-08-09 02:40:01.200497+00",success,,t,,,ff209a47-72a7-46d0-b190-0a427a9afb0a,"2026-07-23 17:11:40.808988+00","2026-08-09 02:40:01.841796+00",가능,,,,http://tong.visitkorea.or.kr/cms/resource/71/2848071_image2_1.jpg,http://tong.visitkorea.or.kr/cms/resource/71/2848071_image3_1.jpg,,,,,
2848108,39,개뿔,"서울특별시 종로구 낙산성곽서1길 26 (이화동)",37.5782311958,127.0080624399,11,110,FD,FD05,FD050100,10:00~23:00,연중무휴,"{""rules"": [{""months"": null, ""weekdays"": null, ""source_text"": ""10:00~23:00"", ""time_ranges"": [{""end"": ""23:00"", ""start"": ""10:00"", ""crosses_midnight"": false}], ""last_admission"": null}], ""warnings"": [], ""availability"": ""scheduled"", ""closure_rules"": [], ""assumption_reason"": null}",parsed,operating-hours-1.2.0,"2025-09-24 00:55:27+00","2026-08-09 02:40:01.200497+00","2026-08-08 05:25:57.108297+00","2026-08-09 02:40:01.200497+00",success,,t,,,ff209a47-72a7-46d0-b190-0a427a9afb0a,"2026-07-23 17:11:40.721834+00","2026-08-09 02:40:01.841796+00",불가능,,,,http://tong.visitkorea.or.kr/cms/resource/05/2848105_image2_1.jpg,http://tong.visitkorea.or.kr/cms/resource/05/2848105_image3_1.jpg,,,,,
2864251,39,"그라운드62(GROUND62)","서울특별시 종로구 평창길 62 (평창동)",37.6083768858,126.9632267839,11,110,FD,FD05,FD050100,"- 12:00~19:00<br>- 마지막 주문 18:30","매주 월요일~목요일","{""rules"": [{""months"": null, ""weekdays"": null, ""source_text"": ""- 12:00~19:00"", ""time_ranges"": [{""end"": ""19:00"", ""start"": ""12:00"", ""crosses_midnight"": false}], ""last_admission"": null}], ""warnings"": [], ""availability"": ""scheduled"", ""closure_rules"": [{""weekdays"": [0, 1, 2, 3], ""source_text"": ""매주 월요일~목요일""}], ""assumption_reason"": null}",parsed,operating-hours-1.2.0,"2025-09-02 04:58:03+00","2026-08-09 02:40:01.200497+00","2026-08-08 05:25:57.108297+00","2026-08-09 02:40:01.200497+00",success,,t,,,ff209a47-72a7-46d0-b190-0a427a9afb0a,"2026-07-23 17:11:40.721834+00","2026-08-09 02:40:01.841796+00",가능,,,,http://tong.visitkorea.or.kr/cms/resource/40/2864240_image2_1.jpg,http://tong.visitkorea.or.kr/cms/resource/40/2864240_image3_1.jpg,,,,,
2864267,39,"순대실록 대학로본점","서울특별시 종로구 동숭길 113 (동숭동)",37.5830222248,127.0035932668,11,110,FD,FD01,FD010100,"- 10:00~23:30<br>- 마지막 주문 23:00",연중무휴,"{""rules"": [{""months"": null, ""weekdays"": null, ""source_text"": ""- 10:00~23:30"", ""time_ranges"": [{""end"": ""23:30"", ""start"": ""10:00"", ""crosses_midnight"": false}], ""last_admission"": null}], ""warnings"": [], ""availability"": ""scheduled"", ""closure_rules"": [], ""assumption_reason"": null}",parsed,operating-hours-1.2.0,"2025-09-02 05:20:33+00","2026-08-09 02:40:01.200497+00","2026-08-08 05:25:57.108297+00","2026-08-09 02:40:01.200497+00",success,,t,,,ff209a47-72a7-46d0-b190-0a427a9afb0a,"2026-07-23 17:11:41.150397+00","2026-08-09 02:40:01.841796+00",가능,,,,http://tong.visitkorea.or.kr/cms/resource/58/2864258_image2_1.jpg,http://tong.visitkorea.or.kr/cms/resource/58/2864258_image3_1.jpg,,,,,
2893631,38,"고디바 광화문점","서울특별시 종로구 세종대로 159 (세종로)",37.5706048802754,126.976341183145,11,110,SH,SH04,SH040300,11:00-22:00,,"{""rules"": [{""months"": null, ""weekdays"": null, ""source_text"": ""11:00-22:00"", ""time_ranges"": [{""end"": ""22:00"", ""start"": ""11:00"", ""crosses_midnight"": false}], ""last_admission"": null}], ""warnings"": [], ""availability"": ""scheduled"", ""closure_rules"": [], ""assumption_reason"": null}",parsed,operating-hours-1.2.0,"2026-03-17 01:12:58+00","2026-08-09 02:40:01.200497+00","2026-08-08 05:25:57.108297+00","2026-08-09 02:40:01.200497+00",success,,t,,,ff209a47-72a7-46d0-b190-0a427a9afb0a,"2026-07-23 17:11:40.721834+00","2026-08-09 02:40:01.841796+00",불가능,,,,https://tong.visitkorea.or.kr/cms/resource/96/4020496_image2_1.jpg,https://tong.visitkorea.or.kr/cms/resource/96/4020496_image3_1.jpg,,,,,
2893947,38,"뉴발란스 대학로점","서울특별시 종로구 대학로 133-2 (명륜4가)",37.5831050246266,127.001481873939,11,110,SH,SH04,SH040300,10:30~21:00,,"{""rules"": [{""months"": null, ""weekdays"": null, ""source_text"": ""10:30~21:00"", ""time_ranges"": [{""end"": ""21:00"", ""start"": ""10:30"", ""crosses_midnight"": false}], ""last_admission"": null}], ""warnings"": [], ""availability"": ""scheduled"", ""closure_rules"": [], ""assumption_reason"": null}",parsed,operating-hours-1.2.0,"2026-03-27 00:21:50+00","2026-08-09 02:40:01.200497+00","2026-08-08 05:25:57.108297+00","2026-08-09 02:40:01.200497+00",success,,t,,,ff209a47-72a7-46d0-b190-0a427a9afb0a,"2026-07-23 17:11:40.808988+00","2026-08-09 02:40:01.841796+00",불가능,,,,https://tong.visitkorea.or.kr/cms/resource/92/4043192_image2_1.jpg,https://tong.visitkorea.or.kr/cms/resource/92/4043192_image3_1.jpg,,,,,
2893955,38,아신,"서울특별시 종로구 인사동길 50-1 (관훈동) 1층",37.5745675246433,126.984322501983,11,110,SH,SH04,SH040300,10:30-19:00,명절,"{""rules"": [{""months"": null, ""weekdays"": null, ""source_text"": ""10:30-19:00"", ""time_ranges"": [{""end"": ""19:00"", ""start"": ""10:30"", ""crosses_midnight"": false}], ""last_admission"": null}], ""warnings"": [""휴무 문구의 일부 예외를 구조화하지 못했습니다.""], ""availability"": ""scheduled"", ""closure_rules"": [], ""assumption_reason"": null}",partial,operating-hours-1.2.0,"2026-03-17 01:12:58+00","2026-08-09 02:40:01.200497+00","2026-08-08 05:25:57.108297+00","2026-08-09 02:40:01.200497+00",success,,t,,,ff209a47-72a7-46d0-b190-0a427a9afb0a,"2026-07-23 17:11:41.150397+00","2026-08-09 02:40:01.841796+00",불가능,,,,https://tong.visitkorea.or.kr/cms/resource/37/4020537_image2_1.jpeg,https://tong.visitkorea.or.kr/cms/resource/37/4020537_image3_1.jpeg,,,,,
2894076,38,"은나무 삼청동점","서울특별시 종로구 율곡로3길 72 (안국동)",37.5788016295216,126.982216724963,11,110,SH,SH04,SH040300,10:00-20:00,,"{""rules"": [{""months"": null, ""weekdays"": null, ""source_text"": ""10:00-20:00"", ""time_ranges"": [{""end"": ""20:00"", ""start"": ""10:00"", ""crosses_midnight"": false}], ""last_admission"": null}], ""warnings"": [], ""availability"": ""scheduled"", ""closure_rules"": [], ""assumption_reason"": null}",parsed,operating-hours-1.2.0,"2026-03-31 20:38:56+00","2026-08-09 02:40:01.200497+00","2026-08-08 05:25:57.108297+00","2026-08-09 02:40:01.200497+00",success,,t,,,ff209a47-72a7-46d0-b190-0a427a9afb0a,"2026-07-23 17:11:41.225101+00","2026-08-09 02:40:01.841796+00",불가능,,,,https://tong.visitkorea.or.kr/cms/resource/34/4020534_image2_1.jpeg,https://tong.visitkorea.or.kr/cms/resource/34/4020534_image3_1.jpeg,,,,,
2894091,38,새미쥬얼리,"서울특별시 종로구 종로 121-1 (종로3가) 1층",37.5706462815008,126.991001795527,11,110,SH,SH04,SH040300,10:30-20:00,,"{""rules"": [{""months"": null, ""weekdays"": null, ""source_text"": ""10:30-20:00"", ""time_ranges"": [{""end"": ""20:00"", ""start"": ""10:30"", ""crosses_midnight"": false}], ""last_admission"": null}], ""warnings"": [], ""availability"": ""scheduled"", ""closure_rules"": [], ""assumption_reason"": null}",parsed,operating-hours-1.2.0,"2026-03-17 01:12:58+00","2026-08-09 02:40:01.200497+00","2026-08-08 05:25:57.108297+00","2026-08-09 02:40:01.200497+00",success,,t,,,ff209a47-72a7-46d0-b190-0a427a9afb0a,"2026-07-23 17:11:40.955853+00","2026-08-09 02:40:01.841796+00",가능,,,,https://tong.visitkorea.or.kr/cms/resource/39/4020539_image2_1.jpg,https://tong.visitkorea.or.kr/cms/resource/39/4020539_image3_1.jpg,,,,,
2899928,39,발렁스,"서울특별시 종로구 계동길 50 (계동)",37.5795006614,126.9868425125,11,110,FD,FD05,FD050100,"12:00~19:00 (마지막 주문 18:00)","매주 월요일~화요일","{""rules"": [{""months"": null, ""weekdays"": null, ""source_text"": ""12:00~19:00 (마지막 주문 18:00)"", ""time_ranges"": [{""end"": ""19:00"", ""start"": ""12:00"", ""crosses_midnight"": false}], ""last_admission"": null}], ""warnings"": [], ""availability"": ""scheduled"", ""closure_rules"": [{""weekdays"": [0, 1], ""source_text"": ""매주 월요일~화요일""}], ""assumption_reason"": null}",parsed,operating-hours-1.2.0,"2026-06-19 01:52:58+00","2026-08-09 02:40:01.200497+00","2026-08-08 05:25:57.108297+00","2026-08-09 02:40:01.200497+00",success,,t,,,ff209a47-72a7-46d0-b190-0a427a9afb0a,"2026-07-23 17:11:40.882874+00","2026-08-09 02:40:01.841796+00",불가능,,,,https://tong.visitkorea.or.kr/cms/resource/15/2899915_image2_1.jpg,https://tong.visitkorea.or.kr/cms/resource/15/2899915_image3_1.jpg,,,,,
2901917,38,"올리브영 종로1가점","서울특별시 종로구 종로 19 (종로1가) 르메이에르종로타운1 1층",37.5708444878121,126.979923668151,11,110,SH,SH04,SH040300,08:00-22:30,,"{""rules"": [{""months"": null, ""weekdays"": null, ""source_text"": ""08:00-22:30"", ""time_ranges"": [{""end"": ""22:30"", ""start"": ""08:00"", ""crosses_midnight"": false}], ""last_admission"": null}], ""warnings"": [], ""availability"": ""scheduled"", ""closure_rules"": [], ""assumption_reason"": null}",parsed,operating-hours-1.2.0,"2026-03-17 01:12:58+00","2026-08-09 02:40:01.200497+00","2026-08-08 05:25:57.108297+00","2026-08-09 02:40:01.200497+00",success,,t,,,ff209a47-72a7-46d0-b190-0a427a9afb0a,"2026-07-23 17:11:41.225101+00","2026-08-09 02:40:01.841796+00",가능,,,,https://tong.visitkorea.or.kr/cms/resource/02/4028802_image2_1.jpg,https://tong.visitkorea.or.kr/cms/resource/02/4028802_image3_1.jpg,,,,,
2902191,39,"부암동 몽유도원","서울특별시 종로구 창의문로11길 10 (부암동)",37.5941583152,126.9627134395,11,110,FD,FD05,FD050100,"[평일]- 11:00~17:00[주말]- 11:00~18:00",연중무휴,"{""rules"": [{""months"": null, ""weekdays"": [0, 1, 2, 3, 4], ""source_text"": ""]- 11:00~17:00["", ""time_ranges"": [{""end"": ""17:00"", ""start"": ""11:00"", ""crosses_midnight"": false}], ""last_admission"": null}, {""months"": null, ""weekdays"": [5, 6], ""source_text"": ""]- 11:00~18:00"", ""time_ranges"": [{""end"": ""18:00"", ""start"": ""11:00"", ""crosses_midnight"": false}], ""last_admission"": null}], ""warnings"": [], ""availability"": ""scheduled"", ""closure_rules"": [], ""assumption_reason"": null}",parsed,operating-hours-1.2.0,"2026-06-04 23:42:51+00","2026-08-09 02:40:01.200497+00","2026-08-08 05:25:57.108297+00","2026-08-09 02:40:01.200497+00",success,,t,,,ff209a47-72a7-46d0-b190-0a427a9afb0a,"2026-07-23 17:11:40.882874+00","2026-08-09 02:40:01.841796+00",가능,,,,,,,,,,
2902217,39,슬로우파크,"서울특별시 종로구 삼청로 141 (삼청동)",37.5879107012,126.9814899672,11,110,FD,FD02,FD020300,"10:00~21:00 (마지막 주문 20:00)",연중무휴,"{""rules"": [{""months"": null, ""weekdays"": null, ""source_text"": ""10:00~21:00 (마지막 주문 20:00)"", ""time_ranges"": [{""end"": ""21:00"", ""start"": ""10:00"", ""crosses_midnight"": false}], ""last_admission"": null}], ""warnings"": [], ""availability"": ""scheduled"", ""closure_rules"": [], ""assumption_reason"": null}",parsed,operating-hours-1.2.0,"2026-06-18 05:23:01+00","2026-08-09 02:40:01.200497+00","2026-08-08 05:25:57.108297+00","2026-08-09 02:40:01.200497+00",success,,t,,,ff209a47-72a7-46d0-b190-0a427a9afb0a,"2026-07-23 17:11:41.150397+00","2026-08-09 02:40:01.841796+00",가능,,,,,,,,,,
2902549,39,온천집,"서울특별시 종로구 돈화문로11나길 31-8",37.5740045511,126.9898145732,11,110,FD,FD01,FD010100,"- 11:30~21:30 - 준비시간 15:00~17:00 - 점심 마지막 주문 14:00 / 저녁 마지막 주문 20:30",연중무휴,"{""rules"": [{""months"": null, ""weekdays"": null, ""source_text"": ""- 11:30~21:30 - 준비시간 15:00~17:00 - 점심 마지막 주문 14:00 / 저녁 마지막 주문 20:30"", ""time_ranges"": [{""end"": ""21:30"", ""start"": ""11:30"", ""crosses_midnight"": false}, {""end"": ""17:00"", ""start"": ""15:00"", ""crosses_midnight"": false}], ""last_admission"": null}], ""warnings"": [], ""availability"": ""scheduled"", ""closure_rules"": [], ""assumption_reason"": null}",parsed,operating-hours-1.2.0,"2026-07-08 00:41:26+00","2026-08-09 02:40:01.200497+00","2026-08-08 05:25:57.108297+00","2026-08-09 02:40:01.200497+00",success,,t,,,ff209a47-72a7-46d0-b190-0a427a9afb0a,"2026-07-23 17:11:41.225101+00","2026-08-09 02:40:01.841796+00",불가능,,,,https://tong.visitkorea.or.kr/cms/resource/66/2997166_image2_1.jpg,https://tong.visitkorea.or.kr/cms/resource/66/2997166_image3_1.jpg,,,,,
2902586,39,이엔갤러리,"서울특별시 종로구 평창길 224 (평창동)",37.6132486774,126.970781512,11,110,FD,FD05,FD050100,12:00~18:00,"매주 월요일","{""rules"": [{""months"": null, ""weekdays"": null, ""source_text"": ""12:00~18:00"", ""time_ranges"": [{""end"": ""18:00"", ""start"": ""12:00"", ""crosses_midnight"": false}], ""last_admission"": null}], ""warnings"": [], ""availability"": ""scheduled"", ""closure_rules"": [{""weekdays"": [0], ""source_text"": ""매주 월요일""}], ""assumption_reason"": null}",parsed,operating-hours-1.2.0,"2025-09-23 04:56:39+00","2026-08-09 02:40:01.200497+00","2026-08-08 05:25:57.108297+00","2026-08-09 02:40:01.200497+00",success,,t,,,ff209a47-72a7-46d0-b190-0a427a9afb0a,"2026-07-23 17:11:41.225101+00","2026-08-09 02:40:01.841796+00",,,,,http://tong.visitkorea.or.kr/cms/resource/66/2902566_image2_1.jpg,http://tong.visitkorea.or.kr/cms/resource/66/2902566_image3_1.jpg,,,,,
2902597,39,자하싸리집,"서울특별시 종로구 진흥로 463 (구기동)",37.6068511150235,126.959771281758,11,110,FD,FD01,FD010100,11:30~21:30,연중무휴,"{""rules"": [{""months"": null, ""weekdays"": null, ""source_text"": ""11:30~21:30"", ""time_ranges"": [{""end"": ""21:30"", ""start"": ""11:30"", ""crosses_midnight"": false}], ""last_admission"": null}], ""warnings"": [], ""availability"": ""scheduled"", ""closure_rules"": [], ""assumption_reason"": null}",parsed,operating-hours-1.2.0,"2026-05-28 04:55:33+00","2026-08-09 02:40:01.200497+00","2026-08-08 05:25:57.108297+00","2026-08-09 02:40:01.200497+00",success,,t,,,ff209a47-72a7-46d0-b190-0a427a9afb0a,"2026-07-23 17:11:41.296349+00","2026-08-09 02:40:01.841796+00",가능,,,,,,,,,,
2902634,39,"청수당 베이커리","서울특별시 종로구 돈화문로11나길 31-9",37.5739545564,126.9897701345,11,110,FD,FD05,FD050100,"- 10:30~20:00- 마지막 주문 19:30",연중무휴,"{""rules"": [{""months"": null, ""weekdays"": null, ""source_text"": ""- 10:30~20:00- 마지막 주문 19:30"", ""time_ranges"": [{""end"": ""20:00"", ""start"": ""10:30"", ""crosses_midnight"": false}], ""last_admission"": null}], ""warnings"": [], ""availability"": ""scheduled"", ""closure_rules"": [], ""assumption_reason"": null}",parsed,operating-hours-1.2.0,"2026-07-08 00:45:30+00","2026-08-09 02:40:01.200497+00","2026-08-08 05:25:57.108297+00","2026-08-09 02:40:01.200497+00",success,,t,,,ff209a47-72a7-46d0-b190-0a427a9afb0a,"2026-07-23 17:11:41.296349+00","2026-08-09 02:40:01.841796+00",불가능,,,,https://tong.visitkorea.or.kr/cms/resource/01/3000101_image2_1.jpg,https://tong.visitkorea.or.kr/cms/resource/01/3000101_image3_1.jpg,,,,,
2902652,39,혜화칼국수,"서울특별시 종로구 창경궁로35길 13",37.5865643421,127.0014991854,11,110,FD,FD01,FD010100,"- 11:00~21:00- 준비시간 15:00~16:00- 마지막 주문 20:30",연중무휴,"{""rules"": [{""months"": null, ""weekdays"": null, ""source_text"": ""- 11:00~21:00- 준비시간 15:00~16:00- 마지막 주문 20:30"", ""time_ranges"": [{""end"": ""21:00"", ""start"": ""11:00"", ""crosses_midnight"": false}, {""end"": ""16:00"", ""start"": ""15:00"", ""crosses_midnight"": false}], ""last_admission"": null}], ""warnings"": [], ""availability"": ""scheduled"", ""closure_rules"": [], ""assumption_reason"": null}",parsed,operating-hours-1.2.0,"2026-07-08 00:33:16+00","2026-08-09 02:40:01.200497+00","2026-08-08 05:25:57.108297+00","2026-08-09 02:40:01.200497+00",success,,t,,,ff209a47-72a7-46d0-b190-0a427a9afb0a,"2026-07-23 17:11:41.44801+00","2026-08-09 02:40:01.841796+00",가능,,,,https://tong.visitkorea.or.kr/cms/resource/46/2902646_image2_1.jpg,https://tong.visitkorea.or.kr/cms/resource/46/2902646_image3_1.jpg,,,,,
2902898,39,서린낙지,"서울특별시 종로구 종로 19 (종로1가)",37.5708445236,126.9799236559,11,110,FD,FD01,FD010100,"11:30~21:30 (준비시간 15:00~17:00)","매달 첫째, 셋째 월요일 / 매달 둘째, 넷째 일요일 / 설·추석 연휴","{""rules"": [{""months"": null, ""weekdays"": null, ""source_text"": ""11:30~21:30 (준비시간 15:00~17:00)"", ""time_ranges"": [{""end"": ""21:30"", ""start"": ""11:30"", ""crosses_midnight"": false}, {""end"": ""17:00"", ""start"": ""15:00"", ""crosses_midnight"": false}], ""last_admission"": null}], ""warnings"": [""휴무 문구의 일부 예외를 구조화하지 못했습니다.""], ""availability"": ""scheduled"", ""closure_rules"": [], ""assumption_reason"": null}",partial,operating-hours-1.2.0,"2026-06-04 23:42:51+00","2026-08-09 02:40:01.200497+00","2026-08-08 05:25:57.108297+00","2026-08-09 02:40:01.200497+00",success,,t,,,ff209a47-72a7-46d0-b190-0a427a9afb0a,"2026-07-23 17:11:40.955853+00","2026-08-09 02:40:01.841796+00",가능,,,,,,,,,,
2903178,38,한국관광명품점,"서울특별시 종로구 인사동5길 14 (관훈동)",37.5727599914497,126.985356392794,11,110,SH,SH04,SH040300,10:00-18:00,명절,"{""rules"": [{""months"": null, ""weekdays"": null, ""source_text"": ""10:00-18:00"", ""time_ranges"": [{""end"": ""18:00"", ""start"": ""10:00"", ""crosses_midnight"": false}], ""last_admission"": null}], ""warnings"": [""휴무 문구의 일부 예외를 구조화하지 못했습니다.""], ""availability"": ""scheduled"", ""closure_rules"": [], ""assumption_reason"": null}",partial,operating-hours-1.2.0,"2026-03-17 01:12:58+00","2026-08-09 02:40:01.200497+00","2026-08-08 05:25:57.108297+00","2026-08-09 02:40:01.200497+00",success,,t,,,ff209a47-72a7-46d0-b190-0a427a9afb0a,"2026-07-23 17:11:41.371579+00","2026-08-09 02:40:01.918828+00",불가능,,,,https://tong.visitkorea.or.kr/cms/resource/35/4020535_image2_1.jpeg,https://tong.visitkorea.or.kr/cms/resource/35/4020535_image3_1.jpeg,,,,,
2903380,38,"세인트제임스 부티크 삼청","서울특별시 종로구 삼청로 78 (화동)",37.582325005708,126.981887000155,11,110,SH,SH04,SH040300,11:00-20:00,명절,"{""rules"": [{""months"": null, ""weekdays"": null, ""source_text"": ""11:00-20:00"", ""time_ranges"": [{""end"": ""20:00"", ""start"": ""11:00"", ""crosses_midnight"": false}], ""last_admission"": null}], ""warnings"": [""휴무 문구의 일부 예외를 구조화하지 못했습니다.""], ""availability"": ""scheduled"", ""closure_rules"": [], ""assumption_reason"": null}",partial,operating-hours-1.2.0,"2026-03-19 00:49:59+00","2026-08-09 02:40:01.200497+00","2026-08-08 05:25:57.108297+00","2026-08-09 02:40:01.200497+00",success,,t,,,ff209a47-72a7-46d0-b190-0a427a9afb0a,"2026-07-23 17:11:40.955853+00","2026-08-09 02:40:01.918828+00",불가능,,,,https://tong.visitkorea.or.kr/cms/resource/74/4020474_image2_1.jpg,https://tong.visitkorea.or.kr/cms/resource/74/4020474_image3_1.jpg,,,,,
2903491,38,"라인프렌즈 스퀘어 인사동","서울특별시 종로구 인사동길 49 (관훈동) 1층",37.5744668688197,126.983552182559,11,110,SH,SH04,SH040300,11:00~21:00,,"{""rules"": [{""months"": null, ""weekdays"": null, ""source_text"": ""11:00~21:00"", ""time_ranges"": [{""end"": ""21:00"", ""start"": ""11:00"", ""crosses_midnight"": false}], ""last_admission"": null}], ""warnings"": [], ""availability"": ""scheduled"", ""closure_rules"": [], ""assumption_reason"": null}",parsed,operating-hours-1.2.0,"2026-03-27 00:21:50+00","2026-08-09 02:40:01.200497+00","2026-08-08 05:25:57.108297+00","2026-08-09 02:40:01.200497+00",success,,t,,,ff209a47-72a7-46d0-b190-0a427a9afb0a,"2026-07-23 17:11:40.882874+00","2026-08-09 02:40:01.918828+00",가능,,,,https://tong.visitkorea.or.kr/cms/resource/22/4043322_image2_1.jpg,https://tong.visitkorea.or.kr/cms/resource/22/4043322_image3_1.jpg,,,,,
2903810,38,"이새 인사점","서울특별시 종로구 인사동길 30-1 (관훈동)",37.5734166168629,126.985935398213,11,110,SH,SH04,SH040300,10:00~20:00,명절,"{""rules"": [{""months"": null, ""weekdays"": null, ""source_text"": ""10:00~20:00"", ""time_ranges"": [{""end"": ""20:00"", ""start"": ""10:00"", ""crosses_midnight"": false}], ""last_admission"": null}], ""warnings"": [""휴무 문구의 일부 예외를 구조화하지 못했습니다.""], ""availability"": ""scheduled"", ""closure_rules"": [], ""assumption_reason"": null}",partial,operating-hours-1.2.0,"2026-03-27 00:21:50+00","2026-08-09 02:40:01.200497+00","2026-08-08 05:25:57.108297+00","2026-08-09 02:40:01.200497+00",success,,t,,,ff209a47-72a7-46d0-b190-0a427a9afb0a,"2026-07-23 17:11:41.225101+00","2026-08-09 02:40:01.918828+00",불가능,,,,https://tong.visitkorea.or.kr/cms/resource/42/4045242_image2_1.jpg,https://tong.visitkorea.or.kr/cms/resource/42/4045242_image3_1.jpg,,,,,
2904636,38,"타넬로 북촌점","서울특별시 종로구 북촌로5길 10 (재동)",37.5794440807973,126.984431292928,11,110,SH,SH04,SH040300,10:30~19:30,,"{""rules"": [{""months"": null, ""weekdays"": null, ""source_text"": ""10:30~19:30"", ""time_ranges"": [{""end"": ""19:30"", ""start"": ""10:30"", ""crosses_midnight"": false}], ""last_admission"": null}], ""warnings"": [], ""availability"": ""scheduled"", ""closure_rules"": [], ""assumption_reason"": null}",parsed,operating-hours-1.2.0,"2026-03-27 00:21:50+00","2026-08-09 02:40:01.200497+00","2026-08-08 05:25:57.108297+00","2026-08-09 02:40:01.200497+00",success,,t,,,ff209a47-72a7-46d0-b190-0a427a9afb0a,"2026-07-23 17:11:41.371579+00","2026-08-09 02:40:01.918828+00",불가능,,,,https://tong.visitkorea.or.kr/cms/resource/24/4043324_image2_1.jpg,https://tong.visitkorea.or.kr/cms/resource/24/4043324_image3_1.jpg,,,,,
2906066,38,팀블룸,"서울특별시 종로구 필운대로 46 (누하동) B1-1층",37.5800929492628,126.968821786523,11,110,SH,SH04,SH040300,11:00~19:00,명절,"{""rules"": [{""months"": null, ""weekdays"": null, ""source_text"": ""11:00~19:00"", ""time_ranges"": [{""end"": ""19:00"", ""start"": ""11:00"", ""crosses_midnight"": false}], ""last_admission"": null}], ""warnings"": [""휴무 문구의 일부 예외를 구조화하지 못했습니다.""], ""availability"": ""scheduled"", ""closure_rules"": [], ""assumption_reason"": null}",partial,operating-hours-1.2.0,"2026-03-27 00:21:50+00","2026-08-09 02:40:01.200497+00","2026-08-08 05:25:57.108297+00","2026-08-09 02:40:01.200497+00",success,,t,,,ff209a47-72a7-46d0-b190-0a427a9afb0a,"2026-07-23 17:11:41.371579+00","2026-08-09 02:40:01.918828+00",가능,,,,https://tong.visitkorea.or.kr/cms/resource/26/4043326_image2_1.jpg,https://tong.visitkorea.or.kr/cms/resource/26/4043326_image3_1.jpg,,,,,
2907171,39,북촌김치재,"서울특별시 종로구 북촌로2길 8",37.5778290190885,126.986184262613,11,110,FD,FD01,FD010100,"[평일]- 11:00~21:00- 준비시간 15:30~17:00[토요일]- 11:00~21:00[일요일]- 11:00~15:30",연중무휴,"{""rules"": [{""months"": null, ""weekdays"": [0, 1, 2, 3, 4], ""source_text"": ""]- 11:00~21:00- 준비시간 15:30~17:00["", ""time_ranges"": [{""end"": ""21:00"", ""start"": ""11:00"", ""crosses_midnight"": false}, {""end"": ""17:00"", ""start"": ""15:30"", ""crosses_midnight"": false}], ""last_admission"": null}, {""months"": null, ""weekdays"": [5], ""source_text"": ""]- 11:00~21:00["", ""time_ranges"": [{""end"": ""21:00"", ""start"": ""11:00"", ""crosses_midnight"": false}], ""last_admission"": null}, {""months"": null, ""weekdays"": [6], ""source_text"": ""]- 11:00~15:30"", ""time_ranges"": [{""end"": ""15:30"", ""start"": ""11:00"", ""crosses_midnight"": false}], ""last_admission"": null}], ""warnings"": [], ""availability"": ""scheduled"", ""closure_rules"": [], ""assumption_reason"": null}",parsed,operating-hours-1.2.0,"2026-04-10 04:02:25+00","2026-08-09 02:40:01.200497+00","2026-08-08 05:25:57.108297+00","2026-08-09 02:40:01.200497+00",success,,t,,,ff209a47-72a7-46d0-b190-0a427a9afb0a,"2026-07-23 17:11:40.882874+00","2026-08-09 02:40:01.918828+00",불가능,,,,,,,,,,
2907187,39,"혜화 양육관","서울특별시 종로구 대명1길 23",37.5825953693,127.0008160321,11,110,FD,FD02,FD020100,"13:00~00:40 (마지막 주문 23:40)",연중무휴,"{""rules"": [{""months"": null, ""weekdays"": null, ""source_text"": ""13:00~00:40 (마지막 주문 23:40)"", ""time_ranges"": [{""end"": ""00:40"", ""start"": ""13:00"", ""crosses_midnight"": true}], ""last_admission"": null}], ""warnings"": [], ""availability"": ""scheduled"", ""closure_rules"": [], ""assumption_reason"": null}",parsed,operating-hours-1.2.0,"2026-06-24 06:50:47+00","2026-08-09 02:40:01.200497+00","2026-08-08 05:25:57.108297+00","2026-08-09 02:40:01.200497+00",success,,t,,,ff209a47-72a7-46d0-b190-0a427a9afb0a,"2026-07-23 17:11:41.44801+00","2026-08-09 02:40:01.918828+00",불가능,,,,,,,,,,
2907200,39,헤리티지클럽,"서울특별시 종로구 서순라길 75",37.5737851815,126.9924698759,11,110,FD,FD05,FD050100,"12:00-23:00 (마지막 주문 22:30)","연중무휴※ 비정기적 휴무가 있을 수 있으므로 홈페이지 참조","{""rules"": [{""months"": null, ""weekdays"": null, ""source_text"": ""12:00-23:00 (마지막 주문 22:30)"", ""time_ranges"": [{""end"": ""23:00"", ""start"": ""12:00"", ""crosses_midnight"": false}], ""last_admission"": null}], ""warnings"": [], ""availability"": ""scheduled"", ""closure_rules"": [], ""assumption_reason"": null}",parsed,operating-hours-1.2.0,"2026-07-24 02:22:00+00","2026-08-09 02:40:01.200497+00","2026-08-08 05:25:57.108297+00","2026-08-09 02:40:01.200497+00",success,,t,,,ff209a47-72a7-46d0-b190-0a427a9afb0a,"2026-07-23 17:11:41.44801+00","2026-08-09 02:40:01.918828+00",불가능,,,,,,,,,,
2908647,38,"금강제화 종로지점","서울특별시 종로구 종로 81 (종로2가) 1층",37.5704297056274,126.986516315914,11,110,SH,SH04,SH040300,10:50~20:00,,"{""rules"": [{""months"": null, ""weekdays"": null, ""source_text"": ""10:50~20:00"", ""time_ranges"": [{""end"": ""20:00"", ""start"": ""10:50"", ""crosses_midnight"": false}], ""last_admission"": null}], ""warnings"": [], ""availability"": ""scheduled"", ""closure_rules"": [], ""assumption_reason"": null}",parsed,operating-hours-1.2.0,"2026-03-27 00:21:50+00","2026-08-09 02:40:01.200497+00","2026-08-08 05:25:57.108297+00","2026-08-09 02:40:01.200497+00",success,,t,,,ff209a47-72a7-46d0-b190-0a427a9afb0a,"2026-07-23 17:11:40.721834+00","2026-08-09 02:40:01.918828+00",불가능,,,,https://tong.visitkorea.or.kr/cms/resource/45/4044745_image2_1.png,https://tong.visitkorea.or.kr/cms/resource/45/4044745_image3_1.png,,,,,
2909934,38,청하고려인삼,"서울특별시 종로구 자하문로 280 (부암동) 청하빌딩",37.598690946817,126.961719389064,11,110,SH,SH04,SH040300,09:00-17:00,,"{""rules"": [{""months"": null, ""weekdays"": null, ""source_text"": ""09:00-17:00"", ""time_ranges"": [{""end"": ""17:00"", ""start"": ""09:00"", ""crosses_midnight"": false}], ""last_admission"": null}], ""warnings"": [], ""availability"": ""scheduled"", ""closure_rules"": [], ""assumption_reason"": null}",parsed,operating-hours-1.2.0,"2026-03-30 00:16:11+00","2026-08-09 02:40:01.200497+00","2026-08-08 05:25:57.108297+00","2026-08-09 02:40:01.200497+00",success,,t,,,ff209a47-72a7-46d0-b190-0a427a9afb0a,"2026-07-23 17:11:41.371579+00","2026-08-09 02:40:01.918828+00",가능,,,,https://tong.visitkorea.or.kr/cms/resource/00/4020500_image2_1.jpg,https://tong.visitkorea.or.kr/cms/resource/00/4020500_image3_1.jpg,,,,,
2910025,38,"이새 창덕궁점","서울특별시 종로구 창덕궁1길 12 (원서동) 1층",37.5794566278205,126.988574312089,11,110,SH,SH04,SH040300,10:00-19:00,명절,"{""rules"": [{""months"": null, ""weekdays"": null, ""source_text"": ""10:00-19:00"", ""time_ranges"": [{""end"": ""19:00"", ""start"": ""10:00"", ""crosses_midnight"": false}], ""last_admission"": null}], ""warnings"": [""휴무 문구의 일부 예외를 구조화하지 못했습니다.""], ""availability"": ""scheduled"", ""closure_rules"": [], ""assumption_reason"": null}",partial,operating-hours-1.2.0,"2026-03-31 20:32:35+00","2026-08-09 02:40:01.200497+00","2026-08-08 05:25:57.108297+00","2026-08-09 02:40:01.200497+00",success,,t,,,ff209a47-72a7-46d0-b190-0a427a9afb0a,"2026-07-23 17:11:41.225101+00","2026-08-09 02:40:01.918828+00",불가능,,,,https://tong.visitkorea.or.kr/cms/resource/04/4020504_image2_1.jpg,https://tong.visitkorea.or.kr/cms/resource/04/4020504_image3_1.jpg,,,,,
2910707,38,호심,"서울특별시 종로구 북촌로 33 (가회동) 1층",37.5796801989433,126.9848753667,11,110,SH,SH04,SH040300,10:30-18:00,명절,"{""rules"": [{""months"": null, ""weekdays"": null, ""source_text"": ""10:30-18:00"", ""time_ranges"": [{""end"": ""18:00"", ""start"": ""10:30"", ""crosses_midnight"": false}], ""last_admission"": null}], ""warnings"": [""휴무 문구의 일부 예외를 구조화하지 못했습니다.""], ""availability"": ""scheduled"", ""closure_rules"": [], ""assumption_reason"": null}",partial,operating-hours-1.2.0,"2026-03-16 01:54:17+00","2026-08-09 02:40:01.200497+00","2026-08-08 05:25:57.108297+00","2026-08-09 02:40:01.200497+00",success,,t,,,ff209a47-72a7-46d0-b190-0a427a9afb0a,"2026-07-23 17:11:41.44801+00","2026-08-09 02:40:01.918828+00",불가능,,,,https://tong.visitkorea.or.kr/cms/resource/69/4017269_image2_1.jpeg,https://tong.visitkorea.or.kr/cms/resource/69/4017269_image3_1.jpeg,,,,,
2910792,38,인사칠기,"서울특별시 종로구 인사동길 12 (인사동) 1층",37.5718961547884,126.987230558854,11,110,SH,SH04,SH040300,10:30-19:00,명절,"{""rules"": [{""months"": null, ""weekdays"": null, ""source_text"": ""10:30-19:00"", ""time_ranges"": [{""end"": ""19:00"", ""start"": ""10:30"", ""crosses_midnight"": false}], ""last_admission"": null}], ""warnings"": [""휴무 문구의 일부 예외를 구조화하지 못했습니다.""], ""availability"": ""scheduled"", ""closure_rules"": [], ""assumption_reason"": null}",partial,operating-hours-1.2.0,"2026-03-30 00:16:11+00","2026-08-09 02:40:01.200497+00","2026-08-08 05:25:57.108297+00","2026-08-09 02:40:01.200497+00",success,,t,,,ff209a47-72a7-46d0-b190-0a427a9afb0a,"2026-07-23 17:11:41.225101+00","2026-08-09 02:40:01.918828+00",가능,,,,https://tong.visitkorea.or.kr/cms/resource/36/4020536_image2_1.jpeg,https://tong.visitkorea.or.kr/cms/resource/36/4020536_image3_1.jpeg,,,,,
2911463,38,"골드리아 종로본점","서울특별시 종로구 돈화문로 50 (묘동) 골드리아빌딩",37.5729711656624,126.991632718296,11,110,SH,SH04,SH040300,10:00-19:30,명절,"{""rules"": [{""months"": null, ""weekdays"": null, ""source_text"": ""10:00-19:30"", ""time_ranges"": [{""end"": ""19:30"", ""start"": ""10:00"", ""crosses_midnight"": false}], ""last_admission"": null}], ""warnings"": [""휴무 문구의 일부 예외를 구조화하지 못했습니다.""], ""availability"": ""scheduled"", ""closure_rules"": [], ""assumption_reason"": null}",partial,operating-hours-1.2.0,"2026-03-19 00:49:59+00","2026-08-09 02:40:01.200497+00","2026-08-08 05:25:57.108297+00","2026-08-09 02:40:01.200497+00",success,,t,,,ff209a47-72a7-46d0-b190-0a427a9afb0a,"2026-07-23 17:11:40.721834+00","2026-08-09 02:40:01.918828+00",불가능,,,,https://tong.visitkorea.or.kr/cms/resource/32/4020532_image2_1.jpeg,https://tong.visitkorea.or.kr/cms/resource/32/4020532_image3_1.jpeg,,,,,
2911471,38,"영풍문고 종각종로본점","서울특별시 종로구 청계천로 41 (서린동) B1층",37.5696679696981,126.982179278549,11,110,SH,SH04,SH040300,10:00-22:00,,"{""rules"": [{""months"": null, ""weekdays"": null, ""source_text"": ""10:00-22:00"", ""time_ranges"": [{""end"": ""22:00"", ""start"": ""10:00"", ""crosses_midnight"": false}], ""last_admission"": null}], ""warnings"": [], ""availability"": ""scheduled"", ""closure_rules"": [], ""assumption_reason"": null}",parsed,operating-hours-1.2.0,"2026-03-19 00:49:59+00","2026-08-09 02:40:01.200497+00","2026-08-08 05:25:57.108297+00","2026-08-09 02:40:01.200497+00",success,,t,,,ff209a47-72a7-46d0-b190-0a427a9afb0a,"2026-07-23 17:11:41.150397+00","2026-08-09 02:40:01.918828+00",가능,,,,https://tong.visitkorea.or.kr/cms/resource/40/4020540_image2_1.jpeg,https://tong.visitkorea.or.kr/cms/resource/40/4020540_image3_1.jpeg,,,,,
2912327,38,"올리브영 동묘앞역점","서울특별시 종로구 종로 346 (숭인동)",37.5729160125034,127.016259338316,11,110,SH,SH04,SH040300,09:00-22:30,,"{""rules"": [{""months"": null, ""weekdays"": null, ""source_text"": ""09:00-22:30"", ""time_ranges"": [{""end"": ""22:30"", ""start"": ""09:00"", ""crosses_midnight"": false}], ""last_admission"": null}], ""warnings"": [], ""availability"": ""scheduled"", ""closure_rules"": [], ""assumption_reason"": null}",parsed,operating-hours-1.2.0,"2026-03-30 00:16:11+00","2026-08-09 02:40:01.200497+00","2026-08-08 05:25:57.108297+00","2026-08-09 02:40:01.200497+00",success,,t,,,ff209a47-72a7-46d0-b190-0a427a9afb0a,"2026-07-23 17:11:41.225101+00","2026-08-09 02:40:01.918828+00",불가능,,,,https://tong.visitkorea.or.kr/cms/resource/03/4028803_image2_1.png,https://tong.visitkorea.or.kr/cms/resource/03/4028803_image3_1.png,,,,,
2912427,38,"MUJI 영풍종로점","서울특별시 종로구 청계천로 41 (서린동) B1-B2층",37.5696679696981,126.982179278549,11,110,SH,SH04,SH040300,10:00~22:00,,"{""rules"": [{""months"": null, ""weekdays"": null, ""source_text"": ""10:00~22:00"", ""time_ranges"": [{""end"": ""22:00"", ""start"": ""10:00"", ""crosses_midnight"": false}], ""last_admission"": null}], ""warnings"": [], ""availability"": ""scheduled"", ""closure_rules"": [], ""assumption_reason"": null}",parsed,operating-hours-1.2.0,"2026-03-26 00:20:41+00","2026-08-09 02:40:01.200497+00","2026-08-08 05:25:57.108297+00","2026-08-09 02:40:01.200497+00",success,,t,,,ff209a47-72a7-46d0-b190-0a427a9afb0a,"2026-07-23 17:11:41.44801+00","2026-08-09 02:40:01.918828+00",가능,,,,https://tong.visitkorea.or.kr/cms/resource/09/4045809_image2_1.png,https://tong.visitkorea.or.kr/cms/resource/09/4045809_image3_1.png,,,,,
2913839,38,"케이디티 다이아몬드","서울특별시 종로구 돈화문로5길 20 (돈의동) 다이아몬드 빌딩 1층",37.5708485442935,126.990863105287,11,110,SH,SH04,SH040300,10:00~19:00,명절,"{""rules"": [{""months"": null, ""weekdays"": null, ""source_text"": ""10:00~19:00"", ""time_ranges"": [{""end"": ""19:00"", ""start"": ""10:00"", ""crosses_midnight"": false}], ""last_admission"": null}], ""warnings"": [""휴무 문구의 일부 예외를 구조화하지 못했습니다.""], ""availability"": ""scheduled"", ""closure_rules"": [], ""assumption_reason"": null}",partial,operating-hours-1.2.0,"2026-03-27 00:21:50+00","2026-08-09 02:40:01.200497+00","2026-08-08 05:25:57.108297+00","2026-08-09 02:40:01.200497+00",success,,t,,,ff209a47-72a7-46d0-b190-0a427a9afb0a,"2026-07-23 17:11:41.371579+00","2026-08-09 02:40:01.918828+00",불가능,,,,https://tong.visitkorea.or.kr/cms/resource/40/4044740_image2_1.png,https://tong.visitkorea.or.kr/cms/resource/40/4044740_image3_1.png,,,,,
2916191,38,아트코리아,"서울특별시 종로구 자하문로 231 (부암동)",37.594702820251,126.963202630054,11,110,SH,SH04,SH040300,09:00~17:00,,"{""rules"": [{""months"": null, ""weekdays"": null, ""source_text"": ""09:00~17:00"", ""time_ranges"": [{""end"": ""17:00"", ""start"": ""09:00"", ""crosses_midnight"": false}], ""last_admission"": null}], ""warnings"": [], ""availability"": ""scheduled"", ""closure_rules"": [], ""assumption_reason"": null}",parsed,operating-hours-1.2.0,"2026-03-27 00:21:50+00","2026-08-09 02:40:01.200497+00","2026-08-08 05:25:57.108297+00","2026-08-09 02:40:01.200497+00",success,,t,,,ff209a47-72a7-46d0-b190-0a427a9afb0a,"2026-07-23 17:11:41.150397+00","2026-08-09 02:40:01.918828+00",가능,,,,https://tong.visitkorea.or.kr/cms/resource/44/4044744_image2_1.png,https://tong.visitkorea.or.kr/cms/resource/44/4044744_image3_1.png,,,,,
2916225,38,"이솝 삼청","서울특별시 종로구 삼청로 58-3 (소격동)",37.5809303162126,126.980495850337,11,110,SH,SH04,SH040300,10:00-20:00,"월 1회 월요일","{""rules"": [{""months"": null, ""weekdays"": null, ""source_text"": ""10:00-20:00"", ""time_ranges"": [{""end"": ""20:00"", ""start"": ""10:00"", ""crosses_midnight"": false}], ""last_admission"": null}], ""warnings"": [""휴무 문구의 일부 예외를 구조화하지 못했습니다.""], ""availability"": ""scheduled"", ""closure_rules"": [], ""assumption_reason"": null}",partial,operating-hours-1.2.0,"2026-03-16 01:54:17+00","2026-08-09 02:40:01.200497+00","2026-08-08 05:25:57.108297+00","2026-08-09 02:40:01.200497+00",success,,t,,,ff209a47-72a7-46d0-b190-0a427a9afb0a,"2026-07-23 17:11:41.225101+00","2026-08-09 02:40:01.918828+00",불가능,,,,https://tong.visitkorea.or.kr/cms/resource/22/4017222_image2_1.jpg,https://tong.visitkorea.or.kr/cms/resource/22/4017222_image3_1.jpg,,,,,
2916516,38,"로우로우 광장시장점","서울특별시 종로구 창경궁로 88 (예지동)",37.5701196320637,126.999798964693,11,110,SH,SH04,SH040300,10:00~20:00,명절,"{""rules"": [{""months"": null, ""weekdays"": null, ""source_text"": ""10:00~20:00"", ""time_ranges"": [{""end"": ""20:00"", ""start"": ""10:00"", ""crosses_midnight"": false}], ""last_admission"": null}], ""warnings"": [""휴무 문구의 일부 예외를 구조화하지 못했습니다.""], ""availability"": ""scheduled"", ""closure_rules"": [], ""assumption_reason"": null}",partial,operating-hours-1.2.0,"2026-03-27 00:21:50+00","2026-08-09 02:40:01.200497+00","2026-08-08 05:25:57.108297+00","2026-08-09 02:40:01.200497+00",success,,t,,,ff209a47-72a7-46d0-b190-0a427a9afb0a,"2026-07-23 17:11:40.882874+00","2026-08-09 02:40:01.918828+00",불가능,,,,https://tong.visitkorea.or.kr/cms/resource/92/4044592_image2_1.jpg,https://tong.visitkorea.or.kr/cms/resource/92/4044592_image3_1.jpg,,,,,
2917290,38,"올리브영 종각점","서울특별시 종로구 종로 61 (종로2가)",37.570439429731,126.984277409708,11,110,SH,SH04,SH040300,09:00-22:30,,"{""rules"": [{""months"": null, ""weekdays"": null, ""source_text"": ""09:00-22:30"", ""time_ranges"": [{""end"": ""22:30"", ""start"": ""09:00"", ""crosses_midnight"": false}], ""last_admission"": null}], ""warnings"": [], ""availability"": ""scheduled"", ""closure_rules"": [], ""assumption_reason"": null}",parsed,operating-hours-1.2.0,"2026-03-17 01:12:59+00","2026-08-09 02:40:01.200497+00","2026-08-08 05:25:57.108297+00","2026-08-09 02:40:01.200497+00",success,,t,,,ff209a47-72a7-46d0-b190-0a427a9afb0a,"2026-07-23 17:11:41.225101+00","2026-08-09 02:40:01.918828+00",불가능,,,,https://tong.visitkorea.or.kr/cms/resource/05/4028805_image2_1.jpeg,https://tong.visitkorea.or.kr/cms/resource/05/4028805_image3_1.jpeg,,,,,
2923488,38,"국가유산진흥원 창덕궁상품관","서울특별시 종로구 율곡로 99 (와룡동)",37.5788697347103,126.989710338876,11,110,SH,SH04,SH040300,08:30~17:30,월요일,"{""rules"": [{""months"": null, ""weekdays"": null, ""source_text"": ""08:30~17:30"", ""time_ranges"": [{""end"": ""17:30"", ""start"": ""08:30"", ""crosses_midnight"": false}], ""last_admission"": null}], ""warnings"": [""휴무 문구의 일부 예외를 구조화하지 못했습니다.""], ""availability"": ""scheduled"", ""closure_rules"": [], ""assumption_reason"": null}",partial,operating-hours-1.2.0,"2026-03-27 00:21:50+00","2026-08-09 02:40:01.200497+00","2026-08-08 05:25:57.108297+00","2026-08-09 02:40:01.200497+00",success,,t,,,ff209a47-72a7-46d0-b190-0a427a9afb0a,"2026-07-23 17:11:40.721834+00","2026-08-09 02:40:01.918828+00",불가능,,,,https://tong.visitkorea.or.kr/cms/resource/42/4044742_image2_1.png,https://tong.visitkorea.or.kr/cms/resource/42/4044742_image3_1.png,,,,,
2923617,38,"오렌즈 광화문점","서울특별시 종로구 삼봉로 82 (청진동)",37.5720555353472,126.981709615148,11,110,SH,SH04,SH040300,09:30~22:30,,"{""rules"": [{""months"": null, ""weekdays"": null, ""source_text"": ""09:30~22:30"", ""time_ranges"": [{""end"": ""22:30"", ""start"": ""09:30"", ""crosses_midnight"": false}], ""last_admission"": null}], ""warnings"": [], ""availability"": ""scheduled"", ""closure_rules"": [], ""assumption_reason"": null}",parsed,operating-hours-1.2.0,"2026-03-27 00:21:50+00","2026-08-09 02:40:01.200497+00","2026-08-08 05:25:57.108297+00","2026-08-09 02:40:01.200497+00",success,,t,,,ff209a47-72a7-46d0-b190-0a427a9afb0a,"2026-07-23 17:11:41.225101+00","2026-08-09 02:40:01.918828+00",불가능,,,,https://tong.visitkorea.or.kr/cms/resource/83/4044583_image2_1.jpg,https://tong.visitkorea.or.kr/cms/resource/83/4044583_image3_1.jpg,,,,,
2923707,38,이팝나무,"서울특별시 종로구 인사동5길 2 (인사동)",37.5729828859088,126.986002720514,11,110,SH,SH04,SH040300,10:00-18:00,,"{""rules"": [{""months"": null, ""weekdays"": null, ""source_text"": ""10:00-18:00"", ""time_ranges"": [{""end"": ""18:00"", ""start"": ""10:00"", ""crosses_midnight"": false}], ""last_admission"": null}], ""warnings"": [], ""availability"": ""scheduled"", ""closure_rules"": [], ""assumption_reason"": null}",parsed,operating-hours-1.2.0,"2026-03-17 01:12:59+00","2026-08-09 02:40:01.200497+00","2026-08-08 05:25:57.108297+00","2026-08-09 02:40:01.200497+00",success,,t,,,ff209a47-72a7-46d0-b190-0a427a9afb0a,"2026-07-23 17:11:41.225101+00","2026-08-09 02:40:01.918828+00",불가능,,,,https://tong.visitkorea.or.kr/cms/resource/98/4020498_image2_1.jpg,https://tong.visitkorea.or.kr/cms/resource/98/4020498_image3_1.jpg,,,,,
2923810,38,"한국금거래소 종로본점","서울특별시 종로구 종로 128 (종로3가) 1층",37.5701516113104,126.991919192212,11,110,SH,SH04,SH040300,10:00-19:00,"공휴일, 명절","{""rules"": [{""months"": null, ""weekdays"": null, ""source_text"": ""10:00-19:00"", ""time_ranges"": [{""end"": ""19:00"", ""start"": ""10:00"", ""crosses_midnight"": false}], ""last_admission"": null}], ""warnings"": [""휴무 문구의 일부 예외를 구조화하지 못했습니다.""], ""availability"": ""scheduled"", ""closure_rules"": [], ""assumption_reason"": null}",partial,operating-hours-1.2.0,"2026-03-31 20:36:51+00","2026-08-09 02:40:01.200497+00","2026-08-08 05:25:57.108297+00","2026-08-09 02:40:01.200497+00",success,,t,,,ff209a47-72a7-46d0-b190-0a427a9afb0a,"2026-07-23 17:11:41.371579+00","2026-08-09 02:40:01.918828+00",가능,,,,https://tong.visitkorea.or.kr/cms/resource/33/4020533_image2_1.jpeg,https://tong.visitkorea.or.kr/cms/resource/33/4020533_image3_1.jpeg,,,,,
2924145,38,종로팔팔온누리약국,"서울특별시 종로구 돈화문로 30 (묘동)",37.5712662536965,126.992233420661,11,110,SH,SH04,SH040300,08:00~20:00,,"{""rules"": [{""months"": null, ""weekdays"": null, ""source_text"": ""08:00~20:00"", ""time_ranges"": [{""end"": ""20:00"", ""start"": ""08:00"", ""crosses_midnight"": false}], ""last_admission"": null}], ""warnings"": [], ""availability"": ""scheduled"", ""closure_rules"": [], ""assumption_reason"": null}",parsed,operating-hours-1.2.0,"2026-03-27 00:21:50+00","2026-08-09 02:40:01.200497+00","2026-08-08 05:25:57.108297+00","2026-08-09 02:40:01.200497+00",success,,t,,,ff209a47-72a7-46d0-b190-0a427a9afb0a,"2026-07-23 17:11:41.296349+00","2026-08-09 02:40:01.918828+00",불가능,,,,https://tong.visitkorea.or.kr/cms/resource/95/4043195_image2_1.jpg,https://tong.visitkorea.or.kr/cms/resource/95/4043195_image3_1.jpg,,,,,
2924397,38,"올리브영 홍대대학로점","서울특별시 종로구 대학로 57 (연건동) 1층",37.5765585834389,127.001450046714,11,110,SH,SH04,SH040300,10:00-22:00,,"{""rules"": [{""months"": null, ""weekdays"": null, ""source_text"": ""10:00-22:00"", ""time_ranges"": [{""end"": ""22:00"", ""start"": ""10:00"", ""crosses_midnight"": false}], ""last_admission"": null}], ""warnings"": [], ""availability"": ""scheduled"", ""closure_rules"": [], ""assumption_reason"": null}",parsed,operating-hours-1.2.0,"2026-03-17 01:12:59+00","2026-08-09 02:40:01.200497+00","2026-08-08 05:25:57.108297+00","2026-08-09 02:40:01.200497+00",success,,t,,,ff209a47-72a7-46d0-b190-0a427a9afb0a,"2026-07-23 17:11:41.225101+00","2026-08-09 02:40:01.918828+00",불가능,,,,https://tong.visitkorea.or.kr/cms/resource/95/4028795_image2_1.jpg,https://tong.visitkorea.or.kr/cms/resource/95/4028795_image3_1.jpg,,,,,
2924406,38,"홈플러스익스프레스 명륜2점","서울특별시 종로구 혜화로3길 5 (명륜2가, 명륜동주상복합아남아파트)",37.5859646059047,127.000230514994,11,110,SH,SH04,SH040300,10:00-24:00,"2,4주 일요일","{""rules"": [{""months"": null, ""weekdays"": null, ""source_text"": ""10:00-24:00"", ""time_ranges"": [{""end"": ""23:59"", ""start"": ""10:00"", ""crosses_midnight"": false}], ""last_admission"": null}], ""warnings"": [""휴무 문구의 일부 예외를 구조화하지 못했습니다.""], ""availability"": ""scheduled"", ""closure_rules"": [], ""assumption_reason"": null}",partial,operating-hours-1.2.0,"2026-03-16 01:54:17+00","2026-08-09 02:40:01.200497+00","2026-08-08 05:25:57.108297+00","2026-08-09 02:40:01.200497+00",success,,t,,,ff209a47-72a7-46d0-b190-0a427a9afb0a,"2026-07-23 17:11:41.44801+00","2026-08-09 02:40:01.918828+00",가능,,,,https://tong.visitkorea.or.kr/cms/resource/19/4020319_image2_1.jpg,https://tong.visitkorea.or.kr/cms/resource/19/4020319_image3_1.jpg,,,,,
2924527,39,빠리가옥,"서울특별시 종로구 수표로28길 33-4",37.5733157539792,126.990242328886,11,110,FD,FD02,FD020300,"- 11:30~22:00- 점심 마지막 주문 14:30- 준비시간 15:00~17:00- 저녁 마지막 주문 21:30※ 주말과  법정공휴일에는 준비시간 없이 영업",연중무휴,"{""rules"": [{""months"": null, ""weekdays"": null, ""source_text"": ""- 11:30~22:00- 점심 마지막 주문 14:30- 준비시간 15:00~17:00- 저녁 마지막 주문 21:30※ 주말과 법정공휴일에는 준비시간 없이 영업"", ""time_ranges"": [{""end"": ""22:00"", ""start"": ""11:30"", ""crosses_midnight"": false}, {""end"": ""17:00"", ""start"": ""15:00"", ""crosses_midnight"": false}], ""last_admission"": null}], ""warnings"": [], ""availability"": ""scheduled"", ""closure_rules"": [], ""assumption_reason"": null}",parsed,operating-hours-1.2.0,"2026-03-18 01:10:05+00","2026-08-09 02:40:01.200497+00","2026-08-08 05:25:57.108297+00","2026-08-09 02:40:01.200497+00",success,,t,,,ff209a47-72a7-46d0-b190-0a427a9afb0a,"2026-07-23 17:11:40.882874+00","2026-08-09 02:40:01.918828+00",불가능,,,,https://tong.visitkorea.or.kr/cms/resource/62/4003062_image2_1.JPG,https://tong.visitkorea.or.kr/cms/resource/62/4003062_image3_1.JPG,,,,,
2926788,38,안경선생님&미스터렌즈,"서울특별시 종로구 종로 393-1 (숭인동) 1층",37.5749173709195,127.020966406925,11,110,SH,SH04,SH040300,09:00-21:00,명절,"{""rules"": [{""months"": null, ""weekdays"": null, ""source_text"": ""09:00-21:00"", ""time_ranges"": [{""end"": ""21:00"", ""start"": ""09:00"", ""crosses_midnight"": false}], ""last_admission"": null}], ""warnings"": [""휴무 문구의 일부 예외를 구조화하지 못했습니다.""], ""availability"": ""scheduled"", ""closure_rules"": [], ""assumption_reason"": null}",partial,operating-hours-1.2.0,"2026-03-19 00:49:59+00","2026-08-09 02:40:01.200497+00","2026-08-08 05:25:57.108297+00","2026-08-09 02:40:01.200497+00",success,,t,,,ff209a47-72a7-46d0-b190-0a427a9afb0a,"2026-07-23 17:11:41.150397+00","2026-08-09 02:40:01.918828+00",가능,,,,https://tong.visitkorea.or.kr/cms/resource/02/4020502_image2_1.jpg,https://tong.visitkorea.or.kr/cms/resource/02/4020502_image3_1.jpg,,,,,
2928886,38,"ATELIER CREATIONDEBIJOUX JIGUM","서울특별시 종로구 북촌로 21-8 (재동)",37.5787965762014,126.984736072332,11,110,SH,SH04,SH040300,13:00~20:00,"명절, 정기휴무일","{""rules"": [{""months"": null, ""weekdays"": null, ""source_text"": ""13:00~20:00"", ""time_ranges"": [{""end"": ""20:00"", ""start"": ""13:00"", ""crosses_midnight"": false}], ""last_admission"": null}], ""warnings"": [""휴무 문구의 일부 예외를 구조화하지 못했습니다.""], ""availability"": ""scheduled"", ""closure_rules"": [], ""assumption_reason"": null}",partial,operating-hours-1.2.0,"2026-03-27 00:21:50+00","2026-08-09 02:40:01.200497+00","2026-08-08 05:25:57.108297+00","2026-08-09 02:40:01.200497+00",success,,t,,,ff209a47-72a7-46d0-b190-0a427a9afb0a,"2026-07-23 17:11:41.44801+00","2026-08-09 02:40:01.918828+00",가능,,,,https://tong.visitkorea.or.kr/cms/resource/98/4044498_image2_1.jpg,https://tong.visitkorea.or.kr/cms/resource/98/4044498_image3_1.jpg,,,,,
2929187,38,"올리브영 독립문점","서울특별시 종로구 송월길 99 (홍파동, 경희궁자이 2단지)",37.5708610950823,126.962352257162,11,110,SH,SH04,SH040300,10:00-22:30,,"{""rules"": [{""months"": null, ""weekdays"": null, ""source_text"": ""10:00-22:30"", ""time_ranges"": [{""end"": ""22:30"", ""start"": ""10:00"", ""crosses_midnight"": false}], ""last_admission"": null}], ""warnings"": [], ""availability"": ""scheduled"", ""closure_rules"": [], ""assumption_reason"": null}",parsed,operating-hours-1.2.0,"2026-03-17 01:12:59+00","2026-08-09 02:40:01.200497+00","2026-08-08 05:25:57.108297+00","2026-08-09 02:40:01.200497+00",success,,t,,,ff209a47-72a7-46d0-b190-0a427a9afb0a,"2026-07-23 17:11:41.225101+00","2026-08-09 02:40:01.918828+00",불가능,,,,https://tong.visitkorea.or.kr/cms/resource/97/4028797_image2_1.png,https://tong.visitkorea.or.kr/cms/resource/97/4028797_image3_1.png,,,,,
2930277,38,"올리브영 종로YBM점","서울특별시 종로구 종로 104 (종로2가)",37.5699634381006,126.989111515848,11,110,SH,SH04,SH040300,08:00-22:30,,"{""rules"": [{""months"": null, ""weekdays"": null, ""source_text"": ""08:00-22:30"", ""time_ranges"": [{""end"": ""22:30"", ""start"": ""08:00"", ""crosses_midnight"": false}], ""last_admission"": null}], ""warnings"": [], ""availability"": ""scheduled"", ""closure_rules"": [], ""assumption_reason"": null}",parsed,operating-hours-1.2.0,"2026-03-17 01:12:59+00","2026-08-09 02:40:01.200497+00","2026-08-08 05:25:57.108297+00","2026-08-09 02:40:01.200497+00",success,,t,,,ff209a47-72a7-46d0-b190-0a427a9afb0a,"2026-07-23 17:11:41.225101+00","2026-08-09 02:40:01.918828+00",불가능,,,,https://tong.visitkorea.or.kr/cms/resource/00/4028800_image2_1.png,https://tong.visitkorea.or.kr/cms/resource/00/4028800_image3_1.png,,,,,
2930567,38,"올리브영 세종로점","서울특별시 종로구 세종대로 161 (세종로)",37.5706817202422,126.976266788802,11,110,SH,SH04,SH040300,08:00-22:30,,"{""rules"": [{""months"": null, ""weekdays"": null, ""source_text"": ""08:00-22:30"", ""time_ranges"": [{""end"": ""22:30"", ""start"": ""08:00"", ""crosses_midnight"": false}], ""last_admission"": null}], ""warnings"": [], ""availability"": ""scheduled"", ""closure_rules"": [], ""assumption_reason"": null}",parsed,operating-hours-1.2.0,"2026-03-17 01:12:59+00","2026-08-09 02:40:01.200497+00","2026-08-08 05:25:57.108297+00","2026-08-09 02:40:01.200497+00",success,,t,,,ff209a47-72a7-46d0-b190-0a427a9afb0a,"2026-07-23 17:11:41.225101+00","2026-08-09 02:40:01.918828+00",불가능,,,,https://tong.visitkorea.or.kr/cms/resource/96/4028796_image2_1.jpg,https://tong.visitkorea.or.kr/cms/resource/96/4028796_image3_1.jpg,,,,,
2931599,38,수정공방,"서울특별시 종로구 인사동길 17 (인사동)",37.5722996312671,126.986518016376,11,110,SH,SH04,SH040300,11:00~23:00,,"{""rules"": [{""months"": null, ""weekdays"": null, ""source_text"": ""11:00~23:00"", ""time_ranges"": [{""end"": ""23:00"", ""start"": ""11:00"", ""crosses_midnight"": false}], ""last_admission"": null}], ""warnings"": [], ""availability"": ""scheduled"", ""closure_rules"": [], ""assumption_reason"": null}",parsed,operating-hours-1.2.0,"2026-03-27 00:21:50+00","2026-08-09 02:40:01.200497+00","2026-08-08 05:25:57.108297+00","2026-08-09 02:40:01.200497+00",success,,t,,,ff209a47-72a7-46d0-b190-0a427a9afb0a,"2026-07-23 17:11:41.150397+00","2026-08-09 02:40:01.918828+00",불가능,,,,https://tong.visitkorea.or.kr/cms/resource/41/4045241_image2_1.jpg,https://tong.visitkorea.or.kr/cms/resource/41/4045241_image3_1.jpg,,,,,
2931601,38,"팔러 베스티스","서울특별시 종로구 자하문로10길 24 (통의동) 1층",37.5792799858096,126.972846720343,11,110,SH,SH04,SH040300,10:00-20:00,명절,"{""rules"": [{""months"": null, ""weekdays"": null, ""source_text"": ""10:00-20:00"", ""time_ranges"": [{""end"": ""20:00"", ""start"": ""10:00"", ""crosses_midnight"": false}], ""last_admission"": null}], ""warnings"": [""휴무 문구의 일부 예외를 구조화하지 못했습니다.""], ""availability"": ""scheduled"", ""closure_rules"": [], ""assumption_reason"": null}",partial,operating-hours-1.2.0,"2026-04-06 15:28:04+00","2026-08-09 02:40:01.200497+00","2026-08-08 05:25:57.108297+00","2026-08-09 02:40:01.200497+00",success,,t,,,ff209a47-72a7-46d0-b190-0a427a9afb0a,"2026-07-23 17:11:41.371579+00","2026-08-09 02:40:01.918828+00",가능,,,,https://tong.visitkorea.or.kr/cms/resource/38/4020538_image2_1.jpeg,https://tong.visitkorea.or.kr/cms/resource/38/4020538_image3_1.jpeg,,,,,
2931776,39,혜화도담,"서울특별시 종로구 대명1길 16-6 (명륜4가)",37.5830258357993,127.000436557404,11,110,FD,FD01,FD010100,"- 11:00~22:00- 준비시간 15:00~17:00- 점심 마지막 주문 14:00 / 저녁 마지막 주문 21:00",연중무휴,"{""rules"": [{""months"": null, ""weekdays"": null, ""source_text"": ""- 11:00~22:00- 준비시간 15:00~17:00- 점심 마지막 주문 14:00 / 저녁 마지막 주문 21:00"", ""time_ranges"": [{""end"": ""22:00"", ""start"": ""11:00"", ""crosses_midnight"": false}, {""end"": ""17:00"", ""start"": ""15:00"", ""crosses_midnight"": false}], ""last_admission"": null}], ""warnings"": [], ""availability"": ""scheduled"", ""closure_rules"": [], ""assumption_reason"": null}",parsed,operating-hours-1.2.0,"2026-04-10 02:40:30+00","2026-08-09 02:40:01.200497+00","2026-08-08 05:25:57.108297+00","2026-08-09 02:40:01.200497+00",success,,t,,,ff209a47-72a7-46d0-b190-0a427a9afb0a,"2026-07-23 17:11:41.44801+00","2026-08-09 02:40:01.918828+00",불가능,,,,https://tong.visitkorea.or.kr/cms/resource/31/4002831_image2_1.JPG,https://tong.visitkorea.or.kr/cms/resource/31/4002831_image3_1.JPG,,,,,
2932888,39,전주콩나물해장국,"서울특별시 종로구 자하문로 3 (내자동)",37.5764830744797,126.972264842484,11,110,FD,FD01,FD010100,06:00~20:30,"매달 둘째, 넷째 일요일","{""rules"": [{""months"": null, ""weekdays"": null, ""source_text"": ""06:00~20:30"", ""time_ranges"": [{""end"": ""20:30"", ""start"": ""06:00"", ""crosses_midnight"": false}], ""last_admission"": null}], ""warnings"": [""휴무 문구의 일부 예외를 구조화하지 못했습니다.""], ""availability"": ""scheduled"", ""closure_rules"": [], ""assumption_reason"": null}",partial,operating-hours-1.2.0,"2026-04-06 07:22:08+00","2026-08-09 02:40:01.200497+00","2026-08-08 05:25:57.108297+00","2026-08-09 02:40:01.200497+00",success,,t,,,ff209a47-72a7-46d0-b190-0a427a9afb0a,"2026-07-23 17:11:41.296349+00","2026-08-09 02:40:01.918828+00",불가능,,,,,,,,,,
2938591,39,한일옥,"서울특별시 종로구 수표로 94 한일타워",37.5695356493,126.9896841579,11,110,FD,FD01,FD010100,"[평일]- 11:00~22:00- 준비시간 15:00~17:00[토요일]- 11:00~21:30- 준비시간 15:00~16:30","매주 일요일","{""rules"": [{""months"": null, ""weekdays"": [0, 1, 2, 3, 4], ""source_text"": ""]- 11:00~22:00- 준비시간 15:00~17:00["", ""time_ranges"": [{""end"": ""22:00"", ""start"": ""11:00"", ""crosses_midnight"": false}, {""end"": ""17:00"", ""start"": ""15:00"", ""crosses_midnight"": false}], ""last_admission"": null}, {""months"": null, ""weekdays"": [5], ""source_text"": ""]- 11:00~21:30- 준비시간 15:00~16:30"", ""time_ranges"": [{""end"": ""21:30"", ""start"": ""11:00"", ""crosses_midnight"": false}, {""end"": ""16:30"", ""start"": ""15:00"", ""crosses_midnight"": false}], ""last_admission"": null}], ""warnings"": [], ""availability"": ""scheduled"", ""closure_rules"": [{""weekdays"": [6], ""source_text"": ""매주 일요일""}], ""assumption_reason"": null}",parsed,operating-hours-1.2.0,"2026-06-04 23:42:51+00","2026-08-09 02:40:01.200497+00","2026-08-08 05:25:57.108297+00","2026-08-09 02:40:01.200497+00",success,,t,,,ff209a47-72a7-46d0-b190-0a427a9afb0a,"2026-07-23 17:11:41.44801+00","2026-08-09 02:40:01.918828+00",가능,,,,,,,,,,
2939571,39,국시랑만두,"서울특별시 종로구 자하문로 276 부원빌딩",37.5982066588,126.9623832258,11,110,FD,FD01,FD010100,"11:30~21:30 (준비시간 16:00~17:00)","매주 월요일","{""rules"": [{""months"": null, ""weekdays"": null, ""source_text"": ""11:30~21:30 (준비시간 16:00~17:00)"", ""time_ranges"": [{""end"": ""21:30"", ""start"": ""11:30"", ""crosses_midnight"": false}, {""end"": ""17:00"", ""start"": ""16:00"", ""crosses_midnight"": false}], ""last_admission"": null}], ""warnings"": [], ""availability"": ""scheduled"", ""closure_rules"": [{""weekdays"": [0], ""source_text"": ""매주 월요일""}], ""assumption_reason"": null}",parsed,operating-hours-1.2.0,"2026-06-30 02:05:51+00","2026-08-09 02:40:01.200497+00","2026-08-08 05:25:57.108297+00","2026-08-09 02:40:01.200497+00",success,,t,,,ff209a47-72a7-46d0-b190-0a427a9afb0a,"2026-07-23 17:11:40.721834+00","2026-08-09 02:40:01.918828+00",,,,,,,,,,,
2940719,32,"예린당 바이 버틀러리","서울특별시 종로구 자하문로5가길 17-8",37.5782832921,126.9704353125,11,110,AC,AC03,AC030200,15:00,,"{""rules"": [], ""warnings"": [""운영시간을 구조화하지 못했습니다.""], ""availability"": ""unknown"", ""closure_rules"": [], ""assumption_reason"": null}",partial,operating-hours-1.2.0,"2025-05-14 02:24:01+00","2026-08-09 02:40:01.200497+00","2026-08-08 05:25:57.108297+00","2026-08-09 02:40:01.200497+00",success,,t,,,ff209a47-72a7-46d0-b190-0a427a9afb0a,"2026-07-23 17:11:41.150397+00","2026-08-09 02:40:01.918828+00",불가능,,,,http://tong.visitkorea.or.kr/cms/resource/14/2940714_image2_1.jpg,http://tong.visitkorea.or.kr/cms/resource/14/2940714_image3_1.jpg,,,,,
2941249,39,푸드떼,"서울특별시 종로구 율곡로1길 40-37",37.5780390722,126.9813815438,11,110,FD,FD05,FD050200,"13:00~19:00 (마지막 주문 18:30)","매주 월요일~화요일","{""rules"": [{""months"": null, ""weekdays"": null, ""source_text"": ""13:00~19:00 (마지막 주문 18:30)"", ""time_ranges"": [{""end"": ""19:00"", ""start"": ""13:00"", ""crosses_midnight"": false}], ""last_admission"": null}], ""warnings"": [], ""availability"": ""scheduled"", ""closure_rules"": [{""weekdays"": [0, 1], ""source_text"": ""매주 월요일~화요일""}], ""assumption_reason"": null}",parsed,operating-hours-1.2.0,"2025-10-29 01:50:30+00","2026-08-09 02:40:01.200497+00","2026-08-08 05:25:57.108297+00","2026-08-09 02:40:01.200497+00",success,,t,,,ff209a47-72a7-46d0-b190-0a427a9afb0a,"2026-07-23 17:11:41.371579+00","2026-08-09 02:40:01.918828+00",,,,,,,,,,,
2941379,39,"두레 국립현대미술관서울점","서울특별시 종로구 삼청로 30",37.5785399296163,126.979887634484,11,110,FD,FD01,FD010100,"- 11:30~21:50- 준비시간 15:00~17:00- 마지막 주문 20:50",연중무휴,"{""rules"": [{""months"": null, ""weekdays"": null, ""source_text"": ""- 11:30~21:50- 준비시간 15:00~17:00- 마지막 주문 20:50"", ""time_ranges"": [{""end"": ""21:50"", ""start"": ""11:30"", ""crosses_midnight"": false}, {""end"": ""17:00"", ""start"": ""15:00"", ""crosses_midnight"": false}], ""last_admission"": null}], ""warnings"": [], ""availability"": ""scheduled"", ""closure_rules"": [], ""assumption_reason"": null}",parsed,operating-hours-1.2.0,"2026-04-10 02:24:40+00","2026-08-09 02:40:01.200497+00","2026-08-08 05:25:57.108297+00","2026-08-09 02:40:01.200497+00",success,,t,,,ff209a47-72a7-46d0-b190-0a427a9afb0a,"2026-07-23 17:11:40.808988+00","2026-08-09 02:40:01.918828+00",가능,,,,,,,,,,
294439,12,"감로암(서울)","서울특별시 종로구 율곡로23길 16 (충신동)",37.5753285097466,127.00663769536,11,110,HS,HS03,HS030100,"※ 자세한 사항은 전화문의 요망",연중무휴,"{""rules"": [], ""warnings"": [""운영시간을 구조화하지 못했습니다.""], ""availability"": ""unknown"", ""closure_rules"": [], ""assumption_reason"": null}",partial,operating-hours-1.2.0,"2026-03-05 00:58:51+00","2026-08-09 02:40:01.200497+00","2026-08-08 05:25:57.108297+00","2026-08-09 02:40:01.200497+00",success,,t,,,ff209a47-72a7-46d0-b190-0a427a9afb0a,"2026-07-23 17:11:40.721834+00","2026-08-09 02:40:01.918828+00",불가능,,,,https://tong.visitkorea.or.kr/cms/resource/22/3481922_image2_1.jpg,https://tong.visitkorea.or.kr/cms/resource/22/3481922_image3_1.jpg,,,,,
2944630,39,"통의동 국빈관","서울특별시 종로구 자하문로2길 17-4",37.5766289418694,126.973821614273,11,110,FD,FD01,FD010100,"- 11:30~22:00- 점심 마지막 주문 14:30- 준비시간 15:00~17:00- 저녁 마지막 주문 20:30","설·추석 당일","{""rules"": [{""months"": null, ""weekdays"": null, ""source_text"": ""- 11:30~22:00- 점심 마지막 주문 14:30- 준비시간 15:00~17:00- 저녁 마지막 주문 20:30"", ""time_ranges"": [{""end"": ""22:00"", ""start"": ""11:30"", ""crosses_midnight"": false}, {""end"": ""17:00"", ""start"": ""15:00"", ""crosses_midnight"": false}], ""last_admission"": null}], ""warnings"": [""휴무 문구의 일부 예외를 구조화하지 못했습니다.""], ""availability"": ""scheduled"", ""closure_rules"": [], ""assumption_reason"": null}",partial,operating-hours-1.2.0,"2026-03-18 01:10:05+00","2026-08-09 02:40:01.200497+00","2026-08-08 05:25:57.108297+00","2026-08-09 02:40:01.200497+00",success,,t,,,ff209a47-72a7-46d0-b190-0a427a9afb0a,"2026-07-23 17:11:41.371579+00","2026-08-09 02:40:01.918828+00",불가능,,,,https://tong.visitkorea.or.kr/cms/resource/33/4010033_image2_1.jpg,https://tong.visitkorea.or.kr/cms/resource/33/4010033_image3_1.jpg,,,,,
2946075,12,"북촌한옥마을 감고당길","서울특별시 종로구 송현동 34-2",37.5779529898,126.9824147854,11,110,VE,VE04,VE040100,10:00~17:00,"- 북촌한옥마을 골목길 : 매주 일요일","{""rules"": [{""months"": null, ""weekdays"": null, ""source_text"": ""10:00~17:00"", ""time_ranges"": [{""end"": ""17:00"", ""start"": ""10:00"", ""crosses_midnight"": false}], ""last_admission"": null}], ""warnings"": [], ""availability"": ""scheduled"", ""closure_rules"": [{""weekdays"": [6], ""source_text"": ""- 북촌한옥마을 골목길 : 매주 일요일""}], ""assumption_reason"": null}",parsed,operating-hours-1.2.0,"2025-11-18 00:22:01+00","2026-08-09 02:40:01.200497+00","2026-08-08 05:25:57.108297+00","2026-08-09 02:40:01.200497+00",success,,t,,,ff209a47-72a7-46d0-b190-0a427a9afb0a,"2026-07-23 17:11:40.882874+00","2026-08-09 02:40:01.918828+00",불가능,,,,http://tong.visitkorea.or.kr/cms/resource/06/2945806_image2_1.jpg,http://tong.visitkorea.or.kr/cms/resource/06/2945806_image3_1.jpg,,,,,
2946109,38,손놀림공방,"서울특별시 종로구 낙산성곽서1길 19-1 (이화동)",37.5779590034,127.0079541244,11,110,SH,SH05,SH050100,,,"{""rules"": [], ""warnings"": [], ""availability"": ""unknown"", ""closure_rules"": [], ""assumption_reason"": null}",unknown,operating-hours-1.2.0,"2025-10-30 05:40:37+00","2026-08-09 02:40:01.200497+00","2026-08-08 05:25:57.108297+00","2026-08-09 02:40:01.200497+00",empty,,t,,,ff209a47-72a7-46d0-b190-0a427a9afb0a,"2026-07-23 17:11:41.150397+00","2026-08-09 02:40:01.918828+00",,,,,http://tong.visitkorea.or.kr/cms/resource/81/2947481_image2_1.jpg,http://tong.visitkorea.or.kr/cms/resource/81/2947481_image3_1.jpg,,,,,
2946228,12,"익선동 한옥거리","서울시 종로구 익선동",37.5737675037,126.9901419773,11,110,VE,VE04,VE040100,,,"{""rules"": [], ""warnings"": [], ""availability"": ""unknown"", ""closure_rules"": [], ""assumption_reason"": null}",unknown,operating-hours-1.2.0,"2024-12-09 03:18:07+00","2026-08-09 02:40:01.200497+00","2026-08-08 05:25:57.108297+00","2026-08-09 02:40:01.200497+00",empty,,t,,,ff209a47-72a7-46d0-b190-0a427a9afb0a,"2026-07-23 17:11:41.225101+00","2026-08-09 02:40:01.918828+00",,,,,http://tong.visitkorea.or.kr/cms/resource/22/2947522_image2_1.jpg,http://tong.visitkorea.or.kr/cms/resource/22/2947522_image3_1.jpg,,,,,
2946235,38,단하,"서울특별시 종로구 팔판길 39-7 (팔판동)",37.5837550672,126.9809508653,11,110,SH,SH05,SH050200,"11:00~19:00 (점심시간 13:00~14:00)","매주 월요일","{""rules"": [{""months"": null, ""weekdays"": null, ""source_text"": ""11:00~19:00 (점심시간 13:00~14:00)"", ""time_ranges"": [{""end"": ""19:00"", ""start"": ""11:00"", ""crosses_midnight"": false}, {""end"": ""14:00"", ""start"": ""13:00"", ""crosses_midnight"": false}], ""last_admission"": null}], ""warnings"": [], ""availability"": ""scheduled"", ""closure_rules"": [{""weekdays"": [0], ""source_text"": ""매주 월요일""}], ""assumption_reason"": null}",parsed,operating-hours-1.2.0,"2025-11-17 10:55:16+00","2026-08-09 02:40:01.200497+00","2026-08-08 05:25:57.108297+00","2026-08-09 02:40:01.200497+00",success,,t,,,ff209a47-72a7-46d0-b190-0a427a9afb0a,"2026-07-23 17:11:40.808988+00","2026-08-09 02:40:01.918828+00",가능,,,,http://tong.visitkorea.or.kr/cms/resource/68/2947568_image2_1.jpg,http://tong.visitkorea.or.kr/cms/resource/68/2947568_image3_1.jpg,,,,,
2946404,38,토인,"서울특별시 종로구 인사동길 48 (관훈동)",37.5744589884,126.9844702526,11,110,SH,SH05,SH050200,10:00~20:00,연중무휴,"{""rules"": [{""months"": null, ""weekdays"": null, ""source_text"": ""10:00~20:00"", ""time_ranges"": [{""end"": ""20:00"", ""start"": ""10:00"", ""crosses_midnight"": false}], ""last_admission"": null}], ""warnings"": [], ""availability"": ""scheduled"", ""closure_rules"": [], ""assumption_reason"": null}",parsed,operating-hours-1.2.0,"2025-11-05 05:22:52+00","2026-08-09 02:40:01.200497+00","2026-08-08 05:25:57.108297+00","2026-08-09 02:40:01.200497+00",success,,t,,,ff209a47-72a7-46d0-b190-0a427a9afb0a,"2026-07-23 17:11:41.371579+00","2026-08-09 02:40:01.918828+00",불가능,,,,http://tong.visitkorea.or.kr/cms/resource/86/2947786_image2_1.jpg,http://tong.visitkorea.or.kr/cms/resource/86/2947786_image3_1.jpg,,,,,
2946517,12,창신동골목길,"서울특별시 종로구 창신동 23-268",37.5771453074,127.0134286483,11,110,VE,VE04,VE040100,"상시 개방",연중무휴,"{""rules"": [], ""warnings"": [], ""availability"": ""all_day"", ""closure_rules"": [], ""assumption_reason"": ""always_open_text""}",parsed,operating-hours-1.2.0,"2025-11-05 06:44:36+00","2026-08-09 02:40:01.200497+00","2026-08-08 05:25:57.108297+00","2026-08-09 02:40:01.200497+00",success,,t,,,ff209a47-72a7-46d0-b190-0a427a9afb0a,"2026-07-23 17:11:41.296349+00","2026-08-09 02:40:01.918828+00",,,,,http://tong.visitkorea.or.kr/cms/resource/32/2947132_image2_1.jpg,http://tong.visitkorea.or.kr/cms/resource/32/2947132_image3_1.jpg,,,,,
2946632,14,대오서점,"서울특별시 종로구 자하문로7길 55 (누하동)",37.5797346201,126.9693253,11,110,VE,VE12,VE120100,12:00~21:00,연중무휴,"{""rules"": [{""months"": null, ""weekdays"": null, ""source_text"": ""12:00~21:00"", ""time_ranges"": [{""end"": ""21:00"", ""start"": ""12:00"", ""crosses_midnight"": false}], ""last_admission"": null}], ""warnings"": [], ""availability"": ""scheduled"", ""closure_rules"": [], ""assumption_reason"": null}",parsed,operating-hours-1.2.0,"2026-07-31 06:10:12+00","2026-08-09 02:40:01.200497+00","2026-08-08 05:25:57.108297+00","2026-08-09 02:40:01.200497+00",success,,t,,,ff209a47-72a7-46d0-b190-0a427a9afb0a,"2026-07-23 17:11:40.808988+00","2026-08-09 02:40:01.918828+00",,,,,https://tong.visitkorea.or.kr/cms/resource/27/3300727_image2_1.jpg,https://tong.visitkorea.or.kr/cms/resource/27/3300727_image3_1.jpg,,,,,
2947970,39,"뮤직컴플렉스 서울","서울특별시 종로구 인사동길 49",37.574520076,126.9835675554,11,110,FD,FD05,FD050100,12:00~23:50,연중무휴,"{""rules"": [{""months"": null, ""weekdays"": null, ""source_text"": ""12:00~23:50"", ""time_ranges"": [{""end"": ""23:50"", ""start"": ""12:00"", ""crosses_midnight"": false}], ""last_admission"": null}], ""warnings"": [], ""availability"": ""scheduled"", ""closure_rules"": [], ""assumption_reason"": null}",parsed,operating-hours-1.2.0,"2025-07-31 08:30:39+00","2026-08-09 02:40:01.200497+00","2026-08-08 05:25:57.108297+00","2026-08-09 02:40:01.200497+00",success,,t,,,ff209a47-72a7-46d0-b190-0a427a9afb0a,"2026-07-23 17:11:40.882874+00","2026-08-09 02:40:01.918828+00",가능,,,,http://tong.visitkorea.or.kr/cms/resource/58/2947958_image2_1.jpg,http://tong.visitkorea.or.kr/cms/resource/58/2947958_image3_1.jpg,,,,,
2950521,39,정선곤드레쌈밥,"서울특별시 종로구 인사동12길 11",37.5746043908191,126.984995581776,11,110,FD,FD01,FD010100,"- 11:00~20:20- 준비시간 14:30~17:00- 마지막 주문 19:15","매주 일요일","{""rules"": [{""months"": null, ""weekdays"": null, ""source_text"": ""- 11:00~20:20- 준비시간 14:30~17:00- 마지막 주문 19:15"", ""time_ranges"": [{""end"": ""20:20"", ""start"": ""11:00"", ""crosses_midnight"": false}, {""end"": ""17:00"", ""start"": ""14:30"", ""crosses_midnight"": false}], ""last_admission"": null}], ""warnings"": [], ""availability"": ""scheduled"", ""closure_rules"": [{""weekdays"": [6], ""source_text"": ""매주 일요일""}], ""assumption_reason"": null}",parsed,operating-hours-1.2.0,"2026-03-18 01:10:05+00","2026-08-09 02:40:01.200497+00","2026-08-08 05:25:57.108297+00","2026-08-09 02:40:01.200497+00",success,,t,,,ff209a47-72a7-46d0-b190-0a427a9afb0a,"2026-07-23 17:11:41.296349+00","2026-08-09 02:40:01.918828+00",불가능,,,,,,,,,,
2969267,12,호전다실,"서울특별시 종로구 자하문로11길 16-2",37.5797976773,126.9704440888,11,110,EX,EX07,EX070200,10:00~21:00,"매주 일요일","{""rules"": [{""months"": null, ""weekdays"": null, ""source_text"": ""10:00~21:00"", ""time_ranges"": [{""end"": ""21:00"", ""start"": ""10:00"", ""crosses_midnight"": false}], ""last_admission"": null}], ""warnings"": [], ""availability"": ""scheduled"", ""closure_rules"": [{""weekdays"": [6], ""source_text"": ""매주 일요일""}], ""assumption_reason"": null}",parsed,operating-hours-1.2.0,"2026-08-07 06:22:35+00","2026-08-09 02:40:01.200497+00","2026-08-08 05:25:57.108297+00","2026-08-09 02:40:01.200497+00",success,,t,,,ff209a47-72a7-46d0-b190-0a427a9afb0a,"2026-07-23 17:11:41.44801+00","2026-08-09 02:40:01.918828+00",,,,,https://tong.visitkorea.or.kr/cms/resource/47/2969247_image2_1.jpg,https://tong.visitkorea.or.kr/cms/resource/47/2969247_image3_1.jpg,,,,,
2979653,38,납청놋전,"서울특별시 종로구 인사동10길 5 (관훈동)",37.5741233627861,126.985309593621,11,110,SH,SH04,SH040300,,,"{""rules"": [], ""warnings"": [], ""availability"": ""unknown"", ""closure_rules"": [], ""assumption_reason"": null}",unknown,operating-hours-1.2.0,"2026-03-30 06:00:39+00","2026-08-09 02:40:01.200497+00","2026-08-08 05:25:57.108297+00","2026-08-09 02:40:01.200497+00",empty,,t,,,ff209a47-72a7-46d0-b190-0a427a9afb0a,"2026-07-23 17:11:40.808988+00","2026-08-09 02:40:01.918828+00",,,,,,,,,,,
298109,12,"금선사(서울)","서울특별시 종로구 비봉길 137",37.6207780461,126.9534467684,11,110,HS,HS03,HS030100,"상시 개방<br>
※ 자세한 사항은 전화문의 요망",연중무휴,"{""rules"": [], ""warnings"": [], ""availability"": ""all_day"", ""closure_rules"": [], ""assumption_reason"": ""always_open_text""}",parsed,operating-hours-1.2.0,"2025-09-24 08:51:48+00","2026-08-09 02:40:01.200497+00","2026-08-08 05:25:57.108297+00","2026-08-09 02:40:01.200497+00",success,,t,,,ff209a47-72a7-46d0-b190-0a427a9afb0a,"2026-07-23 17:11:40.721834+00","2026-08-09 02:40:01.918828+00",가능,,,,http://tong.visitkorea.or.kr/cms/resource/31/3542831_image2_1.jpg,http://tong.visitkorea.or.kr/cms/resource/31/3542831_image3_1.jpg,,,,,
2987927,39,에베레스트커리월드,"서울특별시 종로구 종로 305",37.5721168142,127.011566196,11,110,FD,FD02,FD020400,"- 월요일~금요일 11:00~22:30 (마지막 주문 22:10)- 토요일~일요일 10:30~22:30 (마지막 주문 22:10)","매달 첫째·셋째 수요일","{""rules"": [{""months"": null, ""weekdays"": [0, 1, 2, 3, 4], ""source_text"": "" 11:00~22:30 (마지막 주문 22:10)- "", ""time_ranges"": [{""end"": ""22:30"", ""start"": ""11:00"", ""crosses_midnight"": false}], ""last_admission"": null}, {""months"": null, ""weekdays"": [5, 6], ""source_text"": "" 10:30~22:30 (마지막 주문 22:10)"", ""time_ranges"": [{""end"": ""22:30"", ""start"": ""10:30"", ""crosses_midnight"": false}], ""last_admission"": null}], ""warnings"": [""휴무 문구의 일부 예외를 구조화하지 못했습니다.""], ""availability"": ""scheduled"", ""closure_rules"": [], ""assumption_reason"": null}",partial,operating-hours-1.2.0,"2026-07-30 07:38:29+00","2026-08-09 02:40:01.200497+00","2026-08-08 05:25:57.108297+00","2026-08-09 02:40:01.200497+00",success,,t,,,ff209a47-72a7-46d0-b190-0a427a9afb0a,"2026-07-23 17:11:41.150397+00","2026-08-09 02:40:01.918828+00",가능,,,,https://tong.visitkorea.or.kr/cms/resource/26/2987926_image2_1.jpg,https://tong.visitkorea.or.kr/cms/resource/26/2987926_image3_1.jpg,,,,,
2988399,39,널담은공간,"서울특별시 종로구 삼청로 24",37.5780497652,126.979833397,11,110,FD,FD05,FD050100,"10:00~21:30 (마지막 주문 21:00)※ 설·추석 연휴에는 단축 영업함으로 전화 문의 후 방문 요망",연중무휴,"{""rules"": [{""months"": null, ""weekdays"": null, ""source_text"": ""10:00~21:30 (마지막 주문 21:00)※ 설·추석 연휴에는 단축 영업함으로 전화 문의 후 방문 요망"", ""time_ranges"": [{""end"": ""21:30"", ""start"": ""10:00"", ""crosses_midnight"": false}], ""last_admission"": null}], ""warnings"": [], ""availability"": ""scheduled"", ""closure_rules"": [], ""assumption_reason"": null}",parsed,operating-hours-1.2.0,"2026-07-30 07:26:38+00","2026-08-09 02:40:01.200497+00","2026-08-08 05:25:57.108297+00","2026-08-09 02:40:01.200497+00",success,,t,,,ff209a47-72a7-46d0-b190-0a427a9afb0a,"2026-07-23 17:11:40.808988+00","2026-08-09 02:40:01.918828+00",불가능,,,,https://tong.visitkorea.or.kr/cms/resource/95/2991895_image2_1.jpeg,https://tong.visitkorea.or.kr/cms/resource/95/2991895_image3_1.jpeg,,,,,
2992822,12,"세종마을 음식문화거리","서울특별시 종로구 자하문로1길 24 (체부동)",37.576569614,126.9710825243,11,110,VE,VE04,VE040100,"점포별 상이","점포별 상이","{""rules"": [], ""warnings"": [""운영시간을 구조화하지 못했습니다.""], ""availability"": ""unknown"", ""closure_rules"": [], ""assumption_reason"": null}",partial,operating-hours-1.2.0,"2025-09-10 10:05:27+00","2026-08-09 02:40:01.200497+00","2026-08-08 05:25:57.108297+00","2026-08-09 02:40:01.200497+00",success,,t,,,ff209a47-72a7-46d0-b190-0a427a9afb0a,"2026-07-23 17:11:40.955853+00","2026-08-09 02:40:01.918828+00",불가능,,,,http://tong.visitkorea.or.kr/cms/resource/62/3535062_image2_1.jpg,http://tong.visitkorea.or.kr/cms/resource/62/3535062_image3_1.jpg,,,,,
2992823,12,"K-컬처 스크린(대한민국역사박물관)","서울특별시 종로구 세종대로 198 (세종로)",37.5741339024,126.977573668,11,110,EX,EX07,EX070200,06:00~22:00,연중무휴,"{""rules"": [{""months"": null, ""weekdays"": null, ""source_text"": ""06:00~22:00"", ""time_ranges"": [{""end"": ""22:00"", ""start"": ""06:00"", ""crosses_midnight"": false}], ""last_admission"": null}], ""warnings"": [], ""availability"": ""scheduled"", ""closure_rules"": [], ""assumption_reason"": null}",parsed,operating-hours-1.2.0,"2025-01-07 06:21:14+00","2026-08-09 02:40:01.200497+00","2026-08-08 05:25:57.108297+00","2026-08-09 02:40:01.200497+00",success,,t,,,ff209a47-72a7-46d0-b190-0a427a9afb0a,"2026-07-23 17:11:41.44801+00","2026-08-09 02:40:01.918828+00",가능,,,,http://tong.visitkorea.or.kr/cms/resource/06/2987806_image2_1.jpg,http://tong.visitkorea.or.kr/cms/resource/06/2987806_image3_1.jpg,,,,,
2992824,12,"락고재 컬쳐 라운지 애가헌","서울특별시 종로구 북촌로11가길 16 (가회동)",37.5822430046,126.9839443129,11,110,EX,EX01,EX010100,"수요일~일요일 10:00~17:00 ※ 자세한 사항은 공식 인스타그램 참조※ 사전 예약 필수","매주 월요일~화요일","{""rules"": [{""months"": null, ""weekdays"": [2, 3, 4, 5, 6], ""source_text"": "" 10:00~17:00 ※ 자세한 사항은 공식 인스타그램 참조※ 사전 예약 필수"", ""time_ranges"": [{""end"": ""17:00"", ""start"": ""10:00"", ""crosses_midnight"": false}], ""last_admission"": null}], ""warnings"": [], ""availability"": ""scheduled"", ""closure_rules"": [{""weekdays"": [0, 1], ""source_text"": ""매주 월요일~화요일""}], ""assumption_reason"": null}",parsed,operating-hours-1.2.0,"2026-08-06 07:34:51+00","2026-08-09 02:40:01.200497+00","2026-08-08 05:25:57.108297+00","2026-08-09 02:40:01.200497+00",success,,t,,,ff209a47-72a7-46d0-b190-0a427a9afb0a,"2026-07-23 17:11:40.882874+00","2026-08-09 02:40:01.918828+00",불가능,,,,https://tong.visitkorea.or.kr/cms/resource/48/3572448_image2_1.jpg,https://tong.visitkorea.or.kr/cms/resource/48/3572448_image3_1.jpg,,,,,
2992891,12,사직단,"서울특별시 종로구 사직로 89",37.5759365117,126.9672637899,11,110,HS,HS01,HS010700,"상시 개방",연중무휴,"{""rules"": [], ""warnings"": [], ""availability"": ""all_day"", ""closure_rules"": [], ""assumption_reason"": ""always_open_text""}",parsed,operating-hours-1.2.0,"2026-07-21 05:49:52+00","2026-08-09 02:40:01.200497+00","2026-08-08 05:25:57.108297+00","2026-08-09 02:40:01.200497+00",success,,t,,,ff209a47-72a7-46d0-b190-0a427a9afb0a,"2026-07-23 17:11:40.955853+00","2026-08-09 02:40:01.918828+00",불가능,,,,https://tong.visitkorea.or.kr/cms/resource/40/4090240_image2_1.jpg,https://tong.visitkorea.or.kr/cms/resource/40/4090240_image3_1.jpg,,,,,
2993160,12,백악마루,"서울특별시 종로구 부암동 30 백악마루",37.5938949836,126.9694968905,11,110,NA,NA01,NA010100,상시개방,연중무휴,"{""rules"": [], ""warnings"": [], ""availability"": ""all_day"", ""closure_rules"": [], ""assumption_reason"": ""always_open_text""}",parsed,operating-hours-1.2.0,"2026-08-05 08:04:44+00","2026-08-09 02:40:01.200497+00","2026-08-08 05:25:57.108297+00","2026-08-09 02:40:01.200497+00",success,,t,,,ff209a47-72a7-46d0-b190-0a427a9afb0a,"2026-07-23 17:11:40.882874+00","2026-08-09 02:40:01.918828+00",불가능,,,,https://tong.visitkorea.or.kr/cms/resource/75/3589475_image2_1.jpg,https://tong.visitkorea.or.kr/cms/resource/75/3589475_image3_1.jpg,,,,,
2993183,12,북촌전통공예체험관,"서울특별시 종로구 북촌로12길 24-5 (가회동)",37.5824192345,126.9861116997,11,110,EX,EX02,EX020400,"- 3월~10월 10:00~18:00- 11월~2월 10:00~17:00","연중무휴(단, 설날/추석 당일 휴무)","{""rules"": [{""months"": [3, 4, 5, 6, 7, 8, 9, 10], ""weekdays"": null, ""source_text"": ""- 3월~10월 10:00~18:00- 11월~2월 10:00~17:00"", ""time_ranges"": [{""end"": ""18:00"", ""start"": ""10:00"", ""crosses_midnight"": false}, {""end"": ""17:00"", ""start"": ""10:00"", ""crosses_midnight"": false}], ""last_admission"": null}], ""warnings"": [], ""availability"": ""scheduled"", ""closure_rules"": [], ""assumption_reason"": null}",parsed,operating-hours-1.2.0,"2026-08-07 02:56:38+00","2026-08-09 02:40:01.200497+00","2026-08-08 05:25:57.108297+00","2026-08-09 02:40:01.200497+00",success,,t,,,ff209a47-72a7-46d0-b190-0a427a9afb0a,"2026-07-23 17:11:40.882874+00","2026-08-09 02:40:01.918828+00",불가능,,,,https://tong.visitkorea.or.kr/cms/resource/05/4096405_image2_1.jpg,https://tong.visitkorea.or.kr/cms/resource/05/4096405_image3_1.jpg,,,,,
2993194,12,"위라이드 서울전차","서울특별시 종로구 종로 19 (종로1가)",37.5708982096,126.9799374337,11,110,EX,EX07,EX070200,"- 평일 08:30~17:00<br>
- 주말 08:30~16:30<br>
※ 자세한 사항은 유선 문의",,"{""rules"": [{""months"": null, ""weekdays"": [0, 1, 2, 3, 4], ""source_text"": "" 08:30~17:00"", ""time_ranges"": [{""end"": ""17:00"", ""start"": ""08:30"", ""crosses_midnight"": false}], ""last_admission"": null}, {""months"": null, ""weekdays"": [5, 6], ""source_text"": "" 08:30~16:30"", ""time_ranges"": [{""end"": ""16:30"", ""start"": ""08:30"", ""crosses_midnight"": false}], ""last_admission"": null}], ""warnings"": [], ""availability"": ""scheduled"", ""closure_rules"": [], ""assumption_reason"": null}",parsed,operating-hours-1.2.0,"2025-12-11 08:36:11+00","2026-08-09 02:40:01.200497+00","2026-08-08 05:25:57.108297+00","2026-08-09 02:40:01.200497+00",success,,t,,,ff209a47-72a7-46d0-b190-0a427a9afb0a,"2026-07-23 17:11:41.225101+00","2026-08-09 02:40:01.918828+00",,,,,http://tong.visitkorea.or.kr/cms/resource/11/2987811_image2_1.jpg,http://tong.visitkorea.or.kr/cms/resource/11/2987811_image3_1.jpg,,,,,
2993324,14,아트스페이스3,"서울특별시 종로구 효자로7길 23 (통의동)",37.5784601002,126.9733168387,11,110,VE,VE07,VE070600,10:30~18:00,"매주 일요일~월요일","{""rules"": [{""months"": null, ""weekdays"": null, ""source_text"": ""10:30~18:00"", ""time_ranges"": [{""end"": ""18:00"", ""start"": ""10:30"", ""crosses_midnight"": false}], ""last_admission"": null}], ""warnings"": [], ""availability"": ""scheduled"", ""closure_rules"": [{""weekdays"": [0, 6], ""source_text"": ""매주 일요일~월요일""}], ""assumption_reason"": null}",parsed,operating-hours-1.2.0,"2026-08-03 23:32:50+00","2026-08-09 02:40:01.200497+00","2026-08-08 05:25:57.108297+00","2026-08-09 02:40:01.200497+00",success,,t,,,ff209a47-72a7-46d0-b190-0a427a9afb0a,"2026-07-23 17:11:41.150397+00","2026-08-09 02:40:01.918828+00",,,"전시 별로 상이함",,https://tong.visitkorea.or.kr/cms/resource/49/3569449_image2_1.jpg,https://tong.visitkorea.or.kr/cms/resource/49/3569449_image3_1.jpg,,,,,
2993372,12,"윤동주 하숙집 터","서울특별시 종로구 옥인길 57",37.5815022773,126.9656884317,11,110,HS,HS01,HS011200,"상시 개방",연중무휴,"{""rules"": [], ""warnings"": [], ""availability"": ""all_day"", ""closure_rules"": [], ""assumption_reason"": ""always_open_text""}",parsed,operating-hours-1.2.0,"2025-09-15 04:21:24+00","2026-08-09 02:40:01.200497+00","2026-08-08 05:25:57.108297+00","2026-08-09 02:40:01.200497+00",success,,t,,,ff209a47-72a7-46d0-b190-0a427a9afb0a,"2026-07-23 17:11:41.225101+00","2026-08-09 02:40:01.918828+00",,,,,http://tong.visitkorea.or.kr/cms/resource/61/3536361_image2_1.jpg,http://tong.visitkorea.or.kr/cms/resource/61/3536361_image3_1.jpg,,,,,
2993396,12,상촌재,"서울특별시 종로구 자하문로17길 12-11 (옥인동) 상촌재",37.5819273005,126.9697547156,11,110,EX,EX01,EX010100,09:00~18:00,,"{""rules"": [{""months"": null, ""weekdays"": null, ""source_text"": ""09:00~18:00"", ""time_ranges"": [{""end"": ""18:00"", ""start"": ""09:00"", ""crosses_midnight"": false}], ""last_admission"": null}], ""warnings"": [], ""availability"": ""scheduled"", ""closure_rules"": [], ""assumption_reason"": null}",parsed,operating-hours-1.2.0,"2025-11-06 02:18:23+00","2026-08-09 02:40:01.200497+00","2026-08-08 05:25:57.108297+00","2026-08-09 02:40:01.200497+00",success,,t,,,ff209a47-72a7-46d0-b190-0a427a9afb0a,"2026-07-23 17:11:40.955853+00","2026-08-09 02:40:01.918828+00",,,,,http://tong.visitkorea.or.kr/cms/resource/04/3056504_image2_1.jpg,http://tong.visitkorea.or.kr/cms/resource/04/3056504_image3_1.jpg,,,,,
2993536,12,"기기국 번사창","서울특별시 종로구 삼청로 118 (삼청동)",37.586625,126.98276,11,110,HS,HS01,HS011100,"상시 개방",연중무휴,"{""rules"": [], ""warnings"": [], ""availability"": ""all_day"", ""closure_rules"": [], ""assumption_reason"": ""always_open_text""}",parsed,operating-hours-1.2.0,"2026-03-04 01:04:26+00","2026-08-09 02:40:01.200497+00","2026-08-08 05:25:57.108297+00","2026-08-09 02:40:01.200497+00",success,,t,,,ff209a47-72a7-46d0-b190-0a427a9afb0a,"2026-07-23 17:11:40.721834+00","2026-08-09 02:40:01.918828+00",가능,,,,,,,,,,
2997938,38,"그랑핸드 가회점","서울특별시 종로구 북촌로11길 61 (가회동)",37.5834468109,126.9832562196,11,110,SH,SH05,SH050100,10:00~17:30,연중무휴,"{""rules"": [{""months"": null, ""weekdays"": null, ""source_text"": ""10:00~17:30"", ""time_ranges"": [{""end"": ""17:30"", ""start"": ""10:00"", ""crosses_midnight"": false}], ""last_admission"": null}], ""warnings"": [], ""availability"": ""scheduled"", ""closure_rules"": [], ""assumption_reason"": null}",parsed,operating-hours-1.2.0,"2025-11-28 02:37:53+00","2026-08-09 02:40:01.200497+00","2026-08-08 05:25:57.108297+00","2026-08-09 02:40:01.200497+00",success,,t,,,ff209a47-72a7-46d0-b190-0a427a9afb0a,"2026-07-23 17:11:40.721834+00","2026-08-09 02:40:01.918828+00",불가능,,,,http://tong.visitkorea.or.kr/cms/resource/39/3572939_image2_1.JPG,http://tong.visitkorea.or.kr/cms/resource/39/3572939_image3_1.JPG,,,,,
2998547,14,"서울시립 미술아카이브","서울특별시 종로구 평창문화로 101 (평창동)",37.6078959761,126.9722323325,11,110,VE,VE07,VE070600,"- 평일 10:00~20:00 (입장 마감 19:00)- 주말 하절기(3월~10월) 10:00~19:00 (입장 마감 18:00) - 주말 동절기(11월~2월) 10:00~18:00 (입장 마감 17:00)","매주 월요일 (단, 월요일이 공휴일인 경우 정상 개관) / 1월 1일","{""rules"": [{""months"": [3, 4, 5, 6, 7, 8, 9, 10], ""weekdays"": [0, 1, 2, 3, 4], ""source_text"": "" 10:00~20:00 (입장 마감 19:00)- "", ""time_ranges"": [{""end"": ""20:00"", ""start"": ""10:00"", ""crosses_midnight"": false}], ""last_admission"": ""19:00""}, {""months"": [3, 4, 5, 6, 7, 8, 9, 10], ""weekdays"": [5, 6], ""source_text"": "" 하절기(3월~10월) 10:00~19:00 (입장 마감 18:00) - "", ""time_ranges"": [{""end"": ""19:00"", ""start"": ""10:00"", ""crosses_midnight"": false}], ""last_admission"": ""18:00""}, {""months"": [1, 2, 11, 12], ""weekdays"": [5, 6], ""source_text"": "" 동절기(11월~2월) 10:00~18:00 (입장 마감 17:00)"", ""time_ranges"": [{""end"": ""18:00"", ""start"": ""10:00"", ""crosses_midnight"": false}], ""last_admission"": ""17:00""}], ""warnings"": [""휴무 문구의 일부 예외를 구조화하지 못했습니다.""], ""availability"": ""scheduled"", ""closure_rules"": [{""weekdays"": [0], ""source_text"": ""매주 월요일 (단, 월요일이 공휴일인 경우 정상 개관) / 1월 1일""}], ""assumption_reason"": null}",partial,operating-hours-1.2.0,"2026-06-23 06:49:01+00","2026-08-09 02:40:01.200497+00","2026-08-08 05:25:57.108297+00","2026-08-09 02:40:01.200497+00",success,,t,,,ff209a47-72a7-46d0-b190-0a427a9afb0a,"2026-07-23 17:11:40.955853+00","2026-08-09 02:40:01.918828+00",,,"무료※ 특별전 유료관람",,https://tong.visitkorea.or.kr/cms/resource/85/4029785_image2_1.jpg,https://tong.visitkorea.or.kr/cms/resource/85/4029785_image3_1.jpg,,,,,
299980,12,"대각사(서울)","서울특별시 종로구 율곡로10길 87 (봉익동)",37.5736460653963,126.991784848878,11,110,HS,HS03,HS030100,"09:00~18:00※ 자세한 사항은 전화문의 요망",연중무휴,"{""rules"": [{""months"": null, ""weekdays"": null, ""source_text"": ""09:00~18:00※ 자세한 사항은 전화문의 요망"", ""time_ranges"": [{""end"": ""18:00"", ""start"": ""09:00"", ""crosses_midnight"": false}], ""last_admission"": null}], ""warnings"": [], ""availability"": ""scheduled"", ""closure_rules"": [], ""assumption_reason"": null}",parsed,operating-hours-1.2.0,"2026-03-12 00:08:40+00","2026-08-09 02:40:01.200497+00","2026-08-08 05:25:57.108297+00","2026-08-09 02:40:01.200497+00",success,,t,,,ff209a47-72a7-46d0-b190-0a427a9afb0a,"2026-07-23 17:11:40.808988+00","2026-08-09 02:40:01.918828+00",가능,,,,https://tong.visitkorea.or.kr/cms/resource/54/3505754_image2_1.jpg,https://tong.visitkorea.or.kr/cms/resource/54/3505754_image3_1.jpg,,,,,
3012705,14,예스24아트원,"서울특별시 종로구 대학로12길 83 (동숭동)",37.5802683122695,127.004006707208,11,110,VE,VE06,VE060100,"공연별 상이","공연별 상이","{""rules"": [], ""warnings"": [""운영시간을 구조화하지 못했습니다.""], ""availability"": ""unknown"", ""closure_rules"": [], ""assumption_reason"": null}",partial,operating-hours-1.2.0,"2026-05-14 07:48:12+00","2026-08-09 02:40:01.200497+00","2026-08-08 05:25:57.108297+00","2026-08-09 02:40:01.200497+00",success,,t,,,ff209a47-72a7-46d0-b190-0a427a9afb0a,"2026-07-23 17:11:41.150397+00","2026-08-09 02:40:01.918828+00",,,"공연별 상이",,https://tong.visitkorea.or.kr/cms/resource/80/3012680_image2_1.jpg,https://tong.visitkorea.or.kr/cms/resource/80/3012680_image3_1.jpg,,,,,
3012716,14,한생연융합교육과학관,"서울특별시 종로구 성균관로15길 32 (명륜1가)",37.5892797098,126.9968353725,11,110,VE,VE07,VE070500,10:30~16:00,"매주 월요일","{""rules"": [{""months"": null, ""weekdays"": null, ""source_text"": ""10:30~16:00"", ""time_ranges"": [{""end"": ""16:00"", ""start"": ""10:30"", ""crosses_midnight"": false}], ""last_admission"": null}], ""warnings"": [], ""availability"": ""scheduled"", ""closure_rules"": [{""weekdays"": [0], ""source_text"": ""매주 월요일""}], ""assumption_reason"": null}",parsed,operating-hours-1.2.0,"2025-10-23 05:30:00+00","2026-08-09 02:40:01.200497+00","2026-08-08 05:25:57.108297+00","2026-08-09 02:40:01.200497+00",success,,t,,,ff209a47-72a7-46d0-b190-0a427a9afb0a,"2026-07-23 17:11:41.371579+00","2026-08-09 02:40:01.918828+00",가능,,,,,,,,,,
3012741,14,갤러리도스,"서울특별시 종로구 삼청로7길 37 (팔판동)",37.5837566943844,126.979784427193,11,110,VE,VE07,VE070600,"- 전시장 11:00~18:00- 1층 카페 10:00~18:00","설날·추석 ※전시 중 휴관일 없음","{""rules"": [{""months"": null, ""weekdays"": null, ""source_text"": ""- 전시장 11:00~18:00- 1층 카페 10:00~18:00"", ""time_ranges"": [{""end"": ""18:00"", ""start"": ""11:00"", ""crosses_midnight"": false}, {""end"": ""18:00"", ""start"": ""10:00"", ""crosses_midnight"": false}], ""last_admission"": null}], ""warnings"": [""휴무 문구의 일부 예외를 구조화하지 못했습니다.""], ""availability"": ""scheduled"", ""closure_rules"": [], ""assumption_reason"": null}",partial,operating-hours-1.2.0,"2026-03-19 08:46:20+00","2026-08-09 02:40:01.200497+00","2026-08-08 05:25:57.108297+00","2026-08-09 02:40:01.200497+00",success,,t,,,ff209a47-72a7-46d0-b190-0a427a9afb0a,"2026-07-23 17:11:40.721834+00","2026-08-09 02:40:01.918828+00",,,무료,,https://tong.visitkorea.or.kr/cms/resource/09/3499809_image2_1.jpg,https://tong.visitkorea.or.kr/cms/resource/09/3499809_image3_1.jpg,,,,,
3012760,14,틴틴홀,"서울특별시 종로구 대학로10길 24 (동숭동)",37.5816003989436,127.003553814985,11,110,VE,VE06,VE060100,"공연별 상이","공연별 상이","{""rules"": [], ""warnings"": [""운영시간을 구조화하지 못했습니다.""], ""availability"": ""unknown"", ""closure_rules"": [], ""assumption_reason"": null}",partial,operating-hours-1.2.0,"2026-05-14 08:38:39+00","2026-08-09 02:40:01.200497+00","2026-08-08 05:25:57.108297+00","2026-08-09 02:40:01.200497+00",success,,t,,,ff209a47-72a7-46d0-b190-0a427a9afb0a,"2026-07-23 17:11:41.371579+00","2026-08-09 02:40:01.918828+00",,,"공연별 상이",,https://tong.visitkorea.or.kr/cms/resource/45/3012745_image2_1.jpg,https://tong.visitkorea.or.kr/cms/resource/45/3012745_image3_1.jpg,,,,,
3012777,14,대학로자유극장,"서울특별시 종로구 대학로12길 31 (동숭동)",37.5828028072,127.003623826,11,110,VE,VE06,VE060100,10:00~22:00,연중무휴,"{""rules"": [{""months"": null, ""weekdays"": null, ""source_text"": ""10:00~22:00"", ""time_ranges"": [{""end"": ""22:00"", ""start"": ""10:00"", ""crosses_midnight"": false}], ""last_admission"": null}], ""warnings"": [], ""availability"": ""scheduled"", ""closure_rules"": [], ""assumption_reason"": null}",parsed,operating-hours-1.2.0,"2025-11-04 02:25:53+00","2026-08-09 02:40:01.200497+00","2026-08-08 05:25:57.108297+00","2026-08-09 02:40:01.200497+00",success,,t,,,ff209a47-72a7-46d0-b190-0a427a9afb0a,"2026-07-23 17:11:40.808988+00","2026-08-09 02:40:01.918828+00",불가능,,,,http://tong.visitkorea.or.kr/cms/resource/61/3012761_image2_1.jpg,http://tong.visitkorea.or.kr/cms/resource/61/3012761_image3_1.jpg,,,,,
3013175,14,"어둠속의대화 북촌점","서울특별시 종로구 북촌로 71 (가회동)",37.5833184127487,126.984816362388,11,110,VE,VE07,VE070300,10:00~19:00,"매주 월요일~화요일","{""rules"": [{""months"": null, ""weekdays"": null, ""source_text"": ""10:00~19:00"", ""time_ranges"": [{""end"": ""19:00"", ""start"": ""10:00"", ""crosses_midnight"": false}], ""last_admission"": null}], ""warnings"": [], ""availability"": ""scheduled"", ""closure_rules"": [{""weekdays"": [0, 1], ""source_text"": ""매주 월요일~화요일""}], ""assumption_reason"": null}",parsed,operating-hours-1.2.0,"2026-04-30 00:51:25+00","2026-08-09 02:40:01.200497+00","2026-08-08 05:25:57.108297+00","2026-08-09 02:40:01.200497+00",success,,t,,,ff209a47-72a7-46d0-b190-0a427a9afb0a,"2026-07-23 17:11:41.150397+00","2026-08-09 02:40:01.918828+00",,,"[개인]
- 성인 33,000원
- 청소년 22,000원
[4인 이상]
- 성인 30,000원
- 청소년 20,000원
※ 자세한 사항은 홈페이지 참조 및 전화 문의 요망",,https://tong.visitkorea.or.kr/cms/resource/92/3012892_image2_1.jpg,https://tong.visitkorea.or.kr/cms/resource/92/3012892_image3_1.jpg,,,,,
3013177,14,"홍익대학교 대학로 아트센터","서울특별시 종로구 대학로 57 (연건동)",37.5765597483762,127.00145327757,11,110,VE,VE06,VE060100,"공연 별로 상이함","공연 별로 상이함","{""rules"": [], ""warnings"": [""운영시간을 구조화하지 못했습니다.""], ""availability"": ""unknown"", ""closure_rules"": [], ""assumption_reason"": null}",partial,operating-hours-1.2.0,"2026-04-30 01:15:24+00","2026-08-09 02:40:01.200497+00","2026-08-08 05:25:57.108297+00","2026-08-09 02:40:01.200497+00",success,,t,,,ff209a47-72a7-46d0-b190-0a427a9afb0a,"2026-07-23 17:11:41.44801+00","2026-08-09 02:40:01.918828+00",,,"공연 별로 상이함",,https://tong.visitkorea.or.kr/cms/resource/20/3012920_image2_1.jpg,https://tong.visitkorea.or.kr/cms/resource/20/3012920_image3_1.jpg,,,,,
3013178,14,아트포레스트,"서울특별시 종로구 동숭동",37.5824911134394,127.003095600381,11,110,VE,VE06,VE060100,"공연별로 상이함","공연별로 상이함","{""rules"": [], ""warnings"": [""운영시간을 구조화하지 못했습니다.""], ""availability"": ""unknown"", ""closure_rules"": [], ""assumption_reason"": null}",partial,operating-hours-1.2.0,"2026-05-27 00:19:22+00","2026-08-09 02:40:01.200497+00","2026-08-08 05:25:57.108297+00","2026-08-09 02:40:01.200497+00",success,,t,,,ff209a47-72a7-46d0-b190-0a427a9afb0a,"2026-07-23 17:11:41.150397+00","2026-08-09 02:40:01.918828+00",,,"공연별로 상이함",,https://tong.visitkorea.or.kr/cms/resource/53/4067253_image2_1.jpg,https://tong.visitkorea.or.kr/cms/resource/53/4067253_image3_1.jpg,,,,,
3013185,14,바탕골소극장,"서울특별시 종로구 대학로10길 5 (동숭동)",37.5818585598955,127.002573223154,11,110,VE,VE06,VE060100,"공연 별로 상이함","공연 별로 상이함","{""rules"": [], ""warnings"": [""운영시간을 구조화하지 못했습니다.""], ""availability"": ""unknown"", ""closure_rules"": [], ""assumption_reason"": null}",partial,operating-hours-1.2.0,"2026-04-30 02:33:13+00","2026-08-09 02:40:01.200497+00","2026-08-08 05:25:57.108297+00","2026-08-09 02:40:01.200497+00",success,,t,,,ff209a47-72a7-46d0-b190-0a427a9afb0a,"2026-07-23 17:11:40.882874+00","2026-08-09 02:40:01.918828+00",,,"공연 별로 상이함",,https://tong.visitkorea.or.kr/cms/resource/53/3012953_image2_1.jpg,https://tong.visitkorea.or.kr/cms/resource/53/3012953_image3_1.jpg,,,,,
3013252,14,JTN아트홀,"서울특별시 종로구 이화장길 26 (이화동)",37.576644208262,127.00393225357,11,110,VE,VE06,VE060100,"공연 별로 상이함","공연 별로 상이함","{""rules"": [], ""warnings"": [""운영시간을 구조화하지 못했습니다.""], ""availability"": ""unknown"", ""closure_rules"": [], ""assumption_reason"": null}",partial,operating-hours-1.2.0,"2026-04-30 00:28:09+00","2026-08-09 02:40:01.200497+00","2026-08-08 05:25:57.108297+00","2026-08-09 02:40:01.200497+00",success,,t,,,ff209a47-72a7-46d0-b190-0a427a9afb0a,"2026-07-23 17:11:41.44801+00","2026-08-09 02:40:01.918828+00",,,"공연 별로 상이함",,https://tong.visitkorea.or.kr/cms/resource/66/3012966_image2_1.jpg,https://tong.visitkorea.or.kr/cms/resource/66/3012966_image3_1.jpg,,,,,
3013269,14,"서울생활문화센터 체부","서울특별시 종로구 체부동 187 성결교회",37.5767097219454,126.971493312923,11,110,VE,VE12,VE120300,"- 평일 10:00~22:00- 주말 10:00~18:30","매주 월요일 / 1월 1일 / 설·추석 연휴","{""rules"": [{""months"": null, ""weekdays"": [0, 1, 2, 3, 4], ""source_text"": "" 10:00~22:00- "", ""time_ranges"": [{""end"": ""22:00"", ""start"": ""10:00"", ""crosses_midnight"": false}], ""last_admission"": null}, {""months"": null, ""weekdays"": [5, 6], ""source_text"": "" 10:00~18:30"", ""time_ranges"": [{""end"": ""18:30"", ""start"": ""10:00"", ""crosses_midnight"": false}], ""last_admission"": null}], ""warnings"": [], ""availability"": ""scheduled"", ""closure_rules"": [{""weekdays"": [0], ""source_text"": ""매주 월요일 / 1월 1일 / 설·추석 연휴""}], ""assumption_reason"": null}",parsed,operating-hours-1.2.0,"2026-04-30 00:58:24+00","2026-08-09 02:40:01.200497+00","2026-08-08 05:25:57.108297+00","2026-08-09 02:40:01.200497+00",success,,t,,,ff209a47-72a7-46d0-b190-0a427a9afb0a,"2026-07-23 17:11:40.955853+00","2026-08-09 02:40:01.918828+00",,,,,https://tong.visitkorea.or.kr/cms/resource/99/3012999_image2_1.jpg,https://tong.visitkorea.or.kr/cms/resource/99/3012999_image3_1.jpg,,,,,
3013272,12,무계원,"서울특별시 종로구 창의문로5가길 2 (부암동)",37.5917924063966,126.963610994859,11,110,EX,EX01,EX010100,"10:00~18:00※ 단체 관람 시 사전 예약 필수 요망","매주 월요일 / 1월 1일 / 설·추석","{""rules"": [{""months"": null, ""weekdays"": null, ""source_text"": ""10:00~18:00※ 단체 관람 시 사전 예약 필수 요망"", ""time_ranges"": [{""end"": ""18:00"", ""start"": ""10:00"", ""crosses_midnight"": false}], ""last_admission"": null}], ""warnings"": [], ""availability"": ""scheduled"", ""closure_rules"": [{""weekdays"": [0], ""source_text"": ""매주 월요일 / 1월 1일 / 설·추석""}], ""assumption_reason"": null}",parsed,operating-hours-1.2.0,"2026-04-29 23:51:09+00","2026-08-09 02:40:01.200497+00","2026-08-08 05:25:57.108297+00","2026-08-09 02:40:01.200497+00",success,,t,,,ff209a47-72a7-46d0-b190-0a427a9afb0a,"2026-07-23 17:11:40.882874+00","2026-08-09 02:40:01.918828+00",가능,,,,https://tong.visitkorea.or.kr/cms/resource/12/3013012_image2_1.jpg,https://tong.visitkorea.or.kr/cms/resource/12/3013012_image3_1.jpg,,,,,
3013281,14,한국색동박물관,"서울특별시 종로구 율곡로10길 85-7 (권농동)",37.5738867865671,126.992089476273,11,110,VE,VE07,VE070100,13:00~17:00,"매주 일요일~월요일 / 법정공휴일","{""rules"": [{""months"": null, ""weekdays"": null, ""source_text"": ""13:00~17:00"", ""time_ranges"": [{""end"": ""17:00"", ""start"": ""13:00"", ""crosses_midnight"": false}], ""last_admission"": null}], ""warnings"": [""휴무 문구의 일부 예외를 구조화하지 못했습니다.""], ""availability"": ""scheduled"", ""closure_rules"": [{""weekdays"": [0, 6], ""source_text"": ""매주 일요일~월요일 / 법정공휴일""}], ""assumption_reason"": null}",partial,operating-hours-1.2.0,"2026-04-30 00:09:38+00","2026-08-09 02:40:01.200497+00","2026-08-08 05:25:57.108297+00","2026-08-09 02:40:01.200497+00",success,,t,,,ff209a47-72a7-46d0-b190-0a427a9afb0a,"2026-07-23 17:11:41.371579+00","2026-08-09 02:40:01.918828+00",,,"- 성인 6,000원- 어린이/청소년 5,000원※ 자세한 사항은 홈페이지 참조",,https://tong.visitkorea.or.kr/cms/resource/28/3013028_image2_1.jpg,https://tong.visitkorea.or.kr/cms/resource/28/3013028_image3_1.jpg,,,,,
3013284,14,불교중앙박물관,"서울특별시 종로구 우정국로 55 (견지동)",37.5745,126.982,11,110,VE,VE07,VE070100,10:00~17:00,"매주 월요일 / 1월 1일 / 설·추석 연휴","{""rules"": [{""months"": null, ""weekdays"": null, ""source_text"": ""10:00~17:00"", ""time_ranges"": [{""end"": ""17:00"", ""start"": ""10:00"", ""crosses_midnight"": false}], ""last_admission"": null}], ""warnings"": [], ""availability"": ""scheduled"", ""closure_rules"": [{""weekdays"": [0], ""source_text"": ""매주 월요일 / 1월 1일 / 설·추석 연휴""}], ""assumption_reason"": null}",parsed,operating-hours-1.2.0,"2026-04-30 01:30:48+00","2026-08-09 02:40:01.200497+00","2026-08-08 05:25:57.108297+00","2026-08-09 02:40:01.200497+00",success,,t,,,ff209a47-72a7-46d0-b190-0a427a9afb0a,"2026-07-23 17:11:40.882874+00","2026-08-09 02:40:01.918828+00",,,무료,,https://tong.visitkorea.or.kr/cms/resource/43/3013043_image2_1.jpg,https://tong.visitkorea.or.kr/cms/resource/43/3013043_image3_1.jpg,,,,,
3013285,14,상명아트센터,"서울특별시 종로구 홍지문2길 20 (홍지동)",37.603,126.9565,11,110,VE,VE06,VE060100,09:00~22:00,"공연 별로 상이함","{""rules"": [{""months"": null, ""weekdays"": null, ""source_text"": ""09:00~22:00"", ""time_ranges"": [{""end"": ""22:00"", ""start"": ""09:00"", ""crosses_midnight"": false}], ""last_admission"": null}], ""warnings"": [""휴무 문구의 일부 예외를 구조화하지 못했습니다.""], ""availability"": ""scheduled"", ""closure_rules"": [], ""assumption_reason"": null}",partial,operating-hours-1.2.0,"2026-05-14 07:44:40+00","2026-08-09 02:40:01.200497+00","2026-08-08 05:25:57.108297+00","2026-08-09 02:40:01.200497+00",success,,t,,,ff209a47-72a7-46d0-b190-0a427a9afb0a,"2026-07-23 17:11:40.955853+00","2026-08-09 02:40:01.918828+00",,,"공연 별로 상이함",,https://tong.visitkorea.or.kr/cms/resource/59/3013059_image2_1.jpg,https://tong.visitkorea.or.kr/cms/resource/59/3013059_image3_1.jpg,,,,,
3019162,12,서순라길,"서울특별시 종로구 종로 150-3 (종로3가)",37.5704207437,126.9942167014,11,110,VE,VE04,VE040100,상시,연중무휴,"{""rules"": [], ""warnings"": [], ""availability"": ""all_day"", ""closure_rules"": [], ""assumption_reason"": ""always_open_text""}",parsed,operating-hours-1.2.0,"2025-01-09 01:06:04+00","2026-08-09 02:40:01.200497+00","2026-08-08 05:25:57.108297+00","2026-08-09 02:40:01.200497+00",success,,t,,,ff209a47-72a7-46d0-b190-0a427a9afb0a,"2026-07-23 17:11:40.955853+00","2026-08-09 02:40:01.918828+00","불가 (인근 공영주차장 이용)",,,,http://tong.visitkorea.or.kr/cms/resource/56/3019156_image2_1.jpg,http://tong.visitkorea.or.kr/cms/resource/56/3019156_image3_1.jpg,,,,,
3025266,14,"북촌 한옥청","서울특별시 종로구 북촌로12길 29-1 (가회동)",37.5827206272537,126.985652996616,11,110,VE,VE12,VE120300,10:00~18:00,"매주 월요일","{""rules"": [{""months"": null, ""weekdays"": null, ""source_text"": ""10:00~18:00"", ""time_ranges"": [{""end"": ""18:00"", ""start"": ""10:00"", ""crosses_midnight"": false}], ""last_admission"": null}], ""warnings"": [], ""availability"": ""scheduled"", ""closure_rules"": [{""weekdays"": [0], ""source_text"": ""매주 월요일""}], ""assumption_reason"": null}",parsed,operating-hours-1.2.0,"2026-04-28 07:23:00+00","2026-08-09 02:40:01.200497+00","2026-08-08 05:25:57.108297+00","2026-08-09 02:40:01.200497+00",success,,t,,,ff209a47-72a7-46d0-b190-0a427a9afb0a,"2026-07-23 17:11:40.882874+00","2026-08-09 02:40:01.918828+00",,,무료,,https://tong.visitkorea.or.kr/cms/resource/45/3025245_image2_1.jpg,https://tong.visitkorea.or.kr/cms/resource/45/3025245_image3_1.jpg,,,,,
3025303,14,"동덕여자대학교 공연예술센터","서울특별시 종로구 동숭길 126 (동숭동)",37.5837092720331,127.003346071057,11,110,VE,VE06,VE060100,"공연 별로 상이함","공연 별로 상이함","{""rules"": [], ""warnings"": [""운영시간을 구조화하지 못했습니다.""], ""availability"": ""unknown"", ""closure_rules"": [], ""assumption_reason"": null}",partial,operating-hours-1.2.0,"2026-04-28 02:08:37+00","2026-08-09 02:40:01.200497+00","2026-08-08 05:25:57.108297+00","2026-08-09 02:40:01.200497+00",success,,t,,,ff209a47-72a7-46d0-b190-0a427a9afb0a,"2026-07-23 17:11:40.808988+00","2026-08-09 02:40:01.918828+00",,,"공연 별로 상이함",,https://tong.visitkorea.or.kr/cms/resource/89/3025289_image2_1.jpg,https://tong.visitkorea.or.kr/cms/resource/89/3025289_image3_1.jpg,,,,,
3025322,14,링크아트센터드림,"서울특별시 종로구 동숭길 123 (동숭동)",37.583286139938,127.00329347939,11,110,VE,VE06,VE060100,10:00~23:00,연중무휴,"{""rules"": [{""months"": null, ""weekdays"": null, ""source_text"": ""10:00~23:00"", ""time_ranges"": [{""end"": ""23:00"", ""start"": ""10:00"", ""crosses_midnight"": false}], ""last_admission"": null}], ""warnings"": [], ""availability"": ""scheduled"", ""closure_rules"": [], ""assumption_reason"": null}",parsed,operating-hours-1.2.0,"2026-04-28 00:18:31+00","2026-08-09 02:40:01.200497+00","2026-08-08 05:25:57.108297+00","2026-08-09 02:40:01.200497+00",success,,t,,,ff209a47-72a7-46d0-b190-0a427a9afb0a,"2026-07-23 17:11:40.882874+00","2026-08-09 02:40:01.918828+00",,,"공연 별로 상이함",,https://tong.visitkorea.or.kr/cms/resource/11/3025311_image2_1.jpg,https://tong.visitkorea.or.kr/cms/resource/11/3025311_image3_1.jpg,,,,,
3028115,38,"손뜨개 디자인 스튜디오 단주","서울특별시 종로구 삼청로 65-4 (팔판동)",37.581677756615,126.980900392008,11,110,SH,SH05,SH050100,"10:00~19:00 (휴게시간 13:00~14:00)","매주 일요일","{""rules"": [{""months"": null, ""weekdays"": null, ""source_text"": ""10:00~19:00 (휴게시간 13:00~14:00)"", ""time_ranges"": [{""end"": ""19:00"", ""start"": ""10:00"", ""crosses_midnight"": false}, {""end"": ""14:00"", ""start"": ""13:00"", ""crosses_midnight"": false}], ""last_admission"": null}], ""warnings"": [], ""availability"": ""scheduled"", ""closure_rules"": [{""weekdays"": [6], ""source_text"": ""매주 일요일""}], ""assumption_reason"": null}",parsed,operating-hours-1.2.0,"2026-04-20 07:49:15+00","2026-08-09 02:40:01.200497+00","2026-08-08 05:25:57.108297+00","2026-08-09 02:40:01.200497+00",success,,t,,,ff209a47-72a7-46d0-b190-0a427a9afb0a,"2026-07-23 17:11:41.150397+00","2026-08-09 02:40:01.918828+00",불가능,,,,https://tong.visitkorea.or.kr/cms/resource/78/3028078_image2_1.jpg,https://tong.visitkorea.or.kr/cms/resource/78/3028078_image3_1.jpg,,,,,
3035607,15,"광화문 마켓","서울특별시 종로구 세종대로 지하172 (세종로)",37.5716786179,126.9767821434,11,110,EV,EV03,EV030400,17:30~22:00,,"{""rules"": [{""months"": null, ""weekdays"": null, ""source_text"": ""17:30~22:00"", ""time_ranges"": [{""end"": ""22:00"", ""start"": ""17:30"", ""crosses_midnight"": false}], ""last_admission"": null}], ""warnings"": [], ""availability"": ""scheduled"", ""closure_rules"": [], ""assumption_reason"": null}",parsed,operating-hours-1.2.0,"2025-12-17 07:41:54+00","2026-08-09 02:40:01.200497+00","2026-08-08 05:25:57.108297+00","2026-08-09 02:40:01.200497+00",success,,t,,,ff209a47-72a7-46d0-b190-0a427a9afb0a,"2026-07-23 17:11:40.721834+00","2026-08-09 02:40:01.918828+00",,,무료,,http://tong.visitkorea.or.kr/cms/resource/03/3573403_image2_1.png,http://tong.visitkorea.or.kr/cms/resource/03/3573403_image3_1.png,,,,,
3038260,14,국립기상박물관,"서울특별시 종로구 송월동 1-1 국립기상박물관",37.5696203417,126.9666303489,11,110,VE,VE07,VE070100,"화요일~일요일 10:00~18:00 (입장 마감 17:00)","매주 월요일 (공휴일인 경우 다음의 첫번째 평일)/ 1월 1일 / 설·추석 당일","{""rules"": [{""months"": null, ""weekdays"": [1, 2, 3, 4, 5, 6], ""source_text"": "" 10:00~18:00 (입장 마감 17:00)"", ""time_ranges"": [{""end"": ""18:00"", ""start"": ""10:00"", ""crosses_midnight"": false}], ""last_admission"": ""17:00""}], ""warnings"": [""휴무 문구의 일부 예외를 구조화하지 못했습니다.""], ""availability"": ""scheduled"", ""closure_rules"": [{""weekdays"": [0], ""source_text"": ""매주 월요일 (공휴일인 경우 다음의 첫번째 평일)/ 1월 1일 / 설·추석 당일""}], ""assumption_reason"": null}",partial,operating-hours-1.2.0,"2025-10-23 05:30:00+00","2026-08-09 02:40:01.200497+00","2026-08-08 05:25:57.108297+00","2026-08-09 02:40:01.200497+00",success,,t,,,ff209a47-72a7-46d0-b190-0a427a9afb0a,"2026-07-23 17:11:40.721834+00","2026-08-09 02:40:01.918828+00",가능,,무료,,http://tong.visitkorea.or.kr/cms/resource/38/3456038_image2_1.jpg,http://tong.visitkorea.or.kr/cms/resource/38/3456038_image3_1.jpg,,,,,
3044038,12,비우당,"서울특별시 종로구 창신동 9-471",37.581068,127.013044,11,110,HS,HS01,HS011200,09:30~17:30,연중무휴,"{""rules"": [{""months"": null, ""weekdays"": null, ""source_text"": ""09:30~17:30"", ""time_ranges"": [{""end"": ""17:30"", ""start"": ""09:30"", ""crosses_midnight"": false}], ""last_admission"": null}], ""warnings"": [], ""availability"": ""scheduled"", ""closure_rules"": [], ""assumption_reason"": null}",parsed,operating-hours-1.2.0,"2026-04-09 04:38:33+00","2026-08-09 02:40:01.200497+00","2026-08-08 05:25:57.108297+00","2026-08-09 02:40:01.200497+00",success,,t,,,ff209a47-72a7-46d0-b190-0a427a9afb0a,"2026-07-23 17:11:40.882874+00","2026-08-09 02:40:01.918828+00",가능,,,,https://tong.visitkorea.or.kr/cms/resource/24/3044024_image2_1.jpg,https://tong.visitkorea.or.kr/cms/resource/24/3044024_image3_1.jpg,,,,,
3044977,12,이상의집,"서울특별시 종로구 자하문로7길 18 (통인동)",37.5786435023,126.970863433,11,110,HS,HS01,HS011200,"10:00~17:00 (휴게시간 12:00~13:00)","매주 월요일","{""rules"": [{""months"": null, ""weekdays"": null, ""source_text"": ""10:00~17:00 (휴게시간 12:00~13:00)"", ""time_ranges"": [{""end"": ""17:00"", ""start"": ""10:00"", ""crosses_midnight"": false}, {""end"": ""13:00"", ""start"": ""12:00"", ""crosses_midnight"": false}], ""last_admission"": null}], ""warnings"": [], ""availability"": ""scheduled"", ""closure_rules"": [{""weekdays"": [0], ""source_text"": ""매주 월요일""}], ""assumption_reason"": null}",parsed,operating-hours-1.2.0,"2026-07-21 05:23:03+00","2026-08-09 02:40:01.200497+00","2026-08-08 05:25:57.108297+00","2026-08-09 02:40:01.200497+00",success,,t,,,ff209a47-72a7-46d0-b190-0a427a9afb0a,"2026-07-23 17:11:41.225101+00","2026-08-09 02:40:01.918828+00",불가능,,,,https://tong.visitkorea.or.kr/cms/resource_photo/46/3362946_image2_1.jpg,https://tong.visitkorea.or.kr/cms/resource_photo/46/3362946_image3_1.jpg,,,,,
3045019,14,계동배렴가옥,"서울특별시 종로구 계동길 89 (계동)",37.5812956613063,126.98669078186,11,110,VE,VE12,VE120300,10:00~18:00,"매주 월요일 / 법정공휴일","{""rules"": [{""months"": null, ""weekdays"": null, ""source_text"": ""10:00~18:00"", ""time_ranges"": [{""end"": ""18:00"", ""start"": ""10:00"", ""crosses_midnight"": false}], ""last_admission"": null}], ""warnings"": [""휴무 문구의 일부 예외를 구조화하지 못했습니다.""], ""availability"": ""scheduled"", ""closure_rules"": [{""weekdays"": [0], ""source_text"": ""매주 월요일 / 법정공휴일""}], ""assumption_reason"": null}",partial,operating-hours-1.2.0,"2026-04-09 02:27:10+00","2026-08-09 02:40:01.200497+00","2026-08-08 05:25:57.108297+00","2026-08-09 02:40:01.200497+00",success,,t,,,ff209a47-72a7-46d0-b190-0a427a9afb0a,"2026-07-23 17:11:40.721834+00","2026-08-09 02:40:01.918828+00",,,무료,,https://tong.visitkorea.or.kr/cms/resource/73/3045073_image2_1.jpg,https://tong.visitkorea.or.kr/cms/resource/73/3045073_image3_1.jpg,,,,,
3045027,12,석정보름우물,"서울특별시 종로구 계동길 112 (계동)",37.5822,126.9869,11,110,HS,HS01,HS011000,"상시 개방",연중무휴,"{""rules"": [], ""warnings"": [], ""availability"": ""all_day"", ""closure_rules"": [], ""assumption_reason"": ""always_open_text""}",parsed,operating-hours-1.2.0,"2026-04-09 04:07:40+00","2026-08-09 02:40:01.200497+00","2026-08-08 05:25:57.108297+00","2026-08-09 02:40:01.200497+00",success,,t,,,ff209a47-72a7-46d0-b190-0a427a9afb0a,"2026-07-23 17:11:40.955853+00","2026-08-09 02:40:01.992109+00",불가능,,,,https://tong.visitkorea.or.kr/cms/resource/23/3045023_image2_1.jpg,https://tong.visitkorea.or.kr/cms/resource/23/3045023_image3_1.jpg,,,,,
3045062,38,혜화필리핀마켓,"서울특별시 종로구 대학로 146-2 (혜화동)",37.5843092893,127.0017015389,11,110,SH,SH06,SH060100,"일요일 09:00~17:00","매주 월요일~토요일","{""rules"": [{""months"": null, ""weekdays"": [6], ""source_text"": "" 09:00~17:00"", ""time_ranges"": [{""end"": ""17:00"", ""start"": ""09:00"", ""crosses_midnight"": false}], ""last_admission"": null}], ""warnings"": [], ""availability"": ""scheduled"", ""closure_rules"": [{""weekdays"": [0, 1, 2, 3, 4, 5], ""source_text"": ""매주 월요일~토요일""}], ""assumption_reason"": null}",parsed,operating-hours-1.2.0,"2026-07-13 00:40:58+00","2026-08-09 02:40:01.200497+00","2026-08-08 05:25:57.108297+00","2026-08-09 02:40:01.200497+00",success,,t,,,ff209a47-72a7-46d0-b190-0a427a9afb0a,"2026-07-23 17:11:41.44801+00","2026-08-09 02:40:01.992109+00",불가능,,,,https://tong.visitkorea.or.kr/cms/resource/29/3045029_image2_1.jpg,https://tong.visitkorea.or.kr/cms/resource/29/3045029_image3_1.jpg,,,,,
3056152,12,"열린송현 녹지광장","서울특별시 종로구 송현동 48-9",37.5766,126.9814,11,110,VE,VE03,VE030100,"상시 개방",연중무휴,"{""rules"": [], ""warnings"": [], ""availability"": ""all_day"", ""closure_rules"": [], ""assumption_reason"": ""always_open_text""}",parsed,operating-hours-1.2.0,"2026-04-01 04:23:25+00","2026-08-09 02:40:01.200497+00","2026-08-08 05:25:57.108297+00","2026-08-09 02:40:01.200497+00",success,,t,,,ff209a47-72a7-46d0-b190-0a427a9afb0a,"2026-07-23 17:11:41.150397+00","2026-08-09 02:40:01.992109+00",,,,,https://tong.visitkorea.or.kr/cms/resource/49/3056149_image2_1.jpg,https://tong.visitkorea.or.kr/cms/resource/49/3056149_image3_1.jpg,,,,,
3056222,14,인사센트럴뮤지엄,"서울특별시 종로구 인사동길 49 (관훈동) B1",37.5744668962974,126.983552153862,11,110,VE,VE07,VE070100,"10:00~20:00 (입장 마감 19:00)","매달 셋째 화요일","{""rules"": [{""months"": null, ""weekdays"": null, ""source_text"": ""10:00~20:00 (입장 마감 19:00)"", ""time_ranges"": [{""end"": ""20:00"", ""start"": ""10:00"", ""crosses_midnight"": false}], ""last_admission"": ""19:00""}], ""warnings"": [""휴무 문구의 일부 예외를 구조화하지 못했습니다.""], ""availability"": ""scheduled"", ""closure_rules"": [], ""assumption_reason"": null}",partial,operating-hours-1.2.0,"2026-03-31 04:49:57+00","2026-08-09 02:40:01.200497+00","2026-08-08 05:25:57.108297+00","2026-08-09 02:40:01.200497+00",success,,t,,,ff209a47-72a7-46d0-b190-0a427a9afb0a,"2026-07-23 17:11:41.225101+00","2026-08-09 02:40:01.992109+00",,,"전시 별로 상이함",,https://tong.visitkorea.or.kr/cms/resource/06/3056206_image2_1.jpg,https://tong.visitkorea.or.kr/cms/resource/06/3056206_image3_1.jpg,,,,,
3056238,12,청와대칠궁,"서울특별시 종로구 창의문로 12 (궁정동)",37.5847358364666,126.972940066094,11,110,HS,HS01,HS010100,"- 1월~2월/11월~12월 09:00~17:00- 3월~5월/9월~10월 09:00~18:00- 6월~8월 09:00~18:30※ 제한 관람으로 온라인으로 사전 예약 후 방문 요망","매주 화요일","{""rules"": [{""months"": [1, 2], ""weekdays"": null, ""source_text"": ""- 1월~2월/11월~12월 09:00~17:00- 3월~5월/9월~10월 09:00~18:00- 6월~8월 09:00~18:30※ 제한 관람으로 온라인으로 사전 예약 후 방문 요망"", ""time_ranges"": [{""end"": ""17:00"", ""start"": ""09:00"", ""crosses_midnight"": false}, {""end"": ""18:00"", ""start"": ""09:00"", ""crosses_midnight"": false}, {""end"": ""18:30"", ""start"": ""09:00"", ""crosses_midnight"": false}], ""last_admission"": null}], ""warnings"": [], ""availability"": ""scheduled"", ""closure_rules"": [{""weekdays"": [1], ""source_text"": ""매주 화요일""}], ""assumption_reason"": null}",parsed,operating-hours-1.2.0,"2026-04-01 00:16:47+00","2026-08-09 02:40:01.200497+00","2026-08-08 05:25:57.108297+00","2026-08-09 02:40:01.200497+00",success,,t,,,ff209a47-72a7-46d0-b190-0a427a9afb0a,"2026-07-23 17:11:41.296349+00","2026-08-09 02:40:01.992109+00",가능,,,,https://tong.visitkorea.or.kr/cms/resource/23/3056223_image2_1.jpg,https://tong.visitkorea.or.kr/cms/resource/23/3056223_image3_1.jpg,,,,,
3056278,12,북촌전망대,"서울특별시 종로구 북촌로11다길 22-3 (삼청동) 3층",37.5830794398993,126.982784942081,11,110,VE,VE01,VE010200,11:00~18:00,연중무휴,"{""rules"": [{""months"": null, ""weekdays"": null, ""source_text"": ""11:00~18:00"", ""time_ranges"": [{""end"": ""18:00"", ""start"": ""11:00"", ""crosses_midnight"": false}], ""last_admission"": null}], ""warnings"": [], ""availability"": ""scheduled"", ""closure_rules"": [], ""assumption_reason"": null}",parsed,operating-hours-1.2.0,"2026-04-01 00:46:25+00","2026-08-09 02:40:01.200497+00","2026-08-08 05:25:57.108297+00","2026-08-09 02:40:01.200497+00",success,,t,,,ff209a47-72a7-46d0-b190-0a427a9afb0a,"2026-07-23 17:11:40.882874+00","2026-08-09 02:40:01.992109+00",불가능,,,,https://tong.visitkorea.or.kr/cms/resource/39/3056239_image2_1.jpg,https://tong.visitkorea.or.kr/cms/resource/39/3056239_image3_1.jpg,,,,,
3056315,14,갤러리미르,"서울특별시 종로구 율곡로1길 40 (사간동)",37.5776077758504,126.980715400207,11,110,VE,VE07,VE070600,11:00~19:00,연중무휴,"{""rules"": [{""months"": null, ""weekdays"": null, ""source_text"": ""11:00~19:00"", ""time_ranges"": [{""end"": ""19:00"", ""start"": ""11:00"", ""crosses_midnight"": false}], ""last_admission"": null}], ""warnings"": [], ""availability"": ""scheduled"", ""closure_rules"": [], ""assumption_reason"": null}",parsed,operating-hours-1.2.0,"2026-04-01 00:21:39+00","2026-08-09 02:40:01.200497+00","2026-08-08 05:25:57.108297+00","2026-08-09 02:40:01.200497+00",success,,t,,,ff209a47-72a7-46d0-b190-0a427a9afb0a,"2026-07-23 17:11:40.721834+00","2026-08-09 02:40:01.992109+00",,,"전통체험 30,000원",,https://tong.visitkorea.or.kr/cms/resource/00/3056300_image2_1.jpg,https://tong.visitkorea.or.kr/cms/resource/00/3056300_image3_1.jpg,,,,,
3056376,12,"낙원동 포장마차거리","서울특별시 종로구 종로3가 종로3가역 5번 출구 낙원악기상가 앞 거리",37.572636,126.9891,11,110,VE,VE04,VE040100,"점포 별로 상이함","점포 별로 상이함","{""rules"": [], ""warnings"": [""운영시간을 구조화하지 못했습니다.""], ""availability"": ""unknown"", ""closure_rules"": [], ""assumption_reason"": null}",partial,operating-hours-1.2.0,"2026-04-01 01:30:00+00","2026-08-09 02:40:01.200497+00","2026-08-08 05:25:57.108297+00","2026-08-09 02:40:01.200497+00",success,,t,,,ff209a47-72a7-46d0-b190-0a427a9afb0a,"2026-07-23 17:11:40.808988+00","2026-08-09 02:40:01.992109+00",불가능,,,,https://tong.visitkorea.or.kr/cms/resource/58/3056358_image2_1.jpg,https://tong.visitkorea.or.kr/cms/resource/58/3056358_image3_1.jpg,,,,,
3056442,12,흥인지문공원,"서울특별시 종로구 종로6가 70",37.571926,127.009077,11,110,HS,HS01,HS010200,"상시 개방",연중무휴,"{""rules"": [], ""warnings"": [], ""availability"": ""all_day"", ""closure_rules"": [], ""assumption_reason"": ""always_open_text""}",parsed,operating-hours-1.2.0,"2026-04-01 01:17:19+00","2026-08-09 02:40:01.200497+00","2026-08-08 05:25:57.108297+00","2026-08-09 02:40:01.200497+00",success,,t,,,ff209a47-72a7-46d0-b190-0a427a9afb0a,"2026-07-23 17:11:41.44801+00","2026-08-09 02:40:01.992109+00",가능,,,,https://tong.visitkorea.or.kr/cms/resource/06/3056406_image2_1.jpg,https://tong.visitkorea.or.kr/cms/resource/06/3056406_image3_1.jpg,,,,,
3056463,12,"종로3가 포장마차 거리","서울특별시 종로구 관수동 종로 3가역 1호선, 5호선 출구 부근",37.569548,126.989084,11,110,VE,VE04,VE040100,"점포 별로 상이함","점포 별로 상이함","{""rules"": [], ""warnings"": [""운영시간을 구조화하지 못했습니다.""], ""availability"": ""unknown"", ""closure_rules"": [], ""assumption_reason"": null}",partial,operating-hours-1.2.0,"2026-07-16 07:07:13+00","2026-08-09 02:40:01.200497+00","2026-08-08 05:25:57.108297+00","2026-08-09 02:40:01.200497+00",success,,t,,,ff209a47-72a7-46d0-b190-0a427a9afb0a,"2026-07-23 17:11:41.296349+00","2026-08-09 02:40:01.992109+00",불가능,,,,https://tong.visitkorea.or.kr/cms/resource/49/3056449_image2_1.jpg,https://tong.visitkorea.or.kr/cms/resource/49/3056449_image3_1.jpg,,,,,
3056596,12,미어캣파크,"서울특별시 종로구 대학로10길 12 (동숭동) 6층",37.5816211096932,127.002805437867,11,110,EX,EX07,EX070200,"- 평일 12:00~19:50 (입장 마감 19:00)- 주말 12:00~20:50 (입장 마감 20:00)",연중무휴,"{""rules"": [{""months"": null, ""weekdays"": [0, 1, 2, 3, 4], ""source_text"": "" 12:00~19:50 (입장 마감 19:00)- "", ""time_ranges"": [{""end"": ""19:50"", ""start"": ""12:00"", ""crosses_midnight"": false}], ""last_admission"": ""19:00""}, {""months"": null, ""weekdays"": [5, 6], ""source_text"": "" 12:00~20:50 (입장 마감 20:00)"", ""time_ranges"": [{""end"": ""20:50"", ""start"": ""12:00"", ""crosses_midnight"": false}], ""last_admission"": ""20:00""}], ""warnings"": [], ""availability"": ""scheduled"", ""closure_rules"": [], ""assumption_reason"": null}",parsed,operating-hours-1.2.0,"2026-04-01 04:27:45+00","2026-08-09 02:40:01.200497+00","2026-08-08 05:25:57.108297+00","2026-08-09 02:40:01.200497+00",success,,t,,,ff209a47-72a7-46d0-b190-0a427a9afb0a,"2026-07-23 17:11:40.882874+00","2026-08-09 02:40:01.992109+00",불가능,,,,https://tong.visitkorea.or.kr/cms/resource/91/3056591_image2_1.jpg,https://tong.visitkorea.or.kr/cms/resource/91/3056591_image3_1.jpg,,,,,
3060968,14,북촌동양문화박물관,"서울특별시 종로구 북촌로11길 76 (삼청동)",37.5839824259082,126.983380843632,11,110,VE,VE07,VE070100,"10:00~18:30 (입장 마감 18:15)",연중무휴,"{""rules"": [{""months"": null, ""weekdays"": null, ""source_text"": ""10:00~18:30 (입장 마감 18:15)"", ""time_ranges"": [{""end"": ""18:30"", ""start"": ""10:00"", ""crosses_midnight"": false}], ""last_admission"": ""18:15""}], ""warnings"": [], ""availability"": ""scheduled"", ""closure_rules"": [], ""assumption_reason"": null}",parsed,operating-hours-1.2.0,"2026-04-07 05:09:59+00","2026-08-09 02:40:01.200497+00","2026-08-08 05:25:57.108297+00","2026-08-09 02:40:01.200497+00",success,,t,,,ff209a47-72a7-46d0-b190-0a427a9afb0a,"2026-07-23 17:11:40.882874+00","2026-08-09 02:40:01.992109+00",,,"6,000원 (음료 1잔 제공)",,https://tong.visitkorea.or.kr/cms/resource/06/3049006_image2_1.jpg,https://tong.visitkorea.or.kr/cms/resource/06/3049006_image3_1.jpg,,,,,
3065976,39,클럽에스프레소,"서울특별시 종로구 창의문로 132 (부암동)",37.592690804,126.9659854682,11,110,FD,FD05,FD050100,"- 09:00~19:00- 마지막 주문 18:50",연중무휴,"{""rules"": [{""months"": null, ""weekdays"": null, ""source_text"": ""- 09:00~19:00- 마지막 주문 18:50"", ""time_ranges"": [{""end"": ""19:00"", ""start"": ""09:00"", ""crosses_midnight"": false}], ""last_admission"": null}], ""warnings"": [], ""availability"": ""scheduled"", ""closure_rules"": [], ""assumption_reason"": null}",parsed,operating-hours-1.2.0,"2026-06-23 01:38:53+00","2026-08-09 02:40:01.200497+00","2026-08-08 05:25:57.108297+00","2026-08-09 02:40:01.200497+00",success,,t,,,ff209a47-72a7-46d0-b190-0a427a9afb0a,"2026-07-23 17:11:41.371579+00","2026-08-09 02:40:01.992109+00",가능,,,,https://tong.visitkorea.or.kr/cms/resource/61/3065961_image2_1.jpg,https://tong.visitkorea.or.kr/cms/resource/61/3065961_image3_1.jpg,,,,,
3072072,32,"한옥에세이 서촌","서울특별시 종로구 필운대로3길 12 (누하동)",37.5786693216,126.9683965985,11,110,AC,AC03,AC030200,16:00,,"{""rules"": [], ""warnings"": [""운영시간을 구조화하지 못했습니다.""], ""availability"": ""unknown"", ""closure_rules"": [], ""assumption_reason"": null}",partial,operating-hours-1.2.0,"2024-11-25 02:51:07+00","2026-08-09 02:40:01.200497+00","2026-08-08 05:25:57.108297+00","2026-08-09 02:40:01.200497+00",success,,t,,,ff209a47-72a7-46d0-b190-0a427a9afb0a,"2026-07-23 17:11:41.44801+00","2026-08-09 02:40:01.992109+00","가능(최대 1대)",,,,http://tong.visitkorea.or.kr/cms/resource/85/3070285_image2_1.jpg,http://tong.visitkorea.or.kr/cms/resource/85/3070285_image3_1.jpg,,,,,
3072197,32,"오롯이, 한옥","서울특별시 종로구 필운대로5가길 13-4 (누하동)",37.5800052708,126.9680049295,11,110,AC,AC03,AC030200,15:00,,"{""rules"": [], ""warnings"": [""운영시간을 구조화하지 못했습니다.""], ""availability"": ""unknown"", ""closure_rules"": [], ""assumption_reason"": null}",partial,operating-hours-1.2.0,"2024-12-05 03:50:36+00","2026-08-09 02:40:01.200497+00","2026-08-08 05:25:57.108297+00","2026-08-09 02:40:01.200497+00",success,,t,,,ff209a47-72a7-46d0-b190-0a427a9afb0a,"2026-07-23 17:11:41.225101+00","2026-08-09 02:40:01.992109+00","가능(유료, 도보 5분 거리 1대)",,,,,,,,,,
3072219,32,"북촌빈관 by 락고재","서울특별시 종로구 북촌로11가길 10 (가회동) 3층 북촌빈관 by 락고재",37.5823469553,126.9842200518,11,110,AC,AC03,AC030200,15:00,,"{""rules"": [], ""warnings"": [""운영시간을 구조화하지 못했습니다.""], ""availability"": ""unknown"", ""closure_rules"": [], ""assumption_reason"": null}",partial,operating-hours-1.2.0,"2024-12-05 03:38:48+00","2026-08-09 02:40:01.200497+00","2026-08-08 05:25:57.108297+00","2026-08-09 02:40:01.200497+00",success,,t,,,ff209a47-72a7-46d0-b190-0a427a9afb0a,"2026-07-23 17:11:40.882874+00","2026-08-09 02:40:01.992109+00",불가,,,,,,,,,,
3072227,32,아담한옥,"서울특별시 종로구 필운대로6길 21 (통인동)",37.5803885888,126.9696769883,11,110,AC,AC03,AC030200,15:00,,"{""rules"": [], ""warnings"": [""운영시간을 구조화하지 못했습니다.""], ""availability"": ""unknown"", ""closure_rules"": [], ""assumption_reason"": null}",partial,operating-hours-1.2.0,"2024-11-26 07:40:37+00","2026-08-09 02:40:01.200497+00","2026-08-08 05:25:57.108297+00","2026-08-09 02:40:01.200497+00",success,,t,,,ff209a47-72a7-46d0-b190-0a427a9afb0a,"2026-07-23 17:11:41.150397+00","2026-08-09 02:40:01.992109+00",불가,,,,http://tong.visitkorea.or.kr/cms/resource/39/3070239_image2_1.jpg,http://tong.visitkorea.or.kr/cms/resource/39/3070239_image3_1.jpg,,,,,
3072235,32,"유준당 바이 버틀러리","서울특별시 종로구 계동4길 10-4 (계동)",37.5821109276,126.9873142207,11,110,AC,AC03,AC030200,15:00,,"{""rules"": [], ""warnings"": [""운영시간을 구조화하지 못했습니다.""], ""availability"": ""unknown"", ""closure_rules"": [], ""assumption_reason"": null}",partial,operating-hours-1.2.0,"2024-11-27 04:02:22+00","2026-08-09 02:40:01.200497+00","2026-08-08 05:25:57.108297+00","2026-08-09 02:40:01.200497+00",success,,t,,,ff209a47-72a7-46d0-b190-0a427a9afb0a,"2026-07-23 17:11:41.225101+00","2026-08-09 02:40:01.992109+00",불가,,,,http://tong.visitkorea.or.kr/cms/resource/56/3070756_image2_1.jpg,http://tong.visitkorea.or.kr/cms/resource/56/3070756_image3_1.jpg,,,,,
3072240,32,"온유헌 바이 버틀러리","서울특별시 종로구 계동길 92-19 (계동)",37.581610989,126.9874892192,11,110,AC,AC03,AC030200,15:00,,"{""rules"": [], ""warnings"": [""운영시간을 구조화하지 못했습니다.""], ""availability"": ""unknown"", ""closure_rules"": [], ""assumption_reason"": null}",partial,operating-hours-1.2.0,"2024-12-26 00:43:15+00","2026-08-09 02:40:01.200497+00","2026-08-08 05:25:57.108297+00","2026-08-09 02:40:01.200497+00",success,,t,,,ff209a47-72a7-46d0-b190-0a427a9afb0a,"2026-07-23 17:11:41.225101+00","2026-08-09 02:40:01.992109+00",불가,,,,http://tong.visitkorea.or.kr/cms/resource/58/3078458_image2_1.jpg,http://tong.visitkorea.or.kr/cms/resource/58/3078458_image3_1.jpg,,,,,
3072272,14,한성아트홀,"서울특별시 종로구 창경궁로 254 (명륜2가)",37.5837528768316,126.999950548017,11,110,VE,VE06,VE060100,"공연 별로 상이함","공연 별로 상이함","{""rules"": [], ""warnings"": [""운영시간을 구조화하지 못했습니다.""], ""availability"": ""unknown"", ""closure_rules"": [], ""assumption_reason"": null}",partial,operating-hours-1.2.0,"2026-04-28 00:34:01+00","2026-08-09 02:40:01.200497+00","2026-08-08 05:25:57.108297+00","2026-08-09 02:40:01.200497+00",success,,t,,,ff209a47-72a7-46d0-b190-0a427a9afb0a,"2026-07-23 17:11:41.371579+00","2026-08-09 02:40:01.992109+00",,,"공연 별로 상이함",,https://tong.visitkorea.or.kr/cms/resource/78/3025278_image2_1.jpg,https://tong.visitkorea.or.kr/cms/resource/78/3025278_image3_1.jpg,,,,,
3073454,15,"서울라이트 광화문","서울특별시 종로구 세종로 1-68 5호선 광화문역 광화문광장 일대",37.5716786179,126.9767821434,11,110,EV,EV01,EV010200,"일-목 17:30 ~ 21:30 , 금-토 17:30 ~ 22:00",,"{""rules"": [{""months"": null, ""weekdays"": null, ""source_text"": ""일-목 17:30 ~ 21:30 , 금-토 17:30 ~ 22:00"", ""time_ranges"": [{""end"": ""21:30"", ""start"": ""17:30"", ""crosses_midnight"": false}, {""end"": ""22:00"", ""start"": ""17:30"", ""crosses_midnight"": false}], ""last_admission"": null}], ""warnings"": [], ""availability"": ""scheduled"", ""closure_rules"": [], ""assumption_reason"": null}",parsed,operating-hours-1.2.0,"2025-12-11 09:00:28+00","2026-08-09 02:40:01.200497+00","2026-08-08 05:25:57.108297+00","2026-08-09 02:40:01.200497+00",success,,t,,,ff209a47-72a7-46d0-b190-0a427a9afb0a,"2026-07-23 17:11:40.955853+00","2026-08-09 02:40:01.992109+00",,,무료,,http://tong.visitkorea.or.kr/cms/resource/04/3581704_image2_1.jpg,http://tong.visitkorea.or.kr/cms/resource/04/3581704_image3_1.jpg,,,,,
3079777,32,"이비스 앰배서더 서울 인사동","서울특별시 종로구 삼일대로30길 31 (익선동)",37.5742850481,126.9893784422,11,110,AC,AC01,AC010100,14:00,,"{""rules"": [], ""warnings"": [""운영시간을 구조화하지 못했습니다.""], ""availability"": ""unknown"", ""closure_rules"": [], ""assumption_reason"": null}",partial,operating-hours-1.2.0,"2026-06-10 02:09:25+00","2026-08-09 02:40:01.200497+00","2026-08-08 05:25:57.108297+00","2026-08-09 02:40:01.200497+00",success,,t,,,ff209a47-72a7-46d0-b190-0a427a9afb0a,"2026-07-23 17:11:41.225101+00","2026-08-09 02:40:01.992109+00","가능요금 (22,000원)",,,,https://tong.visitkorea.or.kr/cms/resource/43/3550143_image2_1.jpg,https://tong.visitkorea.or.kr/cms/resource/43/3550143_image3_1.jpg,,,,,
3080583,12,필소굿캘리,"서울특별시 종로구 인사동길 55-1 (관훈동)",37.5749026229,126.9836699709,11,110,EX,EX07,EX070200,"10:00~17:00※ 사전 예약 후 방문 요망",연중무휴,"{""rules"": [{""months"": null, ""weekdays"": null, ""source_text"": ""10:00~17:00※ 사전 예약 후 방문 요망"", ""time_ranges"": [{""end"": ""17:00"", ""start"": ""10:00"", ""crosses_midnight"": false}], ""last_admission"": null}], ""warnings"": [], ""availability"": ""scheduled"", ""closure_rules"": [], ""assumption_reason"": null}",parsed,operating-hours-1.2.0,"2026-07-30 04:52:13+00","2026-08-09 02:40:01.200497+00","2026-08-08 05:25:57.108297+00","2026-08-09 02:40:01.200497+00",success,,t,,,ff209a47-72a7-46d0-b190-0a427a9afb0a,"2026-07-23 17:11:41.371579+00","2026-08-09 02:40:01.992109+00",불가능,,,,https://tong.visitkorea.or.kr/cms/resource/48/3080548_image2_1.jpg,https://tong.visitkorea.or.kr/cms/resource/48/3080548_image3_1.jpg,,,,,
3080735,14,예스24스테이지,"서울특별시 종로구 대학로12길 21 (동숭동)",37.5827488357568,127.003160767015,11,110,VE,VE06,VE060100,"- 평일 13:00~22:30- 주말 12:00~21:30","매주 월요일","{""rules"": [{""months"": null, ""weekdays"": [0, 1, 2, 3, 4], ""source_text"": "" 13:00~22:30- "", ""time_ranges"": [{""end"": ""22:30"", ""start"": ""13:00"", ""crosses_midnight"": false}], ""last_admission"": null}, {""months"": null, ""weekdays"": [5, 6], ""source_text"": "" 12:00~21:30"", ""time_ranges"": [{""end"": ""21:30"", ""start"": ""12:00"", ""crosses_midnight"": false}], ""last_admission"": null}], ""warnings"": [], ""availability"": ""scheduled"", ""closure_rules"": [{""weekdays"": [0], ""source_text"": ""매주 월요일""}], ""assumption_reason"": null}",parsed,operating-hours-1.2.0,"2026-04-29 04:52:30+00","2026-08-09 02:40:01.200497+00","2026-08-08 05:25:57.108297+00","2026-08-09 02:40:01.200497+00",success,,t,,,ff209a47-72a7-46d0-b190-0a427a9afb0a,"2026-07-23 17:11:41.150397+00","2026-08-09 02:40:01.992109+00",,,"공연 별로 상이함",,https://tong.visitkorea.or.kr/cms/resource/33/3080733_image2_1.JPG,https://tong.visitkorea.or.kr/cms/resource/33/3080733_image3_1.JPG,,,,,
3080738,14,콘텐츠박스,"서울특별시 종로구 동숭길 55 (동숭동) 지하 1층",37.5807581372802,127.004180813426,11,110,VE,VE06,VE060100,10:00~22:00,연중무휴,"{""rules"": [{""months"": null, ""weekdays"": null, ""source_text"": ""10:00~22:00"", ""time_ranges"": [{""end"": ""22:00"", ""start"": ""10:00"", ""crosses_midnight"": false}], ""last_admission"": null}], ""warnings"": [], ""availability"": ""scheduled"", ""closure_rules"": [], ""assumption_reason"": null}",parsed,operating-hours-1.2.0,"2026-03-18 01:10:05+00","2026-08-09 02:40:01.200497+00","2026-08-08 05:25:57.108297+00","2026-08-09 02:40:01.200497+00",success,,t,,,ff209a47-72a7-46d0-b190-0a427a9afb0a,"2026-07-23 17:11:41.371579+00","2026-08-09 02:40:01.992109+00",,,"※ 공연 별로 상이함",,,,,,,,
3080741,14,봄날아트홀,"서울특별시 종로구 동숭길 39 (동숭동) 지하 1층~2층",37.5799906706908,127.004265301192,11,110,VE,VE06,VE060100,13:00~22:00,"매주 화요일","{""rules"": [{""months"": null, ""weekdays"": null, ""source_text"": ""13:00~22:00"", ""time_ranges"": [{""end"": ""22:00"", ""start"": ""13:00"", ""crosses_midnight"": false}], ""last_admission"": null}], ""warnings"": [], ""availability"": ""scheduled"", ""closure_rules"": [{""weekdays"": [1], ""source_text"": ""매주 화요일""}], ""assumption_reason"": null}",parsed,operating-hours-1.2.0,"2026-03-11 01:03:40+00","2026-08-09 02:40:01.200497+00","2026-08-08 05:25:57.108297+00","2026-08-09 02:40:01.200497+00",success,,t,,,ff209a47-72a7-46d0-b190-0a427a9afb0a,"2026-07-23 17:11:40.882874+00","2026-08-09 02:40:01.992109+00",,,"공연 별로 상이함",,https://tong.visitkorea.or.kr/cms/resource/20/3506720_image2_1.jpg,https://tong.visitkorea.or.kr/cms/resource/20/3506720_image3_1.jpg,,,,,
3080770,14,대학로티오엠,"서울특별시 종로구 대학로8가길 85 (동숭동)",37.5822688489364,127.003635619057,11,110,VE,VE06,VE060100,"공연 별로 상이함","공연 별로 상이함","{""rules"": [], ""warnings"": [""운영시간을 구조화하지 못했습니다.""], ""availability"": ""unknown"", ""closure_rules"": [], ""assumption_reason"": null}",partial,operating-hours-1.2.0,"2026-04-28 07:32:09+00","2026-08-09 02:40:01.200497+00","2026-08-08 05:25:57.108297+00","2026-08-09 02:40:01.200497+00",success,,t,,,ff209a47-72a7-46d0-b190-0a427a9afb0a,"2026-07-23 17:11:40.808988+00","2026-08-09 02:40:01.992109+00",,,"공연 별로 상이함",,https://tong.visitkorea.or.kr/cms/resource/65/3080765_image2_1.JPG,https://tong.visitkorea.or.kr/cms/resource/65/3080765_image3_1.JPG,,,,,
3080775,14,유니플렉스,"서울특별시 종로구 대학로12길 64 (동숭동)",37.58125021,127.0036322023,11,110,VE,VE06,VE060100,"공연별 상이","공연별 상이","{""rules"": [], ""warnings"": [""운영시간을 구조화하지 못했습니다.""], ""availability"": ""unknown"", ""closure_rules"": [], ""assumption_reason"": null}",partial,operating-hours-1.2.0,"2025-11-04 02:36:17+00","2026-08-09 02:40:01.200497+00","2026-08-08 05:25:57.108297+00","2026-08-09 02:40:01.200497+00",success,,t,,,ff209a47-72a7-46d0-b190-0a427a9afb0a,"2026-07-23 17:11:41.225101+00","2026-08-09 02:40:01.992109+00",가능,,"공연별 상이",,http://tong.visitkorea.or.kr/cms/resource/71/3080771_image2_1.JPG,http://tong.visitkorea.or.kr/cms/resource/71/3080771_image3_1.JPG,,,,,
3081204,14,"서울시립 백남준을 기억하는 집","서울특별시 종로구 종로53길 12-1 (창신동)",37.5730655862631,127.013775561146,11,110,VE,VE07,VE070200,"10:00~19:00 (입장 마감 18:30)","매주 월요일 / 1월 1일 (단, 월요일이 공휴일인 경우 정상 개관)","{""rules"": [{""months"": null, ""weekdays"": null, ""source_text"": ""10:00~19:00 (입장 마감 18:30)"", ""time_ranges"": [{""end"": ""19:00"", ""start"": ""10:00"", ""crosses_midnight"": false}], ""last_admission"": ""18:30""}], ""warnings"": [""휴무 문구의 일부 예외를 구조화하지 못했습니다.""], ""availability"": ""scheduled"", ""closure_rules"": [{""weekdays"": [0], ""source_text"": ""매주 월요일 / 1월 1일 (단, 월요일이 공휴일인 경우 정상 개관)""}], ""assumption_reason"": null}",partial,operating-hours-1.2.0,"2026-04-06 00:42:39+00","2026-08-09 02:40:01.200497+00","2026-08-08 05:25:57.108297+00","2026-08-09 02:40:01.200497+00",success,,t,,,ff209a47-72a7-46d0-b190-0a427a9afb0a,"2026-07-23 17:11:40.955853+00","2026-08-09 02:40:01.992109+00",,,무료,,https://tong.visitkorea.or.kr/cms/resource/91/3081191_image2_1.JPG,https://tong.visitkorea.or.kr/cms/resource/91/3081191_image3_1.JPG,,,,,
3085026,14,"김현관 북촌펜드로잉","서울특별시 종로구 삼청로4길 26 (삼청동)",37.5825763081877,126.982120390773,11,110,VE,VE07,VE070300,,,"{""rules"": [], ""warnings"": [], ""availability"": ""unknown"", ""closure_rules"": [], ""assumption_reason"": null}",unknown,operating-hours-1.2.0,"2026-04-06 00:42:39+00","2026-08-09 02:40:01.200497+00","2026-08-08 05:25:57.108297+00","2026-08-09 02:40:01.200497+00",empty,,t,,,ff209a47-72a7-46d0-b190-0a427a9afb0a,"2026-07-23 17:11:40.721834+00","2026-08-09 02:40:01.992109+00",,,무료,,https://tong.visitkorea.or.kr/cms/resource/06/3084506_image2_1.JPG,https://tong.visitkorea.or.kr/cms/resource/06/3084506_image3_1.JPG,,,,,
3085030,39,"부암동 계열사","서울특별시 종로구 백석동길 7 (부암동)",37.5928750168019,126.965608538743,11,110,FD,FD03,FD030300,"- 화요일~토요일 12:00~22:30- 일요일 12:00~22:00","매주 월요일","{""rules"": [{""months"": null, ""weekdays"": [1, 2, 3, 4, 5], ""source_text"": "" 12:00~22:30- "", ""time_ranges"": [{""end"": ""22:30"", ""start"": ""12:00"", ""crosses_midnight"": false}], ""last_admission"": null}, {""months"": null, ""weekdays"": [6], ""source_text"": "" 12:00~22:00"", ""time_ranges"": [{""end"": ""22:00"", ""start"": ""12:00"", ""crosses_midnight"": false}], ""last_admission"": null}], ""warnings"": [], ""availability"": ""scheduled"", ""closure_rules"": [{""weekdays"": [0], ""source_text"": ""매주 월요일""}], ""assumption_reason"": null}",parsed,operating-hours-1.2.0,"2026-04-08 09:04:33+00","2026-08-09 02:40:01.200497+00","2026-08-08 05:25:57.108297+00","2026-08-09 02:40:01.200497+00",success,,t,,,ff209a47-72a7-46d0-b190-0a427a9afb0a,"2026-07-23 17:11:40.882874+00","2026-08-09 02:40:01.992109+00",불가능,,,,https://tong.visitkorea.or.kr/cms/resource/98/3084498_image2_1.JPG,https://tong.visitkorea.or.kr/cms/resource/98/3084498_image3_1.JPG,,,,,
3085035,14,금보성아트센터,"서울특별시 종로구 평창36길 20 (평창동)",37.6126738756,126.9780891951,11,110,VE,VE07,VE070600,10:00~18:00,"매주 일요일","{""rules"": [{""months"": null, ""weekdays"": null, ""source_text"": ""10:00~18:00"", ""time_ranges"": [{""end"": ""18:00"", ""start"": ""10:00"", ""crosses_midnight"": false}], ""last_admission"": null}], ""warnings"": [], ""availability"": ""scheduled"", ""closure_rules"": [{""weekdays"": [6], ""source_text"": ""매주 일요일""}], ""assumption_reason"": null}",parsed,operating-hours-1.2.0,"2025-11-04 01:18:33+00","2026-08-09 02:40:01.200497+00","2026-08-08 05:25:57.108297+00","2026-08-09 02:40:01.200497+00",success,,t,,,ff209a47-72a7-46d0-b190-0a427a9afb0a,"2026-07-23 17:11:40.721834+00","2026-08-09 02:40:01.992109+00",가능,,"프로그램별 상이",,http://tong.visitkorea.or.kr/cms/resource/53/3084453_image2_1.JPG,http://tong.visitkorea.or.kr/cms/resource/53/3084453_image3_1.JPG,,,,,
3085314,12,"북촌전통발효공방 빚담","서울특별시 종로구 북촌로12길 5-12 (가회동)",37.5823494509166,126.985501133501,11,110,EX,EX01,EX010100,11:00~17:00,"매주 월요일~화요일","{""rules"": [{""months"": null, ""weekdays"": null, ""source_text"": ""11:00~17:00"", ""time_ranges"": [{""end"": ""17:00"", ""start"": ""11:00"", ""crosses_midnight"": false}], ""last_admission"": null}], ""warnings"": [], ""availability"": ""scheduled"", ""closure_rules"": [{""weekdays"": [0, 1], ""source_text"": ""매주 월요일~화요일""}], ""assumption_reason"": null}",parsed,operating-hours-1.2.0,"2026-04-06 00:42:39+00","2026-08-09 02:40:01.200497+00","2026-08-08 05:25:57.108297+00","2026-08-09 02:40:01.200497+00",success,,t,,,ff209a47-72a7-46d0-b190-0a427a9afb0a,"2026-07-23 17:11:40.882874+00","2026-08-09 02:40:01.992109+00",불가능,,,,https://tong.visitkorea.or.kr/cms/resource/46/3084046_image2_1.JPG,https://tong.visitkorea.or.kr/cms/resource/46/3084046_image3_1.JPG,,,,,
3094094,39,"삼일 금룡","서울특별시 종로구 청계천로 85 (관철동)",37.5686510256115,126.987166336313,11,110,FD,FD01,FD010100,"- 11:30~21:00- 준비시간 14:30~17:30- 마지막 주문 20:00","매주 토요일 / 일요일 / 공휴일","{""rules"": [{""months"": null, ""weekdays"": null, ""source_text"": ""- 11:30~21:00- 준비시간 14:30~17:30- 마지막 주문 20:00"", ""time_ranges"": [{""end"": ""21:00"", ""start"": ""11:30"", ""crosses_midnight"": false}, {""end"": ""17:30"", ""start"": ""14:30"", ""crosses_midnight"": false}], ""last_admission"": null}], ""warnings"": [""휴무 문구의 일부 예외를 구조화하지 못했습니다.""], ""availability"": ""scheduled"", ""closure_rules"": [{""weekdays"": [5, 6], ""source_text"": ""매주 토요일 / 일요일 / 공휴일""}], ""assumption_reason"": null}",partial,operating-hours-1.2.0,"2026-04-14 02:14:18+00","2026-08-09 02:40:01.200497+00","2026-08-08 05:25:57.108297+00","2026-08-09 02:40:01.200497+00",success,,t,,,ff209a47-72a7-46d0-b190-0a427a9afb0a,"2026-07-23 17:11:40.955853+00","2026-08-09 02:40:01.992109+00",가능,,,,https://tong.visitkorea.or.kr/cms/resource/88/3094088_image2_1.jpg,https://tong.visitkorea.or.kr/cms/resource/88/3094088_image3_1.jpg,,,,,
3094113,39,나누미떡볶이,"서울특별시 종로구 성균관로 9-1 (명륜2가)",37.5838331404,126.9979270937,11,110,FD,FD01,FD010100,00:00~24:00,"설·추석 연휴","{""rules"": [{""months"": null, ""weekdays"": null, ""source_text"": ""00:00~24:00"", ""time_ranges"": [{""end"": ""23:59"", ""start"": ""00:00"", ""crosses_midnight"": false}], ""last_admission"": null}], ""warnings"": [""휴무 문구의 일부 예외를 구조화하지 못했습니다.""], ""availability"": ""scheduled"", ""closure_rules"": [], ""assumption_reason"": null}",partial,operating-hours-1.2.0,"2025-10-23 05:30:00+00","2026-08-09 02:40:01.200497+00","2026-08-08 05:25:57.108297+00","2026-08-09 02:40:01.200497+00",success,,t,,,ff209a47-72a7-46d0-b190-0a427a9afb0a,"2026-07-23 17:11:40.808988+00","2026-08-09 02:40:01.992109+00",,,,,http://tong.visitkorea.or.kr/cms/resource/12/3094112_image2_1.jpg,http://tong.visitkorea.or.kr/cms/resource/12/3094112_image3_1.jpg,,,,,
3094138,39,"샤오바오우육면 종로본점","서울특별시 종로구 삼일대로17길 15 (관철동)",37.5691374236,126.9866396503,11,110,FD,FD01,FD010100,"- 10:00~22:00<br>- 준비시간 15:30~16:30<br>- 마지막 주문 21:30",연중무휴,"{""rules"": [{""months"": null, ""weekdays"": null, ""source_text"": ""- 10:00~22:00"", ""time_ranges"": [{""end"": ""22:00"", ""start"": ""10:00"", ""crosses_midnight"": false}], ""last_admission"": null}, {""months"": null, ""weekdays"": null, ""source_text"": ""- 준비시간 15:30~16:30"", ""time_ranges"": [{""end"": ""16:30"", ""start"": ""15:30"", ""crosses_midnight"": false}], ""last_admission"": null}], ""warnings"": [], ""availability"": ""scheduled"", ""closure_rules"": [], ""assumption_reason"": null}",parsed,operating-hours-1.2.0,"2025-10-23 05:30:00+00","2026-08-09 02:40:01.200497+00","2026-08-08 05:25:57.108297+00","2026-08-09 02:40:01.200497+00",success,,t,,,ff209a47-72a7-46d0-b190-0a427a9afb0a,"2026-07-23 17:11:40.955853+00","2026-08-09 02:40:01.992109+00",불가능,,,,http://tong.visitkorea.or.kr/cms/resource/36/3094136_image2_1.jpg,http://tong.visitkorea.or.kr/cms/resource/36/3094136_image3_1.jpg,,,,,
3094421,39,"일품진진수라 광화문점","서울특별시 종로구 종로5길 7 (청진동) 타워8빌딩 지하 2층",37.5706160804205,126.980559897056,11,110,FD,FD01,FD010100,"- 11:00~21:30- 준비시간 15:00~17:00- 마지막 주문 20:00",연중무휴,"{""rules"": [{""months"": null, ""weekdays"": null, ""source_text"": ""- 11:00~21:30- 준비시간 15:00~17:00- 마지막 주문 20:00"", ""time_ranges"": [{""end"": ""21:30"", ""start"": ""11:00"", ""crosses_midnight"": false}, {""end"": ""17:00"", ""start"": ""15:00"", ""crosses_midnight"": false}], ""last_admission"": null}], ""warnings"": [], ""availability"": ""scheduled"", ""closure_rules"": [], ""assumption_reason"": null}",parsed,operating-hours-1.2.0,"2026-03-13 08:24:10+00","2026-08-09 02:40:01.200497+00","2026-08-08 05:25:57.108297+00","2026-08-09 02:40:01.200497+00",success,,t,,,ff209a47-72a7-46d0-b190-0a427a9afb0a,"2026-07-23 17:11:41.296349+00","2026-08-09 02:40:01.992109+00",가능,,,,https://tong.visitkorea.or.kr/cms/resource/82/3591882_image2_1.jpg,https://tong.visitkorea.or.kr/cms/resource/82/3591882_image3_1.jpg,,,,,
3094461,39,호면정,"서울특별시 종로구 청계천로 35 (서린동)",37.5693928548,126.9813928988,11,110,FD,FD01,FD010100,"- 10:30~21:20<br>- 준비시간 14:30~16:30<br>- 마지막 주문 20:40",주말,"{""rules"": [{""months"": null, ""weekdays"": null, ""source_text"": ""- 10:30~21:20"", ""time_ranges"": [{""end"": ""21:20"", ""start"": ""10:30"", ""crosses_midnight"": false}], ""last_admission"": null}, {""months"": null, ""weekdays"": null, ""source_text"": ""- 준비시간 14:30~16:30"", ""time_ranges"": [{""end"": ""16:30"", ""start"": ""14:30"", ""crosses_midnight"": false}], ""last_admission"": null}], ""warnings"": [""휴무 문구의 일부 예외를 구조화하지 못했습니다.""], ""availability"": ""scheduled"", ""closure_rules"": [], ""assumption_reason"": null}",partial,operating-hours-1.2.0,"2025-11-03 05:59:02+00","2026-08-09 02:40:01.200497+00","2026-08-08 05:25:57.108297+00","2026-08-09 02:40:01.200497+00",success,,t,,,ff209a47-72a7-46d0-b190-0a427a9afb0a,"2026-07-23 17:11:41.44801+00","2026-08-09 02:40:01.992109+00",가능,,,,http://tong.visitkorea.or.kr/cms/resource/54/3094454_image2_1.jpg,http://tong.visitkorea.or.kr/cms/resource/54/3094454_image3_1.jpg,,,,,
3097714,14,서촌라운지,"서울특별시 종로구 필운대로 27-4 (누하동)",37.5784950496,126.9688715852,11,110,VE,VE07,VE070300,"- 화요일~목요일/토요일~일요일 11:00~19:00- 금요일 12:00~20:00","매주 월요일 / 법정공휴일","{""rules"": [{""months"": null, ""weekdays"": [1, 2, 3, 5, 6], ""source_text"": "" 11:00~19:00- "", ""time_ranges"": [{""end"": ""19:00"", ""start"": ""11:00"", ""crosses_midnight"": false}], ""last_admission"": null}, {""months"": null, ""weekdays"": [4], ""source_text"": "" 12:00~20:00"", ""time_ranges"": [{""end"": ""20:00"", ""start"": ""12:00"", ""crosses_midnight"": false}], ""last_admission"": null}], ""warnings"": [""휴무 문구의 일부 예외를 구조화하지 못했습니다.""], ""availability"": ""scheduled"", ""closure_rules"": [{""weekdays"": [0], ""source_text"": ""매주 월요일 / 법정공휴일""}], ""assumption_reason"": null}",partial,operating-hours-1.2.0,"2026-07-20 07:12:33+00","2026-08-09 02:40:01.200497+00","2026-08-08 05:25:57.108297+00","2026-08-09 02:40:01.200497+00",success,,t,,,ff209a47-72a7-46d0-b190-0a427a9afb0a,"2026-07-23 17:11:40.955853+00","2026-08-09 02:40:01.992109+00",,,무료,,https://tong.visitkorea.or.kr/cms/resource/82/3097682_image2_1.jpg,https://tong.visitkorea.or.kr/cms/resource/82/3097682_image3_1.jpg,,,,,
3101911,32,비바라비다,"서울특별시 종로구 율곡로 110-15 (권농동)",37.5770199258,126.9913889942,11,110,AC,AC03,AC030200,16:00,,"{""rules"": [], ""warnings"": [""운영시간을 구조화하지 못했습니다.""], ""availability"": ""unknown"", ""closure_rules"": [], ""assumption_reason"": null}",partial,operating-hours-1.0.0,"2024-07-31 00:21:54+00","2026-07-23 17:16:48.538813+00","2026-07-23 17:16:48.538813+00","2026-07-23 17:16:48.538813+00",success,,f,missing_from_source,"2026-07-29 10:28:28.906487+00",9fe817b4-a60d-4ea0-8f88-0623954b32f0,"2026-07-23 17:11:40.882874+00","2026-07-29 10:28:29.019834+00",,,,,,,,,,,
3101922,32,더파더스,"서울특별시 종로구 창경궁로 231 (명륜4가)",37.5827082736,126.9980493367,11,110,AC,AC06,AC060200,,,"{""rules"": [], ""warnings"": [], ""availability"": ""unknown"", ""closure_rules"": [], ""assumption_reason"": null}",unknown,operating-hours-1.2.0,"2024-08-19 09:04:49+00","2026-08-09 02:40:01.200497+00","2026-08-08 05:25:57.108297+00","2026-08-09 02:40:01.200497+00",empty,,t,,,ff209a47-72a7-46d0-b190-0a427a9afb0a,"2026-07-23 17:11:40.808988+00","2026-08-09 02:40:01.992109+00","불가(인근 유료 주차장 이용)",,,,,,,,,,
3102099,32,하이얀,"서울특별시 종로구 지봉로13가길 30 (창신동)",37.5775785936,127.0136147307,11,110,AC,AC03,AC030100,15:00,,"{""rules"": [], ""warnings"": [""운영시간을 구조화하지 못했습니다.""], ""availability"": ""unknown"", ""closure_rules"": [], ""assumption_reason"": null}",partial,operating-hours-1.2.0,"2025-09-01 06:21:42+00","2026-08-09 02:40:01.200497+00","2026-08-08 05:25:57.108297+00","2026-08-09 02:40:01.200497+00",success,,t,,,ff209a47-72a7-46d0-b190-0a427a9afb0a,"2026-07-23 17:11:41.371579+00","2026-08-09 02:40:01.992109+00",가능,,,,,,,,,,
3102112,32,이호소락,"서울특별시 종로구 북촌로5가길 17-8 (소격동)",37.5802499315,126.9816842313,11,110,AC,AC03,AC030200,16:00,,"{""rules"": [], ""warnings"": [""운영시간을 구조화하지 못했습니다.""], ""availability"": ""unknown"", ""closure_rules"": [], ""assumption_reason"": null}",partial,operating-hours-1.0.0,"2024-07-31 01:36:37+00","2026-07-29 10:28:20.07778+00","2026-07-23 17:16:48.538813+00","2026-07-29 10:28:20.07778+00",success,,f,missing_from_source,"2026-08-04 06:12:05.164879+00",d474ee14-af7f-40f5-a326-6f6ba27e7ff2,"2026-07-23 17:11:41.225101+00","2026-08-04 06:12:05.220993+00",,,,,,,,,,,
3102210,32,선음재,"서울특별시 종로구 북촌로 94-14 (가회동) 선음재",37.5850966614,126.9856309563,11,110,AC,AC03,AC030200,15:00,,"{""rules"": [], ""warnings"": [""운영시간을 구조화하지 못했습니다.""], ""availability"": ""unknown"", ""closure_rules"": [], ""assumption_reason"": null}",partial,operating-hours-1.2.0,"2024-12-05 03:42:30+00","2026-08-09 02:40:01.200497+00","2026-08-08 05:25:57.108297+00","2026-08-09 02:40:01.200497+00",success,,t,,,ff209a47-72a7-46d0-b190-0a427a9afb0a,"2026-07-23 17:11:40.955853+00","2026-08-09 02:40:01.992109+00",가능,,,,,,,,,,
3105331,32,"여인숙 깔마","서울특별시 종로구 자하문로7길 68-3 (누하동) 101호",37.5804885676,126.9691325909,11,110,AC,AC06,AC060200,14:00,,"{""rules"": [], ""warnings"": [""운영시간을 구조화하지 못했습니다.""], ""availability"": ""unknown"", ""closure_rules"": [], ""assumption_reason"": null}",partial,operating-hours-1.0.0,"2024-07-31 01:06:29+00","2026-07-29 10:28:20.07778+00","2026-07-23 17:16:48.538813+00","2026-07-29 10:28:20.07778+00",success,,f,missing_from_source,"2026-08-04 06:12:05.164879+00",d474ee14-af7f-40f5-a326-6f6ba27e7ff2,"2026-07-23 17:11:41.150397+00","2026-08-04 06:12:05.220993+00",,,,,,,,,,,
3106658,14,"[K드라마 촬영지] 공근혜갤러리","서울특별시 종로구 삼청로7길 38",37.5840827831,126.9796815273,11,110,VE,VE07,VE070600,"10:30 ~ 17:30","매주 일, 월 휴무","{""rules"": [{""months"": null, ""weekdays"": null, ""source_text"": ""10:30 ~ 17:30"", ""time_ranges"": [{""end"": ""17:30"", ""start"": ""10:30"", ""crosses_midnight"": false}], ""last_admission"": null}], ""warnings"": [], ""availability"": ""scheduled"", ""closure_rules"": [{""weekdays"": [0, 6], ""source_text"": ""매주 일, 월 휴무""}], ""assumption_reason"": null}",parsed,operating-hours-1.2.0,"2025-08-26 08:42:03+00","2026-08-09 02:40:01.200497+00","2026-08-08 05:25:57.108297+00","2026-08-09 02:40:01.200497+00",success,,t,,,ff209a47-72a7-46d0-b190-0a427a9afb0a,"2026-07-23 17:11:41.44801+00","2026-08-09 02:40:01.992109+00",있음,,"전시별 상이",,http://tong.visitkorea.or.kr/cms/resource/86/3095786_image2_1.jpg,http://tong.visitkorea.or.kr/cms/resource/86/3095786_image3_1.jpg,,,,,
3113222,15,"온 가족 책 잔치","서울특별시 종로구 북촌로5길 48 (화동)",37.5797361152,126.982378627,11,110,EV,EV01,EV010600,11:00~17:00,,"{""rules"": [{""months"": null, ""weekdays"": null, ""source_text"": ""11:00~17:00"", ""time_ranges"": [{""end"": ""17:00"", ""start"": ""11:00"", ""crosses_midnight"": false}], ""last_admission"": null}], ""warnings"": [], ""availability"": ""scheduled"", ""closure_rules"": [], ""assumption_reason"": null}",parsed,operating-hours-1.2.0,"2025-11-11 04:34:09+00","2026-08-09 02:40:01.200497+00","2026-08-08 05:25:57.108297+00","2026-08-09 02:40:01.200497+00",success,,t,,,ff209a47-72a7-46d0-b190-0a427a9afb0a,"2026-07-23 17:11:41.225101+00","2026-08-09 02:40:01.992109+00",,,무료,,http://tong.visitkorea.or.kr/cms/resource/51/3564751_image2_1.jpg,http://tong.visitkorea.or.kr/cms/resource/51/3564751_image3_1.jpg,,,,,
319578,12,"소림사(서울)","서울특별시 종로구 세검정로 241-3 (홍지동)",37.6012618293867,126.958904623994,11,110,HS,HS03,HS030100,"09:00~18:00※ 전화 문의 후 방문 요망",연중무휴,"{""rules"": [{""months"": null, ""weekdays"": null, ""source_text"": ""09:00~18:00※ 전화 문의 후 방문 요망"", ""time_ranges"": [{""end"": ""18:00"", ""start"": ""09:00"", ""crosses_midnight"": false}], ""last_admission"": null}], ""warnings"": [], ""availability"": ""scheduled"", ""closure_rules"": [], ""assumption_reason"": null}",parsed,operating-hours-1.2.0,"2026-03-05 00:58:51+00","2026-08-09 02:40:01.200497+00","2026-08-08 05:25:57.108297+00","2026-08-09 02:40:01.200497+00",success,,t,,,ff209a47-72a7-46d0-b190-0a427a9afb0a,"2026-07-23 17:11:40.955853+00","2026-08-09 02:40:01.992109+00",불가능,,,,https://tong.visitkorea.or.kr/cms/resource/00/3481900_image2_1.jpg,https://tong.visitkorea.or.kr/cms/resource/00/3481900_image3_1.jpg,,,,,
3301905,14,"제3의 시간","서울특별시 종로구 대학로10길 8 (동숭동) 3층~5층",37.581578271361,127.002617935151,11,110,VE,VE09,VE090300,"- 수요일~금요일 13:00~18:00- 토요일 10:00~13:00※ 사전 예약제로 운영함으로 홈페이지 참조 및 전화 문의 요망","매주 일요일~화요일 / 법정공휴일","{""rules"": [{""months"": null, ""weekdays"": [2, 3, 4], ""source_text"": "" 13:00~18:00- "", ""time_ranges"": [{""end"": ""18:00"", ""start"": ""13:00"", ""crosses_midnight"": false}], ""last_admission"": null}, {""months"": null, ""weekdays"": [5], ""source_text"": "" 10:00~13:00※ 사전 예약제로 운영함으로 홈페이지 참조 및 전화 문의 요망"", ""time_ranges"": [{""end"": ""13:00"", ""start"": ""10:00"", ""crosses_midnight"": false}], ""last_admission"": null}], ""warnings"": [""휴무 문구의 일부 예외를 구조화하지 못했습니다.""], ""availability"": ""scheduled"", ""closure_rules"": [{""weekdays"": [0, 1, 6], ""source_text"": ""매주 일요일~화요일 / 법정공휴일""}], ""assumption_reason"": null}",partial,operating-hours-1.2.0,"2026-04-06 02:23:37+00","2026-08-09 02:40:01.200497+00","2026-08-08 05:25:57.108297+00","2026-08-09 02:40:01.200497+00",success,,t,,,ff209a47-72a7-46d0-b190-0a427a9afb0a,"2026-07-23 17:11:41.296349+00","2026-08-09 02:40:01.992109+00",,,무료,,https://tong.visitkorea.or.kr/cms/resource/85/3301885_image2_1.jpg,https://tong.visitkorea.or.kr/cms/resource/85/3301885_image3_1.jpg,,,,,
3306045,38,"올리브영 대학로점","서울특별시 종로구 창경궁로 237 (명륜2가) 1층-3층",37.5830612363068,126.998514956905,11,110,SH,SH04,SH040300,10:00-22:30,,"{""rules"": [{""months"": null, ""weekdays"": null, ""source_text"": ""10:00-22:30"", ""time_ranges"": [{""end"": ""22:30"", ""start"": ""10:00"", ""crosses_midnight"": false}], ""last_admission"": null}], ""warnings"": [], ""availability"": ""scheduled"", ""closure_rules"": [], ""assumption_reason"": null}",parsed,operating-hours-1.2.0,"2026-03-17 01:12:59+00","2026-08-09 02:40:01.200497+00","2026-08-08 05:25:57.108297+00","2026-08-09 02:40:01.200497+00",success,,t,,,ff209a47-72a7-46d0-b190-0a427a9afb0a,"2026-07-23 17:11:41.225101+00","2026-08-09 02:40:01.992109+00",불가능,,,,https://tong.visitkorea.or.kr/cms/resource/07/4028807_image2_1.jpeg,https://tong.visitkorea.or.kr/cms/resource/07/4028807_image3_1.jpeg,,,,,
3306159,38,금박연,"서울특별시 종로구 북촌로12길 24-12 (가회동)",37.5826275100841,126.986186699979,11,110,SH,SH04,SH040300,10:00~17:00,명절,"{""rules"": [{""months"": null, ""weekdays"": null, ""source_text"": ""10:00~17:00"", ""time_ranges"": [{""end"": ""17:00"", ""start"": ""10:00"", ""crosses_midnight"": false}], ""last_admission"": null}], ""warnings"": [""휴무 문구의 일부 예외를 구조화하지 못했습니다.""], ""availability"": ""scheduled"", ""closure_rules"": [], ""assumption_reason"": null}",partial,operating-hours-1.2.0,"2026-04-11 18:08:02+00","2026-08-09 02:40:01.200497+00","2026-08-08 05:25:57.108297+00","2026-08-09 02:40:01.200497+00",success,,t,,,ff209a47-72a7-46d0-b190-0a427a9afb0a,"2026-07-23 17:11:40.721834+00","2026-08-09 02:40:01.992109+00",불가능,,,,https://tong.visitkorea.or.kr/cms/resource/69/4020469_image2_1.jpg,https://tong.visitkorea.or.kr/cms/resource/69/4020469_image3_1.jpg,,,,,
3306538,38,한복마루,"서울특별시 종로구 종로 207 (종로5가) 4층",37.5712907438053,127.000709973643,11,110,SH,SH04,SH040300,10:00~18:00,월요일,"{""rules"": [{""months"": null, ""weekdays"": null, ""source_text"": ""10:00~18:00"", ""time_ranges"": [{""end"": ""18:00"", ""start"": ""10:00"", ""crosses_midnight"": false}], ""last_admission"": null}], ""warnings"": [""휴무 문구의 일부 예외를 구조화하지 못했습니다.""], ""availability"": ""scheduled"", ""closure_rules"": [], ""assumption_reason"": null}",partial,operating-hours-1.2.0,"2026-03-27 00:21:50+00","2026-08-09 02:40:01.200497+00","2026-08-08 05:25:57.108297+00","2026-08-09 02:40:01.200497+00",success,,t,,,ff209a47-72a7-46d0-b190-0a427a9afb0a,"2026-07-23 17:11:41.371579+00","2026-08-09 02:40:01.992109+00",불가능,,,,https://tong.visitkorea.or.kr/cms/resource/89/4044589_image2_1.jpg,https://tong.visitkorea.or.kr/cms/resource/89/4044589_image3_1.jpg,,,,,
3306639,38,"올리브영 혜화역점","서울특별시 종로구 대학로 122 (동숭동)",37.582188882319,127.002249558739,11,110,SH,SH04,SH040300,10:00-22:30,,"{""rules"": [{""months"": null, ""weekdays"": null, ""source_text"": ""10:00-22:30"", ""time_ranges"": [{""end"": ""22:30"", ""start"": ""10:00"", ""crosses_midnight"": false}], ""last_admission"": null}], ""warnings"": [], ""availability"": ""scheduled"", ""closure_rules"": [], ""assumption_reason"": null}",parsed,operating-hours-1.2.0,"2026-03-17 01:12:59+00","2026-08-09 02:40:01.200497+00","2026-08-08 05:25:57.108297+00","2026-08-09 02:40:01.200497+00",success,,t,,,ff209a47-72a7-46d0-b190-0a427a9afb0a,"2026-07-23 17:11:41.225101+00","2026-08-09 02:40:01.992109+00",불가능,,,,https://tong.visitkorea.or.kr/cms/resource/93/4028793_image2_1.png,https://tong.visitkorea.or.kr/cms/resource/93/4028793_image3_1.png,,,,,
3306733,38,르미엘성형외과의원,"서울특별시 종로구 종로 120 (종로3가) 동영타워 3층",37.5700680162517,126.99091787405,11,110,SH,SH04,SH040300,10:00-19:00,공휴일,"{""rules"": [{""months"": null, ""weekdays"": null, ""source_text"": ""10:00-19:00"", ""time_ranges"": [{""end"": ""19:00"", ""start"": ""10:00"", ""crosses_midnight"": false}], ""last_admission"": null}], ""warnings"": [""휴무 문구의 일부 예외를 구조화하지 못했습니다.""], ""availability"": ""scheduled"", ""closure_rules"": [], ""assumption_reason"": null}",partial,operating-hours-1.2.0,"2026-03-30 00:16:11+00","2026-08-09 02:40:01.200497+00","2026-08-08 05:25:57.108297+00","2026-08-09 02:40:01.200497+00",success,,t,,,ff209a47-72a7-46d0-b190-0a427a9afb0a,"2026-07-23 17:11:40.882874+00","2026-08-09 02:40:01.992109+00",가능,,,,https://tong.visitkorea.or.kr/cms/resource/15/4017215_image2_1.jpg,https://tong.visitkorea.or.kr/cms/resource/15/4017215_image3_1.jpg,,,,,
3306792,38,"올리브영 종로점","서울특별시 종로구 종로 78 (종로2가) 미려빌딩 1층",37.5698795927378,126.986041334865,11,110,SH,SH04,SH040300,09:00-22:30,,"{""rules"": [{""months"": null, ""weekdays"": null, ""source_text"": ""09:00-22:30"", ""time_ranges"": [{""end"": ""22:30"", ""start"": ""09:00"", ""crosses_midnight"": false}], ""last_admission"": null}], ""warnings"": [], ""availability"": ""scheduled"", ""closure_rules"": [], ""assumption_reason"": null}",parsed,operating-hours-1.2.0,"2026-03-17 01:12:59+00","2026-08-09 02:40:01.200497+00","2026-08-08 05:25:57.108297+00","2026-08-09 02:40:01.200497+00",success,,t,,,ff209a47-72a7-46d0-b190-0a427a9afb0a,"2026-07-23 17:11:41.225101+00","2026-08-09 02:40:01.992109+00",불가능,,,,https://tong.visitkorea.or.kr/cms/resource/06/4028806_image2_1.jpg,https://tong.visitkorea.or.kr/cms/resource/06/4028806_image3_1.jpg,,,,,
3306992,38,"올리브영 대학로중앙점","서울특별시 종로구 대학로 144 (혜화동)",37.5839815923013,127.002064503637,11,110,SH,SH04,SH040300,10:00-23:00,,"{""rules"": [{""months"": null, ""weekdays"": null, ""source_text"": ""10:00-23:00"", ""time_ranges"": [{""end"": ""23:00"", ""start"": ""10:00"", ""crosses_midnight"": false}], ""last_admission"": null}], ""warnings"": [], ""availability"": ""scheduled"", ""closure_rules"": [], ""assumption_reason"": null}",parsed,operating-hours-1.2.0,"2026-03-17 01:12:59+00","2026-08-09 02:40:01.200497+00","2026-08-08 05:25:57.108297+00","2026-08-09 02:40:01.200497+00",success,,t,,,ff209a47-72a7-46d0-b190-0a427a9afb0a,"2026-07-23 17:11:41.225101+00","2026-08-09 02:40:01.992109+00",불가능,,,,https://tong.visitkorea.or.kr/cms/resource/94/4028794_image2_1.jpg,https://tong.visitkorea.or.kr/cms/resource/94/4028794_image3_1.jpg,,,,,
3307593,38,북촌약국,"서울특별시 종로구 율곡로3길 71 (소격동) 1층",37.578760425669,126.982029034848,11,110,SH,SH04,SH040300,10:00~20:00,,"{""rules"": [{""months"": null, ""weekdays"": null, ""source_text"": ""10:00~20:00"", ""time_ranges"": [{""end"": ""20:00"", ""start"": ""10:00"", ""crosses_midnight"": false}], ""last_admission"": null}], ""warnings"": [], ""availability"": ""scheduled"", ""closure_rules"": [], ""assumption_reason"": null}",parsed,operating-hours-1.2.0,"2026-03-27 00:21:50+00","2026-08-09 02:40:01.200497+00","2026-08-08 05:25:57.108297+00","2026-08-09 02:40:01.200497+00",success,,t,,,ff209a47-72a7-46d0-b190-0a427a9afb0a,"2026-07-23 17:11:40.882874+00","2026-08-09 02:40:01.992109+00",불가능,,,,https://tong.visitkorea.or.kr/cms/resource/43/4045143_image2_1.png,https://tong.visitkorea.or.kr/cms/resource/43/4045143_image3_1.png,,,,,
3338707,14,"뮤지엄한미 삼청","서울특별시 종로구 삼청로9길 45 (삼청동)",37.5882810410331,126.980878869454,11,110,VE,VE07,VE070300,10:00~18:00,"매주 월요일","{""rules"": [{""months"": null, ""weekdays"": null, ""source_text"": ""10:00~18:00"", ""time_ranges"": [{""end"": ""18:00"", ""start"": ""10:00"", ""crosses_midnight"": false}], ""last_admission"": null}], ""warnings"": [], ""availability"": ""scheduled"", ""closure_rules"": [{""weekdays"": [0], ""source_text"": ""매주 월요일""}], ""assumption_reason"": null}",parsed,operating-hours-1.2.0,"2026-05-20 01:14:35+00","2026-08-09 02:40:01.200497+00","2026-08-08 05:25:57.108297+00","2026-08-09 02:40:01.200497+00",success,,t,,,ff209a47-72a7-46d0-b190-0a427a9afb0a,"2026-07-23 17:11:40.882874+00","2026-08-09 02:40:01.992109+00",,,"- 성인 (만 18세 이상~65세 미만) 15,000원
- 학생 (만 7세 이상~18세 미만) 7,500원
- 경로 (만 65세 이상) 7,500원
- 종로구민/재직자/재학생 (종로구 거주자/종로구 소재 학생 및 직장인) 7,500원
※ 무료
- 미취학 아동 (만 7세 미만) / 국가유공자 / 복지카드 소지자 / ICOM 카드 소지자 / 문화가 있는 날 (매월 마지막 주 수요일)
※ 이용요금은 변동될 수 있으므로 자세한 사항은 홈페이지 참조 또는 전화 문의 요망","성인 10인 이상 단체일 경우 1인당 1,000원 할인 (중복할인 없음)",https://tong.visitkorea.or.kr/cms/resource/11/3338711_image2_1.png,https://tong.visitkorea.or.kr/cms/resource/11/3338711_image3_1.png,,,,,
3339644,32,"포시즌스 호텔 서울(광화문미래에셋호텔)","서울특별시 종로구 새문안로 97 (당주동)",37.5706978855118,126.975398196755,11,110,AC,AC01,AC010100,15:00,,"{""rules"": [], ""warnings"": [""운영시간을 구조화하지 못했습니다.""], ""availability"": ""unknown"", ""closure_rules"": [], ""assumption_reason"": null}",partial,operating-hours-1.2.0,"2026-04-06 05:16:26+00","2026-08-09 02:40:01.200497+00","2026-08-08 05:25:57.108297+00","2026-08-09 02:40:01.200497+00",success,,t,,,ff209a47-72a7-46d0-b190-0a427a9afb0a,"2026-07-23 17:11:41.371579+00","2026-08-09 02:40:01.992109+00","가능 (약 207대)",,,,https://tong.visitkorea.or.kr/cms/resource/32/3339632_image2_1.jpg,https://tong.visitkorea.or.kr/cms/resource/32/3339632_image3_1.jpg,,,,,
3354488,14,"인왕산 숲속쉼터","서울특별시 종로구 청운동 산4-36",37.586793,126.962104,11,110,VE,VE12,VE120300,"화요일~일요일 10:00~17:00","매주 월요일","{""rules"": [{""months"": null, ""weekdays"": [1, 2, 3, 4, 5, 6], ""source_text"": "" 10:00~17:00"", ""time_ranges"": [{""end"": ""17:00"", ""start"": ""10:00"", ""crosses_midnight"": false}], ""last_admission"": null}], ""warnings"": [], ""availability"": ""scheduled"", ""closure_rules"": [{""weekdays"": [0], ""source_text"": ""매주 월요일""}], ""assumption_reason"": null}",parsed,operating-hours-1.2.0,"2026-04-02 06:31:02+00","2026-08-09 02:40:01.200497+00","2026-08-08 05:25:57.108297+00","2026-08-09 02:40:01.200497+00",success,,t,,,ff209a47-72a7-46d0-b190-0a427a9afb0a,"2026-07-23 17:11:41.225101+00","2026-08-09 02:40:01.992109+00",,,무료,,https://tong.visitkorea.or.kr/cms/resource/90/3540890_image2_1.jpg,https://tong.visitkorea.or.kr/cms/resource/90/3540890_image3_1.jpg,,,,,
3354975,38,"광장시장 365일장","서울특별시 종로구 종로32길 21 (종로5가) 1층",37.5700918209995,127.001312936868,11,110,SH,SH05,SH050200,10:00~19:00,연중무휴,"{""rules"": [{""months"": null, ""weekdays"": null, ""source_text"": ""10:00~19:00"", ""time_ranges"": [{""end"": ""19:00"", ""start"": ""10:00"", ""crosses_midnight"": false}], ""last_admission"": null}], ""warnings"": [], ""availability"": ""scheduled"", ""closure_rules"": [], ""assumption_reason"": null}",parsed,operating-hours-1.2.0,"2026-04-02 06:20:45+00","2026-08-09 02:40:01.200497+00","2026-08-08 05:25:57.108297+00","2026-08-09 02:40:01.200497+00",success,,t,,,ff209a47-72a7-46d0-b190-0a427a9afb0a,"2026-07-23 17:11:40.721834+00","2026-08-09 02:40:01.992109+00",불가능,,,,,,,,,,
3357668,38,동아완구,"서울특별시 종로구 종로52길 5 (창신동)",37.5718646434081,127.012964590934,11,110,SH,SH05,SH050200,09:00~18:00,연중무휴,"{""rules"": [{""months"": null, ""weekdays"": null, ""source_text"": ""09:00~18:00"", ""time_ranges"": [{""end"": ""18:00"", ""start"": ""09:00"", ""crosses_midnight"": false}], ""last_admission"": null}], ""warnings"": [], ""availability"": ""scheduled"", ""closure_rules"": [], ""assumption_reason"": null}",parsed,operating-hours-1.2.0,"2026-04-02 05:14:02+00","2026-08-09 02:40:01.200497+00","2026-08-08 05:25:57.108297+00","2026-08-09 02:40:01.200497+00",success,,t,,,ff209a47-72a7-46d0-b190-0a427a9afb0a,"2026-07-23 17:11:40.808988+00","2026-08-09 02:40:01.992109+00","가능요금 (60분당 4000원)",,,,https://tong.visitkorea.or.kr/cms/resource/63/3357663_image2_1.jpg,https://tong.visitkorea.or.kr/cms/resource/63/3357663_image3_1.jpg,,,,,
3359034,14,"팜 시티","서울특별시 종로구 경희궁3길 3-5 (신문로2가)",37.572953697789,126.968095266024,11,110,VE,VE12,VE120300,"- 11:30~22:00-준비시간 15:00~17:00- 마지막 주문 20:30","매주 일요일~월요일","{""rules"": [{""months"": null, ""weekdays"": null, ""source_text"": ""- 11:30~22:00-준비시간 15:00~17:00- 마지막 주문 20:30"", ""time_ranges"": [{""end"": ""22:00"", ""start"": ""11:30"", ""crosses_midnight"": false}, {""end"": ""17:00"", ""start"": ""15:00"", ""crosses_midnight"": false}], ""last_admission"": null}], ""warnings"": [], ""availability"": ""scheduled"", ""closure_rules"": [{""weekdays"": [0, 6], ""source_text"": ""매주 일요일~월요일""}], ""assumption_reason"": null}",parsed,operating-hours-1.2.0,"2026-04-01 08:56:27+00","2026-08-09 02:40:01.200497+00","2026-08-08 05:25:57.108297+00","2026-08-09 02:40:01.200497+00",success,,t,,,ff209a47-72a7-46d0-b190-0a427a9afb0a,"2026-07-23 17:11:41.371579+00","2026-08-09 02:40:01.992109+00",,"- 추가 요금 10분당 1,000원- 최대 50,000원","무료※ 단, 식·음료 구매 별도",,https://tong.visitkorea.or.kr/cms/resource/92/3358992_image2_1.jpg,https://tong.visitkorea.or.kr/cms/resource/92/3358992_image3_1.jpg,,,,,
3362945,14,하마씨어터,"서울특별시 종로구 대학로10길 15-11 (동숭동) 4층",37.582270329474,127.00277765542,11,110,VE,VE06,VE060100,"- 평일 10:30~19:00- 주말 10:30~17:00",연중무휴,"{""rules"": [{""months"": null, ""weekdays"": [0, 1, 2, 3, 4], ""source_text"": "" 10:30~19:00- "", ""time_ranges"": [{""end"": ""19:00"", ""start"": ""10:30"", ""crosses_midnight"": false}], ""last_admission"": null}, {""months"": null, ""weekdays"": [5, 6], ""source_text"": "" 10:30~17:00"", ""time_ranges"": [{""end"": ""17:00"", ""start"": ""10:30"", ""crosses_midnight"": false}], ""last_admission"": null}], ""warnings"": [], ""availability"": ""scheduled"", ""closure_rules"": [], ""assumption_reason"": null}",parsed,operating-hours-1.2.0,"2026-04-02 00:14:56+00","2026-08-09 02:40:01.200497+00","2026-08-08 05:25:57.108297+00","2026-08-09 02:40:01.200497+00",success,,t,,,ff209a47-72a7-46d0-b190-0a427a9afb0a,"2026-07-23 17:11:41.371579+00","2026-08-09 02:40:01.992109+00",,,"공연 별로 상이함",,https://tong.visitkorea.or.kr/cms/resource/23/3362923_image2_1.jpg,https://tong.visitkorea.or.kr/cms/resource/23/3362923_image3_1.jpg,,,,,
3368708,14,한지가헌,"서울특별시 종로구 북촌로 31-9 (재동)",37.5795375943005,126.9844043564,11,110,VE,VE07,VE070300,"10:00~19:00※ 단, 매월 마지막 주 수요일 문화가 있는 날 10:00~21:00까지 운영","매주 월요일 / 설·추석 당일 / 일요일을 제외한 법정공휴일","{""rules"": [{""months"": null, ""weekdays"": null, ""source_text"": ""10:00~19:00※ 단, 매월 마지막 주 수요일 문화가 있는 날 10:00~21:00까지 운영"", ""time_ranges"": [{""end"": ""19:00"", ""start"": ""10:00"", ""crosses_midnight"": false}, {""end"": ""21:00"", ""start"": ""10:00"", ""crosses_midnight"": false}], ""last_admission"": null}], ""warnings"": [""휴무 문구의 일부 예외를 구조화하지 못했습니다.""], ""availability"": ""scheduled"", ""closure_rules"": [{""weekdays"": [0], ""source_text"": ""매주 월요일 / 설·추석 당일 / 일요일을 제외한 법정공휴일""}], ""assumption_reason"": null}",partial,operating-hours-1.2.0,"2026-04-02 00:41:49+00","2026-08-09 02:40:01.200497+00","2026-08-08 05:25:57.108297+00","2026-08-09 02:40:01.200497+00",success,,t,,,ff209a47-72a7-46d0-b190-0a427a9afb0a,"2026-07-23 17:11:41.44801+00","2026-08-09 02:40:01.992109+00",,,"[한지마루 전시] 무료[상설 체험] 무료[도슨트] 무료[한지인화소] 5,000원※ 한지배움터 및 한지 인화소는 사전 예약 우선 운영되며, 현장 참여는 남은 자리에 한해 문의 후 이용 가능",,https://tong.visitkorea.or.kr/cms/resource/70/3368670_image2_1.JPG,https://tong.visitkorea.or.kr/cms/resource/70/3368670_image3_1.JPG,,,,,
337413,12,"안양암(서울)","서울특별시 종로구 창신5길 61 (창신동)",37.5751955324,127.0133453781,11,110,HS,HS03,HS030100,"상시 개방",연중무휴,"{""rules"": [], ""warnings"": [], ""availability"": ""all_day"", ""closure_rules"": [], ""assumption_reason"": ""always_open_text""}",parsed,operating-hours-1.2.0,"2025-04-10 05:57:54+00","2026-08-09 02:40:01.200497+00","2026-08-08 05:25:57.108297+00","2026-08-09 02:40:01.200497+00",success,,t,,,ff209a47-72a7-46d0-b190-0a427a9afb0a,"2026-07-23 17:11:41.150397+00","2026-08-09 02:40:01.992109+00",불가능,,,,,,,,,,
3378168,15,"2024 청와대 뮤직 페스티벌","서울특별시 종로구 청와대로 1 (세종로)",37.5839799278,126.9746792089,11,110,EV,EV02,EV020900,"19:30 ~20:30 (입장시간 19:00 예정)",,"{""rules"": [{""months"": null, ""weekdays"": null, ""source_text"": ""19:30 ~20:30 (입장시간 19:00 예정)"", ""time_ranges"": [{""end"": ""20:30"", ""start"": ""19:30"", ""crosses_midnight"": false}], ""last_admission"": null}], ""warnings"": [], ""availability"": ""scheduled"", ""closure_rules"": [], ""assumption_reason"": null}",parsed,operating-hours-1.2.0,"2025-08-20 09:10:00+00","2026-08-09 02:40:01.200497+00","2026-08-08 05:25:57.108297+00","2026-08-09 02:40:01.200497+00",success,,t,,,ff209a47-72a7-46d0-b190-0a427a9afb0a,"2026-07-23 17:11:41.44801+00","2026-08-09 02:40:01.992109+00",,,무료,,http://tong.visitkorea.or.kr/cms/resource/67/3378167_image2_1.jpg,http://tong.visitkorea.or.kr/cms/resource/67/3378167_image3_1.jpg,,,,,
3379703,14,푸투라서울,"서울특별시 종로구 북촌로 61 (가회동)",37.5822492444055,126.984767385916,11,110,VE,VE07,VE070600,"전시 별로 상이함","전시 별로 상이함","{""rules"": [], ""warnings"": [""운영시간을 구조화하지 못했습니다.""], ""availability"": ""unknown"", ""closure_rules"": [], ""assumption_reason"": null}",partial,operating-hours-1.2.0,"2026-04-02 08:21:42+00","2026-08-09 02:40:01.200497+00","2026-08-08 05:25:57.108297+00","2026-08-09 02:40:01.200497+00",success,,t,,,ff209a47-72a7-46d0-b190-0a427a9afb0a,"2026-07-23 17:11:41.371579+00","2026-08-09 02:40:01.992109+00",,,"전시 별로 상이함",,https://tong.visitkorea.or.kr/cms/resource/98/3379698_image2_1.jpg,https://tong.visitkorea.or.kr/cms/resource/98/3379698_image3_1.jpg,,,,,
3386142,14,"서울아트센터 도암홀·도암갤러리","서울특별시 종로구 평창문화로 70 (평창동)",37.6061932483517,126.968938350146,11,110,VE,VE06,VE060100,08:00~22:00,"공연 및 전시 별로 상이함","{""rules"": [{""months"": null, ""weekdays"": null, ""source_text"": ""08:00~22:00"", ""time_ranges"": [{""end"": ""22:00"", ""start"": ""08:00"", ""crosses_midnight"": false}], ""last_admission"": null}], ""warnings"": [""휴무 문구의 일부 예외를 구조화하지 못했습니다.""], ""availability"": ""scheduled"", ""closure_rules"": [], ""assumption_reason"": null}",partial,operating-hours-1.2.0,"2026-04-14 02:03:52+00","2026-08-09 02:40:01.200497+00","2026-08-08 05:25:57.108297+00","2026-08-09 02:40:01.200497+00",success,,t,,,ff209a47-72a7-46d0-b190-0a427a9afb0a,"2026-07-23 17:11:40.955853+00","2026-08-09 02:40:01.992109+00",,"최초 30분 1,500원 이후 30분당 3,000원 씩 추가 요금 발생","공연 및 전시 별로 상이함",,https://tong.visitkorea.or.kr/cms/resource/86/3386186_image2_1.JPG,https://tong.visitkorea.or.kr/cms/resource/86/3386186_image3_1.JPG,,,,,
3396961,39,"이도림 블로트커피","서울특별시 종로구 자하문로 43 (통인동)",37.5799328775713,126.971080090681,11,110,FD,FD05,FD050100,"08:00~20:00 (마지막 주문 19:50)",연중무휴,"{""rules"": [{""months"": null, ""weekdays"": null, ""source_text"": ""08:00~20:00 (마지막 주문 19:50)"", ""time_ranges"": [{""end"": ""20:00"", ""start"": ""08:00"", ""crosses_midnight"": false}], ""last_admission"": null}], ""warnings"": [], ""availability"": ""scheduled"", ""closure_rules"": [], ""assumption_reason"": null}",parsed,operating-hours-1.2.0,"2026-03-31 06:11:54+00","2026-08-09 02:40:01.200497+00","2026-08-08 05:25:57.108297+00","2026-08-09 02:40:01.200497+00",success,,t,,,ff209a47-72a7-46d0-b190-0a427a9afb0a,"2026-07-23 17:11:41.225101+00","2026-08-09 02:40:01.992109+00",불가능,,,,https://tong.visitkorea.or.kr/cms/resource/47/3396747_image2_1.jpg,https://tong.visitkorea.or.kr/cms/resource/47/3396747_image3_1.jpg,,,,,
3413162,12,"하이드앤시크 쌈지길점","서울특별시 종로구 인사동길 44 (관훈동)",37.5742519890154,126.984851451318,11,110,EX,EX07,EX070200,10:30~21:00,연중무휴,"{""rules"": [{""months"": null, ""weekdays"": null, ""source_text"": ""10:30~21:00"", ""time_ranges"": [{""end"": ""21:00"", ""start"": ""10:30"", ""crosses_midnight"": false}], ""last_admission"": null}], ""warnings"": [], ""availability"": ""scheduled"", ""closure_rules"": [], ""assumption_reason"": null}",parsed,operating-hours-1.2.0,"2026-03-23 07:30:10+00","2026-08-09 02:40:01.200497+00","2026-08-08 05:25:57.108297+00","2026-08-09 02:40:01.200497+00",success,,t,,,ff209a47-72a7-46d0-b190-0a427a9afb0a,"2026-07-23 17:11:41.371579+00","2026-08-09 02:40:01.992109+00",불가능,,,,https://tong.visitkorea.or.kr/cms/resource/94/3413094_image2_1.png,https://tong.visitkorea.or.kr/cms/resource/94/3413094_image3_1.png,,,,,
3418283,12,"성균관 명륜당","서울특별시 종로구 명륜3가",37.5861522755,126.9957161181,11,110,HS,HS01,HS011200,"[3월~10월] 09:00~18:00<br>
[11월~2월] 09:00~17:00<br>",연중무휴,"{""rules"": [{""months"": [3, 4, 5, 6, 7, 8, 9, 10], ""weekdays"": null, ""source_text"": "" 09:00~18:00"", ""time_ranges"": [{""end"": ""18:00"", ""start"": ""09:00"", ""crosses_midnight"": false}], ""last_admission"": null}, {""months"": [1, 2, 11, 12], ""weekdays"": null, ""source_text"": "" 09:00~17:00"", ""time_ranges"": [{""end"": ""17:00"", ""start"": ""09:00"", ""crosses_midnight"": false}], ""last_admission"": null}], ""warnings"": [], ""availability"": ""scheduled"", ""closure_rules"": [], ""assumption_reason"": null}",parsed,operating-hours-1.2.0,"2025-03-11 08:55:13+00","2026-08-09 02:40:01.200497+00","2026-08-08 05:25:57.108297+00","2026-08-09 02:40:01.200497+00",success,,t,,,ff209a47-72a7-46d0-b190-0a427a9afb0a,"2026-07-23 17:11:40.955853+00","2026-08-09 02:40:01.992109+00",가능,,,,,,,,,,
3423768,38,"헤트라스 안국","서울특별시 종로구 창덕궁1길 42 (계동) 1층",37.5794270728626,126.98682251057,11,110,SH,SH05,SH050200,09:00~20:00,연중무휴,"{""rules"": [{""months"": null, ""weekdays"": null, ""source_text"": ""09:00~20:00"", ""time_ranges"": [{""end"": ""20:00"", ""start"": ""09:00"", ""crosses_midnight"": false}], ""last_admission"": null}], ""warnings"": [], ""availability"": ""scheduled"", ""closure_rules"": [], ""assumption_reason"": null}",parsed,operating-hours-1.2.0,"2026-03-23 01:23:41+00","2026-08-09 02:40:01.200497+00","2026-08-08 05:25:57.108297+00","2026-08-09 02:40:01.200497+00",success,,t,,,ff209a47-72a7-46d0-b190-0a427a9afb0a,"2026-07-23 17:11:41.44801+00","2026-08-09 02:40:01.992109+00",불가능,,,,https://tong.visitkorea.or.kr/cms/resource/32/3423732_image2_1.jpg,https://tong.visitkorea.or.kr/cms/resource/32/3423732_image3_1.jpg,,,,,
3424542,12,"종로 무계원","서울특별시 종로구 창의문로11길 4-1 (부암동)",37.5948701151,126.96277443,11,110,HS,HS01,HS010600,,"월요일, 1월 1일, 설날, 추석날","{""rules"": [], ""warnings"": [], ""availability"": ""unknown"", ""closure_rules"": [], ""assumption_reason"": null}",unknown,operating-hours-1.2.0,"2025-10-23 05:30:00+00","2026-08-09 02:40:01.200497+00","2026-08-08 05:25:57.108297+00","2026-08-09 02:40:01.200497+00",success,,t,,,ff209a47-72a7-46d0-b190-0a427a9afb0a,"2026-07-23 17:11:41.296349+00","2026-08-09 02:40:01.992109+00",,,,,http://tong.visitkorea.or.kr/cms/resource/35/3424735_image2_1.jpeg,http://tong.visitkorea.or.kr/cms/resource/35/3424735_image3_1.jpeg,,,,,
3434068,39,낙원역,"서울특별시 종로구 수표로28길 33-5 (익선동)",37.5733613232599,126.990139575966,11,110,FD,FD05,FD050100,"11:00~22:00 (마지막 주문 21:30)",연중무휴,"{""rules"": [{""months"": null, ""weekdays"": null, ""source_text"": ""11:00~22:00 (마지막 주문 21:30)"", ""time_ranges"": [{""end"": ""22:00"", ""start"": ""11:00"", ""crosses_midnight"": false}], ""last_admission"": null}], ""warnings"": [], ""availability"": ""scheduled"", ""closure_rules"": [], ""assumption_reason"": null}",parsed,operating-hours-1.2.0,"2026-04-06 01:48:47+00","2026-08-09 02:40:01.200497+00","2026-08-08 05:25:57.108297+00","2026-08-09 02:40:01.200497+00",success,,t,,,ff209a47-72a7-46d0-b190-0a427a9afb0a,"2026-07-23 17:11:40.808988+00","2026-08-09 02:40:01.992109+00",불가능,,,,https://tong.visitkorea.or.kr/cms/resource/48/4055548_image2_1.png,https://tong.visitkorea.or.kr/cms/resource/48/4055548_image3_1.png,,,,,
3438035,32,스테이청운,"서울특별시 종로구 자하문로 131-21 (청운동)",37.5877210442,126.9682352457,11,110,AC,AC06,AC060200,15:00,,"{""rules"": [], ""warnings"": [""운영시간을 구조화하지 못했습니다.""], ""availability"": ""unknown"", ""closure_rules"": [], ""assumption_reason"": null}",partial,operating-hours-1.2.0,"2025-10-23 05:30:00+00","2026-08-09 02:40:01.200497+00","2026-08-08 05:25:57.108297+00","2026-08-09 02:40:01.200497+00",success,,t,,,ff209a47-72a7-46d0-b190-0a427a9afb0a,"2026-07-23 17:11:41.150397+00","2026-08-09 02:40:01.992109+00",가능,,,,,,,,,,
3438082,32,안길사가,"서울특별시 종로구 북촌로1길 24-2 (안국동)",37.5774864148,126.9845034971,11,110,AC,AC03,AC030200,16:00,,"{""rules"": [], ""warnings"": [""운영시간을 구조화하지 못했습니다.""], ""availability"": ""unknown"", ""closure_rules"": [], ""assumption_reason"": null}",partial,operating-hours-1.2.0,"2024-12-18 06:09:33+00","2026-08-09 02:40:01.200497+00","2026-08-08 05:25:57.108297+00","2026-08-09 02:40:01.200497+00",success,,t,,,ff209a47-72a7-46d0-b190-0a427a9afb0a,"2026-07-23 17:11:41.150397+00","2026-08-09 02:40:01.992109+00",가능,,,,,,,,,,
3438126,32,"스테이 어플로트","서울특별시 종로구 효자로7길 22-11 (통의동)",37.5787221716,126.9727823081,11,110,AC,AC03,AC030200,15:00,,"{""rules"": [], ""warnings"": [""운영시간을 구조화하지 못했습니다.""], ""availability"": ""unknown"", ""closure_rules"": [], ""assumption_reason"": null}",partial,operating-hours-1.2.0,"2024-12-12 07:09:22+00","2026-08-09 02:40:01.200497+00","2026-08-08 05:25:57.108297+00","2026-08-09 02:40:01.200497+00",success,,t,,,ff209a47-72a7-46d0-b190-0a427a9afb0a,"2026-07-23 17:11:41.150397+00","2026-08-09 02:40:01.992109+00",불가,,,,,,,,,,
3438160,32,"통인 1939","서울특별시 종로구 자하문로 33-7 (통인동)",37.5790276599,126.970979686,11,110,AC,AC03,AC030200,15:00,,"{""rules"": [], ""warnings"": [""운영시간을 구조화하지 못했습니다.""], ""availability"": ""unknown"", ""closure_rules"": [], ""assumption_reason"": null}",partial,operating-hours-1.2.0,"2024-12-18 06:14:24+00","2026-08-09 02:40:01.200497+00","2026-08-08 05:25:57.108297+00","2026-08-09 02:40:01.200497+00",success,,t,,,ff209a47-72a7-46d0-b190-0a427a9afb0a,"2026-07-23 17:11:41.371579+00","2026-08-09 02:40:01.992109+00",가능,,,,,,,,,,
3438166,32,뉠스테이,"서울특별시 종로구 필운대로5길 17 (누하동)",37.5793497865,126.9677383057,11,110,AC,AC03,AC030200,16:00,,"{""rules"": [], ""warnings"": [""운영시간을 구조화하지 못했습니다.""], ""availability"": ""unknown"", ""closure_rules"": [], ""assumption_reason"": null}",partial,operating-hours-1.2.0,"2024-12-18 06:13:21+00","2026-08-09 02:40:01.200497+00","2026-08-08 05:25:57.108297+00","2026-08-09 02:40:01.200497+00",success,,t,,,ff209a47-72a7-46d0-b190-0a427a9afb0a,"2026-07-23 17:11:40.808988+00","2026-08-09 02:40:01.992109+00",불가,,,,,,,,,,
3438182,32,여느날,"서울특별시 종로구 자하문로1길 49-9 (필운동)",37.5765695875,126.9696048813,11,110,AC,AC03,AC030200,16:00,,"{""rules"": [], ""warnings"": [""운영시간을 구조화하지 못했습니다.""], ""availability"": ""unknown"", ""closure_rules"": [], ""assumption_reason"": null}",partial,operating-hours-1.2.0,"2024-12-18 06:15:31+00","2026-08-09 02:40:01.200497+00","2026-08-08 05:25:57.108297+00","2026-08-09 02:40:01.200497+00",success,,t,,,ff209a47-72a7-46d0-b190-0a427a9afb0a,"2026-07-23 17:11:41.150397+00","2026-08-09 02:40:01.992109+00",불가,,,,,,,,,,
3438215,32,무월관,"서울특별시 종로구 윤보선길 19-16 (안국동)",37.5772947544,126.9836202496,11,110,AC,AC03,AC030200,16:00,,"{""rules"": [], ""warnings"": [""운영시간을 구조화하지 못했습니다.""], ""availability"": ""unknown"", ""closure_rules"": [], ""assumption_reason"": null}",partial,operating-hours-1.2.0,"2024-12-18 06:16:43+00","2026-08-09 02:40:01.200497+00","2026-08-08 05:25:57.108297+00","2026-08-09 02:40:01.200497+00",success,,t,,,ff209a47-72a7-46d0-b190-0a427a9afb0a,"2026-07-23 17:11:40.882874+00","2026-08-09 02:40:01.992109+00",불가,,,,,,,,,,
3438225,32,자하,"서울특별시 종로구 자하문로1나길 7-11 (체부동)",37.5766890455,126.9711602912,11,110,AC,AC03,AC030200,16:00,,"{""rules"": [], ""warnings"": [""운영시간을 구조화하지 못했습니다.""], ""availability"": ""unknown"", ""closure_rules"": [], ""assumption_reason"": null}",partial,operating-hours-1.2.0,"2024-12-18 06:17:41+00","2026-08-09 02:40:01.200497+00","2026-08-08 05:25:57.108297+00","2026-08-09 02:40:01.200497+00",success,,t,,,ff209a47-72a7-46d0-b190-0a427a9afb0a,"2026-07-23 17:11:41.296349+00","2026-08-09 02:40:01.992109+00",불가,,,,,,,,,,
3438233,32,월운,"서울특별시 종로구 율곡로10길 79-1 (권농동)",37.5741036037,126.9917001593,11,110,AC,AC03,AC030200,16:00,,"{""rules"": [], ""warnings"": [""운영시간을 구조화하지 못했습니다.""], ""availability"": ""unknown"", ""closure_rules"": [], ""assumption_reason"": null}",partial,operating-hours-1.2.0,"2024-12-18 06:18:17+00","2026-08-09 02:40:01.200497+00","2026-08-08 05:25:57.108297+00","2026-08-09 02:40:01.200497+00",success,,t,,,ff209a47-72a7-46d0-b190-0a427a9afb0a,"2026-07-23 17:11:41.225101+00","2026-08-09 02:40:01.992109+00",불가,,,,,,,,,,
3438241,32,한가로움,"서울특별시 종로구 삼청로9길 13 (삼청동) 1,2층",37.5869547021,126.9813590709,11,110,AC,AC03,AC030200,16:00,,"{""rules"": [], ""warnings"": [""운영시간을 구조화하지 못했습니다.""], ""availability"": ""unknown"", ""closure_rules"": [], ""assumption_reason"": null}",partial,operating-hours-1.2.0,"2024-12-18 06:18:40+00","2026-08-09 02:40:01.200497+00","2026-08-08 05:25:57.108297+00","2026-08-09 02:40:01.200497+00",success,,t,,,ff209a47-72a7-46d0-b190-0a427a9afb0a,"2026-07-23 17:11:41.371579+00","2026-08-09 02:40:01.992109+00",가능,,,,,,,,,,
3438249,32,아보헌,"서울특별시 종로구 창덕궁길 104 (원서동)",37.5821220775,126.9895362401,11,110,AC,AC03,AC030200,16:00,,"{""rules"": [], ""warnings"": [""운영시간을 구조화하지 못했습니다.""], ""availability"": ""unknown"", ""closure_rules"": [], ""assumption_reason"": null}",partial,operating-hours-1.2.0,"2024-12-18 06:19:35+00","2026-08-09 02:40:01.200497+00","2026-08-08 05:25:57.108297+00","2026-08-09 02:40:01.200497+00",success,,t,,,ff209a47-72a7-46d0-b190-0a427a9afb0a,"2026-07-23 17:11:41.150397+00","2026-08-09 02:40:01.992109+00",가능,,,,,,,,,,
3438261,32,이도한옥,"서울특별시 종로구 계동길 70-3 (계동)",37.5805611022,126.9869781844,11,110,AC,AC03,AC030200,15:00,,"{""rules"": [], ""warnings"": [""운영시간을 구조화하지 못했습니다.""], ""availability"": ""unknown"", ""closure_rules"": [], ""assumption_reason"": null}",partial,operating-hours-1.2.0,"2024-12-18 06:20:26+00","2026-08-09 02:40:01.200497+00","2026-08-08 05:25:57.108297+00","2026-08-09 02:40:01.200497+00",success,,t,,,ff209a47-72a7-46d0-b190-0a427a9afb0a,"2026-07-23 17:11:41.225101+00","2026-08-09 02:40:01.992109+00",불가,,,,,,,,,,
3438287,32,사적인,"서울특별시 종로구 율곡로4길 11-8 (견지동)",37.5749311166,126.9823065475,11,110,AC,AC03,AC030200,16:00,,"{""rules"": [], ""warnings"": [""운영시간을 구조화하지 못했습니다.""], ""availability"": ""unknown"", ""closure_rules"": [], ""assumption_reason"": null}",partial,operating-hours-1.2.0,"2024-12-18 06:20:46+00","2026-08-09 02:40:01.200497+00","2026-08-08 05:25:57.108297+00","2026-08-09 02:40:01.200497+00",success,,t,,,ff209a47-72a7-46d0-b190-0a427a9afb0a,"2026-07-23 17:11:40.955853+00","2026-08-09 02:40:01.992109+00",불가,,,,,,,,,,
3438295,32,함한옥스테이,"서울특별시 종로구 계동6길 4-1 (계동)",37.5824942134,126.9871308932,11,110,AC,AC03,AC030200,15:00,,"{""rules"": [], ""warnings"": [""운영시간을 구조화하지 못했습니다.""], ""availability"": ""unknown"", ""closure_rules"": [], ""assumption_reason"": null}",partial,operating-hours-1.2.0,"2024-12-18 06:21:45+00","2026-08-09 02:40:01.200497+00","2026-08-09 02:40:01.200497+00","2026-08-09 02:40:01.200497+00",success,,t,,,ff209a47-72a7-46d0-b190-0a427a9afb0a,"2026-07-23 17:11:41.44801+00","2026-08-09 02:40:08.01611+00",불가,,,,,,,,,,
3438329,32,안유재,"서울특별시 종로구 창덕궁7길 3 (원서동)",37.5833219051,126.9877058178,11,110,AC,AC03,AC030200,11:00,,"{""rules"": [], ""warnings"": [""운영시간을 구조화하지 못했습니다.""], ""availability"": ""unknown"", ""closure_rules"": [], ""assumption_reason"": null}",partial,operating-hours-1.2.0,"2024-12-18 06:21:50+00","2026-08-09 02:40:01.200497+00","2026-08-09 02:40:01.200497+00","2026-08-09 02:40:01.200497+00",success,,t,,,ff209a47-72a7-46d0-b190-0a427a9afb0a,"2026-07-23 17:11:41.150397+00","2026-08-09 02:40:08.105014+00",불가,,,,,,,,,,
3438358,32,정연재,"서울특별시 종로구 삼청로7길 19-14 (팔판동) 정연재",37.5834800942,126.9807008965,11,110,AC,AC03,AC030200,16:00,,"{""rules"": [], ""warnings"": [""운영시간을 구조화하지 못했습니다.""], ""availability"": ""unknown"", ""closure_rules"": [], ""assumption_reason"": null}",partial,operating-hours-1.2.0,"2024-12-18 06:23:11+00","2026-08-09 02:40:01.200497+00","2026-08-09 02:40:01.200497+00","2026-08-09 02:40:01.200497+00",success,,t,,,ff209a47-72a7-46d0-b190-0a427a9afb0a,"2026-07-23 17:11:41.296349+00","2026-08-09 02:40:08.182407+00",불가,,,,,,,,,,
3438359,32,스테이모일,"서울특별시 종로구 율곡로10길 19 (권농동)",37.5766644064,126.9911084737,11,110,AC,AC03,AC030200,16:00,,"{""rules"": [], ""warnings"": [""운영시간을 구조화하지 못했습니다.""], ""availability"": ""unknown"", ""closure_rules"": [], ""assumption_reason"": null}",partial,operating-hours-1.2.0,"2024-12-18 06:23:51+00","2026-08-09 02:40:01.200497+00","2026-08-09 02:40:01.200497+00","2026-08-09 02:40:01.200497+00",success,,t,,,ff209a47-72a7-46d0-b190-0a427a9afb0a,"2026-07-23 17:11:41.150397+00","2026-08-09 02:40:08.249443+00",불가,,,,,,,,,,
3438368,32,해아원,"서울특별시 종로구 북촌로11길 35-16 (가회동)",37.5828968761,126.9833201183,11,110,AC,AC03,AC030200,15:00,,"{""rules"": [], ""warnings"": [""운영시간을 구조화하지 못했습니다.""], ""availability"": ""unknown"", ""closure_rules"": [], ""assumption_reason"": null}",partial,operating-hours-1.2.0,"2024-12-18 06:24:17+00","2026-08-09 02:40:01.200497+00","2026-08-09 02:40:01.200497+00","2026-08-09 02:40:01.200497+00",success,,t,,,ff209a47-72a7-46d0-b190-0a427a9afb0a,"2026-07-23 17:11:41.44801+00","2026-08-09 02:40:08.317623+00",가능,,,,,,,,,,
3438379,32,"더 모먼트","서울특별시 종로구 자하문로1다길 16-1 (체부동)",37.5774889432,126.9706242068,11,110,AC,AC03,AC030200,15:00,,"{""rules"": [], ""warnings"": [""운영시간을 구조화하지 못했습니다.""], ""availability"": ""unknown"", ""closure_rules"": [], ""assumption_reason"": null}",partial,operating-hours-1.2.0,"2024-12-18 06:24:50+00","2026-08-09 02:40:01.200497+00","2026-08-09 02:40:01.200497+00","2026-08-09 02:40:01.200497+00",success,,t,,,ff209a47-72a7-46d0-b190-0a427a9afb0a,"2026-07-23 17:11:40.808988+00","2026-08-09 02:40:08.385751+00",불가,,,,,,,,,,
3438381,32,북촌다락방,"서울특별시 종로구 북촌로11가길 27 (가회동)",37.5827802333,126.983925622,11,110,AC,AC03,AC030200,15:00,,"{""rules"": [], ""warnings"": [""운영시간을 구조화하지 못했습니다.""], ""availability"": ""unknown"", ""closure_rules"": [], ""assumption_reason"": null}",partial,operating-hours-1.2.0,"2024-12-18 06:25:20+00","2026-08-09 02:40:01.200497+00","2026-08-09 02:40:01.200497+00","2026-08-09 02:40:01.200497+00",success,,t,,,ff209a47-72a7-46d0-b190-0a427a9afb0a,"2026-07-23 17:11:40.882874+00","2026-08-09 02:40:08.447091+00",불가,,,,,,,,,,
3438402,32,사사로이,"서울특별시 종로구 율곡로1길 40-59 (사간동)",37.5781612808,126.9814037605,11,110,AC,AC03,AC030200,16:00,,"{""rules"": [], ""warnings"": [""운영시간을 구조화하지 못했습니다.""], ""availability"": ""unknown"", ""closure_rules"": [], ""assumption_reason"": null}",partial,operating-hours-1.2.0,"2024-12-18 06:26:06+00","2026-08-09 02:40:01.200497+00","2026-08-09 02:40:01.200497+00","2026-08-09 02:40:01.200497+00",success,,t,,,ff209a47-72a7-46d0-b190-0a427a9afb0a,"2026-07-23 17:11:40.955853+00","2026-08-09 02:40:08.500247+00",불가,,,,,,,,,,
3438558,32,"하이드 인 바인 서촌","서울특별시 종로구 필운대로6길 17-15 (통인동)",37.580621899,126.969899184,11,110,AC,AC06,AC060200,16:00,,"{""rules"": [], ""warnings"": [""운영시간을 구조화하지 못했습니다.""], ""availability"": ""unknown"", ""closure_rules"": [], ""assumption_reason"": null}",partial,operating-hours-1.2.0,"2025-10-23 05:30:00+00","2026-08-09 02:40:01.200497+00","2026-08-09 02:40:01.200497+00","2026-08-09 02:40:01.200497+00",success,,t,,,ff209a47-72a7-46d0-b190-0a427a9afb0a,"2026-07-23 17:11:41.371579+00","2026-08-09 02:40:08.551352+00",불가,,,,,,,,,,
3438559,32,"Stay Vibe","서울특별시 종로구 평창1길 7-4 (평창동) 2층",37.6052328134,126.9635768407,11,110,AC,AC06,AC060200,15:00,,"{""rules"": [], ""warnings"": [""운영시간을 구조화하지 못했습니다.""], ""availability"": ""unknown"", ""closure_rules"": [], ""assumption_reason"": null}",partial,operating-hours-1.2.0,"2024-12-18 06:35:32+00","2026-08-09 02:40:01.200497+00","2026-08-09 02:40:01.200497+00","2026-08-09 02:40:01.200497+00",success,,t,,,ff209a47-72a7-46d0-b190-0a427a9afb0a,"2026-07-23 17:11:41.44801+00","2026-08-09 02:40:08.605683+00",가능,,,,,,,,,,
3438724,32,소월정,"서울특별시 종로구 창덕궁길 172-2 (가회동)",37.5832774441,126.9864920406,11,110,AC,AC03,AC030200,16:00,,"{""rules"": [], ""warnings"": [""운영시간을 구조화하지 못했습니다.""], ""availability"": ""unknown"", ""closure_rules"": [], ""assumption_reason"": null}",partial,operating-hours-1.2.0,"2024-12-18 06:17:17+00","2026-08-09 02:40:01.200497+00","2026-08-09 02:40:01.200497+00","2026-08-09 02:40:01.200497+00",success,,t,,,ff209a47-72a7-46d0-b190-0a427a9afb0a,"2026-07-23 17:11:41.150397+00","2026-08-09 02:40:08.66072+00",불가,,,,,,,,,,
3438735,32,소월담,"서울특별시 종로구 북촌로 20-25 (재동)",37.5788251735,126.9858977767,11,110,AC,AC03,AC030200,15:00,,"{""rules"": [], ""warnings"": [""운영시간을 구조화하지 못했습니다.""], ""availability"": ""unknown"", ""closure_rules"": [], ""assumption_reason"": null}",partial,operating-hours-1.2.0,"2024-12-18 06:16:25+00","2026-08-09 02:40:01.200497+00","2026-08-09 02:40:01.200497+00","2026-08-09 02:40:01.200497+00",success,,t,,,ff209a47-72a7-46d0-b190-0a427a9afb0a,"2026-07-23 17:11:41.150397+00","2026-08-09 02:40:08.728178+00",불가,,,,,,,,,,
3440381,14,"한식문화공간 이음","서울특별시 종로구 북촌로 18 (재동) 한식문화공간 이음",37.5784029468918,126.98585360627,11,110,VE,VE07,VE070300,"화요일~일요일 10:00~19:00","매주 월요일","{""rules"": [{""months"": null, ""weekdays"": [1, 2, 3, 4, 5, 6], ""source_text"": "" 10:00~19:00"", ""time_ranges"": [{""end"": ""19:00"", ""start"": ""10:00"", ""crosses_midnight"": false}], ""last_admission"": null}], ""warnings"": [], ""availability"": ""scheduled"", ""closure_rules"": [{""weekdays"": [0], ""source_text"": ""매주 월요일""}], ""assumption_reason"": null}",parsed,operating-hours-1.2.0,"2026-05-18 06:07:05+00","2026-08-09 02:40:01.200497+00","2026-08-09 02:40:01.200497+00","2026-08-09 02:40:01.200497+00",success,,t,,,ff209a47-72a7-46d0-b190-0a427a9afb0a,"2026-07-23 17:11:41.371579+00","2026-08-09 02:40:08.784628+00",,,"쿠킹클래스 15,000원※ 자세한 사항은 홈페이지 참조",,https://tong.visitkorea.or.kr/cms/resource/85/4017085_image2_1.jpg,https://tong.visitkorea.or.kr/cms/resource/85/4017085_image3_1.jpg,,,,,
3446417,39,"오설록 티하우스 북촌점","서울특별시 종로구 북촌로 45 (가회동)",37.581066556,126.9845867215,11,110,FD,FD05,FD050200,"금,토,일 11:00~21:00, 월,화,수,목 11:00~20:00",연중무휴,"{""rules"": [{""months"": null, ""weekdays"": null, ""source_text"": ""금,토,일 11:00~21:00, 월,화,수,목 11:00~20:00"", ""time_ranges"": [{""end"": ""21:00"", ""start"": ""11:00"", ""crosses_midnight"": false}, {""end"": ""20:00"", ""start"": ""11:00"", ""crosses_midnight"": false}], ""last_admission"": null}], ""warnings"": [], ""availability"": ""scheduled"", ""closure_rules"": [], ""assumption_reason"": null}",parsed,operating-hours-1.2.0,"2025-07-30 06:18:28+00","2026-08-09 02:40:01.200497+00","2026-08-09 02:40:01.200497+00","2026-08-09 02:40:01.200497+00",success,,t,,,ff209a47-72a7-46d0-b190-0a427a9afb0a,"2026-07-23 17:11:41.225101+00","2026-08-09 02:40:08.837448+00",,,,,http://tong.visitkorea.or.kr/cms/resource/84/3446384_image2_1.JPG,http://tong.visitkorea.or.kr/cms/resource/84/3446384_image3_1.JPG,,,,,
3447411,39,사월의물고기,"서울특별시 종로구 인사동길 62-5 (관훈동) 충훈빌딩 1층",37.5754764753901,126.983856931171,11,110,FD,FD05,FD050100,09:00~21:00,연중무휴,"{""rules"": [{""months"": null, ""weekdays"": null, ""source_text"": ""09:00~21:00"", ""time_ranges"": [{""end"": ""21:00"", ""start"": ""09:00"", ""crosses_midnight"": false}], ""last_admission"": null}], ""warnings"": [], ""availability"": ""scheduled"", ""closure_rules"": [], ""assumption_reason"": null}",parsed,operating-hours-1.2.0,"2026-04-27 08:44:49+00","2026-08-09 02:40:01.200497+00","2026-08-09 02:40:01.200497+00","2026-08-09 02:40:01.200497+00",success,,t,,,ff209a47-72a7-46d0-b190-0a427a9afb0a,"2026-07-23 17:11:40.955853+00","2026-08-09 02:40:08.888312+00",불가능,,,,https://tong.visitkorea.or.kr/cms/resource/98/4056698_image2_1.jpg,https://tong.visitkorea.or.kr/cms/resource/98/4056698_image3_1.jpg,,,,,
3449598,12,석파정,"서울특별시 종로구 창의문로11길 4-1 (부암동)",37.5948701151,126.96277443,11,110,HS,HS04,HS040400,,"매주 월요일,화요일 정기휴무","{""rules"": [], ""warnings"": [""운영시간을 구조화하지 못했습니다.""], ""availability"": ""unknown"", ""closure_rules"": [{""weekdays"": [0, 1], ""source_text"": ""매주 월요일,화요일 정기휴무""}], ""assumption_reason"": null}",partial,operating-hours-1.2.0,"2025-01-07 01:04:57+00","2026-08-09 02:40:01.200497+00","2026-08-09 02:40:01.200497+00","2026-08-09 02:40:01.200497+00",success,,t,,,ff209a47-72a7-46d0-b190-0a427a9afb0a,"2026-07-23 17:11:40.955853+00","2026-08-09 02:40:08.94139+00",,,,,http://tong.visitkorea.or.kr/cms/resource/32/3449432_image2_1.JPG,http://tong.visitkorea.or.kr/cms/resource/32/3449432_image3_1.JPG,,,,,
3457702,14,우리소리도서관,"서울특별시 종로구 삼일대로30길 47 (익선동) 4~5층",37.5744920432,126.9902334066,11,110,VE,VE09,VE090300,09:00~18:00,"매주 일요일 / 법정공휴일 / 도서관 사정으로 임시로 정하는 휴일","{""rules"": [{""months"": null, ""weekdays"": null, ""source_text"": ""09:00~18:00"", ""time_ranges"": [{""end"": ""18:00"", ""start"": ""09:00"", ""crosses_midnight"": false}], ""last_admission"": null}], ""warnings"": [""휴무 문구의 일부 예외를 구조화하지 못했습니다.""], ""availability"": ""scheduled"", ""closure_rules"": [{""weekdays"": [6], ""source_text"": ""매주 일요일 / 법정공휴일 / 도서관 사정으로 임시로 정하는 휴일""}], ""assumption_reason"": null}",partial,operating-hours-1.2.0,"2026-07-23 01:03:50+00","2026-08-09 02:40:01.200497+00","2026-08-09 02:40:01.200497+00","2026-08-09 02:40:01.200497+00",success,,t,,,ff209a47-72a7-46d0-b190-0a427a9afb0a,"2026-07-23 17:11:41.225101+00","2026-08-09 02:40:08.99259+00",,,무료,,https://tong.visitkorea.or.kr/cms/resource/62/4091262_image2_1.JPG,https://tong.visitkorea.or.kr/cms/resource/62/4091262_image3_1.JPG,,,,,
3464880,32,"오라카이 인사동 스위츠","서울특별시 종로구 인사동4길 18 (낙원동)",37.5730564254,126.9873589182,11,110,AC,AC02,AC020200,16:00,,"{""rules"": [], ""warnings"": [""운영시간을 구조화하지 못했습니다.""], ""availability"": ""unknown"", ""closure_rules"": [], ""assumption_reason"": null}",partial,operating-hours-1.2.0,"2025-07-30 06:33:52+00","2026-08-09 02:40:01.200497+00","2026-08-09 02:40:01.200497+00","2026-08-09 02:40:01.200497+00",success,,t,,,ff209a47-72a7-46d0-b190-0a427a9afb0a,"2026-07-23 17:11:41.225101+00","2026-08-09 02:40:09.044615+00","지하 3층 부터 5층 까지 이용 가능",,,,,,,,,,
3465873,32,"오라카이 대학로 호텔","서울특별시 종로구 율곡로 180 (원남동)",37.5756229977,126.9987328086,11,110,AC,AC01,AC010100,15:00,,"{""rules"": [], ""warnings"": [""운영시간을 구조화하지 못했습니다.""], ""availability"": ""unknown"", ""closure_rules"": [], ""assumption_reason"": null}",partial,operating-hours-1.2.0,"2025-04-08 23:59:13+00","2026-08-09 02:40:01.200497+00","2026-08-09 02:40:01.200497+00","2026-08-09 02:40:01.200497+00",success,,t,,,ff209a47-72a7-46d0-b190-0a427a9afb0a,"2026-07-23 17:11:41.225101+00","2026-08-09 02:40:09.097038+00",,,,,,,,,,,
3484425,32,"아늑호텔 앤 스파 종로운니점","서울특별시 종로구 돈화문로11가길 89 (운니동, 시티파크)",37.5765164033682,126.989832255196,11,110,AC,AC04,AC040100,"주중 18:00주말 21:00",,"{""rules"": [], ""warnings"": [""운영시간을 구조화하지 못했습니다.""], ""availability"": ""unknown"", ""closure_rules"": [], ""assumption_reason"": null}",partial,operating-hours-1.2.0,"2026-03-09 00:36:31+00","2026-08-09 02:40:01.200497+00","2026-08-09 02:40:01.200497+00","2026-08-09 02:40:01.200497+00",success,,t,,,ff209a47-72a7-46d0-b190-0a427a9afb0a,"2026-07-23 17:11:41.150397+00","2026-08-09 02:40:09.149502+00",가능,,,,https://tong.visitkorea.or.kr/cms/resource/89/3484389_image2_1.jpg,https://tong.visitkorea.or.kr/cms/resource/89/3484389_image3_1.jpg,,,,,
3486753,39,갗,"서울특별시 종로구 난계로27길 30-8 (숭인동) 1층",37.5733717072983,127.021497604598,11,110,FD,FD05,FD050300,11:00~24:00,"매주 월요일","{""rules"": [{""months"": null, ""weekdays"": null, ""source_text"": ""11:00~24:00"", ""time_ranges"": [{""end"": ""23:59"", ""start"": ""11:00"", ""crosses_midnight"": false}], ""last_admission"": null}], ""warnings"": [], ""availability"": ""scheduled"", ""closure_rules"": [{""weekdays"": [0], ""source_text"": ""매주 월요일""}], ""assumption_reason"": null}",parsed,operating-hours-1.2.0,"2026-04-17 08:48:25+00","2026-08-09 02:40:01.200497+00","2026-08-09 02:40:01.200497+00","2026-08-09 02:40:01.200497+00",success,,t,,,ff209a47-72a7-46d0-b190-0a427a9afb0a,"2026-07-23 17:11:40.721834+00","2026-08-09 02:40:09.202869+00",가능,,,,https://tong.visitkorea.or.kr/cms/resource/56/3488056_image2_1.jpg,https://tong.visitkorea.or.kr/cms/resource/56/3488056_image3_1.jpg,,,,,
348804,12,"인왕사(서울)","서울특별시 종로구 통일로18가길 16-1 (무악동)",37.5786060587,126.9596538845,11,110,HS,HS03,HS030100,"상시 개방",연중무휴,"{""rules"": [], ""warnings"": [], ""availability"": ""all_day"", ""closure_rules"": [], ""assumption_reason"": ""always_open_text""}",parsed,operating-hours-1.2.0,"2026-07-06 09:04:07+00","2026-08-09 02:40:01.200497+00","2026-08-09 02:40:01.200497+00","2026-08-09 02:40:01.200497+00",success,,t,,,ff209a47-72a7-46d0-b190-0a427a9afb0a,"2026-07-23 17:11:41.225101+00","2026-08-09 02:40:09.253497+00",,,,,https://tong.visitkorea.or.kr/cms/resource/35/3582335_image2_1.jpg,https://tong.visitkorea.or.kr/cms/resource/35/3582335_image3_1.jpg,,,,,
3489468,15,"창덕궁 약다방","서울특별시 종로구 율곡로 99 (와룡동)",37.5777031595,126.9902446339,11,110,EV,EV01,EV010400,10:30~16:20,,"{""rules"": [{""months"": null, ""weekdays"": null, ""source_text"": ""10:30~16:20"", ""time_ranges"": [{""end"": ""16:20"", ""start"": ""10:30"", ""crosses_midnight"": false}], ""last_admission"": null}], ""warnings"": [], ""availability"": ""scheduled"", ""closure_rules"": [], ""assumption_reason"": null}",parsed,operating-hours-1.2.0,"2025-10-23 05:30:00+00","2026-08-09 02:40:01.200497+00","2026-08-09 02:40:01.200497+00","2026-08-09 02:40:01.200497+00",success,,t,,,ff209a47-72a7-46d0-b190-0a427a9afb0a,"2026-07-23 17:11:41.296349+00","2026-08-09 02:40:09.3075+00",,,"유료(추첨제 15,000원 / 50%할인 : 장애인, 국가유공자 해당)",,http://tong.visitkorea.or.kr/cms/resource/51/3489451_image2_1.jpg,http://tong.visitkorea.or.kr/cms/resource/51/3489451_image3_1.jpg,,,,,
3493270,38,"더 스테이지(THE STAGE)","서울특별시 종로구 청계천로 41 (서린동) 영풍빌딩 B2",37.5696709952033,126.982184847251,11,110,SH,SH07,SH070100,10:00~22:00,연중무휴,"{""rules"": [{""months"": null, ""weekdays"": null, ""source_text"": ""10:00~22:00"", ""time_ranges"": [{""end"": ""22:00"", ""start"": ""10:00"", ""crosses_midnight"": false}], ""last_admission"": null}], ""warnings"": [], ""availability"": ""scheduled"", ""closure_rules"": [], ""assumption_reason"": null}",parsed,operating-hours-1.2.0,"2026-03-11 01:03:40+00","2026-08-09 02:40:01.200497+00","2026-08-09 02:40:01.200497+00","2026-08-09 02:40:01.200497+00",success,,t,,,ff209a47-72a7-46d0-b190-0a427a9afb0a,"2026-07-23 17:11:40.808988+00","2026-08-09 02:40:09.585874+00",가능,,,,https://tong.visitkorea.or.kr/cms/resource/64/3493264_image2_1.jpg,https://tong.visitkorea.or.kr/cms/resource/64/3493264_image3_1.jpg,,,,,
3493824,38,"메튜장 안국","서울특별시 종로구 율곡로 33 (안국동)",37.5759136483941,126.983424396119,11,110,SH,SH05,SH050200,11:00~19:00,연중무휴,"{""rules"": [{""months"": null, ""weekdays"": null, ""source_text"": ""11:00~19:00"", ""time_ranges"": [{""end"": ""19:00"", ""start"": ""11:00"", ""crosses_midnight"": false}], ""last_admission"": null}], ""warnings"": [], ""availability"": ""scheduled"", ""closure_rules"": [], ""assumption_reason"": null}",parsed,operating-hours-1.2.0,"2026-04-27 01:36:38+00","2026-08-09 02:40:01.200497+00","2026-08-09 02:40:01.200497+00","2026-08-09 02:40:01.200497+00",success,,t,,,ff209a47-72a7-46d0-b190-0a427a9afb0a,"2026-07-23 17:11:40.882874+00","2026-08-09 02:40:09.639934+00",불가능,,,,https://tong.visitkorea.or.kr/cms/resource/22/3493822_image2_1.jpg,https://tong.visitkorea.or.kr/cms/resource/22/3493822_image3_1.jpg,,,,,
3495688,15,"2026 귀어귀촌 어촌관광 한마당","서울특별시 종로구 세종대로 지하172 (세종로) 광화문광장 놀이마당",37.5716228232824,126.976787992565,11,110,EV,EV03,EV030400,11:00~20:00,,"{""rules"": [{""months"": null, ""weekdays"": null, ""source_text"": ""11:00~20:00"", ""time_ranges"": [{""end"": ""20:00"", ""start"": ""11:00"", ""crosses_midnight"": false}], ""last_admission"": null}], ""warnings"": [], ""availability"": ""scheduled"", ""closure_rules"": [], ""assumption_reason"": null}",parsed,operating-hours-1.2.0,"2026-05-06 02:07:36+00","2026-08-09 02:40:01.200497+00","2026-08-09 02:40:01.200497+00","2026-08-09 02:40:01.200497+00",success,,t,,,ff209a47-72a7-46d0-b190-0a427a9afb0a,"2026-07-23 17:11:41.44801+00","2026-08-09 02:40:09.692179+00",,,무료,,https://tong.visitkorea.or.kr/cms/resource/21/4062121_image2_1.jpg,https://tong.visitkorea.or.kr/cms/resource/21/4062121_image3_1.jpg,,,,,
3497454,15,"의정부지 상설 전통문화행사","서울특별시 종로구 종로1길 45 (세종로)",37.5746183218854,126.978384931809,11,110,EV,EV02,EV020100,11:00~15:00,,"{""rules"": [{""months"": null, ""weekdays"": null, ""source_text"": ""11:00~15:00"", ""time_ranges"": [{""end"": ""15:00"", ""start"": ""11:00"", ""crosses_midnight"": false}], ""last_admission"": null}], ""warnings"": [], ""availability"": ""scheduled"", ""closure_rules"": [], ""assumption_reason"": null}",parsed,operating-hours-1.2.0,"2026-04-08 02:37:41+00","2026-08-09 02:40:01.200497+00","2026-08-09 02:40:01.200497+00","2026-08-09 02:40:01.200497+00",success,,t,,,ff209a47-72a7-46d0-b190-0a427a9afb0a,"2026-07-23 17:11:41.225101+00","2026-08-09 02:40:09.744997+00",,,무료,,https://tong.visitkorea.or.kr/cms/resource/13/4056513_image2_1.jpg,https://tong.visitkorea.or.kr/cms/resource/13/4056513_image3_1.jpg,,,,,
3498398,15,"2026년 강제동원 희생자를 기리는 유족·시민 어울림행사","서울특별시 중구 태평로1가 1",37.569249,126.978013,11,110,EV,EV03,EV030400,09:00~15:00,,"{""rules"": [{""months"": null, ""weekdays"": null, ""source_text"": ""09:00~15:00"", ""time_ranges"": [{""end"": ""15:00"", ""start"": ""09:00"", ""crosses_midnight"": false}], ""last_admission"": null}], ""warnings"": [], ""availability"": ""scheduled"", ""closure_rules"": [], ""assumption_reason"": null}",parsed,operating-hours-1.2.0,"2026-06-02 02:12:28+00","2026-08-09 02:40:01.200497+00","2026-08-09 02:40:01.200497+00","2026-08-09 02:40:01.200497+00",success,,t,,,ff209a47-72a7-46d0-b190-0a427a9afb0a,"2026-07-23 17:11:41.44801+00","2026-08-09 02:40:09.815949+00",,,무료,,https://tong.visitkorea.or.kr/cms/resource/80/4069880_image2_1.jpg,https://tong.visitkorea.or.kr/cms/resource/80/4069880_image3_1.jpg,,,,,
3506591,39,손정보쌈,"서울특별시 종로구 삼일대로15길 24 (관철동)",37.5689295818374,126.986181563766,11,110,FD,FD01,FD010100,"[평일]- 11:00~22:00- 준비시간 14:30~16:30- 마지막 주문 21:20[주말]- 11:30~22:00- 마지막 주문 21:20",연중무휴,"{""rules"": [{""months"": null, ""weekdays"": [0, 1, 2, 3, 4], ""source_text"": ""]- 11:00~22:00- 준비시간 14:30~16:30- 마지막 주문 21:20["", ""time_ranges"": [{""end"": ""22:00"", ""start"": ""11:00"", ""crosses_midnight"": false}, {""end"": ""16:30"", ""start"": ""14:30"", ""crosses_midnight"": false}], ""last_admission"": null}, {""months"": null, ""weekdays"": [5, 6], ""source_text"": ""]- 11:30~22:00- 마지막 주문 21:20"", ""time_ranges"": [{""end"": ""22:00"", ""start"": ""11:30"", ""crosses_midnight"": false}], ""last_admission"": null}], ""warnings"": [], ""availability"": ""scheduled"", ""closure_rules"": [], ""assumption_reason"": null}",parsed,operating-hours-1.2.0,"2026-04-27 01:36:38+00","2026-08-09 02:40:01.200497+00","2026-08-09 02:40:01.200497+00","2026-08-09 02:40:01.200497+00",success,,t,,,ff209a47-72a7-46d0-b190-0a427a9afb0a,"2026-07-23 17:11:41.150397+00","2026-08-09 02:40:09.870096+00",불가능,,,,https://tong.visitkorea.or.kr/cms/resource/85/3506585_image2_1.JPG,https://tong.visitkorea.or.kr/cms/resource/85/3506585_image3_1.JPG,,,,,
3509884,15,서울썸머비치,"서울특별시 종로구 세종대로 175 (세종로)",37.5718478585,126.9761682759,11,110,EV,EV01,EV010600,13:00~22:00,,"{""rules"": [{""months"": null, ""weekdays"": null, ""source_text"": ""13:00~22:00"", ""time_ranges"": [{""end"": ""22:00"", ""start"": ""13:00"", ""crosses_midnight"": false}], ""last_admission"": null}], ""warnings"": [], ""availability"": ""scheduled"", ""closure_rules"": [], ""assumption_reason"": null}",parsed,operating-hours-1.2.0,"2026-07-21 07:31:21+00","2026-08-09 02:40:01.200497+00","2026-08-09 02:40:01.200497+00","2026-08-09 02:40:01.200497+00",success,,t,,,ff209a47-72a7-46d0-b190-0a427a9afb0a,"2026-07-23 17:11:40.955853+00","2026-08-09 02:40:09.924052+00",,,무료,,https://tong.visitkorea.or.kr/cms/resource/04/4079504_image2_1.png,https://tong.visitkorea.or.kr/cms/resource/04/4079504_image3_1.png,,,,,
3526391,12,"[서울둘레길 19코스] 북한산 성북코스","서울특별시 종로구 평창동 (형제봉 입구~화계사 입구)",37.6128,126.9819,11,110,VE,VE04,VE040300,"상시 개방",연중무휴,"{""rules"": [], ""warnings"": [], ""availability"": ""all_day"", ""closure_rules"": [], ""assumption_reason"": ""always_open_text""}",parsed,operating-hours-1.2.0,"2026-04-09 00:19:17+00","2026-08-09 02:40:01.200497+00","2026-08-09 02:40:01.200497+00","2026-08-09 02:40:01.200497+00",success,,t,,,ff209a47-72a7-46d0-b190-0a427a9afb0a,"2026-07-23 17:11:41.44801+00","2026-08-09 02:40:09.978305+00",,,,,https://tong.visitkorea.or.kr/cms/resource/71/3526271_image2_1.jpg,https://tong.visitkorea.or.kr/cms/resource/71/3526271_image3_1.jpg,,,,,
3528062,15,"2025 제17회 서울건축문화제","서울특별시 종로구 계동길 37 (계동)",37.5790529392,126.9867060298,11,110,EV,EV03,EV030400,09:00~18:00,,"{""rules"": [{""months"": null, ""weekdays"": null, ""source_text"": ""09:00~18:00"", ""time_ranges"": [{""end"": ""18:00"", ""start"": ""09:00"", ""crosses_midnight"": false}], ""last_admission"": null}], ""warnings"": [], ""availability"": ""scheduled"", ""closure_rules"": [], ""assumption_reason"": null}",parsed,operating-hours-1.2.0,"2025-09-04 06:28:52+00","2026-08-09 02:40:01.200497+00","2026-08-09 02:40:01.200497+00","2026-08-09 02:40:01.200497+00",success,,t,,,ff209a47-72a7-46d0-b190-0a427a9afb0a,"2026-07-23 17:11:41.44801+00","2026-08-09 02:40:10.034917+00",,,무료,,http://tong.visitkorea.or.kr/cms/resource/60/3528060_image2_1.png,http://tong.visitkorea.or.kr/cms/resource/60/3528060_image3_1.png,,,,,
3529694,32,서울아리,"서울특별시 종로구 율곡로10길 15-8 (권농동) 1,2층",37.5767227374,126.9913445622,11,110,AC,AC03,AC030200,16:00,,"{""rules"": [], ""warnings"": [""운영시간을 구조화하지 못했습니다.""], ""availability"": ""unknown"", ""closure_rules"": [], ""assumption_reason"": null}",partial,operating-hours-1.2.0,"2025-09-03 06:03:39+00","2026-08-09 02:40:01.200497+00","2026-08-09 02:40:01.200497+00","2026-08-09 02:40:01.200497+00",success,,t,,,ff209a47-72a7-46d0-b190-0a427a9afb0a,"2026-07-23 17:11:40.955853+00","2026-08-09 02:40:10.090065+00",가능,,,,,,,,,,
3532637,32,자하79,"서울특별시 종로구 자하문로 79 (신교동) 301호",37.5832354866,126.9700407638,11,110,AC,AC06,AC060200,15:00,,"{""rules"": [], ""warnings"": [""운영시간을 구조화하지 못했습니다.""], ""availability"": ""unknown"", ""closure_rules"": [], ""assumption_reason"": null}",partial,operating-hours-1.2.0,"2025-09-21 12:56:02+00","2026-08-09 02:40:01.200497+00","2026-08-09 02:40:01.200497+00","2026-08-09 02:40:01.200497+00",success,,t,,,ff209a47-72a7-46d0-b190-0a427a9afb0a,"2026-07-23 17:11:41.296349+00","2026-08-09 02:40:10.143859+00",가능,,,,,,,,,,
3532720,32,"메모리스테이 효자","서울특별시 종로구 자하문로 76-4 (효자동)",37.5827355624,126.9710156891,11,110,AC,AC03,AC030200,15:00,,"{""rules"": [], ""warnings"": [""운영시간을 구조화하지 못했습니다.""], ""availability"": ""unknown"", ""closure_rules"": [], ""assumption_reason"": null}",partial,operating-hours-1.2.0,"2025-10-23 05:30:00+00","2026-08-09 02:40:01.200497+00","2026-08-09 02:40:01.200497+00","2026-08-09 02:40:01.200497+00",success,,t,,,ff209a47-72a7-46d0-b190-0a427a9afb0a,"2026-07-23 17:11:40.882874+00","2026-08-09 02:40:10.197234+00",불가,,,,http://tong.visitkorea.or.kr/cms/resource/97/3507597_image2_1.jpg,http://tong.visitkorea.or.kr/cms/resource/97/3507597_image3_1.jpg,,,,,
3532757,32,곰곰하우스,"서울특별시 종로구 계동길 85-15 (계동)",37.5813971066,126.9864726513,11,110,AC,AC03,AC030200,15:00,,"{""rules"": [], ""warnings"": [""운영시간을 구조화하지 못했습니다.""], ""availability"": ""unknown"", ""closure_rules"": [], ""assumption_reason"": null}",partial,operating-hours-1.2.0,"2025-10-23 05:30:00+00","2026-08-09 02:40:01.200497+00","2026-08-09 02:40:01.200497+00","2026-08-09 02:40:01.200497+00",success,,t,,,ff209a47-72a7-46d0-b190-0a427a9afb0a,"2026-07-23 17:11:40.721834+00","2026-08-09 02:40:10.253331+00",불가,,,,,,,,,,
3532759,32,"스테이 희와","서울특별시 종로구 혜화로11가길 16-3 (명륜1가)",37.5892547343,126.9980380409,11,110,AC,AC03,AC030200,15:00,,"{""rules"": [], ""warnings"": [""운영시간을 구조화하지 못했습니다.""], ""availability"": ""unknown"", ""closure_rules"": [], ""assumption_reason"": null}",partial,operating-hours-1.2.0,"2025-10-23 05:30:00+00","2026-08-09 02:40:01.200497+00","2026-08-09 02:40:01.200497+00","2026-08-09 02:40:01.200497+00",success,,t,,,ff209a47-72a7-46d0-b190-0a427a9afb0a,"2026-07-23 17:11:41.150397+00","2026-08-09 02:40:10.306577+00","가능(사전고지필요)",,,,,,,,,,
3533007,32,"종로 성혜헌","서울특별시 종로구 종로 358-7 (숭인동)",37.5730097477,127.0173728509,11,110,AC,AC03,AC030200,17:00,,"{""rules"": [], ""warnings"": [""운영시간을 구조화하지 못했습니다.""], ""availability"": ""unknown"", ""closure_rules"": [], ""assumption_reason"": null}",partial,operating-hours-1.2.0,"2025-10-23 05:30:00+00","2026-08-09 02:40:01.200497+00","2026-08-09 02:40:01.200497+00","2026-08-09 02:40:01.200497+00",success,,t,,,ff209a47-72a7-46d0-b190-0a427a9afb0a,"2026-07-23 17:11:41.296349+00","2026-08-09 02:40:10.360068+00",불가,,,,,,,,,,
3533019,32,서유니스테이,"서울특별시 종로구 성균관로14길 63 (명륜1가)",37.586741137,126.9980047819,11,110,AC,AC06,AC060200,15:00,,"{""rules"": [], ""warnings"": [""운영시간을 구조화하지 못했습니다.""], ""availability"": ""unknown"", ""closure_rules"": [], ""assumption_reason"": null}",partial,operating-hours-1.2.0,"2025-09-22 03:32:16+00","2026-08-09 02:40:01.200497+00","2026-08-09 02:40:01.200497+00","2026-08-09 02:40:01.200497+00",success,,t,,,ff209a47-72a7-46d0-b190-0a427a9afb0a,"2026-07-23 17:11:40.955853+00","2026-08-09 02:40:10.413777+00",불가,,,,,,,,,,
3533020,32,스테이영에버,"서울특별시 종로구 창신8길 17 (창신동) 1층",37.5773257918,127.0106427863,11,110,AC,AC06,AC060200,15:00,,"{""rules"": [], ""warnings"": [""운영시간을 구조화하지 못했습니다.""], ""availability"": ""unknown"", ""closure_rules"": [], ""assumption_reason"": null}",partial,operating-hours-1.2.0,"2025-09-22 03:32:35+00","2026-08-09 02:40:01.200497+00","2026-08-09 02:40:01.200497+00","2026-08-09 02:40:01.200497+00",success,,t,,,ff209a47-72a7-46d0-b190-0a427a9afb0a,"2026-07-23 17:11:41.150397+00","2026-08-09 02:40:10.467107+00","가능(유료)",,,,,,,,,,
3533110,32,스테이코멧,"서울특별시 종로구 창신8길 17 (창신동) 2층",37.5773257918,127.0106427863,11,110,AC,AC06,AC060200,15:00,,"{""rules"": [], ""warnings"": [""운영시간을 구조화하지 못했습니다.""], ""availability"": ""unknown"", ""closure_rules"": [], ""assumption_reason"": null}",partial,operating-hours-1.2.0,"2025-09-22 03:34:30+00","2026-08-09 02:40:01.200497+00","2026-08-09 02:40:01.200497+00","2026-08-09 02:40:01.200497+00",success,,t,,,ff209a47-72a7-46d0-b190-0a427a9afb0a,"2026-07-23 17:11:41.150397+00","2026-08-09 02:40:10.520823+00","가능(무료)",,,,,,,,,,
3533122,32,고은,"서울특별시 종로구 동숭4나길 25 (동숭동, 상일아트빌라) 101호",37.583250011,127.0055403052,11,110,AC,AC06,AC060200,15:00,,"{""rules"": [], ""warnings"": [""운영시간을 구조화하지 못했습니다.""], ""availability"": ""unknown"", ""closure_rules"": [], ""assumption_reason"": null}",partial,operating-hours-1.2.0,"2025-09-22 03:40:22+00","2026-08-09 02:40:01.200497+00","2026-08-09 02:40:01.200497+00","2026-08-09 02:40:01.200497+00",success,,t,,,ff209a47-72a7-46d0-b190-0a427a9afb0a,"2026-07-23 17:11:40.721834+00","2026-08-09 02:40:10.573059+00",불가,,,,,,,,,,
3533140,32,스테이별빛숭인,"서울특별시 종로구 종로65가길 19 (숭인동) 101호",37.5751150931,127.0193059481,11,110,AC,AC06,AC060200,15:00,,"{""rules"": [], ""warnings"": [""운영시간을 구조화하지 못했습니다.""], ""availability"": ""unknown"", ""closure_rules"": [], ""assumption_reason"": null}",partial,operating-hours-1.2.0,"2025-09-22 03:51:15+00","2026-08-09 02:40:01.200497+00","2026-08-09 02:40:01.200497+00","2026-08-09 02:40:01.200497+00",success,,t,,,ff209a47-72a7-46d0-b190-0a427a9afb0a,"2026-07-23 17:11:41.150397+00","2026-08-09 02:40:10.629447+00",불가,,,,,,,,,,
3533152,32,힐제이,"서울특별시 종로구 창신길 159-1 (창신동, 동문아트빌라)",37.5783867504,127.0090234588,11,110,AC,AC06,AC060200,15:00,,"{""rules"": [], ""warnings"": [""운영시간을 구조화하지 못했습니다.""], ""availability"": ""unknown"", ""closure_rules"": [], ""assumption_reason"": null}",partial,operating-hours-1.2.0,"2025-09-21 14:25:39+00","2026-08-09 02:40:01.200497+00","2026-08-09 02:40:01.200497+00","2026-08-09 02:40:01.200497+00",success,,t,,,ff209a47-72a7-46d0-b190-0a427a9afb0a,"2026-07-23 17:11:41.44801+00","2026-08-09 02:40:10.682774+00",불가,,,,,,,,,,
3533158,32,"오리지날 백패커스","서울특별시 종로구 종로 313-3 (창신동) 3, 4층",37.5724874994,127.0125455275,11,110,AC,AC06,AC060200,15:00,,"{""rules"": [], ""warnings"": [""운영시간을 구조화하지 못했습니다.""], ""availability"": ""unknown"", ""closure_rules"": [], ""assumption_reason"": null}",partial,operating-hours-1.2.0,"2025-10-23 05:30:00+00","2026-08-09 02:40:01.200497+00","2026-08-09 02:40:01.200497+00","2026-08-09 02:40:01.200497+00",success,,t,,,ff209a47-72a7-46d0-b190-0a427a9afb0a,"2026-07-23 17:11:41.225101+00","2026-08-09 02:40:10.7389+00",불가,,,,,,,,,,
3533160,32,와하녹,"서울특별시 종로구 창경궁로26길 38-13 (명륜4가) 명륜4가",37.5817723039,126.9999075272,11,110,AC,AC03,AC030200,16:00,,"{""rules"": [], ""warnings"": [""운영시간을 구조화하지 못했습니다.""], ""availability"": ""unknown"", ""closure_rules"": [], ""assumption_reason"": null}",partial,operating-hours-1.2.0,"2025-10-23 05:30:00+00","2026-08-09 02:40:01.200497+00","2026-08-09 02:40:01.200497+00","2026-08-09 02:40:01.200497+00",success,,t,,,ff209a47-72a7-46d0-b190-0a427a9afb0a,"2026-07-23 17:11:41.225101+00","2026-08-09 02:40:10.795349+00",불가,,,,,,,,,,
3533161,32,"앙니드 공이안","서울특별시 종로구 북촌로5가길 44-5 (화동)",37.5816331005,126.9814925429,11,110,AC,AC03,AC030200,15:00,,"{""rules"": [], ""warnings"": [""운영시간을 구조화하지 못했습니다.""], ""availability"": ""unknown"", ""closure_rules"": [], ""assumption_reason"": null}",partial,operating-hours-1.2.0,"2025-10-23 05:30:00+00","2026-08-09 02:40:01.200497+00","2026-08-09 02:40:01.200497+00","2026-08-09 02:40:01.200497+00",success,,t,,,ff209a47-72a7-46d0-b190-0a427a9afb0a,"2026-07-23 17:11:41.150397+00","2026-08-09 02:40:10.847914+00",불가,,,,,,,,,,
3546110,15,"2025 서울한옥위크","서울특별시 종로구 계동길 37 (계동)",37.5790529392,126.9867060298,11,110,EV,EV03,EV030400,"프로그램 별 상이",,"{""rules"": [], ""warnings"": [""운영시간을 구조화하지 못했습니다.""], ""availability"": ""unknown"", ""closure_rules"": [], ""assumption_reason"": null}",partial,operating-hours-1.2.0,"2025-10-23 05:30:00+00","2026-08-09 02:40:01.200497+00","2026-08-09 02:40:01.200497+00","2026-08-09 02:40:01.200497+00",success,,t,,,ff209a47-72a7-46d0-b190-0a427a9afb0a,"2026-07-23 17:11:41.44801+00","2026-08-09 02:40:10.902491+00",,,"프로그램 별 상이",,http://tong.visitkorea.or.kr/cms/resource/09/3546109_image2_1.jpg,http://tong.visitkorea.or.kr/cms/resource/09/3546109_image3_1.jpg,,,,,
3548614,38,"거안(GEOAN)","서울특별시 종로구 인사동길 44 (관훈동)",37.5742519890154,126.984851451318,11,110,SH,SH05,SH050100,10:30~20:00,연중무휴,"{""rules"": [{""months"": null, ""weekdays"": null, ""source_text"": ""10:30~20:00"", ""time_ranges"": [{""end"": ""20:00"", ""start"": ""10:30"", ""crosses_midnight"": false}], ""last_admission"": null}], ""warnings"": [], ""availability"": ""scheduled"", ""closure_rules"": [], ""assumption_reason"": null}",parsed,operating-hours-1.2.0,"2026-04-27 06:43:25+00","2026-08-09 02:40:01.200497+00","2026-08-09 02:40:01.200497+00","2026-08-09 02:40:01.200497+00",success,,t,,,ff209a47-72a7-46d0-b190-0a427a9afb0a,"2026-07-23 17:11:40.721834+00","2026-08-09 02:40:10.964589+00",,,,,https://tong.visitkorea.or.kr/cms/resource/80/3548780_image2_1.jpg,https://tong.visitkorea.or.kr/cms/resource/80/3548780_image3_1.jpg,,,,,
3562387,14,북한인권전시실,"서울특별시 종로구 삼일대로 393 (관철동) B1층",37.5696744142355,126.9873906043,11,110,VE,VE07,VE070300,10:00~18:00,"매주 주말 / 공휴일 / 기관장 지정일","{""rules"": [{""months"": null, ""weekdays"": null, ""source_text"": ""10:00~18:00"", ""time_ranges"": [{""end"": ""18:00"", ""start"": ""10:00"", ""crosses_midnight"": false}], ""last_admission"": null}], ""warnings"": [""휴무 문구의 일부 예외를 구조화하지 못했습니다.""], ""availability"": ""scheduled"", ""closure_rules"": [], ""assumption_reason"": null}",partial,operating-hours-1.2.0,"2026-04-27 08:16:14+00","2026-08-09 02:40:01.200497+00","2026-08-09 02:40:01.200497+00","2026-08-09 02:40:01.200497+00",success,,t,,,ff209a47-72a7-46d0-b190-0a427a9afb0a,"2026-07-23 17:11:40.882874+00","2026-08-09 02:40:11.020015+00",,,"1,000원※ 단체 방문은 개별 문의 요망",,https://tong.visitkorea.or.kr/cms/resource/78/3562378_image2_1.jpg,https://tong.visitkorea.or.kr/cms/resource/78/3562378_image3_1.jpg,,,,,
3567063,39,"편강 율 플래그십&티하우스","서울특별시 종로구 북촌로5가길 35-4 (소격동)",37.5810543770598,126.98121824566,11,110,FD,FD05,FD050100,"11:00~19:00 (마지막 주문 18:30)","매주 화요일","{""rules"": [{""months"": null, ""weekdays"": null, ""source_text"": ""11:00~19:00 (마지막 주문 18:30)"", ""time_ranges"": [{""end"": ""19:00"", ""start"": ""11:00"", ""crosses_midnight"": false}], ""last_admission"": null}], ""warnings"": [], ""availability"": ""scheduled"", ""closure_rules"": [{""weekdays"": [1], ""source_text"": ""매주 화요일""}], ""assumption_reason"": null}",parsed,operating-hours-1.2.0,"2026-04-27 08:11:45+00","2026-08-09 02:40:01.200497+00","2026-08-09 02:40:01.200497+00","2026-08-09 02:40:01.200497+00",success,,t,,,ff209a47-72a7-46d0-b190-0a427a9afb0a,"2026-07-23 17:11:41.371579+00","2026-08-09 02:40:11.091918+00",,,,,https://tong.visitkorea.or.kr/cms/resource/56/3567056_image2_1.jpg,https://tong.visitkorea.or.kr/cms/resource/56/3567056_image3_1.jpg,,,,,
3570165,39,"모던샤브하우스 광화문D타워점","서울특별시 종로구 종로3길 17 (청진동) D타워 리플레이스 광화문 5층",37.5709958970392,126.97891450886,11,110,FD,FD01,FD010100,"11:30~22:00 (마지막 주문 21:00)",연중무휴,"{""rules"": [{""months"": null, ""weekdays"": null, ""source_text"": ""11:30~22:00 (마지막 주문 21:00)"", ""time_ranges"": [{""end"": ""22:00"", ""start"": ""11:30"", ""crosses_midnight"": false}], ""last_admission"": null}], ""warnings"": [], ""availability"": ""scheduled"", ""closure_rules"": [], ""assumption_reason"": null}",parsed,operating-hours-1.2.0,"2026-04-27 08:08:20+00","2026-08-09 02:40:01.200497+00","2026-08-09 02:40:01.200497+00","2026-08-09 02:40:01.200497+00",success,,t,,,ff209a47-72a7-46d0-b190-0a427a9afb0a,"2026-07-23 17:11:40.882874+00","2026-08-09 02:40:11.146638+00",가능,,,,https://tong.visitkorea.or.kr/cms/resource/15/3570215_image2_1.jpg,https://tong.visitkorea.or.kr/cms/resource/15/3570215_image3_1.jpg,,,,,
3570638,39,"만리지화 본점","서울특별시 종로구 종로3길 17 (청진동) D타워 리플레이스 광화문 4층",37.5709958970392,126.97891450886,11,110,FD,FD01,FD010100,"11:00~21:30 (마지막 주문 21:00)",연중무휴,"{""rules"": [{""months"": null, ""weekdays"": null, ""source_text"": ""11:00~21:30 (마지막 주문 21:00)"", ""time_ranges"": [{""end"": ""21:30"", ""start"": ""11:00"", ""crosses_midnight"": false}], ""last_admission"": null}], ""warnings"": [], ""availability"": ""scheduled"", ""closure_rules"": [], ""assumption_reason"": null}",parsed,operating-hours-1.2.0,"2026-04-27 08:22:01+00","2026-08-09 02:40:01.200497+00","2026-08-09 02:40:01.200497+00","2026-08-09 02:40:01.200497+00",success,,t,,,ff209a47-72a7-46d0-b190-0a427a9afb0a,"2026-07-23 17:11:40.882874+00","2026-08-09 02:40:11.198901+00",가능,,,,https://tong.visitkorea.or.kr/cms/resource/26/3570626_image2_1.jpg,https://tong.visitkorea.or.kr/cms/resource/26/3570626_image3_1.jpg,,,,,
3572025,15,동궐동락,"서울특별시 종로구 창경궁로 185 (와룡동) 창경궁, 서울 종로구 율곡로 99 창덕궁",37.5789336838,126.9964634775,11,110,EV,EV01,EV010400,18:00~21:00,,"{""rules"": [{""months"": null, ""weekdays"": null, ""source_text"": ""18:00~21:00"", ""time_ranges"": [{""end"": ""21:00"", ""start"": ""18:00"", ""crosses_midnight"": false}], ""last_admission"": null}], ""warnings"": [], ""availability"": ""scheduled"", ""closure_rules"": [], ""assumption_reason"": null}",parsed,operating-hours-1.2.0,"2025-11-21 08:35:53+00","2026-08-09 02:40:01.200497+00","2026-08-09 02:40:01.200497+00","2026-08-09 02:40:01.200497+00",success,,t,,,ff209a47-72a7-46d0-b190-0a427a9afb0a,"2026-07-23 17:11:40.808988+00","2026-08-09 02:40:11.249332+00",,,"유료 (30,000원)",,http://tong.visitkorea.or.kr/cms/resource/22/3572022_image2_1.jpg,http://tong.visitkorea.or.kr/cms/resource/22/3572022_image3_1.jpg,,,,,
3582643,12,"한복남 창덕궁점","서울특별시 종로구 돈화문로 86-1 (와룡동) 1층",37.5761829807364,126.990670666042,11,110,EX,EX01,EX010100,"09:00~19:00 (반납시간 18:30)","매주 월요일","{""rules"": [{""months"": null, ""weekdays"": null, ""source_text"": ""09:00~19:00 (반납시간 18:30)"", ""time_ranges"": [{""end"": ""19:00"", ""start"": ""09:00"", ""crosses_midnight"": false}], ""last_admission"": null}], ""warnings"": [], ""availability"": ""scheduled"", ""closure_rules"": [{""weekdays"": [0], ""source_text"": ""매주 월요일""}], ""assumption_reason"": null}",parsed,operating-hours-1.2.0,"2026-04-27 09:12:08+00","2026-08-09 02:40:01.200497+00","2026-08-09 02:40:01.200497+00","2026-08-09 02:40:01.200497+00",success,,t,,,ff209a47-72a7-46d0-b190-0a427a9afb0a,"2026-07-23 17:11:41.371579+00","2026-08-09 02:40:11.30234+00",가능,,,,https://tong.visitkorea.or.kr/cms/resource/98/3582598_image2_1.jpg,https://tong.visitkorea.or.kr/cms/resource/98/3582598_image3_1.jpg,,,,,
3582693,12,"한복남 북촌점","서울특별시 종로구 북촌로 35-4 (가회동) 지하 1층",37.5798447492718,126.984742270805,11,110,EX,EX01,EX010100,"09:00~18:00 (반납시간 17:30)",연중무휴,"{""rules"": [{""months"": null, ""weekdays"": null, ""source_text"": ""09:00~18:00 (반납시간 17:30)"", ""time_ranges"": [{""end"": ""18:00"", ""start"": ""09:00"", ""crosses_midnight"": false}], ""last_admission"": null}], ""warnings"": [], ""availability"": ""scheduled"", ""closure_rules"": [], ""assumption_reason"": null}",parsed,operating-hours-1.2.0,"2026-04-27 09:15:32+00","2026-08-09 02:40:01.200497+00","2026-08-09 02:40:01.200497+00","2026-08-09 02:40:01.200497+00",success,,t,,,ff209a47-72a7-46d0-b190-0a427a9afb0a,"2026-07-23 17:11:41.371579+00","2026-08-09 02:40:11.354318+00",가능,,,,https://tong.visitkorea.or.kr/cms/resource/47/3582647_image2_1.jpg,https://tong.visitkorea.or.kr/cms/resource/47/3582647_image3_1.jpg,,,,,
3582821,12,"한복남 프리미엄점","서울특별시 종로구 사직로 133-9 (적선동)",37.576403908733,126.973230283944,11,110,EX,EX01,EX010100,"09:00~19:00 (반납시간 18:30)",연중무휴,"{""rules"": [{""months"": null, ""weekdays"": null, ""source_text"": ""09:00~19:00 (반납시간 18:30)"", ""time_ranges"": [{""end"": ""19:00"", ""start"": ""09:00"", ""crosses_midnight"": false}], ""last_admission"": null}], ""warnings"": [], ""availability"": ""scheduled"", ""closure_rules"": [], ""assumption_reason"": null}",parsed,operating-hours-1.2.0,"2026-04-27 09:01:17+00","2026-08-09 02:40:01.200497+00","2026-08-09 02:40:01.200497+00","2026-08-09 02:40:01.200497+00",success,,t,,,ff209a47-72a7-46d0-b190-0a427a9afb0a,"2026-07-23 17:11:41.371579+00","2026-08-09 02:40:11.420936+00",불가능,,,,https://tong.visitkorea.or.kr/cms/resource/56/3582656_image2_1.JPG,https://tong.visitkorea.or.kr/cms/resource/56/3582656_image3_1.JPG,,,,,
398345,39,눈나무집,"서울특별시 종로구 삼청로 136-1",37.5874194378147,126.981853855717,11,110,FD,FD01,FD010100,"11:00 ~ 20:00",연중무휴,"{""rules"": [{""months"": null, ""weekdays"": null, ""source_text"": ""11:00 ~ 20:00"", ""time_ranges"": [{""end"": ""20:00"", ""start"": ""11:00"", ""crosses_midnight"": false}], ""last_admission"": null}], ""warnings"": [], ""availability"": ""scheduled"", ""closure_rules"": [], ""assumption_reason"": null}",parsed,operating-hours-1.2.0,"2026-02-25 07:53:16+00","2026-08-09 02:40:01.200497+00","2026-08-09 02:40:01.200497+00","2026-08-09 02:40:01.200497+00",success,,t,,,ff209a47-72a7-46d0-b190-0a427a9afb0a,"2026-07-23 17:11:40.808988+00","2026-08-09 02:40:11.474248+00",가능,,,,,,,,,,
398346,39,다락정,"서울특별시 종로구 삼청로 131-1 (삼청동)",37.5873018875,126.9815507103,11,110,FD,FD01,FD010100,11:00~21:30,연중무휴,"{""rules"": [{""months"": null, ""weekdays"": null, ""source_text"": ""11:00~21:30"", ""time_ranges"": [{""end"": ""21:30"", ""start"": ""11:00"", ""crosses_midnight"": false}], ""last_admission"": null}], ""warnings"": [], ""availability"": ""scheduled"", ""closure_rules"": [], ""assumption_reason"": null}",parsed,operating-hours-1.2.0,"2025-03-11 04:30:59+00","2026-08-09 02:40:01.200497+00","2026-08-09 02:40:01.200497+00","2026-08-09 02:40:01.200497+00",success,,t,,,ff209a47-72a7-46d0-b190-0a427a9afb0a,"2026-07-23 17:11:40.808988+00","2026-08-09 02:40:11.525034+00",불가능,,,,,,,,,,
398350,39,서울서둘째로잘하는집,"서울특별시 종로구 삼청로 122-1 (삼청동)",37.5863103414,126.9818479335,11,110,FD,FD05,FD050100,"11:00 ~ 20:30",명절당일,"{""rules"": [{""months"": null, ""weekdays"": null, ""source_text"": ""11:00 ~ 20:30"", ""time_ranges"": [{""end"": ""20:30"", ""start"": ""11:00"", ""crosses_midnight"": false}], ""last_admission"": null}], ""warnings"": [""휴무 문구의 일부 예외를 구조화하지 못했습니다.""], ""availability"": ""scheduled"", ""closure_rules"": [], ""assumption_reason"": null}",partial,operating-hours-1.2.0,"2024-09-20 08:37:34+00","2026-08-09 02:40:01.200497+00","2026-08-09 02:40:01.200497+00","2026-08-09 02:40:01.200497+00",success,,t,,,ff209a47-72a7-46d0-b190-0a427a9afb0a,"2026-07-23 17:11:40.955853+00","2026-08-09 02:40:11.595339+00",,,,,,,,,,,
398373,39,"개성만두 궁","서울특별시 종로구 인사동10길 11-3 (관훈동)",37.5743229103,126.9854257249,11,110,FD,FD01,FD010100,"[평일]<br>- 11:30~21:30<br>- 준비시간 15:00~16:00<br>- 마지막 주문 20:50<br>[토요일] 11:30~21:30 (마지막 주문 20:50)<br>[일요일] 11:30~20:00 (마지막 주문 19:20)",연중무휴,"{""rules"": [{""months"": null, ""weekdays"": [0, 1, 2, 3, 4], ""source_text"": ""- 11:30~21:30"", ""time_ranges"": [{""end"": ""21:30"", ""start"": ""11:30"", ""crosses_midnight"": false}], ""last_admission"": null}, {""months"": null, ""weekdays"": [0, 1, 2, 3, 4], ""source_text"": ""- 준비시간 15:00~16:00"", ""time_ranges"": [{""end"": ""16:00"", ""start"": ""15:00"", ""crosses_midnight"": false}], ""last_admission"": null}, {""months"": null, ""weekdays"": [5], ""source_text"": ""] 11:30~21:30 (마지막 주문 20:50)"", ""time_ranges"": [{""end"": ""21:30"", ""start"": ""11:30"", ""crosses_midnight"": false}], ""last_admission"": null}, {""months"": null, ""weekdays"": [6], ""source_text"": ""] 11:30~20:00 (마지막 주문 19:20)"", ""time_ranges"": [{""end"": ""20:00"", ""start"": ""11:30"", ""crosses_midnight"": false}], ""last_admission"": null}], ""warnings"": [], ""availability"": ""scheduled"", ""closure_rules"": [], ""assumption_reason"": null}",parsed,operating-hours-1.2.0,"2025-03-11 04:42:19+00","2026-08-09 02:40:01.200497+00","2026-08-09 02:40:01.200497+00","2026-08-09 02:40:01.200497+00",success,,t,,,ff209a47-72a7-46d0-b190-0a427a9afb0a,"2026-07-23 17:11:40.721834+00","2026-08-09 02:40:11.649025+00",불가능,,,,,,,,,,
398384,39,찬양집,"서울특별시 종로구 돈화문로11다길 5",37.5728814983,126.9902864338,11,110,FD,FD01,FD010100,10:00-21:00,"매주 일요일 / 명절 연휴","{""rules"": [{""months"": null, ""weekdays"": null, ""source_text"": ""10:00-21:00"", ""time_ranges"": [{""end"": ""21:00"", ""start"": ""10:00"", ""crosses_midnight"": false}], ""last_admission"": null}], ""warnings"": [], ""availability"": ""scheduled"", ""closure_rules"": [{""weekdays"": [6], ""source_text"": ""매주 일요일 / 명절 연휴""}], ""assumption_reason"": null}",parsed,operating-hours-1.2.0,"2025-06-26 08:07:41+00","2026-08-09 02:40:01.200497+00","2026-08-09 02:40:01.200497+00","2026-08-09 02:40:01.200497+00",success,,t,,,ff209a47-72a7-46d0-b190-0a427a9afb0a,"2026-07-23 17:11:41.296349+00","2026-08-09 02:40:11.701006+00",,,,,http://tong.visitkorea.or.kr/cms/resource/15/3474815_image2_1.jpg,http://tong.visitkorea.or.kr/cms/resource/15/3474815_image3_1.jpg,,,,,
4002497,39,운종가,"서울특별시 종로구 우정국로 45-5 (견지동) 2층",37.5729544923847,126.982530999773,11,110,FD,FD01,FD010100,"- 11:00~22:00- 준비시간 15:00~17:00- 마지막 주문 21:00※ 예약제이므로 온라인 예약 및 전화 문의 요망","매주 일요일","{""rules"": [{""months"": null, ""weekdays"": null, ""source_text"": ""- 11:00~22:00- 준비시간 15:00~17:00- 마지막 주문 21:00※ 예약제이므로 온라인 예약 및 전화 문의 요망"", ""time_ranges"": [{""end"": ""22:00"", ""start"": ""11:00"", ""crosses_midnight"": false}, {""end"": ""17:00"", ""start"": ""15:00"", ""crosses_midnight"": false}], ""last_admission"": null}], ""warnings"": [], ""availability"": ""scheduled"", ""closure_rules"": [{""weekdays"": [6], ""source_text"": ""매주 일요일""}], ""assumption_reason"": null}",parsed,operating-hours-1.2.0,"2026-03-23 08:33:02+00","2026-08-09 02:40:01.200497+00","2026-08-09 02:40:01.200497+00","2026-08-09 02:40:01.200497+00",success,,t,,,ff209a47-72a7-46d0-b190-0a427a9afb0a,"2026-07-23 17:11:41.225101+00","2026-08-09 02:40:11.767137+00",가능,,,,https://tong.visitkorea.or.kr/cms/resource/84/4002484_image2_1.jpg,https://tong.visitkorea.or.kr/cms/resource/84/4002484_image3_1.jpg,,,,,
4002527,39,인사동마늘보쌈,"서울특별시 종로구 인사동8길 12-5 (관훈동)",37.5739729197215,126.986177884164,11,110,FD,FD01,FD010100,"- 평일 11:00~22:00 (준비시간 15:00~17:00)- 주말 11:00~21:00 (준비시간 15:00~17:00)",연중무휴,"{""rules"": [{""months"": null, ""weekdays"": [0, 1, 2, 3, 4], ""source_text"": "" 11:00~22:00 (준비시간 15:00~17:00)- "", ""time_ranges"": [{""end"": ""22:00"", ""start"": ""11:00"", ""crosses_midnight"": false}, {""end"": ""17:00"", ""start"": ""15:00"", ""crosses_midnight"": false}], ""last_admission"": null}, {""months"": null, ""weekdays"": [5, 6], ""source_text"": "" 11:00~21:00 (준비시간 15:00~17:00)"", ""time_ranges"": [{""end"": ""21:00"", ""start"": ""11:00"", ""crosses_midnight"": false}, {""end"": ""17:00"", ""start"": ""15:00"", ""crosses_midnight"": false}], ""last_admission"": null}], ""warnings"": [], ""availability"": ""scheduled"", ""closure_rules"": [], ""assumption_reason"": null}",parsed,operating-hours-1.2.0,"2026-03-30 05:03:08+00","2026-08-09 02:40:01.200497+00","2026-08-09 02:40:01.200497+00","2026-08-09 02:40:01.200497+00",success,,t,,,ff209a47-72a7-46d0-b190-0a427a9afb0a,"2026-07-23 17:11:41.225101+00","2026-08-09 02:40:11.827134+00",불가능,,,,https://tong.visitkorea.or.kr/cms/resource/10/4002510_image2_1.jpg,https://tong.visitkorea.or.kr/cms/resource/10/4002510_image3_1.jpg,,,,,
4002684,39,종로반상회,"서울특별시 종로구 우정국로2길 8 (관철동)",37.5694386730377,126.983463638249,11,110,FD,FD01,FD010100,"11:00~22:00 (준비시간 15:00~17:00)","매주 토요일,일요일","{""rules"": [{""months"": null, ""weekdays"": null, ""source_text"": ""11:00~22:00 (준비시간 15:00~17:00)"", ""time_ranges"": [{""end"": ""22:00"", ""start"": ""11:00"", ""crosses_midnight"": false}, {""end"": ""17:00"", ""start"": ""15:00"", ""crosses_midnight"": false}], ""last_admission"": null}], ""warnings"": [], ""availability"": ""scheduled"", ""closure_rules"": [{""weekdays"": [5, 6], ""source_text"": ""매주 토요일,일요일""}], ""assumption_reason"": null}",parsed,operating-hours-1.2.0,"2026-03-25 00:34:32+00","2026-08-09 02:40:01.200497+00","2026-08-09 02:40:01.200497+00","2026-08-09 02:40:01.200497+00",success,,t,,,ff209a47-72a7-46d0-b190-0a427a9afb0a,"2026-07-23 17:11:41.296349+00","2026-08-09 02:40:11.902199+00",불가능,,,,https://tong.visitkorea.or.kr/cms/resource/75/4002675_image2_1.JPG,https://tong.visitkorea.or.kr/cms/resource/75/4002675_image3_1.JPG,,,,,
4004921,39,삼봉도담,"서울특별시 종로구 우정국로 45-5 (견지동) 1층",37.5729544923847,126.982530999773,11,110,FD,FD01,FD010100,"- 11:00~22:00- 준비시간 15:00~17:00- 점심 마지막 주문 14:00- 저녁 마지막 주문 21:00",연중무휴,"{""rules"": [{""months"": null, ""weekdays"": null, ""source_text"": ""- 11:00~22:00- 준비시간 15:00~17:00- 점심 마지막 주문 14:00- 저녁 마지막 주문 21:00"", ""time_ranges"": [{""end"": ""22:00"", ""start"": ""11:00"", ""crosses_midnight"": false}, {""end"": ""17:00"", ""start"": ""15:00"", ""crosses_midnight"": false}], ""last_admission"": null}], ""warnings"": [], ""availability"": ""scheduled"", ""closure_rules"": [], ""assumption_reason"": null}",parsed,operating-hours-1.2.0,"2026-03-19 07:00:41+00","2026-08-09 02:40:01.200497+00","2026-08-09 02:40:01.200497+00","2026-08-09 02:40:01.200497+00",success,,t,,,ff209a47-72a7-46d0-b190-0a427a9afb0a,"2026-07-23 17:11:40.955853+00","2026-08-09 02:40:11.958433+00",불가능,,,,https://tong.visitkorea.or.kr/cms/resource/92/4004892_image2_1.JPG,https://tong.visitkorea.or.kr/cms/resource/92/4004892_image3_1.JPG,,,,,
4004968,39,인사도담,"서울특별시 종로구 인사동16길 5-1 (관훈동)",37.5751289090717,126.98413276904,11,110,FD,FD01,FD010100,"- 11:00~22:00- 준비시간 15:00~17:00- 점심 마지막 주문 14:00- 저녁 마지막 주문 21:00",연중무휴,"{""rules"": [{""months"": null, ""weekdays"": null, ""source_text"": ""- 11:00~22:00- 준비시간 15:00~17:00- 점심 마지막 주문 14:00- 저녁 마지막 주문 21:00"", ""time_ranges"": [{""end"": ""22:00"", ""start"": ""11:00"", ""crosses_midnight"": false}, {""end"": ""17:00"", ""start"": ""15:00"", ""crosses_midnight"": false}], ""last_admission"": null}], ""warnings"": [], ""availability"": ""scheduled"", ""closure_rules"": [], ""assumption_reason"": null}",parsed,operating-hours-1.2.0,"2026-03-19 07:44:06+00","2026-08-09 02:40:01.200497+00","2026-08-09 02:40:01.200497+00","2026-08-09 02:40:01.200497+00",success,,t,,,ff209a47-72a7-46d0-b190-0a427a9afb0a,"2026-07-23 17:11:41.225101+00","2026-08-09 02:40:12.023753+00",불가능,,,,https://tong.visitkorea.or.kr/cms/resource/38/4004938_image2_1.JPG,https://tong.visitkorea.or.kr/cms/resource/38/4004938_image3_1.JPG,,,,,
4009449,38,"올리브영 경복궁역점","서울특별시 종로구 자하문로 9 (체부동) 1,2층",37.5769157929272,126.972141061212,11,110,SH,SH04,SH040300,09:00-22:30,,"{""rules"": [{""months"": null, ""weekdays"": null, ""source_text"": ""09:00-22:30"", ""time_ranges"": [{""end"": ""22:30"", ""start"": ""09:00"", ""crosses_midnight"": false}], ""last_admission"": null}], ""warnings"": [], ""availability"": ""scheduled"", ""closure_rules"": [], ""assumption_reason"": null}",parsed,operating-hours-1.2.0,"2026-03-09 00:36:31+00","2026-08-09 02:40:01.200497+00","2026-08-09 02:40:01.200497+00","2026-08-09 02:40:01.200497+00",success,,t,,,ff209a47-72a7-46d0-b190-0a427a9afb0a,"2026-07-23 17:11:41.225101+00","2026-08-09 02:40:12.099695+00",불가능,,,,https://tong.visitkorea.or.kr/cms/resource/98/4028798_image2_1.png,https://tong.visitkorea.or.kr/cms/resource/98/4028798_image3_1.png,,,,,
4009450,38,"올리브영 종로평창점","서울특별시 종로구 평창문화로 51 (평창동) 1층",37.6057993114321,126.966777550496,11,110,SH,SH04,SH040300,10:00-22:30,,"{""rules"": [{""months"": null, ""weekdays"": null, ""source_text"": ""10:00-22:30"", ""time_ranges"": [{""end"": ""22:30"", ""start"": ""10:00"", ""crosses_midnight"": false}], ""last_admission"": null}], ""warnings"": [], ""availability"": ""scheduled"", ""closure_rules"": [], ""assumption_reason"": null}",parsed,operating-hours-1.2.0,"2026-03-09 00:36:31+00","2026-08-09 02:40:01.200497+00","2026-08-09 02:40:01.200497+00","2026-08-09 02:40:01.200497+00",success,,t,,,ff209a47-72a7-46d0-b190-0a427a9afb0a,"2026-07-23 17:11:41.225101+00","2026-08-09 02:40:12.173515+00",불가능,,,,https://tong.visitkorea.or.kr/cms/resource/08/4028808_image2_1.jpg,https://tong.visitkorea.or.kr/cms/resource/08/4028808_image3_1.jpg,,,,,
4009975,39,"장수하늘소 인사점","서울특별시 종로구 인사동길 34-1 (관훈동) 지하 1층",37.5738579749684,126.985609522118,11,110,FD,FD01,FD010100,"- 11:30~21:30- 준비시간 15:00~16:25- 마지막 주문 20:40",연중무휴,"{""rules"": [{""months"": null, ""weekdays"": null, ""source_text"": ""- 11:30~21:30- 준비시간 15:00~16:25- 마지막 주문 20:40"", ""time_ranges"": [{""end"": ""21:30"", ""start"": ""11:30"", ""crosses_midnight"": false}, {""end"": ""16:25"", ""start"": ""15:00"", ""crosses_midnight"": false}], ""last_admission"": null}], ""warnings"": [], ""availability"": ""scheduled"", ""closure_rules"": [], ""assumption_reason"": null}",parsed,operating-hours-1.2.0,"2026-03-19 05:51:30+00","2026-08-09 02:40:01.200497+00","2026-08-09 02:40:01.200497+00","2026-08-09 02:40:01.200497+00",success,,t,,,ff209a47-72a7-46d0-b190-0a427a9afb0a,"2026-07-23 17:11:41.296349+00","2026-08-09 02:40:12.227233+00",불가능,,,,https://tong.visitkorea.or.kr/cms/resource/64/4009964_image2_1.jpg,https://tong.visitkorea.or.kr/cms/resource/64/4009964_image3_1.jpg,,,,,
4012693,38,플레인브랜드,"서울특별시 종로구 대명길 26 (명륜2가)",37.5834182191915,127.000095893688,11,110,SH,SH04,SH040300,11:00~21:00,,"{""rules"": [{""months"": null, ""weekdays"": null, ""source_text"": ""11:00~21:00"", ""time_ranges"": [{""end"": ""21:00"", ""start"": ""11:00"", ""crosses_midnight"": false}], ""last_admission"": null}], ""warnings"": [], ""availability"": ""scheduled"", ""closure_rules"": [], ""assumption_reason"": null}",parsed,operating-hours-1.2.0,"2026-03-18 01:10:05+00","2026-08-09 02:40:01.200497+00","2026-08-09 02:40:01.200497+00","2026-08-09 02:40:01.200497+00",success,,t,,,ff209a47-72a7-46d0-b190-0a427a9afb0a,"2026-07-23 17:11:41.371579+00","2026-08-09 02:40:12.277074+00",불가능,,,,https://tong.visitkorea.or.kr/cms/resource/88/4024488_image2_1.jpeg,https://tong.visitkorea.or.kr/cms/resource/88/4024488_image3_1.jpeg,,,,,
4012694,38,"슈마커플러스 대학로점","서울특별시 종로구 대명길 9 (명륜4가) 1층",37.583376138945,127.000958936342,11,110,SH,SH04,SH040300,11:00~22:00,,"{""rules"": [{""months"": null, ""weekdays"": null, ""source_text"": ""11:00~22:00"", ""time_ranges"": [{""end"": ""22:00"", ""start"": ""11:00"", ""crosses_midnight"": false}], ""last_admission"": null}], ""warnings"": [], ""availability"": ""scheduled"", ""closure_rules"": [], ""assumption_reason"": null}",parsed,operating-hours-1.2.0,"2026-03-27 00:21:50+00","2026-08-09 02:40:01.200497+00","2026-08-09 02:40:01.200497+00","2026-08-09 02:40:01.200497+00",success,,t,,,ff209a47-72a7-46d0-b190-0a427a9afb0a,"2026-07-23 17:11:41.150397+00","2026-08-09 02:40:12.329007+00",불가능,,,,https://tong.visitkorea.or.kr/cms/resource/48/4043048_image2_1.png,https://tong.visitkorea.or.kr/cms/resource/48/4043048_image3_1.png,,,,,
4012695,38,"퍼퓸그라피 혜화","서울특별시 종로구 대학로10길 15-15 (동숭동) 2층",37.5824799809295,127.002826280978,11,110,SH,SH04,SH040300,15:00~20:30,월2회,"{""rules"": [{""months"": null, ""weekdays"": null, ""source_text"": ""15:00~20:30"", ""time_ranges"": [{""end"": ""20:30"", ""start"": ""15:00"", ""crosses_midnight"": false}], ""last_admission"": null}], ""warnings"": [""휴무 문구의 일부 예외를 구조화하지 못했습니다.""], ""availability"": ""scheduled"", ""closure_rules"": [], ""assumption_reason"": null}",partial,operating-hours-1.2.0,"2026-03-18 01:10:05+00","2026-08-09 02:40:01.200497+00","2026-08-09 02:40:01.200497+00","2026-08-09 02:40:01.200497+00",success,,t,,,ff209a47-72a7-46d0-b190-0a427a9afb0a,"2026-07-23 17:11:41.371579+00","2026-08-09 02:40:12.382789+00",불가능,,,,https://tong.visitkorea.or.kr/cms/resource/80/4024580_image2_1.jpeg,https://tong.visitkorea.or.kr/cms/resource/80/4024580_image3_1.jpeg,,,,,
4012696,38,"예작 쥬얼리","서울특별시 종로구 돈화문로 32 (묘동) 1층",37.5713632854,126.9921504369,11,110,SH,SH04,SH040300,10:30~19:30,명절,"{""rules"": [{""months"": null, ""weekdays"": null, ""source_text"": ""10:30~19:30"", ""time_ranges"": [{""end"": ""19:30"", ""start"": ""10:30"", ""crosses_midnight"": false}], ""last_admission"": null}], ""warnings"": [""휴무 문구의 일부 예외를 구조화하지 못했습니다.""], ""availability"": ""scheduled"", ""closure_rules"": [], ""assumption_reason"": null}",partial,operating-hours-1.2.0,"2026-07-15 10:49:00+00","2026-08-09 02:40:01.200497+00","2026-08-09 02:40:01.200497+00","2026-08-09 02:40:01.200497+00",success,,t,,,ff209a47-72a7-46d0-b190-0a427a9afb0a,"2026-07-23 17:11:41.150397+00","2026-08-09 02:40:12.433499+00",불가능,,,,https://tong.visitkorea.or.kr/cms/resource/84/4024684_image2_1.jpeg,https://tong.visitkorea.or.kr/cms/resource/84/4024684_image3_1.jpeg,,,,,
4012697,38,"도쿄앤펄 서울본점","서울특별시 종로구 돈화문로 49 (묘동) 익선빌딩 1층",37.5729148249161,126.991239015743,11,110,SH,SH04,SH040300,10:00~19:00,명절,"{""rules"": [{""months"": null, ""weekdays"": null, ""source_text"": ""10:00~19:00"", ""time_ranges"": [{""end"": ""19:00"", ""start"": ""10:00"", ""crosses_midnight"": false}], ""last_admission"": null}], ""warnings"": [""휴무 문구의 일부 예외를 구조화하지 못했습니다.""], ""availability"": ""scheduled"", ""closure_rules"": [], ""assumption_reason"": null}",partial,operating-hours-1.2.0,"2026-03-18 01:10:05+00","2026-08-09 02:40:01.200497+00","2026-08-09 02:40:01.200497+00","2026-08-09 02:40:01.200497+00",success,,t,,,ff209a47-72a7-46d0-b190-0a427a9afb0a,"2026-07-23 17:11:40.808988+00","2026-08-09 02:40:12.484077+00",불가능,,,,https://tong.visitkorea.or.kr/cms/resource/99/4024399_image2_1.jpeg,https://tong.visitkorea.or.kr/cms/resource/99/4024399_image3_1.jpeg,,,,,
4012698,38,티젬,"서울특별시 종로구 돈화문로10길 9 (봉익동) 1층",37.5727328965203,126.99227888776,11,110,SH,SH04,SH040300,10:30~22:00,명절,"{""rules"": [{""months"": null, ""weekdays"": null, ""source_text"": ""10:30~22:00"", ""time_ranges"": [{""end"": ""22:00"", ""start"": ""10:30"", ""crosses_midnight"": false}], ""last_admission"": null}], ""warnings"": [""휴무 문구의 일부 예외를 구조화하지 못했습니다.""], ""availability"": ""scheduled"", ""closure_rules"": [], ""assumption_reason"": null}",partial,operating-hours-1.2.0,"2026-03-27 00:21:50+00","2026-08-09 02:40:01.200497+00","2026-08-09 02:40:01.200497+00","2026-08-09 02:40:01.200497+00",success,,t,,,ff209a47-72a7-46d0-b190-0a427a9afb0a,"2026-07-23 17:11:41.371579+00","2026-08-09 02:40:12.536111+00",불가능,,,,https://tong.visitkorea.or.kr/cms/resource/84/4043084_image2_1.png,https://tong.visitkorea.or.kr/cms/resource/84/4043084_image3_1.png,,,,,
4012699,38,"오설록 티하우스 북촌점","서울특별시 종로구 북촌로 45 (가회동)",37.5809985877276,126.984600900483,11,110,SH,SH04,SH040300,11:00~20:00,,"{""rules"": [{""months"": null, ""weekdays"": null, ""source_text"": ""11:00~20:00"", ""time_ranges"": [{""end"": ""20:00"", ""start"": ""11:00"", ""crosses_midnight"": false}], ""last_admission"": null}], ""warnings"": [], ""availability"": ""scheduled"", ""closure_rules"": [], ""assumption_reason"": null}",parsed,operating-hours-1.2.0,"2026-03-27 00:21:50+00","2026-08-09 02:40:01.200497+00","2026-08-09 02:40:01.200497+00","2026-08-09 02:40:01.200497+00",success,,t,,,ff209a47-72a7-46d0-b190-0a427a9afb0a,"2026-07-23 17:11:41.225101+00","2026-08-09 02:40:12.587849+00",불가능,,,,https://tong.visitkorea.or.kr/cms/resource/65/4043065_image2_1.png,https://tong.visitkorea.or.kr/cms/resource/65/4043065_image3_1.png,,,,,
4012700,38,"설화수의 집 북촌","서울특별시 종로구 북촌로 47 (가회동)",37.5810232176939,126.984854716851,11,110,SH,SH04,SH040300,10:00~19:00,명절,"{""rules"": [{""months"": null, ""weekdays"": null, ""source_text"": ""10:00~19:00"", ""time_ranges"": [{""end"": ""19:00"", ""start"": ""10:00"", ""crosses_midnight"": false}], ""last_admission"": null}], ""warnings"": [""휴무 문구의 일부 예외를 구조화하지 못했습니다.""], ""availability"": ""scheduled"", ""closure_rules"": [], ""assumption_reason"": null}",partial,operating-hours-1.2.0,"2026-03-27 00:21:50+00","2026-08-09 02:40:01.200497+00","2026-08-09 02:40:01.200497+00","2026-08-09 02:40:01.200497+00",success,,t,,,ff209a47-72a7-46d0-b190-0a427a9afb0a,"2026-07-23 17:11:40.955853+00","2026-08-09 02:40:12.65802+00",불가능,,,,https://tong.visitkorea.or.kr/cms/resource/57/4043057_image2_1.png,https://tong.visitkorea.or.kr/cms/resource/57/4043057_image3_1.png,,,,,
4012701,38,"피브레노 안국 플래그십 스토어","서울특별시 종로구 북촌로4길 28 (계동)",37.5792435186613,126.986629294531,11,110,SH,SH04,SH040300,10:00~20:00,,"{""rules"": [{""months"": null, ""weekdays"": null, ""source_text"": ""10:00~20:00"", ""time_ranges"": [{""end"": ""20:00"", ""start"": ""10:00"", ""crosses_midnight"": false}], ""last_admission"": null}], ""warnings"": [], ""availability"": ""scheduled"", ""closure_rules"": [], ""assumption_reason"": null}",parsed,operating-hours-1.2.0,"2026-03-18 01:10:05+00","2026-08-09 02:40:01.200497+00","2026-08-09 02:40:01.200497+00","2026-08-09 02:40:01.200497+00",success,,t,,,ff209a47-72a7-46d0-b190-0a427a9afb0a,"2026-07-23 17:11:41.371579+00","2026-08-09 02:40:12.730237+00",불가능,,,,https://tong.visitkorea.or.kr/cms/resource/56/4024456_image2_1.jpeg,https://tong.visitkorea.or.kr/cms/resource/56/4024456_image3_1.jpeg,,,,,
4012702,38,"닥터마틴 삼청점","서울특별시 종로구 북촌로5가길 13 (소격동)",37.5801263218286,126.981958968761,11,110,SH,SH04,SH040300,11:00~22:00,,"{""rules"": [{""months"": null, ""weekdays"": null, ""source_text"": ""11:00~22:00"", ""time_ranges"": [{""end"": ""22:00"", ""start"": ""11:00"", ""crosses_midnight"": false}], ""last_admission"": null}], ""warnings"": [], ""availability"": ""scheduled"", ""closure_rules"": [], ""assumption_reason"": null}",parsed,operating-hours-1.2.0,"2026-03-25 00:34:32+00","2026-08-09 02:40:01.200497+00","2026-08-09 02:40:01.200497+00","2026-08-09 02:40:01.200497+00",success,,t,,,ff209a47-72a7-46d0-b190-0a427a9afb0a,"2026-07-23 17:11:40.808988+00","2026-08-09 02:40:12.782002+00",불가능,,,,https://tong.visitkorea.or.kr/cms/resource/66/4041966_image2_1.png,https://tong.visitkorea.or.kr/cms/resource/66/4041966_image3_1.png,,,,,
4012703,38,"플리츠마마 이웃 삼청점","서울특별시 종로구 북촌로5길 58 (소격동)",37.5798349153214,126.981795563458,11,110,SH,SH04,SH040300,10:00~19:00,,"{""rules"": [{""months"": null, ""weekdays"": null, ""source_text"": ""10:00~19:00"", ""time_ranges"": [{""end"": ""19:00"", ""start"": ""10:00"", ""crosses_midnight"": false}], ""last_admission"": null}], ""warnings"": [], ""availability"": ""scheduled"", ""closure_rules"": [], ""assumption_reason"": null}",parsed,operating-hours-1.2.0,"2026-03-18 01:10:05+00","2026-08-09 02:40:01.200497+00","2026-08-09 02:40:01.200497+00","2026-08-09 02:40:01.200497+00",success,,t,,,ff209a47-72a7-46d0-b190-0a427a9afb0a,"2026-07-23 17:11:41.371579+00","2026-08-09 02:40:12.877974+00",불가능,,,,https://tong.visitkorea.or.kr/cms/resource/46/4024546_image2_1.jpeg,https://tong.visitkorea.or.kr/cms/resource/46/4024546_image3_1.jpeg,,,,,
4012704,38,"논픽션 삼청&기프트샵","서울특별시 종로구 북촌로5길 84 (소격동)",37.5801063427426,126.980407421324,11,110,SH,SH04,SH040300,11:00~20:00,명절,"{""rules"": [{""months"": null, ""weekdays"": null, ""source_text"": ""11:00~20:00"", ""time_ranges"": [{""end"": ""20:00"", ""start"": ""11:00"", ""crosses_midnight"": false}], ""last_admission"": null}], ""warnings"": [""휴무 문구의 일부 예외를 구조화하지 못했습니다.""], ""availability"": ""scheduled"", ""closure_rules"": [], ""assumption_reason"": null}",partial,operating-hours-1.2.0,"2026-03-18 01:10:05+00","2026-08-09 02:40:01.200497+00","2026-08-09 02:40:01.200497+00","2026-08-09 02:40:01.200497+00",success,,t,,,ff209a47-72a7-46d0-b190-0a427a9afb0a,"2026-07-23 17:11:40.808988+00","2026-08-09 02:40:12.930944+00",불가능,,,,https://tong.visitkorea.or.kr/cms/resource/44/4024744_image2_1.jpeg,https://tong.visitkorea.or.kr/cms/resource/44/4024744_image3_1.jpeg,,,,,
4012705,38,호수약국,"서울특별시 종로구 삼봉로 57 (수송동) 호수빌딩 B1층",37.5725615164337,126.980473808393,11,110,SH,SH04,SH040300,09:00~19:00,"공휴일, 명절","{""rules"": [{""months"": null, ""weekdays"": null, ""source_text"": ""09:00~19:00"", ""time_ranges"": [{""end"": ""19:00"", ""start"": ""09:00"", ""crosses_midnight"": false}], ""last_admission"": null}], ""warnings"": [""휴무 문구의 일부 예외를 구조화하지 못했습니다.""], ""availability"": ""scheduled"", ""closure_rules"": [], ""assumption_reason"": null}",partial,operating-hours-1.2.0,"2026-03-27 00:21:50+00","2026-08-09 02:40:01.200497+00","2026-08-09 02:40:01.200497+00","2026-08-09 02:40:01.200497+00",success,,t,,,ff209a47-72a7-46d0-b190-0a427a9afb0a,"2026-07-23 17:11:41.44801+00","2026-08-09 02:40:12.983597+00",불가능,,,,https://tong.visitkorea.or.kr/cms/resource/38/4043038_image2_1.png,https://tong.visitkorea.or.kr/cms/resource/38/4043038_image3_1.png,,,,,
4012706,38,경은상사,"서울특별시 종로구 삼일대로 428 (낙원동) 낙원상가 2층",37.5727635233966,126.987902476529,11,110,SH,SH04,SH040300,10:00~19:00,명절,"{""rules"": [{""months"": null, ""weekdays"": null, ""source_text"": ""10:00~19:00"", ""time_ranges"": [{""end"": ""19:00"", ""start"": ""10:00"", ""crosses_midnight"": false}], ""last_admission"": null}], ""warnings"": [""휴무 문구의 일부 예외를 구조화하지 못했습니다.""], ""availability"": ""scheduled"", ""closure_rules"": [], ""assumption_reason"": null}",partial,operating-hours-1.2.0,"2026-03-27 00:21:50+00","2026-08-09 02:40:01.200497+00","2026-08-09 02:40:01.200497+00","2026-08-09 02:40:01.200497+00",success,,t,,,ff209a47-72a7-46d0-b190-0a427a9afb0a,"2026-07-23 17:11:40.721834+00","2026-08-09 02:40:13.040335+00",불가능,,,,https://tong.visitkorea.or.kr/cms/resource/61/4043061_image2_1.png,https://tong.visitkorea.or.kr/cms/resource/61/4043061_image3_1.png,,,,,
4012707,38,"다니엘트루스 퍼퓸하우스 삼청","서울특별시 종로구 삼청로 72 (화동)",37.5819298702945,126.981565682948,11,110,SH,SH04,SH040300,11:00~20:00,명절,"{""rules"": [{""months"": null, ""weekdays"": null, ""source_text"": ""11:00~20:00"", ""time_ranges"": [{""end"": ""20:00"", ""start"": ""11:00"", ""crosses_midnight"": false}], ""last_admission"": null}], ""warnings"": [""휴무 문구의 일부 예외를 구조화하지 못했습니다.""], ""availability"": ""scheduled"", ""closure_rules"": [], ""assumption_reason"": null}",partial,operating-hours-1.2.0,"2026-03-18 01:10:05+00","2026-08-09 02:40:01.200497+00","2026-08-09 02:40:01.200497+00","2026-08-09 02:40:01.200497+00",success,,t,,,ff209a47-72a7-46d0-b190-0a427a9afb0a,"2026-07-23 17:11:40.808988+00","2026-08-09 02:40:13.092858+00",불가능,,,,https://tong.visitkorea.or.kr/cms/resource/67/4024767_image2_1.jpeg,https://tong.visitkorea.or.kr/cms/resource/67/4024767_image3_1.jpeg,,,,,
4012708,38,이목,"서울특별시 종로구 삼청로 98 (삼청동)",37.5841117115786,126.982123077029,11,110,SH,SH04,SH040300,11:00~19:00,,"{""rules"": [{""months"": null, ""weekdays"": null, ""source_text"": ""11:00~19:00"", ""time_ranges"": [{""end"": ""19:00"", ""start"": ""11:00"", ""crosses_midnight"": false}], ""last_admission"": null}], ""warnings"": [], ""availability"": ""scheduled"", ""closure_rules"": [], ""assumption_reason"": null}",parsed,operating-hours-1.2.0,"2026-03-18 01:10:05+00","2026-08-09 02:40:01.200497+00","2026-08-09 02:40:01.200497+00","2026-08-09 02:40:01.200497+00",success,,t,,,ff209a47-72a7-46d0-b190-0a427a9afb0a,"2026-07-23 17:11:41.225101+00","2026-08-09 02:40:13.143585+00",불가능,,,,https://tong.visitkorea.or.kr/cms/resource/66/4024666_image2_1.jpeg,https://tong.visitkorea.or.kr/cms/resource/66/4024666_image3_1.jpeg,,,,,
4012709,38,"김인태 김해김","서울특별시 종로구 삼청로7길 28 (삼청동)",37.5840414138247,126.980297588886,11,110,SH,SH04,SH040300,12:30~19:30,,"{""rules"": [{""months"": null, ""weekdays"": null, ""source_text"": ""12:30~19:30"", ""time_ranges"": [{""end"": ""19:30"", ""start"": ""12:30"", ""crosses_midnight"": false}], ""last_admission"": null}], ""warnings"": [], ""availability"": ""scheduled"", ""closure_rules"": [], ""assumption_reason"": null}",parsed,operating-hours-1.2.0,"2026-03-18 01:10:05+00","2026-08-09 02:40:01.200497+00","2026-08-09 02:40:01.200497+00","2026-08-09 02:40:01.200497+00",success,,t,,,ff209a47-72a7-46d0-b190-0a427a9afb0a,"2026-07-23 17:11:40.721834+00","2026-08-09 02:40:13.198012+00",불가능,,,,https://tong.visitkorea.or.kr/cms/resource/27/4024527_image2_1.jpeg,https://tong.visitkorea.or.kr/cms/resource/27/4024527_image3_1.jpeg,,,,,
4012710,38,당근약국,"서울특별시 종로구 새문안로 83 (신문로1가)",37.5703546250501,126.973968562862,11,110,SH,SH04,SH040300,08:30~21:00,,"{""rules"": [{""months"": null, ""weekdays"": null, ""source_text"": ""08:30~21:00"", ""time_ranges"": [{""end"": ""21:00"", ""start"": ""08:30"", ""crosses_midnight"": false}], ""last_admission"": null}], ""warnings"": [], ""availability"": ""scheduled"", ""closure_rules"": [], ""assumption_reason"": null}",parsed,operating-hours-1.2.0,"2026-03-18 01:10:05+00","2026-08-09 02:40:01.200497+00","2026-08-09 02:40:01.200497+00","2026-08-09 02:40:01.200497+00",success,,t,,,ff209a47-72a7-46d0-b190-0a427a9afb0a,"2026-07-23 17:11:40.808988+00","2026-08-09 02:40:13.250968+00",불가능,,,,https://tong.visitkorea.or.kr/cms/resource/04/4024404_image2_1.jpeg,https://tong.visitkorea.or.kr/cms/resource/04/4024404_image3_1.jpeg,,,,,
4012711,38,광화문이층약국,"서울특별시 종로구 새문안로 89 (신문로1가) 정우빌딩 2층",37.5704743059958,126.974513333988,11,110,SH,SH04,SH040300,09:30~19:00,공휴일,"{""rules"": [{""months"": null, ""weekdays"": null, ""source_text"": ""09:30~19:00"", ""time_ranges"": [{""end"": ""19:00"", ""start"": ""09:30"", ""crosses_midnight"": false}], ""last_admission"": null}], ""warnings"": [""휴무 문구의 일부 예외를 구조화하지 못했습니다.""], ""availability"": ""scheduled"", ""closure_rules"": [], ""assumption_reason"": null}",partial,operating-hours-1.2.0,"2026-03-18 01:10:05+00","2026-08-09 02:40:01.200497+00","2026-08-09 02:40:01.200497+00","2026-08-09 02:40:01.200497+00",success,,t,,,ff209a47-72a7-46d0-b190-0a427a9afb0a,"2026-07-23 17:11:40.721834+00","2026-08-09 02:40:13.30319+00",불가능,,,,https://tong.visitkorea.or.kr/cms/resource/05/4024405_image2_1.jpeg,https://tong.visitkorea.or.kr/cms/resource/05/4024405_image3_1.jpeg,,,,,
4012712,38,"대한불교조계종 도반HC 승소","서울특별시 종로구 우정국로 67 (견지동) 전법회관 1층",37.5750574044126,126.98246473759,11,110,SH,SH04,SH040300,09:00~18:00,명절,"{""rules"": [{""months"": null, ""weekdays"": null, ""source_text"": ""09:00~18:00"", ""time_ranges"": [{""end"": ""18:00"", ""start"": ""09:00"", ""crosses_midnight"": false}], ""last_admission"": null}], ""warnings"": [""휴무 문구의 일부 예외를 구조화하지 못했습니다.""], ""availability"": ""scheduled"", ""closure_rules"": [], ""assumption_reason"": null}",partial,operating-hours-1.2.0,"2026-03-18 01:10:05+00","2026-08-09 02:40:01.200497+00","2026-08-09 02:40:01.200497+00","2026-08-09 02:40:01.200497+00",success,,t,,,ff209a47-72a7-46d0-b190-0a427a9afb0a,"2026-07-23 17:11:40.808988+00","2026-08-09 02:40:13.355999+00",불가능,,,,https://tong.visitkorea.or.kr/cms/resource/57/4022757_image2_1.jpg,https://tong.visitkorea.or.kr/cms/resource/57/4022757_image3_1.jpg,,,,,
4012713,38,"앤더슨벨 경복궁 플래그쉽 스토어","서울특별시 종로구 윤보선길 42 (안국동)",37.5779865507226,126.983821068557,11,110,SH,SH04,SH040300,12:00~20:00,"명절, 월2회 월요일","{""rules"": [{""months"": null, ""weekdays"": null, ""source_text"": ""12:00~20:00"", ""time_ranges"": [{""end"": ""20:00"", ""start"": ""12:00"", ""crosses_midnight"": false}], ""last_admission"": null}], ""warnings"": [""휴무 문구의 일부 예외를 구조화하지 못했습니다.""], ""availability"": ""scheduled"", ""closure_rules"": [], ""assumption_reason"": null}",partial,operating-hours-1.2.0,"2026-03-18 01:10:05+00","2026-08-09 02:40:01.200497+00","2026-08-09 02:40:01.200497+00","2026-08-09 02:40:01.200497+00",success,,t,,,ff209a47-72a7-46d0-b190-0a427a9afb0a,"2026-07-23 17:11:41.150397+00","2026-08-09 02:40:13.408852+00",가능,,,,https://tong.visitkorea.or.kr/cms/resource/17/4024517_image2_1.jpg,https://tong.visitkorea.or.kr/cms/resource/17/4024517_image3_1.jpg,,,,,
4012714,38,"포인트투파이브세컨드 북촌","서울특별시 종로구 윤보선길 71 (화동)",37.5791818260863,126.983293367928,11,110,SH,SH04,SH040300,12:00~19:00,,"{""rules"": [{""months"": null, ""weekdays"": null, ""source_text"": ""12:00~19:00"", ""time_ranges"": [{""end"": ""19:00"", ""start"": ""12:00"", ""crosses_midnight"": false}], ""last_admission"": null}], ""warnings"": [], ""availability"": ""scheduled"", ""closure_rules"": [], ""assumption_reason"": null}",parsed,operating-hours-1.2.0,"2026-03-27 00:21:50+00","2026-08-09 02:40:01.200497+00","2026-08-09 02:40:01.200497+00","2026-08-09 02:40:01.200497+00",success,,t,,,ff209a47-72a7-46d0-b190-0a427a9afb0a,"2026-07-23 17:11:41.371579+00","2026-08-09 02:40:13.461668+00",불가능,,,,https://tong.visitkorea.or.kr/cms/resource/75/4043075_image2_1.png,https://tong.visitkorea.or.kr/cms/resource/75/4043075_image3_1.png,,,,,
4012715,38,새농안국지점,"서울특별시 종로구 율곡로 39 (안국동)",37.5760430167042,126.983827375694,11,110,SH,SH04,SH040300,10:00~19:00,,"{""rules"": [{""months"": null, ""weekdays"": null, ""source_text"": ""10:00~19:00"", ""time_ranges"": [{""end"": ""19:00"", ""start"": ""10:00"", ""crosses_midnight"": false}], ""last_admission"": null}], ""warnings"": [], ""availability"": ""scheduled"", ""closure_rules"": [], ""assumption_reason"": null}",parsed,operating-hours-1.2.0,"2026-03-18 01:10:05+00","2026-08-09 02:40:01.200497+00","2026-08-09 02:40:01.200497+00","2026-08-09 02:40:01.200497+00",success,,t,,,ff209a47-72a7-46d0-b190-0a427a9afb0a,"2026-07-23 17:11:40.955853+00","2026-08-09 02:40:13.512863+00",불가능,,,,https://tong.visitkorea.or.kr/cms/resource/69/4022769_image2_1.jpeg,https://tong.visitkorea.or.kr/cms/resource/69/4022769_image3_1.jpeg,,,,,
4012716,38,현대구내안경,"서울특별시 종로구 율곡로 75 (계동) B1층",37.5780170152303,126.987637853136,11,110,SH,SH04,SH040300,08:00~16:00,명절,"{""rules"": [{""months"": null, ""weekdays"": null, ""source_text"": ""08:00~16:00"", ""time_ranges"": [{""end"": ""16:00"", ""start"": ""08:00"", ""crosses_midnight"": false}], ""last_admission"": null}], ""warnings"": [""휴무 문구의 일부 예외를 구조화하지 못했습니다.""], ""availability"": ""scheduled"", ""closure_rules"": [], ""assumption_reason"": null}",partial,operating-hours-1.2.0,"2026-03-27 00:21:50+00","2026-08-09 02:40:01.200497+00","2026-08-09 02:40:01.200497+00","2026-08-09 02:40:01.200497+00",success,,t,,,ff209a47-72a7-46d0-b190-0a427a9afb0a,"2026-07-23 17:11:41.44801+00","2026-08-09 02:40:13.562859+00",가능,,,,https://tong.visitkorea.or.kr/cms/resource/87/4043087_image2_1.png,https://tong.visitkorea.or.kr/cms/resource/87/4043087_image3_1.png,,,,,
4012717,38,"오팩토리 인사점","서울특별시 종로구 인사동8길 17 (관훈동) 1층",37.5741386598447,126.985816061097,11,110,SH,SH04,SH040300,10:30~18:30,,"{""rules"": [{""months"": null, ""weekdays"": null, ""source_text"": ""10:30~18:30"", ""time_ranges"": [{""end"": ""18:30"", ""start"": ""10:30"", ""crosses_midnight"": false}], ""last_admission"": null}], ""warnings"": [], ""availability"": ""scheduled"", ""closure_rules"": [], ""assumption_reason"": null}",parsed,operating-hours-1.2.0,"2026-03-18 01:10:05+00","2026-08-09 02:40:01.200497+00","2026-08-09 02:40:01.200497+00","2026-08-09 02:40:01.200497+00",success,,t,,,ff209a47-72a7-46d0-b190-0a427a9afb0a,"2026-07-23 17:11:41.225101+00","2026-08-09 02:40:13.614568+00",불가능,,,,https://tong.visitkorea.or.kr/cms/resource/63/4024563_image2_1.jpeg,https://tong.visitkorea.or.kr/cms/resource/63/4024563_image3_1.jpeg,,,,,
4012718,38,고당도예,"서울특별시 종로구 인사동길 19-2 (인사동) 와담빌딩 1층",37.5726655933603,126.986325964209,11,110,SH,SH04,SH040300,11:00~19:00,명절,"{""rules"": [{""months"": null, ""weekdays"": null, ""source_text"": ""11:00~19:00"", ""time_ranges"": [{""end"": ""19:00"", ""start"": ""11:00"", ""crosses_midnight"": false}], ""last_admission"": null}], ""warnings"": [""휴무 문구의 일부 예외를 구조화하지 못했습니다.""], ""availability"": ""scheduled"", ""closure_rules"": [], ""assumption_reason"": null}",partial,operating-hours-1.2.0,"2026-03-27 00:21:50+00","2026-08-09 02:40:01.200497+00","2026-08-09 02:40:01.200497+00","2026-08-09 02:40:01.200497+00",success,,t,,,ff209a47-72a7-46d0-b190-0a427a9afb0a,"2026-07-23 17:11:40.721834+00","2026-08-09 02:40:13.665731+00",불가능,,,,https://tong.visitkorea.or.kr/cms/resource/62/4043062_image2_1.png,https://tong.visitkorea.or.kr/cms/resource/62/4043062_image3_1.png,,,,,
4012719,38,"와펜하우스 인사동점","서울특별시 종로구 인사동길 20 (인사동)",37.5725145469,126.986768261,11,110,SH,SH04,SH040300,10:00~20:00,,"{""rules"": [{""months"": null, ""weekdays"": null, ""source_text"": ""10:00~20:00"", ""time_ranges"": [{""end"": ""20:00"", ""start"": ""10:00"", ""crosses_midnight"": false}], ""last_admission"": null}], ""warnings"": [], ""availability"": ""scheduled"", ""closure_rules"": [], ""assumption_reason"": null}",parsed,operating-hours-1.2.0,"2026-07-15 10:50:21+00","2026-08-09 02:40:01.200497+00","2026-08-09 02:40:01.200497+00","2026-08-09 02:40:01.200497+00",success,,t,,,ff209a47-72a7-46d0-b190-0a427a9afb0a,"2026-07-23 17:11:41.225101+00","2026-08-09 02:40:13.716022+00",불가능,,,,https://tong.visitkorea.or.kr/cms/resource/85/4024685_image2_1.jpeg,https://tong.visitkorea.or.kr/cms/resource/85/4024685_image3_1.jpeg,,,,,
4012720,38,거안,"서울특별시 종로구 인사동길 44 (관훈동)",37.5742647725946,126.984876575201,11,110,SH,SH04,SH040300,10:30~19:00,,"{""rules"": [{""months"": null, ""weekdays"": null, ""source_text"": ""10:30~19:00"", ""time_ranges"": [{""end"": ""19:00"", ""start"": ""10:30"", ""crosses_midnight"": false}], ""last_admission"": null}], ""warnings"": [], ""availability"": ""scheduled"", ""closure_rules"": [], ""assumption_reason"": null}",parsed,operating-hours-1.2.0,"2026-03-18 01:10:05+00","2026-08-09 02:40:01.200497+00","2026-08-09 02:40:01.200497+00","2026-08-09 02:40:01.200497+00",success,,t,,,ff209a47-72a7-46d0-b190-0a427a9afb0a,"2026-07-23 17:11:40.721834+00","2026-08-09 02:40:13.768868+00",불가능,,,,https://tong.visitkorea.or.kr/cms/resource/06/4024406_image2_1.jpeg,https://tong.visitkorea.or.kr/cms/resource/06/4024406_image3_1.jpeg,,,,,
4012721,38,"인사 나들이","서울특별시 종로구 인사동길 51 (관훈동)",37.5746090101889,126.983948133116,11,110,SH,SH04,SH040300,09:00~21:00,,"{""rules"": [{""months"": null, ""weekdays"": null, ""source_text"": ""09:00~21:00"", ""time_ranges"": [{""end"": ""21:00"", ""start"": ""09:00"", ""crosses_midnight"": false}], ""last_admission"": null}], ""warnings"": [], ""availability"": ""scheduled"", ""closure_rules"": [], ""assumption_reason"": null}",parsed,operating-hours-1.2.0,"2026-03-26 00:20:41+00","2026-08-09 02:40:01.200497+00","2026-08-09 02:40:01.200497+00","2026-08-09 02:40:01.200497+00",success,,t,,,ff209a47-72a7-46d0-b190-0a427a9afb0a,"2026-07-23 17:11:41.225101+00","2026-08-09 02:40:13.822254+00",불가능,,,,https://tong.visitkorea.or.kr/cms/resource/04/4042104_image2_1.jpg,https://tong.visitkorea.or.kr/cms/resource/04/4042104_image3_1.jpg,,,,,
4012722,38,시민약국,"서울특별시 종로구 자하문로 2 (적선동)",37.5763462385588,126.972759712192,11,110,SH,SH04,SH040300,09:00~21:00,,"{""rules"": [{""months"": null, ""weekdays"": null, ""source_text"": ""09:00~21:00"", ""time_ranges"": [{""end"": ""21:00"", ""start"": ""09:00"", ""crosses_midnight"": false}], ""last_admission"": null}], ""warnings"": [], ""availability"": ""scheduled"", ""closure_rules"": [], ""assumption_reason"": null}",parsed,operating-hours-1.2.0,"2026-03-18 01:10:05+00","2026-08-09 02:40:01.200497+00","2026-08-09 02:40:01.200497+00","2026-08-09 02:40:01.200497+00",success,,t,,,ff209a47-72a7-46d0-b190-0a427a9afb0a,"2026-07-23 17:11:41.150397+00","2026-08-09 02:40:13.873022+00",불가능,,,,https://tong.visitkorea.or.kr/cms/resource/67/4024667_image2_1.jpeg,https://tong.visitkorea.or.kr/cms/resource/67/4024667_image3_1.jpeg,,,,,
4012724,38,바버샵,"서울특별시 종로구 자하문로12길 17 (창성동) 1층",37.5801333114861,126.97205042594,11,110,SH,SH04,SH040300,11:00~20:00,명절,"{""rules"": [{""months"": null, ""weekdays"": null, ""source_text"": ""11:00~20:00"", ""time_ranges"": [{""end"": ""20:00"", ""start"": ""11:00"", ""crosses_midnight"": false}], ""last_admission"": null}], ""warnings"": [""휴무 문구의 일부 예외를 구조화하지 못했습니다.""], ""availability"": ""scheduled"", ""closure_rules"": [], ""assumption_reason"": null}",partial,operating-hours-1.2.0,"2026-03-18 01:10:05+00","2026-08-09 02:40:01.200497+00","2026-08-09 02:40:01.200497+00","2026-08-09 02:40:01.200497+00",success,,t,,,ff209a47-72a7-46d0-b190-0a427a9afb0a,"2026-07-23 17:11:40.882874+00","2026-08-09 02:40:13.924342+00",가능,,,,https://tong.visitkorea.or.kr/cms/resource/05/4022605_image2_1.jpg,https://tong.visitkorea.or.kr/cms/resource/05/4022605_image3_1.jpg,,,,,
4012726,38,라이즈앤빌로우,"서울특별시 종로구 자하문로8길 22 (통의동) 1층",37.5790515536506,126.9727158204,11,110,SH,SH04,SH040300,12:00~20:00,,"{""rules"": [{""months"": null, ""weekdays"": null, ""source_text"": ""12:00~20:00"", ""time_ranges"": [{""end"": ""20:00"", ""start"": ""12:00"", ""crosses_midnight"": false}], ""last_admission"": null}], ""warnings"": [], ""availability"": ""scheduled"", ""closure_rules"": [], ""assumption_reason"": null}",parsed,operating-hours-1.2.0,"2026-03-18 01:10:05+00","2026-08-09 02:40:01.200497+00","2026-08-09 02:40:01.200497+00","2026-08-09 02:40:01.200497+00",success,,t,,,ff209a47-72a7-46d0-b190-0a427a9afb0a,"2026-07-23 17:11:40.882874+00","2026-08-09 02:40:13.975905+00",불가능,,,,https://tong.visitkorea.or.kr/cms/resource/56/4024556_image2_1.jpeg,https://tong.visitkorea.or.kr/cms/resource/56/4024556_image3_1.jpeg,,,,,
4012727,38,"더일마 서울 플래그십 스토어","서울특별시 종로구 자하문로8길 27 (통의동) 1층",37.5793169358,126.9724975689,11,110,SH,SH04,SH040300,11:00~19:30,,"{""rules"": [{""months"": null, ""weekdays"": null, ""source_text"": ""11:00~19:30"", ""time_ranges"": [{""end"": ""19:30"", ""start"": ""11:00"", ""crosses_midnight"": false}], ""last_admission"": null}], ""warnings"": [], ""availability"": ""scheduled"", ""closure_rules"": [], ""assumption_reason"": null}",parsed,operating-hours-1.2.0,"2026-07-15 10:54:05+00","2026-08-09 02:40:01.200497+00","2026-08-09 02:40:01.200497+00","2026-08-09 02:40:01.200497+00",success,,t,,,ff209a47-72a7-46d0-b190-0a427a9afb0a,"2026-07-23 17:11:40.808988+00","2026-08-09 02:40:14.027905+00",불가능,,,,https://tong.visitkorea.or.kr/cms/resource/57/4024757_image2_1.jpeg,https://tong.visitkorea.or.kr/cms/resource/57/4024757_image3_1.jpeg,,,,,
4012728,38,에이커,"서울특별시 종로구 자하문로9길 30 (누하동) 1층",37.5795443255,126.9694786322,11,110,SH,SH04,SH040300,12:00~21:30,,"{""rules"": [{""months"": null, ""weekdays"": null, ""source_text"": ""12:00~21:30"", ""time_ranges"": [{""end"": ""21:30"", ""start"": ""12:00"", ""crosses_midnight"": false}], ""last_admission"": null}], ""warnings"": [], ""availability"": ""scheduled"", ""closure_rules"": [], ""assumption_reason"": null}",parsed,operating-hours-1.2.0,"2026-07-15 10:54:47+00","2026-08-09 02:40:01.200497+00","2026-08-09 02:40:01.200497+00","2026-08-09 02:40:01.200497+00",success,,t,,,ff209a47-72a7-46d0-b190-0a427a9afb0a,"2026-07-23 17:11:41.150397+00","2026-08-09 02:40:14.078908+00",불가능,,,,https://tong.visitkorea.or.kr/cms/resource/88/4024688_image2_1.jpeg,https://tong.visitkorea.or.kr/cms/resource/88/4024688_image3_1.jpeg,,,,,
4012729,38,하늘약국,"서울특별시 종로구 종로 19 (종로1가) 2층",37.5708444878121,126.979923668151,11,110,SH,SH04,SH040300,09:30~20:00,명절,"{""rules"": [{""months"": null, ""weekdays"": null, ""source_text"": ""09:30~20:00"", ""time_ranges"": [{""end"": ""20:00"", ""start"": ""09:30"", ""crosses_midnight"": false}], ""last_admission"": null}], ""warnings"": [""휴무 문구의 일부 예외를 구조화하지 못했습니다.""], ""availability"": ""scheduled"", ""closure_rules"": [], ""assumption_reason"": null}",partial,operating-hours-1.2.0,"2026-03-18 01:10:05+00","2026-08-09 02:40:01.200497+00","2026-08-09 02:40:01.200497+00","2026-08-09 02:40:01.200497+00",success,,t,,,ff209a47-72a7-46d0-b190-0a427a9afb0a,"2026-07-23 17:11:41.371579+00","2026-08-09 02:40:14.132373+00",가능,,,,https://tong.visitkorea.or.kr/cms/resource/32/4022332_image2_1.jpg,https://tong.visitkorea.or.kr/cms/resource/32/4022332_image3_1.jpg,,,,,
4012730,38,종로우리약국,"서울특별시 종로구 종로 202 (종로4가)",37.570694287059,127.000058296159,11,110,SH,SH04,SH040300,08:00~21:00,명절,"{""rules"": [{""months"": null, ""weekdays"": null, ""source_text"": ""08:00~21:00"", ""time_ranges"": [{""end"": ""21:00"", ""start"": ""08:00"", ""crosses_midnight"": false}], ""last_admission"": null}], ""warnings"": [""휴무 문구의 일부 예외를 구조화하지 못했습니다.""], ""availability"": ""scheduled"", ""closure_rules"": [], ""assumption_reason"": null}",partial,operating-hours-1.2.0,"2026-03-18 01:10:05+00","2026-08-09 02:40:01.200497+00","2026-08-09 02:40:01.200497+00","2026-08-09 02:40:01.200497+00",success,,t,,,ff209a47-72a7-46d0-b190-0a427a9afb0a,"2026-07-23 17:11:41.296349+00","2026-08-09 02:40:14.186755+00",불가능,,,,https://tong.visitkorea.or.kr/cms/resource/52/4022352_image2_1.jpeg,https://tong.visitkorea.or.kr/cms/resource/52/4022352_image3_1.jpeg,,,,,
4012731,38,종로백제약국,"서울특별시 종로구 종로 235 (종로5가)",37.5712594139688,127.003990317346,11,110,SH,SH04,SH040300,09:00~20:00,명절,"{""rules"": [{""months"": null, ""weekdays"": null, ""source_text"": ""09:00~20:00"", ""time_ranges"": [{""end"": ""20:00"", ""start"": ""09:00"", ""crosses_midnight"": false}], ""last_admission"": null}], ""warnings"": [""휴무 문구의 일부 예외를 구조화하지 못했습니다.""], ""availability"": ""scheduled"", ""closure_rules"": [], ""assumption_reason"": null}",partial,operating-hours-1.2.0,"2026-03-18 01:10:05+00","2026-08-09 02:40:01.200497+00","2026-08-09 02:40:01.200497+00","2026-08-09 02:40:01.200497+00",success,,t,,,ff209a47-72a7-46d0-b190-0a427a9afb0a,"2026-07-23 17:11:41.296349+00","2026-08-09 02:40:14.246747+00",불가능,,,,https://tong.visitkorea.or.kr/cms/resource/12/4023912_image2_1.jpg,https://tong.visitkorea.or.kr/cms/resource/12/4023912_image3_1.jpg,,,,,
4012732,38,종로온누리약국,"서울특별시 종로구 종로 293 (창신동) 1층",37.5718648438084,127.01049788759,11,110,SH,SH04,SH040300,08:00~21:00,명절,"{""rules"": [{""months"": null, ""weekdays"": null, ""source_text"": ""08:00~21:00"", ""time_ranges"": [{""end"": ""21:00"", ""start"": ""08:00"", ""crosses_midnight"": false}], ""last_admission"": null}], ""warnings"": [""휴무 문구의 일부 예외를 구조화하지 못했습니다.""], ""availability"": ""scheduled"", ""closure_rules"": [], ""assumption_reason"": null}",partial,operating-hours-1.2.0,"2026-03-18 01:10:05+00","2026-08-09 02:40:01.200497+00","2026-08-09 02:40:01.200497+00","2026-08-09 02:40:01.200497+00",success,,t,,,ff209a47-72a7-46d0-b190-0a427a9afb0a,"2026-07-23 17:11:41.296349+00","2026-08-09 02:40:14.298935+00",불가능,,,,https://tong.visitkorea.or.kr/cms/resource/68/4024668_image2_1.jpeg,https://tong.visitkorea.or.kr/cms/resource/68/4024668_image3_1.jpeg,,,,,
4012733,38,"올리브영 스타필드애비뉴그랑서울점","서울특별시 종로구 종로 33 (청진동)",37.5709617749066,126.981437983842,11,110,SH,SH04,SH040300,08:00~21:00,,"{""rules"": [{""months"": null, ""weekdays"": null, ""source_text"": ""08:00~21:00"", ""time_ranges"": [{""end"": ""21:00"", ""start"": ""08:00"", ""crosses_midnight"": false}], ""last_admission"": null}], ""warnings"": [], ""availability"": ""scheduled"", ""closure_rules"": [], ""assumption_reason"": null}",parsed,operating-hours-1.2.0,"2026-03-11 01:03:40+00","2026-08-09 02:40:01.200497+00","2026-08-09 02:40:01.200497+00","2026-08-09 02:40:01.200497+00",success,,t,,,ff209a47-72a7-46d0-b190-0a427a9afb0a,"2026-07-23 17:11:41.225101+00","2026-08-09 02:40:14.350424+00",가능,,,,https://tong.visitkorea.or.kr/cms/resource/75/4029175_image2_1.jpg,https://tong.visitkorea.or.kr/cms/resource/75/4029175_image3_1.jpg,,,,,
4012734,38,"으뜸50안경 종로점","서울특별시 종로구 종로 70 (관철동) 5층",37.56991129156,126.985169386018,11,110,SH,SH04,SH040300,10:00~20:00,명절,"{""rules"": [{""months"": null, ""weekdays"": null, ""source_text"": ""10:00~20:00"", ""time_ranges"": [{""end"": ""20:00"", ""start"": ""10:00"", ""crosses_midnight"": false}], ""last_admission"": null}], ""warnings"": [""휴무 문구의 일부 예외를 구조화하지 못했습니다.""], ""availability"": ""scheduled"", ""closure_rules"": [], ""assumption_reason"": null}",partial,operating-hours-1.2.0,"2026-03-18 01:10:05+00","2026-08-09 02:40:01.200497+00","2026-08-09 02:40:01.200497+00","2026-08-09 02:40:01.200497+00",success,,t,,,ff209a47-72a7-46d0-b190-0a427a9afb0a,"2026-07-23 17:11:41.225101+00","2026-08-09 02:40:14.401935+00",불가능,,,,https://tong.visitkorea.or.kr/cms/resource/55/4024855_image2_1.jpeg,https://tong.visitkorea.or.kr/cms/resource/55/4024855_image3_1.jpeg,,,,,
4012735,38,"미니골드 종각점","서울특별시 종로구 종로 80-1 (종로2가)",37.5699465706035,126.986331102316,11,110,SH,SH04,SH040300,10:00~22:00,명절,"{""rules"": [{""months"": null, ""weekdays"": null, ""source_text"": ""10:00~22:00"", ""time_ranges"": [{""end"": ""22:00"", ""start"": ""10:00"", ""crosses_midnight"": false}], ""last_admission"": null}], ""warnings"": [""휴무 문구의 일부 예외를 구조화하지 못했습니다.""], ""availability"": ""scheduled"", ""closure_rules"": [], ""assumption_reason"": null}",partial,operating-hours-1.2.0,"2026-03-26 00:20:41+00","2026-08-09 02:40:01.200497+00","2026-08-09 02:40:01.200497+00","2026-08-09 02:40:01.200497+00",success,,t,,,ff209a47-72a7-46d0-b190-0a427a9afb0a,"2026-07-23 17:11:40.882874+00","2026-08-09 02:40:14.453554+00",불가능,,,,https://tong.visitkorea.or.kr/cms/resource/65/4042965_image2_1.png,https://tong.visitkorea.or.kr/cms/resource/65/4042965_image3_1.png,,,,,
4012736,38,"플리츠마마 이웃 광장시장점","서울특별시 종로구 종로32길 24-1 (예지동)",37.5698527512258,127.001206547125,11,110,SH,SH04,SH040300,09:00~19:00,,"{""rules"": [{""months"": null, ""weekdays"": null, ""source_text"": ""09:00~19:00"", ""time_ranges"": [{""end"": ""19:00"", ""start"": ""09:00"", ""crosses_midnight"": false}], ""last_admission"": null}], ""warnings"": [], ""availability"": ""scheduled"", ""closure_rules"": [], ""assumption_reason"": null}",parsed,operating-hours-1.2.0,"2026-03-18 01:10:05+00","2026-08-09 02:40:01.200497+00","2026-08-09 02:40:01.200497+00","2026-08-09 02:40:01.200497+00",success,,t,,,ff209a47-72a7-46d0-b190-0a427a9afb0a,"2026-07-23 17:11:41.371579+00","2026-08-09 02:40:14.506228+00",불가능,,,,https://tong.visitkorea.or.kr/cms/resource/45/4024545_image2_1.jpeg,https://tong.visitkorea.or.kr/cms/resource/45/4024545_image3_1.jpeg,,,,,
4012737,38,"피브레노 광화문 D타워점","서울특별시 종로구 종로3길 17 (청진동) D타워 1층",37.5709958592808,126.978914477333,11,110,SH,SH04,SH040300,10:00~20:00,명절,"{""rules"": [{""months"": null, ""weekdays"": null, ""source_text"": ""10:00~20:00"", ""time_ranges"": [{""end"": ""20:00"", ""start"": ""10:00"", ""crosses_midnight"": false}], ""last_admission"": null}], ""warnings"": [""휴무 문구의 일부 예외를 구조화하지 못했습니다.""], ""availability"": ""scheduled"", ""closure_rules"": [], ""assumption_reason"": null}",partial,operating-hours-1.2.0,"2026-03-18 01:10:05+00","2026-08-09 02:40:01.200497+00","2026-08-09 02:40:01.200497+00","2026-08-09 02:40:01.200497+00",success,,t,,,ff209a47-72a7-46d0-b190-0a427a9afb0a,"2026-07-23 17:11:41.371579+00","2026-08-09 02:40:14.556657+00",가능,,,,https://tong.visitkorea.or.kr/cms/resource/57/4024457_image2_1.jpeg,https://tong.visitkorea.or.kr/cms/resource/57/4024457_image3_1.jpeg,,,,,
4012738,38,코스코,"서울특별시 종로구 창경궁로 109 (인의동) 3층",37.5723490188717,126.997086146344,11,110,SH,SH04,SH040300,10:00~16:30,"공휴일, 명절","{""rules"": [{""months"": null, ""weekdays"": null, ""source_text"": ""10:00~16:30"", ""time_ranges"": [{""end"": ""16:30"", ""start"": ""10:00"", ""crosses_midnight"": false}], ""last_admission"": null}], ""warnings"": [""휴무 문구의 일부 예외를 구조화하지 못했습니다.""], ""availability"": ""scheduled"", ""closure_rules"": [], ""assumption_reason"": null}",partial,operating-hours-1.2.0,"2026-03-18 01:10:05+00","2026-08-09 02:40:01.200497+00","2026-08-09 02:40:01.200497+00","2026-08-09 02:40:01.200497+00",success,,t,,,ff209a47-72a7-46d0-b190-0a427a9afb0a,"2026-07-23 17:11:41.371579+00","2026-08-09 02:40:14.610615+00",가능,,,,https://tong.visitkorea.or.kr/cms/resource/69/4024669_image2_1.jpeg,https://tong.visitkorea.or.kr/cms/resource/69/4024669_image3_1.jpeg,,,,,
4012739,38,파이브앤플러스,"서울특별시 종로구 창경궁로35길 35 (혜화동)",37.587400048774,127.002128455098,11,110,SH,SH04,SH040300,11:00~20:00,,"{""rules"": [{""months"": null, ""weekdays"": null, ""source_text"": ""11:00~20:00"", ""time_ranges"": [{""end"": ""20:00"", ""start"": ""11:00"", ""crosses_midnight"": false}], ""last_admission"": null}], ""warnings"": [], ""availability"": ""scheduled"", ""closure_rules"": [], ""assumption_reason"": null}",parsed,operating-hours-1.2.0,"2026-03-18 01:10:05+00","2026-08-09 02:40:01.200497+00","2026-08-09 02:40:01.200497+00","2026-08-09 02:40:01.200497+00",success,,t,,,ff209a47-72a7-46d0-b190-0a427a9afb0a,"2026-07-23 17:11:41.371579+00","2026-08-09 02:40:14.663006+00",가능,,,,https://tong.visitkorea.or.kr/cms/resource/23/4022523_image2_1.jpg,https://tong.visitkorea.or.kr/cms/resource/23/4022523_image3_1.jpg,,,,,
4013008,38,"노스페이스 대학로점","서울특별시 종로구 대학로8가길 85 (동숭동) 1층",37.5822760636383,127.003645489475,11,110,SH,SH04,SH040300,10:30~20:00,,"{""rules"": [{""months"": null, ""weekdays"": null, ""source_text"": ""10:30~20:00"", ""time_ranges"": [{""end"": ""20:00"", ""start"": ""10:30"", ""crosses_midnight"": false}], ""last_admission"": null}], ""warnings"": [], ""availability"": ""scheduled"", ""closure_rules"": [], ""assumption_reason"": null}",parsed,operating-hours-1.2.0,"2026-03-12 06:23:34+00","2026-08-09 02:40:01.200497+00","2026-08-09 02:40:01.200497+00","2026-08-09 02:40:01.200497+00",success,,t,,,ff209a47-72a7-46d0-b190-0a427a9afb0a,"2026-07-23 17:11:40.808988+00","2026-08-09 02:40:14.71454+00",불가능,,,,https://tong.visitkorea.or.kr/cms/resource/01/4024701_image2_1.jpeg,https://tong.visitkorea.or.kr/cms/resource/01/4024701_image3_1.jpeg,,,,,
4013009,38,"정관장 종각역본점","서울특별시 종로구 삼봉로 95 (견지동)",37.5723111874784,126.982568392463,11,110,SH,SH04,SH040300,10:00~20:00,명절,"{""rules"": [{""months"": null, ""weekdays"": null, ""source_text"": ""10:00~20:00"", ""time_ranges"": [{""end"": ""20:00"", ""start"": ""10:00"", ""crosses_midnight"": false}], ""last_admission"": null}], ""warnings"": [""휴무 문구의 일부 예외를 구조화하지 못했습니다.""], ""availability"": ""scheduled"", ""closure_rules"": [], ""assumption_reason"": null}",partial,operating-hours-1.2.0,"2026-03-27 00:21:50+00","2026-08-09 02:40:01.200497+00","2026-08-09 02:40:01.200497+00","2026-08-09 02:40:01.200497+00",success,,t,,,ff209a47-72a7-46d0-b190-0a427a9afb0a,"2026-07-23 17:11:41.296349+00","2026-08-09 02:40:14.765166+00",가능,,,,https://tong.visitkorea.or.kr/cms/resource/71/4043071_image2_1.png,https://tong.visitkorea.or.kr/cms/resource/71/4043071_image3_1.png,,,,,
4020649,14,헌법재판소전시관,"서울특별시 종로구 북촌로 15 (재동)",37.5775337374097,126.984694556818,11,110,VE,VE07,VE070300,,"매주 토요일, 일요일 / 공휴일※ 특별한 사정이 있는 경우 관람시간 및 휴관일은 조정될 수 있음","{""rules"": [], ""warnings"": [""운영시간을 구조화하지 못했습니다.""], ""availability"": ""unknown"", ""closure_rules"": [{""weekdays"": [5, 6], ""source_text"": ""매주 토요일, 일요일 / 공휴일※ 특별한 사정이 있는 경우 관람시간 및 휴관일은 조정될 수 있음""}], ""assumption_reason"": null}",partial,operating-hours-1.2.0,"2026-02-24 03:13:40+00","2026-08-09 02:40:01.200497+00","2026-08-09 02:40:01.200497+00","2026-08-09 02:40:01.200497+00",success,,t,,,ff209a47-72a7-46d0-b190-0a427a9afb0a,"2026-07-23 17:11:41.44801+00","2026-08-09 02:40:14.815964+00",,,무료,,,,,,,,
4020878,15,"쿠키런 : 킹덤 아트 콜라보 프로젝트 특별전 - 위대한 왕국의 유산","서울특별시 종로구 인사동9길 26 (견지동)",37.5734697478172,126.983623718252,11,110,EV,EV03,EV030100,11:00~20:00,,"{""rules"": [{""months"": null, ""weekdays"": null, ""source_text"": ""11:00~20:00"", ""time_ranges"": [{""end"": ""20:00"", ""start"": ""11:00"", ""crosses_midnight"": false}], ""last_admission"": null}], ""warnings"": [], ""availability"": ""scheduled"", ""closure_rules"": [], ""assumption_reason"": null}",parsed,operating-hours-1.2.0,"2026-03-25 00:34:32+00","2026-08-09 02:40:01.200497+00","2026-08-09 02:40:01.200497+00","2026-08-09 02:40:01.200497+00",success,,t,,,ff209a47-72a7-46d0-b190-0a427a9afb0a,"2026-07-23 17:11:41.371579+00","2026-08-09 02:40:14.866577+00",,,"- 성인 23,000원- 청소년 21,000원- 어린이 18,000원- 특별가(65세 이상) 15,000원- 스페셜 티켓(연령무관) 45,000원",,https://tong.visitkorea.or.kr/cms/resource/77/4020877_image2_1.jpg,https://tong.visitkorea.or.kr/cms/resource/77/4020877_image3_1.jpg,,,,,
4025834,38,"CU 광화문광장점","서울특별시 종로구 새문안로 103-1 (신문로1가)",37.5704809608086,126.976179012331,11,110,SH,SH04,SH040300,01:00~24:00,,"{""rules"": [{""months"": null, ""weekdays"": null, ""source_text"": ""01:00~24:00"", ""time_ranges"": [{""end"": ""23:59"", ""start"": ""01:00"", ""crosses_midnight"": false}], ""last_admission"": null}], ""warnings"": [], ""availability"": ""scheduled"", ""closure_rules"": [], ""assumption_reason"": null}",parsed,operating-hours-1.2.0,"2026-03-27 00:21:50+00","2026-08-09 02:40:01.200497+00","2026-08-09 02:40:01.200497+00","2026-08-09 02:40:01.200497+00",success,,t,,,ff209a47-72a7-46d0-b190-0a427a9afb0a,"2026-07-23 17:11:41.44801+00","2026-08-09 02:40:14.917135+00",불가능,,,,https://tong.visitkorea.or.kr/cms/resource/03/4044803_image2_1.png,https://tong.visitkorea.or.kr/cms/resource/03/4044803_image3_1.png,,,,,
4025835,38,새명성약국,"서울특별시 종로구 새문안로 85 (신문로1가) 1층",37.5703990763733,126.974115249376,11,110,SH,SH04,SH040300,09:00~21:00,명절,"{""rules"": [{""months"": null, ""weekdays"": null, ""source_text"": ""09:00~21:00"", ""time_ranges"": [{""end"": ""21:00"", ""start"": ""09:00"", ""crosses_midnight"": false}], ""last_admission"": null}], ""warnings"": [""휴무 문구의 일부 예외를 구조화하지 못했습니다.""], ""availability"": ""scheduled"", ""closure_rules"": [], ""assumption_reason"": null}",partial,operating-hours-1.2.0,"2026-03-27 00:21:50+00","2026-08-09 02:40:01.200497+00","2026-08-09 02:40:01.200497+00","2026-08-09 02:40:01.200497+00",success,,t,,,ff209a47-72a7-46d0-b190-0a427a9afb0a,"2026-07-23 17:11:40.955853+00","2026-08-09 02:40:14.969222+00",불가능,,,,https://tong.visitkorea.or.kr/cms/resource/70/4044770_image2_1.png,https://tong.visitkorea.or.kr/cms/resource/70/4044770_image3_1.png,,,,,
4025836,38,"CU 성대원룸촌점","서울특별시 종로구 성균관로 36 (명륜1가)",37.5858794239373,126.996990854363,11,110,SH,SH04,SH040300,00:00~24:00,명절,"{""rules"": [{""months"": null, ""weekdays"": null, ""source_text"": ""00:00~24:00"", ""time_ranges"": [{""end"": ""23:59"", ""start"": ""00:00"", ""crosses_midnight"": false}], ""last_admission"": null}], ""warnings"": [""휴무 문구의 일부 예외를 구조화하지 못했습니다.""], ""availability"": ""scheduled"", ""closure_rules"": [], ""assumption_reason"": null}",partial,operating-hours-1.2.0,"2026-03-26 00:20:41+00","2026-08-09 02:40:01.200497+00","2026-08-09 02:40:01.200497+00","2026-08-09 02:40:01.200497+00",success,,t,,,ff209a47-72a7-46d0-b190-0a427a9afb0a,"2026-07-23 17:11:41.44801+00","2026-08-09 02:40:15.037114+00",불가능,,,,https://tong.visitkorea.or.kr/cms/resource/38/4045838_image2_1.png,https://tong.visitkorea.or.kr/cms/resource/38/4045838_image3_1.png,,,,,
4025837,38,알이토프,"서울특별시 종로구 윤보선길 65 (안국동) 1층",37.5788366254905,126.983084235288,11,110,SH,SH04,SH040300,11:00~19:00,명절,"{""rules"": [{""months"": null, ""weekdays"": null, ""source_text"": ""11:00~19:00"", ""time_ranges"": [{""end"": ""19:00"", ""start"": ""11:00"", ""crosses_midnight"": false}], ""last_admission"": null}], ""warnings"": [""휴무 문구의 일부 예외를 구조화하지 못했습니다.""], ""availability"": ""scheduled"", ""closure_rules"": [], ""assumption_reason"": null}",partial,operating-hours-1.2.0,"2026-03-27 00:21:50+00","2026-08-09 02:40:01.200497+00","2026-08-09 02:40:01.200497+00","2026-08-09 02:40:01.200497+00",success,,t,,,ff209a47-72a7-46d0-b190-0a427a9afb0a,"2026-07-23 17:11:41.150397+00","2026-08-09 02:40:15.089096+00",불가능,,,,https://tong.visitkorea.or.kr/cms/resource/75/4043775_image2_1.png,https://tong.visitkorea.or.kr/cms/resource/75/4043775_image3_1.png,,,,,
4025838,38,갤러리71,"서울특별시 종로구 윤보선길 71 (화동) B1층",37.5791818260863,126.983293367928,11,110,SH,SH04,SH040300,12:00~18:00,명절,"{""rules"": [{""months"": null, ""weekdays"": null, ""source_text"": ""12:00~18:00"", ""time_ranges"": [{""end"": ""18:00"", ""start"": ""12:00"", ""crosses_midnight"": false}], ""last_admission"": null}], ""warnings"": [""휴무 문구의 일부 예외를 구조화하지 못했습니다.""], ""availability"": ""scheduled"", ""closure_rules"": [], ""assumption_reason"": null}",partial,operating-hours-1.2.0,"2026-03-26 00:20:41+00","2026-08-09 02:40:01.200497+00","2026-08-09 02:40:01.200497+00","2026-08-09 02:40:01.200497+00",success,,t,,,ff209a47-72a7-46d0-b190-0a427a9afb0a,"2026-07-23 17:11:40.721834+00","2026-08-09 02:40:15.148827+00",가능,,,,https://tong.visitkorea.or.kr/cms/resource/86/4041986_image2_1.jpeg,https://tong.visitkorea.or.kr/cms/resource/86/4041986_image3_1.jpeg,,,,,
4025839,38,"다이소 동대문점","서울특별시 종로구 율곡로 309 (창신동) 동녕빌딩 B1층",37.570277425343,127.009978209284,11,110,SH,SH04,SH040300,10:00~22:00,명절,"{""rules"": [{""months"": null, ""weekdays"": null, ""source_text"": ""10:00~22:00"", ""time_ranges"": [{""end"": ""22:00"", ""start"": ""10:00"", ""crosses_midnight"": false}], ""last_admission"": null}], ""warnings"": [""휴무 문구의 일부 예외를 구조화하지 못했습니다.""], ""availability"": ""scheduled"", ""closure_rules"": [], ""assumption_reason"": null}",partial,operating-hours-1.2.0,"2026-03-18 18:50:49+00","2026-08-09 02:40:01.200497+00","2026-08-09 02:40:01.200497+00","2026-08-09 02:40:01.200497+00",success,,t,,,ff209a47-72a7-46d0-b190-0a427a9afb0a,"2026-07-23 17:11:40.808988+00","2026-08-09 02:40:15.204155+00",불가능,,,,https://tong.visitkorea.or.kr/cms/resource/61/4029461_image2_1.png,https://tong.visitkorea.or.kr/cms/resource/61/4029461_image3_1.png,,,,,
4025845,38,"다이소 안국역2호점","서울특별시 종로구 율곡로 45 (안국동)",37.576315820328,126.984366285383,11,110,SH,SH04,SH040300,10:00~22:00,명절,"{""rules"": [{""months"": null, ""weekdays"": null, ""source_text"": ""10:00~22:00"", ""time_ranges"": [{""end"": ""22:00"", ""start"": ""10:00"", ""crosses_midnight"": false}], ""last_admission"": null}], ""warnings"": [""휴무 문구의 일부 예외를 구조화하지 못했습니다.""], ""availability"": ""scheduled"", ""closure_rules"": [], ""assumption_reason"": null}",partial,operating-hours-1.2.0,"2026-03-18 18:52:44+00","2026-08-09 02:40:01.200497+00","2026-08-09 02:40:01.200497+00","2026-08-09 02:40:01.200497+00",success,,t,,,ff209a47-72a7-46d0-b190-0a427a9afb0a,"2026-07-23 17:11:40.808988+00","2026-08-09 02:40:15.25652+00",불가능,,,,https://tong.visitkorea.or.kr/cms/resource/63/4029463_image2_1.jpg,https://tong.visitkorea.or.kr/cms/resource/63/4029463_image3_1.jpg,,,,,
4025846,38,문우약국,"서울특별시 종로구 율곡로 지하62 (안국동) B3층",37.5767203705556,126.985823042976,11,110,SH,SH04,SH040300,08:00~20:00,명절,"{""rules"": [{""months"": null, ""weekdays"": null, ""source_text"": ""08:00~20:00"", ""time_ranges"": [{""end"": ""20:00"", ""start"": ""08:00"", ""crosses_midnight"": false}], ""last_admission"": null}], ""warnings"": [""휴무 문구의 일부 예외를 구조화하지 못했습니다.""], ""availability"": ""scheduled"", ""closure_rules"": [], ""assumption_reason"": null}",partial,operating-hours-1.2.0,"2026-03-27 00:21:50+00","2026-08-09 02:40:01.200497+00","2026-08-09 02:40:01.200497+00","2026-08-09 02:40:01.200497+00",success,,t,,,ff209a47-72a7-46d0-b190-0a427a9afb0a,"2026-07-23 17:11:40.882874+00","2026-08-09 02:40:15.307696+00",불가능,,,,https://tong.visitkorea.or.kr/cms/resource/64/4044764_image2_1.png,https://tong.visitkorea.or.kr/cms/resource/64/4044764_image3_1.png,,,,,
4025847,38,베네데프,"서울특별시 종로구 율곡로 84 (운니동, 가든타워)",37.5770960114134,126.988453655457,11,110,SH,SH04,SH040300,09:00~18:00,명절,"{""rules"": [{""months"": null, ""weekdays"": null, ""source_text"": ""09:00~18:00"", ""time_ranges"": [{""end"": ""18:00"", ""start"": ""09:00"", ""crosses_midnight"": false}], ""last_admission"": null}], ""warnings"": [""휴무 문구의 일부 예외를 구조화하지 못했습니다.""], ""availability"": ""scheduled"", ""closure_rules"": [], ""assumption_reason"": null}",partial,operating-hours-1.2.0,"2026-03-26 00:20:41+00","2026-08-09 02:40:01.200497+00","2026-08-09 02:40:01.200497+00","2026-08-09 02:40:01.200497+00",success,,t,,,ff209a47-72a7-46d0-b190-0a427a9afb0a,"2026-07-23 17:11:40.882874+00","2026-08-09 02:40:15.356528+00",가능,,,,https://tong.visitkorea.or.kr/cms/resource/66/4045766_image2_1.jpg,https://tong.visitkorea.or.kr/cms/resource/66/4045766_image3_1.jpg,,,,,
4025848,38,"탬버린즈 삼청 플래그십스토어","서울특별시 종로구 율곡로3길 84 (화동)",37.5793697128721,126.98226074158,11,110,SH,SH04,SH040300,11:00~20:00,명절,"{""rules"": [{""months"": null, ""weekdays"": null, ""source_text"": ""11:00~20:00"", ""time_ranges"": [{""end"": ""20:00"", ""start"": ""11:00"", ""crosses_midnight"": false}], ""last_admission"": null}], ""warnings"": [""휴무 문구의 일부 예외를 구조화하지 못했습니다.""], ""availability"": ""scheduled"", ""closure_rules"": [], ""assumption_reason"": null}",partial,operating-hours-1.2.0,"2026-03-27 00:21:50+00","2026-08-09 02:40:01.200497+00","2026-08-09 02:40:01.200497+00","2026-08-09 02:40:01.200497+00",success,,t,,,ff209a47-72a7-46d0-b190-0a427a9afb0a,"2026-07-23 17:11:41.371579+00","2026-08-09 02:40:15.411709+00",불가능,,,,https://tong.visitkorea.or.kr/cms/resource/73/4043073_image2_1.png,https://tong.visitkorea.or.kr/cms/resource/73/4043073_image3_1.png,,,,,
4025857,38,전북한지,"서울특별시 종로구 인사동5길 25 (인사동) B1층",37.5720973140597,126.985392406484,11,110,SH,SH04,SH040300,09:00~19:00,"명절, 정기휴무일","{""rules"": [{""months"": null, ""weekdays"": null, ""source_text"": ""09:00~19:00"", ""time_ranges"": [{""end"": ""19:00"", ""start"": ""09:00"", ""crosses_midnight"": false}], ""last_admission"": null}], ""warnings"": [""휴무 문구의 일부 예외를 구조화하지 못했습니다.""], ""availability"": ""scheduled"", ""closure_rules"": [], ""assumption_reason"": null}",partial,operating-hours-1.2.0,"2026-03-27 00:21:50+00","2026-08-09 02:40:01.200497+00","2026-08-09 02:40:01.200497+00","2026-08-09 02:40:01.200497+00",success,,t,,,ff209a47-72a7-46d0-b190-0a427a9afb0a,"2026-07-23 17:11:41.296349+00","2026-08-09 02:40:15.463702+00",가능,,,,https://tong.visitkorea.or.kr/cms/resource/81/4043081_image2_1.png,https://tong.visitkorea.or.kr/cms/resource/81/4043081_image3_1.png,,,,,
4025858,38,"더샘 인사동점","서울특별시 종로구 인사동길 11-3 (인사동)",37.5719688960252,126.986694778626,11,110,SH,SH04,SH040300,10:00~20:00,,"{""rules"": [{""months"": null, ""weekdays"": null, ""source_text"": ""10:00~20:00"", ""time_ranges"": [{""end"": ""20:00"", ""start"": ""10:00"", ""crosses_midnight"": false}], ""last_admission"": null}], ""warnings"": [], ""availability"": ""scheduled"", ""closure_rules"": [], ""assumption_reason"": null}",parsed,operating-hours-1.2.0,"2026-03-27 00:21:50+00","2026-08-09 02:40:01.200497+00","2026-08-09 02:40:01.200497+00","2026-08-09 02:40:01.200497+00",success,,t,,,ff209a47-72a7-46d0-b190-0a427a9afb0a,"2026-07-23 17:11:40.808988+00","2026-08-09 02:40:15.516079+00",불가능,,,,https://tong.visitkorea.or.kr/cms/resource/65/4045265_image2_1.jpg,https://tong.visitkorea.or.kr/cms/resource/65/4045265_image3_1.jpg,,,,,
4025864,38,인사동빈티지,"서울특별시 종로구 인사동길 30-1 (관훈동) B1층",37.5734166168629,126.985935398213,11,110,SH,SH04,SH040300,10:00~22:00,,"{""rules"": [{""months"": null, ""weekdays"": null, ""source_text"": ""10:00~22:00"", ""time_ranges"": [{""end"": ""22:00"", ""start"": ""10:00"", ""crosses_midnight"": false}], ""last_admission"": null}], ""warnings"": [], ""availability"": ""scheduled"", ""closure_rules"": [], ""assumption_reason"": null}",parsed,operating-hours-1.2.0,"2026-03-27 00:21:50+00","2026-08-09 02:40:01.200497+00","2026-08-09 02:40:01.200497+00","2026-08-09 02:40:01.200497+00",success,,t,,,ff209a47-72a7-46d0-b190-0a427a9afb0a,"2026-07-23 17:11:41.225101+00","2026-08-09 02:40:15.568017+00",불가능,,,,https://tong.visitkorea.or.kr/cms/resource/16/4043416_image2_1.jpg,https://tong.visitkorea.or.kr/cms/resource/16/4043416_image3_1.jpg,,,,,
4025870,38,명신당필방,"서울특별시 종로구 인사동길 34 (관훈동)",37.5735931856781,126.985717340243,11,110,SH,SH04,SH040300,10:00~19:00,명절,"{""rules"": [{""months"": null, ""weekdays"": null, ""source_text"": ""10:00~19:00"", ""time_ranges"": [{""end"": ""19:00"", ""start"": ""10:00"", ""crosses_midnight"": false}], ""last_admission"": null}], ""warnings"": [""휴무 문구의 일부 예외를 구조화하지 못했습니다.""], ""availability"": ""scheduled"", ""closure_rules"": [], ""assumption_reason"": null}",partial,operating-hours-1.2.0,"2026-03-27 00:21:50+00","2026-08-09 02:40:01.200497+00","2026-08-09 02:40:01.200497+00","2026-08-09 02:40:01.200497+00",success,,t,,,ff209a47-72a7-46d0-b190-0a427a9afb0a,"2026-07-23 17:11:40.882874+00","2026-08-09 02:40:15.620365+00",불가능,,,,https://tong.visitkorea.or.kr/cms/resource/77/4043077_image2_1.png,https://tong.visitkorea.or.kr/cms/resource/77/4043077_image3_1.png,,,,,
4025872,38,예향가,"서울특별시 종로구 인사동길 45 (관훈동)",37.5741966894963,126.984430460968,11,110,SH,SH04,SH040300,10:00~22:00,명절,"{""rules"": [{""months"": null, ""weekdays"": null, ""source_text"": ""10:00~22:00"", ""time_ranges"": [{""end"": ""22:00"", ""start"": ""10:00"", ""crosses_midnight"": false}], ""last_admission"": null}], ""warnings"": [""휴무 문구의 일부 예외를 구조화하지 못했습니다.""], ""availability"": ""scheduled"", ""closure_rules"": [], ""assumption_reason"": null}",partial,operating-hours-1.2.0,"2026-03-27 00:21:50+00","2026-08-09 02:40:01.200497+00","2026-08-09 02:40:01.200497+00","2026-08-09 02:40:01.200497+00",success,,t,,,ff209a47-72a7-46d0-b190-0a427a9afb0a,"2026-07-23 17:11:41.150397+00","2026-08-09 02:40:15.67333+00",불가능,,,,https://tong.visitkorea.or.kr/cms/resource/74/4044774_image2_1.png,https://tong.visitkorea.or.kr/cms/resource/74/4044774_image3_1.png,,,,,
4025873,38,까망글씨,"서울특별시 종로구 인사동길 50-1 (관훈동)",37.5745675246433,126.984322501983,11,110,SH,SH04,SH040300,09:30~21:30,,"{""rules"": [{""months"": null, ""weekdays"": null, ""source_text"": ""09:30~21:30"", ""time_ranges"": [{""end"": ""21:30"", ""start"": ""09:30"", ""crosses_midnight"": false}], ""last_admission"": null}], ""warnings"": [], ""availability"": ""scheduled"", ""closure_rules"": [], ""assumption_reason"": null}",parsed,operating-hours-1.2.0,"2026-03-26 00:20:41+00","2026-08-09 02:40:01.200497+00","2026-08-09 02:40:01.200497+00","2026-08-09 02:40:01.200497+00",success,,t,,,ff209a47-72a7-46d0-b190-0a427a9afb0a,"2026-07-23 17:11:40.721834+00","2026-08-09 02:40:15.725011+00",불가능,,,,https://tong.visitkorea.or.kr/cms/resource/59/4042459_image2_1.jpg,https://tong.visitkorea.or.kr/cms/resource/59/4042459_image3_1.jpg,,,,,
4025874,38,미페이스트리,"서울특별시 종로구 자하문로 35-2 (통인동) 2층",37.5792224701766,126.971190375498,11,110,SH,SH04,SH040300,09:30~18:30,명절,"{""rules"": [{""months"": null, ""weekdays"": null, ""source_text"": ""09:30~18:30"", ""time_ranges"": [{""end"": ""18:30"", ""start"": ""09:30"", ""crosses_midnight"": false}], ""last_admission"": null}], ""warnings"": [""휴무 문구의 일부 예외를 구조화하지 못했습니다.""], ""availability"": ""scheduled"", ""closure_rules"": [], ""assumption_reason"": null}",partial,operating-hours-1.2.0,"2026-03-27 00:21:50+00","2026-08-09 02:40:01.200497+00","2026-08-09 02:40:01.200497+00","2026-08-09 02:40:01.200497+00",success,,t,,,ff209a47-72a7-46d0-b190-0a427a9afb0a,"2026-07-23 17:11:40.882874+00","2026-08-09 02:40:15.777169+00",가능,,,,https://tong.visitkorea.or.kr/cms/resource/66/4044766_image2_1.png,https://tong.visitkorea.or.kr/cms/resource/66/4044766_image3_1.png,,,,,
4025875,38,"이솝 서촌","서울특별시 종로구 자하문로 36 (통의동)",37.5792708106796,126.971758668084,11,110,SH,SH04,SH040300,11:00~20:00,명절,"{""rules"": [{""months"": null, ""weekdays"": null, ""source_text"": ""11:00~20:00"", ""time_ranges"": [{""end"": ""20:00"", ""start"": ""11:00"", ""crosses_midnight"": false}], ""last_admission"": null}], ""warnings"": [""휴무 문구의 일부 예외를 구조화하지 못했습니다.""], ""availability"": ""scheduled"", ""closure_rules"": [], ""assumption_reason"": null}",partial,operating-hours-1.2.0,"2026-03-26 00:20:41+00","2026-08-09 02:40:01.200497+00","2026-08-09 02:40:01.200497+00","2026-08-09 02:40:01.200497+00",success,,t,,,ff209a47-72a7-46d0-b190-0a427a9afb0a,"2026-07-23 17:11:41.225101+00","2026-08-09 02:40:15.846699+00",불가능,,,,https://tong.visitkorea.or.kr/cms/resource/67/4045867_image2_1.png,https://tong.visitkorea.or.kr/cms/resource/67/4045867_image3_1.png,,,,,
4025876,38,흐꺙,"서울특별시 종로구 자하문로 38 (통의동) 2층",37.579376376325,126.971630022146,11,110,SH,SH04,SH040300,11:00~20:00,명절,"{""rules"": [{""months"": null, ""weekdays"": null, ""source_text"": ""11:00~20:00"", ""time_ranges"": [{""end"": ""20:00"", ""start"": ""11:00"", ""crosses_midnight"": false}], ""last_admission"": null}], ""warnings"": [""휴무 문구의 일부 예외를 구조화하지 못했습니다.""], ""availability"": ""scheduled"", ""closure_rules"": [], ""assumption_reason"": null}",partial,operating-hours-1.2.0,"2026-03-27 00:21:50+00","2026-08-09 02:40:01.200497+00","2026-08-09 02:40:01.200497+00","2026-08-09 02:40:01.200497+00",success,,t,,,ff209a47-72a7-46d0-b190-0a427a9afb0a,"2026-07-23 17:11:41.44801+00","2026-08-09 02:40:15.901204+00",불가능,,,,https://tong.visitkorea.or.kr/cms/resource/78/4045278_image2_1.jpg,https://tong.visitkorea.or.kr/cms/resource/78/4045278_image3_1.jpg,,,,,
4025877,38,"해칭룸 서촌","서울특별시 종로구 자하문로10길 22 (통의동) 1층",37.5793168927718,126.972700213879,11,110,SH,SH04,SH040300,13:00~20:00,명절,"{""rules"": [{""months"": null, ""weekdays"": null, ""source_text"": ""13:00~20:00"", ""time_ranges"": [{""end"": ""20:00"", ""start"": ""13:00"", ""crosses_midnight"": false}], ""last_admission"": null}], ""warnings"": [""휴무 문구의 일부 예외를 구조화하지 못했습니다.""], ""availability"": ""scheduled"", ""closure_rules"": [], ""assumption_reason"": null}",partial,operating-hours-1.2.0,"2026-03-26 00:20:41+00","2026-08-09 02:40:01.200497+00","2026-08-09 02:40:01.200497+00","2026-08-09 02:40:01.200497+00",success,,t,,,ff209a47-72a7-46d0-b190-0a427a9afb0a,"2026-07-23 17:11:41.44801+00","2026-08-09 02:40:15.958534+00",불가능,,,,https://tong.visitkorea.or.kr/cms/resource/35/4045735_image2_1.jpg,https://tong.visitkorea.or.kr/cms/resource/35/4045735_image3_1.jpg,,,,,
4025878,38,LFM,"서울특별시 종로구 자하문로12길 11-12 (창성동) 1층",37.5802402085084,126.971836077799,11,110,SH,SH04,SH040300,13:00~20:00,명절,"{""rules"": [{""months"": null, ""weekdays"": null, ""source_text"": ""13:00~20:00"", ""time_ranges"": [{""end"": ""20:00"", ""start"": ""13:00"", ""crosses_midnight"": false}], ""last_admission"": null}], ""warnings"": [""휴무 문구의 일부 예외를 구조화하지 못했습니다.""], ""availability"": ""scheduled"", ""closure_rules"": [], ""assumption_reason"": null}",partial,operating-hours-1.2.0,"2026-03-27 00:21:50+00","2026-08-09 02:40:01.200497+00","2026-08-09 02:40:01.200497+00","2026-08-09 02:40:01.200497+00",success,,t,,,ff209a47-72a7-46d0-b190-0a427a9afb0a,"2026-07-23 17:11:41.44801+00","2026-08-09 02:40:16.007508+00",불가능,,,,https://tong.visitkorea.or.kr/cms/resource/67/4045267_image2_1.jpg,https://tong.visitkorea.or.kr/cms/resource/67/4045267_image3_1.jpg,,,,,
4025879,38,"바버샵 베스티스","서울특별시 종로구 자하문로12길 17 (창성동) 1층",37.5801333114861,126.97205042594,11,110,SH,SH04,SH040300,11:00~20:00,일요일,"{""rules"": [{""months"": null, ""weekdays"": null, ""source_text"": ""11:00~20:00"", ""time_ranges"": [{""end"": ""20:00"", ""start"": ""11:00"", ""crosses_midnight"": false}], ""last_admission"": null}], ""warnings"": [""휴무 문구의 일부 예외를 구조화하지 못했습니다.""], ""availability"": ""scheduled"", ""closure_rules"": [], ""assumption_reason"": null}",partial,operating-hours-1.2.0,"2026-03-27 00:21:50+00","2026-08-09 02:40:01.200497+00","2026-08-09 02:40:01.200497+00","2026-08-09 02:40:01.200497+00",success,,t,,,ff209a47-72a7-46d0-b190-0a427a9afb0a,"2026-07-23 17:11:40.882874+00","2026-08-09 02:40:16.061929+00",가능,,,,https://tong.visitkorea.or.kr/cms/resource/79/4043079_image2_1.png,https://tong.visitkorea.or.kr/cms/resource/79/4043079_image3_1.png,,,,,
4025880,38,미드앤로우,"서울특별시 종로구 자하문로17길 27 (통인동) 1층",37.5812919238741,126.969250022143,11,110,SH,SH04,SH040300,13:00~19:00,"명절, 정기휴무일","{""rules"": [{""months"": null, ""weekdays"": null, ""source_text"": ""13:00~19:00"", ""time_ranges"": [{""end"": ""19:00"", ""start"": ""13:00"", ""crosses_midnight"": false}], ""last_admission"": null}], ""warnings"": [""휴무 문구의 일부 예외를 구조화하지 못했습니다.""], ""availability"": ""scheduled"", ""closure_rules"": [], ""assumption_reason"": null}",partial,operating-hours-1.2.0,"2026-03-27 00:21:50+00","2026-08-09 02:40:01.200497+00","2026-08-09 02:40:01.200497+00","2026-08-09 02:40:01.200497+00",success,,t,,,ff209a47-72a7-46d0-b190-0a427a9afb0a,"2026-07-23 17:11:40.882874+00","2026-08-09 02:40:16.116336+00",가능,,,,https://tong.visitkorea.or.kr/cms/resource/05/4044605_image2_1.jpeg,https://tong.visitkorea.or.kr/cms/resource/05/4044605_image3_1.jpeg,,,,,
4025881,38,"스튜디오 흐린","서울특별시 종로구 자하문로1가길 15 (체부동)",37.5772240491528,126.971871062534,11,110,SH,SH04,SH040300,14:00~19:00,명절,"{""rules"": [{""months"": null, ""weekdays"": null, ""source_text"": ""14:00~19:00"", ""time_ranges"": [{""end"": ""19:00"", ""start"": ""14:00"", ""crosses_midnight"": false}], ""last_admission"": null}], ""warnings"": [""휴무 문구의 일부 예외를 구조화하지 못했습니다.""], ""availability"": ""scheduled"", ""closure_rules"": [], ""assumption_reason"": null}",partial,operating-hours-1.2.0,"2026-03-27 00:21:50+00","2026-08-09 02:40:01.200497+00","2026-08-09 02:40:01.200497+00","2026-08-09 02:40:01.200497+00",success,,t,,,ff209a47-72a7-46d0-b190-0a427a9afb0a,"2026-07-23 17:11:41.150397+00","2026-08-09 02:40:16.172006+00",가능,,,,https://tong.visitkorea.or.kr/cms/resource/67/4045167_image2_1.png,https://tong.visitkorea.or.kr/cms/resource/67/4045167_image3_1.png,,,,,
4025882,38,"다이소 경복궁역점","서울특별시 종로구 자하문로2길 4 (적선동)",37.576377886406,126.972859321085,11,110,SH,SH04,SH040300,10:00~22:00,명절,"{""rules"": [{""months"": null, ""weekdays"": null, ""source_text"": ""10:00~22:00"", ""time_ranges"": [{""end"": ""22:00"", ""start"": ""10:00"", ""crosses_midnight"": false}], ""last_admission"": null}], ""warnings"": [""휴무 문구의 일부 예외를 구조화하지 못했습니다.""], ""availability"": ""scheduled"", ""closure_rules"": [], ""assumption_reason"": null}",partial,operating-hours-1.2.0,"2026-03-18 19:27:13+00","2026-08-09 02:40:01.200497+00","2026-08-09 02:40:01.200497+00","2026-08-09 02:40:01.200497+00",success,,t,,,ff209a47-72a7-46d0-b190-0a427a9afb0a,"2026-07-23 17:11:40.808988+00","2026-08-09 02:40:16.22153+00",불가능,,,,https://tong.visitkorea.or.kr/cms/resource/67/4029467_image2_1.jpg,https://tong.visitkorea.or.kr/cms/resource/67/4029467_image3_1.jpg,,,,,
4025891,38,"미페이스트리 별관","서울특별시 종로구 자하문로9길 9 (통인동) B1층",37.5793310199169,126.970742590118,11,110,SH,SH04,SH040300,09:30~18:30,명절,"{""rules"": [{""months"": null, ""weekdays"": null, ""source_text"": ""09:30~18:30"", ""time_ranges"": [{""end"": ""18:30"", ""start"": ""09:30"", ""crosses_midnight"": false}], ""last_admission"": null}], ""warnings"": [""휴무 문구의 일부 예외를 구조화하지 못했습니다.""], ""availability"": ""scheduled"", ""closure_rules"": [], ""assumption_reason"": null}",partial,operating-hours-1.2.0,"2026-03-27 00:21:50+00","2026-08-09 02:40:01.200497+00","2026-08-09 02:40:01.200497+00","2026-08-09 02:40:01.200497+00",success,,t,,,ff209a47-72a7-46d0-b190-0a427a9afb0a,"2026-07-23 17:11:40.882874+00","2026-08-09 02:40:16.271806+00",가능,,,,https://tong.visitkorea.or.kr/cms/resource/52/4043152_image2_1.png,https://tong.visitkorea.or.kr/cms/resource/52/4043152_image3_1.png,,,,,
4025892,38,"교보문고 광화문점","서울특별시 종로구 종로 1 (종로1가) 교보생명빌딩 B1층",37.5709578373114,126.977928770123,11,110,SH,SH04,SH040300,09:30~22:00,명절,"{""rules"": [{""months"": null, ""weekdays"": null, ""source_text"": ""09:30~22:00"", ""time_ranges"": [{""end"": ""22:00"", ""start"": ""09:30"", ""crosses_midnight"": false}], ""last_admission"": null}], ""warnings"": [""휴무 문구의 일부 예외를 구조화하지 못했습니다.""], ""availability"": ""scheduled"", ""closure_rules"": [], ""assumption_reason"": null}",partial,operating-hours-1.2.0,"2026-03-26 00:20:41+00","2026-08-09 02:40:01.200497+00","2026-08-09 02:40:01.200497+00","2026-08-09 02:40:01.200497+00",success,,t,,,ff209a47-72a7-46d0-b190-0a427a9afb0a,"2026-07-23 17:11:40.721834+00","2026-08-09 02:40:16.322525+00",가능,,,,https://tong.visitkorea.or.kr/cms/resource/42/4042442_image2_1.jpg,https://tong.visitkorea.or.kr/cms/resource/42/4042442_image3_1.jpg,,,,,
4025893,38,종로태양약국,"서울특별시 종로구 종로 191 (종로4가) 1층",37.5711020733218,126.999002281266,11,110,SH,SH04,SH040300,08:00~21:00,,"{""rules"": [{""months"": null, ""weekdays"": null, ""source_text"": ""08:00~21:00"", ""time_ranges"": [{""end"": ""21:00"", ""start"": ""08:00"", ""crosses_midnight"": false}], ""last_admission"": null}], ""warnings"": [], ""availability"": ""scheduled"", ""closure_rules"": [], ""assumption_reason"": null}",parsed,operating-hours-1.2.0,"2026-03-27 00:21:50+00","2026-08-09 02:40:01.200497+00","2026-08-09 02:40:01.200497+00","2026-08-09 02:40:01.200497+00",success,,t,,,ff209a47-72a7-46d0-b190-0a427a9afb0a,"2026-07-23 17:11:41.296349+00","2026-08-09 02:40:16.372358+00",불가능,,,,https://tong.visitkorea.or.kr/cms/resource/92/4043492_image2_1.jpg,https://tong.visitkorea.or.kr/cms/resource/92/4043492_image3_1.jpg,,,,,
4025894,38,엄마약국,"서울특별시 종로구 종로 193-1 (종로4가) 1층",37.5710737834068,126.999175359856,11,110,SH,SH04,SH040300,07:00~20:00,명절,"{""rules"": [{""months"": null, ""weekdays"": null, ""source_text"": ""07:00~20:00"", ""time_ranges"": [{""end"": ""20:00"", ""start"": ""07:00"", ""crosses_midnight"": false}], ""last_admission"": null}], ""warnings"": [""휴무 문구의 일부 예외를 구조화하지 못했습니다.""], ""availability"": ""scheduled"", ""closure_rules"": [], ""assumption_reason"": null}",partial,operating-hours-1.2.0,"2026-03-30 00:16:11+00","2026-08-09 02:40:01.200497+00","2026-08-09 02:40:01.200497+00","2026-08-09 02:40:01.200497+00",success,,t,,,ff209a47-72a7-46d0-b190-0a427a9afb0a,"2026-07-23 17:11:41.150397+00","2026-08-09 02:40:16.422546+00",불가능,,,,https://tong.visitkorea.or.kr/cms/resource/64/4045664_image2_1.jpg,https://tong.visitkorea.or.kr/cms/resource/64/4045664_image3_1.jpg,,,,,
4025895,38,"우정약국 종로","서울특별시 종로구 종로 200-4 (종로4가) 제우빌딩 1층",37.5705761665237,126.999877974446,11,110,SH,SH04,SH040300,08:00~20:30,"명절, 정기휴무일","{""rules"": [{""months"": null, ""weekdays"": null, ""source_text"": ""08:00~20:30"", ""time_ranges"": [{""end"": ""20:30"", ""start"": ""08:00"", ""crosses_midnight"": false}], ""last_admission"": null}], ""warnings"": [""휴무 문구의 일부 예외를 구조화하지 못했습니다.""], ""availability"": ""scheduled"", ""closure_rules"": [], ""assumption_reason"": null}",partial,operating-hours-1.2.0,"2026-03-26 00:20:41+00","2026-08-09 02:40:01.200497+00","2026-08-09 02:40:01.200497+00","2026-08-09 02:40:01.200497+00",success,,t,,,ff209a47-72a7-46d0-b190-0a427a9afb0a,"2026-07-23 17:11:41.225101+00","2026-08-09 02:40:16.472062+00",불가능,,,,https://tong.visitkorea.or.kr/cms/resource/27/4045727_image2_1.jpg,https://tong.visitkorea.or.kr/cms/resource/27/4045727_image3_1.jpg,,,,,
4025896,38,열린약국,"서울특별시 종로구 종로 204 (종로4가) 1-2층",37.5707148293086,127.000328835707,11,110,SH,SH04,SH040300,07:00~20:00,"명절, 월2회 일요일","{""rules"": [{""months"": null, ""weekdays"": null, ""source_text"": ""07:00~20:00"", ""time_ranges"": [{""end"": ""20:00"", ""start"": ""07:00"", ""crosses_midnight"": false}], ""last_admission"": null}], ""warnings"": [""휴무 문구의 일부 예외를 구조화하지 못했습니다.""], ""availability"": ""scheduled"", ""closure_rules"": [], ""assumption_reason"": null}",partial,operating-hours-1.2.0,"2026-03-26 00:20:41+00","2026-08-09 02:40:01.200497+00","2026-08-09 02:40:01.200497+00","2026-08-09 02:40:01.200497+00",success,,t,,,ff209a47-72a7-46d0-b190-0a427a9afb0a,"2026-07-23 17:11:41.150397+00","2026-08-09 02:40:16.521783+00",불가능,,,,https://tong.visitkorea.or.kr/cms/resource/00/4042800_image2_1.jpg,https://tong.visitkorea.or.kr/cms/resource/00/4042800_image3_1.jpg,,,,,
4025897,38,종로5가미래약국,"서울특별시 종로구 종로 211-1 (종로5가)",37.5712096497409,127.001251055515,11,110,SH,SH04,SH040300,09:00~21:00,,"{""rules"": [{""months"": null, ""weekdays"": null, ""source_text"": ""09:00~21:00"", ""time_ranges"": [{""end"": ""21:00"", ""start"": ""09:00"", ""crosses_midnight"": false}], ""last_admission"": null}], ""warnings"": [], ""availability"": ""scheduled"", ""closure_rules"": [], ""assumption_reason"": null}",parsed,operating-hours-1.2.0,"2026-03-26 00:20:41+00","2026-08-09 02:40:01.200497+00","2026-08-09 02:40:01.200497+00","2026-08-09 02:40:01.200497+00",success,,t,,,ff209a47-72a7-46d0-b190-0a427a9afb0a,"2026-07-23 17:11:41.296349+00","2026-08-09 02:40:16.573594+00",불가능,,,,https://tong.visitkorea.or.kr/cms/resource/34/4045734_image2_1.jpg,https://tong.visitkorea.or.kr/cms/resource/34/4045734_image3_1.jpg,,,,,
4025908,38,종로제일약국,"서울특별시 종로구 종로 233 (종로5가) 1층",37.5712828512608,127.003636916575,11,110,SH,SH04,SH040300,09:00~19:00,"명절, 정기휴무일","{""rules"": [{""months"": null, ""weekdays"": null, ""source_text"": ""09:00~19:00"", ""time_ranges"": [{""end"": ""19:00"", ""start"": ""09:00"", ""crosses_midnight"": false}], ""last_admission"": null}], ""warnings"": [""휴무 문구의 일부 예외를 구조화하지 못했습니다.""], ""availability"": ""scheduled"", ""closure_rules"": [], ""assumption_reason"": null}",partial,operating-hours-1.2.0,"2026-03-27 00:21:50+00","2026-08-09 02:40:01.200497+00","2026-08-09 02:40:01.200497+00","2026-08-09 02:40:01.200497+00",success,,t,,,ff209a47-72a7-46d0-b190-0a427a9afb0a,"2026-07-23 17:11:41.296349+00","2026-08-09 02:40:16.634437+00",불가능,,,,https://tong.visitkorea.or.kr/cms/resource/90/4043490_image2_1.jpg,https://tong.visitkorea.or.kr/cms/resource/90/4043490_image3_1.jpg,,,,,
4025914,38,신아산약국,"서울특별시 종로구 종로 255-2 (종로5가) 1층",37.571336531933,127.006237176601,11,110,SH,SH04,SH040300,09:00~19:00,공휴일,"{""rules"": [{""months"": null, ""weekdays"": null, ""source_text"": ""09:00~19:00"", ""time_ranges"": [{""end"": ""19:00"", ""start"": ""09:00"", ""crosses_midnight"": false}], ""last_admission"": null}], ""warnings"": [""휴무 문구의 일부 예외를 구조화하지 못했습니다.""], ""availability"": ""scheduled"", ""closure_rules"": [], ""assumption_reason"": null}",partial,operating-hours-1.2.0,"2026-03-26 00:20:41+00","2026-08-09 02:40:01.200497+00","2026-08-09 02:40:01.200497+00","2026-08-09 02:40:01.200497+00",success,,t,,,ff209a47-72a7-46d0-b190-0a427a9afb0a,"2026-07-23 17:11:41.150397+00","2026-08-09 02:40:16.688251+00",불가능,,,,https://tong.visitkorea.or.kr/cms/resource/17/4045817_image2_1.png,https://tong.visitkorea.or.kr/cms/resource/17/4045817_image3_1.png,,,,,
4025915,38,1층동묘호약국,"서울특별시 종로구 종로 344 (숭인동, 종로대우디오빌) 1층",37.5727228633137,127.016083157911,11,110,SH,SH04,SH040300,09:00~18:00,명절,"{""rules"": [{""months"": null, ""weekdays"": null, ""source_text"": ""09:00~18:00"", ""time_ranges"": [{""end"": ""18:00"", ""start"": ""09:00"", ""crosses_midnight"": false}], ""last_admission"": null}], ""warnings"": [""휴무 문구의 일부 예외를 구조화하지 못했습니다.""], ""availability"": ""scheduled"", ""closure_rules"": [], ""assumption_reason"": null}",partial,operating-hours-1.2.0,"2026-03-27 00:21:50+00","2026-08-09 02:40:01.200497+00","2026-08-09 02:40:01.200497+00","2026-08-09 02:40:01.200497+00",success,,t,,,ff209a47-72a7-46d0-b190-0a427a9afb0a,"2026-07-23 17:11:41.44801+00","2026-08-09 02:40:16.73935+00",가능,,,,https://tong.visitkorea.or.kr/cms/resource/01/4045901_image2_1.png,https://tong.visitkorea.or.kr/cms/resource/01/4045901_image3_1.png,,,,,
4025921,38,"다이소 동묘점","서울특별시 종로구 종로 347 (숭인동, 롯데캐슬 천지인) 1층",37.5740562569508,127.016000015149,11,110,SH,SH04,SH040300,10:00~22:00,명절,"{""rules"": [{""months"": null, ""weekdays"": null, ""source_text"": ""10:00~22:00"", ""time_ranges"": [{""end"": ""22:00"", ""start"": ""10:00"", ""crosses_midnight"": false}], ""last_admission"": null}], ""warnings"": [""휴무 문구의 일부 예외를 구조화하지 못했습니다.""], ""availability"": ""scheduled"", ""closure_rules"": [], ""assumption_reason"": null}",partial,operating-hours-1.2.0,"2026-03-18 19:48:40+00","2026-08-09 02:40:01.200497+00","2026-08-09 02:40:01.200497+00","2026-08-09 02:40:01.200497+00",success,,t,,,ff209a47-72a7-46d0-b190-0a427a9afb0a,"2026-07-23 17:11:40.808988+00","2026-08-09 02:40:16.789986+00",가능,,,,https://tong.visitkorea.or.kr/cms/resource/72/4029472_image2_1.jpg,https://tong.visitkorea.or.kr/cms/resource/72/4029472_image3_1.jpg,,,,,
4025922,38,종각역약국,"서울특별시 종로구 종로 지하55 (종로1가)",37.5702140381269,126.983239678933,11,110,SH,SH04,SH040300,07:30~23:00,명절,"{""rules"": [{""months"": null, ""weekdays"": null, ""source_text"": ""07:30~23:00"", ""time_ranges"": [{""end"": ""23:00"", ""start"": ""07:30"", ""crosses_midnight"": false}], ""last_admission"": null}], ""warnings"": [""휴무 문구의 일부 예외를 구조화하지 못했습니다.""], ""availability"": ""scheduled"", ""closure_rules"": [], ""assumption_reason"": null}",partial,operating-hours-1.2.0,"2026-03-26 00:20:41+00","2026-08-09 02:40:01.200497+00","2026-08-09 02:40:01.200497+00","2026-08-09 02:40:01.200497+00",success,,t,,,ff209a47-72a7-46d0-b190-0a427a9afb0a,"2026-07-23 17:11:41.296349+00","2026-08-09 02:40:16.841582+00",불가능,,,,https://tong.visitkorea.or.kr/cms/resource/82/4042682_image2_1.jpg,https://tong.visitkorea.or.kr/cms/resource/82/4042682_image3_1.jpg,,,,,
4025923,38,"오렌즈 종로점","서울특별시 종로구 종로 85-1 (종로2가)",37.5704389642707,126.987129949969,11,110,SH,SH04,SH040300,10:00~22:00,,"{""rules"": [{""months"": null, ""weekdays"": null, ""source_text"": ""10:00~22:00"", ""time_ranges"": [{""end"": ""22:00"", ""start"": ""10:00"", ""crosses_midnight"": false}], ""last_admission"": null}], ""warnings"": [], ""availability"": ""scheduled"", ""closure_rules"": [], ""assumption_reason"": null}",parsed,operating-hours-1.2.0,"2026-03-27 00:21:50+00","2026-08-09 02:40:01.200497+00","2026-08-09 02:40:01.200497+00","2026-08-09 02:40:01.200497+00",success,,t,,,ff209a47-72a7-46d0-b190-0a427a9afb0a,"2026-07-23 17:11:41.225101+00","2026-08-09 02:40:16.892118+00",불가능,,,,https://tong.visitkorea.or.kr/cms/resource/03/4045903_image2_1.png,https://tong.visitkorea.or.kr/cms/resource/03/4045903_image3_1.png,,,,,
4025924,38,미도공예사,"서울특별시 종로구 종로32길 22-1 (예지동) 1-2층",37.5699050994668,127.001166137271,11,110,SH,SH04,SH040300,10:00~20:00,명절,"{""rules"": [{""months"": null, ""weekdays"": null, ""source_text"": ""10:00~20:00"", ""time_ranges"": [{""end"": ""20:00"", ""start"": ""10:00"", ""crosses_midnight"": false}], ""last_admission"": null}], ""warnings"": [""휴무 문구의 일부 예외를 구조화하지 못했습니다.""], ""availability"": ""scheduled"", ""closure_rules"": [], ""assumption_reason"": null}",partial,operating-hours-1.2.0,"2026-03-27 00:21:50+00","2026-08-09 02:40:01.200497+00","2026-08-09 02:40:01.200497+00","2026-08-09 02:40:01.200497+00",success,,t,,,ff209a47-72a7-46d0-b190-0a427a9afb0a,"2026-07-23 17:11:40.882874+00","2026-08-09 02:40:16.945979+00",불가능,,,,https://tong.visitkorea.or.kr/cms/resource/65/4044765_image2_1.png,https://tong.visitkorea.or.kr/cms/resource/65/4044765_image3_1.png,,,,,
4025930,38,"GS25 종로동묘점","서울특별시 종로구 지봉로 18 (숭인동)",37.5717395307924,127.015983784999,11,110,SH,SH04,SH040300,01:00~24:00,,"{""rules"": [{""months"": null, ""weekdays"": null, ""source_text"": ""01:00~24:00"", ""time_ranges"": [{""end"": ""23:59"", ""start"": ""01:00"", ""crosses_midnight"": false}], ""last_admission"": null}], ""warnings"": [], ""availability"": ""scheduled"", ""closure_rules"": [], ""assumption_reason"": null}",parsed,operating-hours-1.2.0,"2026-03-27 00:21:50+00","2026-08-09 02:40:01.200497+00","2026-08-09 02:40:01.200497+00","2026-08-09 02:40:01.200497+00",success,,t,,,ff209a47-72a7-46d0-b190-0a427a9afb0a,"2026-07-23 17:11:41.44801+00","2026-08-09 02:40:16.999452+00",불가능,,,,https://tong.visitkorea.or.kr/cms/resource/84/4044784_image2_1.png,https://tong.visitkorea.or.kr/cms/resource/84/4044784_image3_1.png,,,,,
4025931,38,"TMwatch 정우상사","서울특별시 종로구 창경궁로 109 (인의동)",37.5723490188717,126.997086146344,11,110,SH,SH04,SH040300,10:00~18:00,"명절, 정기휴무일","{""rules"": [{""months"": null, ""weekdays"": null, ""source_text"": ""10:00~18:00"", ""time_ranges"": [{""end"": ""18:00"", ""start"": ""10:00"", ""crosses_midnight"": false}], ""last_admission"": null}], ""warnings"": [""휴무 문구의 일부 예외를 구조화하지 못했습니다.""], ""availability"": ""scheduled"", ""closure_rules"": [], ""assumption_reason"": null}",partial,operating-hours-1.2.0,"2026-03-26 00:20:41+00","2026-08-09 02:40:01.200497+00","2026-08-09 02:40:01.200497+00","2026-08-09 02:40:01.200497+00",success,,t,,,ff209a47-72a7-46d0-b190-0a427a9afb0a,"2026-07-23 17:11:41.44801+00","2026-08-09 02:40:17.051437+00",가능,,,,https://tong.visitkorea.or.kr/cms/resource/93/4042993_image2_1.png,https://tong.visitkorea.or.kr/cms/resource/93/4042993_image3_1.png,,,,,
4025932,38,"다이소 혜화점","서울특별시 종로구 창경궁로 239 (명륜2가)",37.5833093721377,126.998705946565,11,110,SH,SH04,SH040300,10:00~22:00,명절,"{""rules"": [{""months"": null, ""weekdays"": null, ""source_text"": ""10:00~22:00"", ""time_ranges"": [{""end"": ""22:00"", ""start"": ""10:00"", ""crosses_midnight"": false}], ""last_admission"": null}], ""warnings"": [""휴무 문구의 일부 예외를 구조화하지 못했습니다.""], ""availability"": ""scheduled"", ""closure_rules"": [], ""assumption_reason"": null}",partial,operating-hours-1.2.0,"2026-03-18 19:58:34+00","2026-08-09 02:40:01.200497+00","2026-08-09 02:40:01.200497+00","2026-08-09 02:40:01.200497+00",success,,t,,,ff209a47-72a7-46d0-b190-0a427a9afb0a,"2026-07-23 17:11:40.808988+00","2026-08-09 02:40:17.105267+00",불가능,,,,https://tong.visitkorea.or.kr/cms/resource/77/4029477_image2_1.jpg,https://tong.visitkorea.or.kr/cms/resource/77/4029477_image3_1.jpg,,,,,
4025933,38,"TNF 예지동점","서울특별시 종로구 청계천로 187-11 (예지동)",37.5696844375361,126.99818808928,11,110,SH,SH04,SH040300,09:00~19:00,,"{""rules"": [{""months"": null, ""weekdays"": null, ""source_text"": ""09:00~19:00"", ""time_ranges"": [{""end"": ""19:00"", ""start"": ""09:00"", ""crosses_midnight"": false}], ""last_admission"": null}], ""warnings"": [], ""availability"": ""scheduled"", ""closure_rules"": [], ""assumption_reason"": null}",parsed,operating-hours-1.2.0,"2026-03-27 00:21:50+00","2026-08-09 02:40:01.200497+00","2026-08-09 02:40:01.200497+00","2026-08-09 02:40:01.200497+00",success,,t,,,ff209a47-72a7-46d0-b190-0a427a9afb0a,"2026-07-23 17:11:41.44801+00","2026-08-09 02:40:17.154617+00",불가능,,,,https://tong.visitkorea.or.kr/cms/resource/60/4045160_image2_1.png,https://tong.visitkorea.or.kr/cms/resource/60/4045160_image3_1.png,,,,,
4025935,38,"ETC서울 서촌","서울특별시 종로구 필운대로 8 (필운동) 1층",37.5767715785388,126.969371879046,11,110,SH,SH04,SH040300,12:00~20:30,명절,"{""rules"": [{""months"": null, ""weekdays"": null, ""source_text"": ""12:00~20:30"", ""time_ranges"": [{""end"": ""20:30"", ""start"": ""12:00"", ""crosses_midnight"": false}], ""last_admission"": null}], ""warnings"": [""휴무 문구의 일부 예외를 구조화하지 못했습니다.""], ""availability"": ""scheduled"", ""closure_rules"": [], ""assumption_reason"": null}",partial,operating-hours-1.2.0,"2026-03-26 00:20:41+00","2026-08-09 02:40:01.200497+00","2026-08-09 02:40:01.200497+00","2026-08-09 02:40:01.200497+00",success,,t,,,ff209a47-72a7-46d0-b190-0a427a9afb0a,"2026-07-23 17:11:41.44801+00","2026-08-09 02:40:17.206653+00",불가능,,,,https://tong.visitkorea.or.kr/cms/resource/73/4045873_image2_1.png,https://tong.visitkorea.or.kr/cms/resource/73/4045873_image3_1.png,,,,,
4027236,38,르네랩,"서울특별시 종로구 계동길 96 (계동)",37.5816160446256,126.986888241135,11,110,SH,SH04,SH040300,10:00~18:00,"명절, 정기휴무일","{""rules"": [{""months"": null, ""weekdays"": null, ""source_text"": ""10:00~18:00"", ""time_ranges"": [{""end"": ""18:00"", ""start"": ""10:00"", ""crosses_midnight"": false}], ""last_admission"": null}], ""warnings"": [""휴무 문구의 일부 예외를 구조화하지 못했습니다.""], ""availability"": ""scheduled"", ""closure_rules"": [], ""assumption_reason"": null}",partial,operating-hours-1.2.0,"2026-03-27 00:21:50+00","2026-08-09 02:40:01.200497+00","2026-08-09 02:40:01.200497+00","2026-08-09 02:40:01.200497+00",success,,t,,,ff209a47-72a7-46d0-b190-0a427a9afb0a,"2026-07-23 17:11:40.882874+00","2026-08-09 02:40:17.258738+00",불가능,,,,https://tong.visitkorea.or.kr/cms/resource/53/4044753_image2_1.png,https://tong.visitkorea.or.kr/cms/resource/53/4044753_image3_1.png,,,,,
4027237,38,"탑텐 대학로점","서울특별시 종로구 대학로 122 (동숭동)",37.582188882319,127.002249558739,11,110,SH,SH04,SH040300,11:00~21:30,,"{""rules"": [{""months"": null, ""weekdays"": null, ""source_text"": ""11:00~21:30"", ""time_ranges"": [{""end"": ""21:30"", ""start"": ""11:00"", ""crosses_midnight"": false}], ""last_admission"": null}], ""warnings"": [], ""availability"": ""scheduled"", ""closure_rules"": [], ""assumption_reason"": null}",parsed,operating-hours-1.2.0,"2026-03-27 00:21:50+00","2026-08-09 02:40:01.200497+00","2026-08-09 02:40:01.200497+00","2026-08-09 02:40:01.200497+00",success,,t,,,ff209a47-72a7-46d0-b190-0a427a9afb0a,"2026-07-23 17:11:41.371579+00","2026-08-09 02:40:17.312574+00",불가능,,,,https://tong.visitkorea.or.kr/cms/resource/02/4043502_image2_1.jpg,https://tong.visitkorea.or.kr/cms/resource/02/4043502_image3_1.jpg,,,,,
4027238,38,"ABC마트 ST 대학로점","서울특별시 종로구 대학로 132 (동숭동)",37.5830954646593,127.00210331198,11,110,SH,SH04,SH040300,11:00~22:00,,"{""rules"": [{""months"": null, ""weekdays"": null, ""source_text"": ""11:00~22:00"", ""time_ranges"": [{""end"": ""22:00"", ""start"": ""11:00"", ""crosses_midnight"": false}], ""last_admission"": null}], ""warnings"": [], ""availability"": ""scheduled"", ""closure_rules"": [], ""assumption_reason"": null}",parsed,operating-hours-1.2.0,"2026-03-27 00:21:50+00","2026-08-09 02:40:01.200497+00","2026-08-09 02:40:01.200497+00","2026-08-09 02:40:01.200497+00",success,,t,,,ff209a47-72a7-46d0-b190-0a427a9afb0a,"2026-07-23 17:11:41.44801+00","2026-08-09 02:40:17.363346+00",가능,,,,https://tong.visitkorea.or.kr/cms/resource/88/4045488_image2_1.jpg,https://tong.visitkorea.or.kr/cms/resource/88/4045488_image3_1.jpg,,,,,
4027239,38,"다이소 대학로점","서울특별시 종로구 대학로 140 (혜화동)",37.5835932661896,127.00194652189,11,110,SH,SH04,SH040300,10:00~22:00,명절,"{""rules"": [{""months"": null, ""weekdays"": null, ""source_text"": ""10:00~22:00"", ""time_ranges"": [{""end"": ""22:00"", ""start"": ""10:00"", ""crosses_midnight"": false}], ""last_admission"": null}], ""warnings"": [""휴무 문구의 일부 예외를 구조화하지 못했습니다.""], ""availability"": ""scheduled"", ""closure_rules"": [], ""assumption_reason"": null}",partial,operating-hours-1.2.0,"2026-03-18 18:06:25+00","2026-08-09 02:40:01.200497+00","2026-08-09 02:40:01.200497+00","2026-08-09 02:40:01.200497+00",success,,t,,,ff209a47-72a7-46d0-b190-0a427a9afb0a,"2026-07-23 17:11:40.808988+00","2026-08-09 02:40:17.41574+00",불가능,,,,https://tong.visitkorea.or.kr/cms/resource/51/4029451_image2_1.jpg,https://tong.visitkorea.or.kr/cms/resource/51/4029451_image3_1.jpg,,,,,
4027240,38,골드앤다이아,"서울특별시 종로구 돈화문로 42 (묘동) 1층",37.5721668625297,126.99184890451,11,110,SH,SH04,SH040300,10:00~18:00,명절,"{""rules"": [{""months"": null, ""weekdays"": null, ""source_text"": ""10:00~18:00"", ""time_ranges"": [{""end"": ""18:00"", ""start"": ""10:00"", ""crosses_midnight"": false}], ""last_admission"": null}], ""warnings"": [""휴무 문구의 일부 예외를 구조화하지 못했습니다.""], ""availability"": ""scheduled"", ""closure_rules"": [], ""assumption_reason"": null}",partial,operating-hours-1.2.0,"2026-03-27 00:21:50+00","2026-08-09 02:40:01.200497+00","2026-08-09 02:40:01.200497+00","2026-08-09 02:40:01.200497+00",success,,t,,,ff209a47-72a7-46d0-b190-0a427a9afb0a,"2026-07-23 17:11:40.721834+00","2026-08-09 02:40:17.467391+00",가능,,,,https://tong.visitkorea.or.kr/cms/resource/83/4044783_image2_1.png,https://tong.visitkorea.or.kr/cms/resource/83/4044783_image3_1.png,,,,,
4027241,38,"네파 종로점","서울특별시 종로구 동호로 406-2 (종로5가)",37.5706447993923,127.002332297608,11,110,SH,SH04,SH040300,10:00~21:00,,"{""rules"": [{""months"": null, ""weekdays"": null, ""source_text"": ""10:00~21:00"", ""time_ranges"": [{""end"": ""21:00"", ""start"": ""10:00"", ""crosses_midnight"": false}], ""last_admission"": null}], ""warnings"": [], ""availability"": ""scheduled"", ""closure_rules"": [], ""assumption_reason"": null}",parsed,operating-hours-1.2.0,"2026-03-27 00:21:50+00","2026-08-09 02:40:01.200497+00","2026-08-09 02:40:01.200497+00","2026-08-09 02:40:01.200497+00",success,,t,,,ff209a47-72a7-46d0-b190-0a427a9afb0a,"2026-07-23 17:11:40.808988+00","2026-08-09 02:40:17.51831+00",불가능,,,,https://tong.visitkorea.or.kr/cms/resource/63/4043063_image2_1.png,https://tong.visitkorea.or.kr/cms/resource/63/4043063_image3_1.png,,,,,
4027242,38,유성약국,"서울특별시 종로구 동호로 408 (종로5가) 1층",37.5707224672019,127.002228046083,11,110,SH,SH04,SH040300,08:30~19:30,,"{""rules"": [{""months"": null, ""weekdays"": null, ""source_text"": ""08:30~19:30"", ""time_ranges"": [{""end"": ""19:30"", ""start"": ""08:30"", ""crosses_midnight"": false}], ""last_admission"": null}], ""warnings"": [], ""availability"": ""scheduled"", ""closure_rules"": [], ""assumption_reason"": null}",parsed,operating-hours-1.2.0,"2026-03-27 00:21:50+00","2026-08-09 02:40:01.200497+00","2026-08-09 02:40:01.200497+00","2026-08-09 02:40:01.200497+00",success,,t,,,ff209a47-72a7-46d0-b190-0a427a9afb0a,"2026-07-23 17:11:41.225101+00","2026-08-09 02:40:17.572753+00",불가능,,,,https://tong.visitkorea.or.kr/cms/resource/68/4044768_image2_1.png,https://tong.visitkorea.or.kr/cms/resource/68/4044768_image3_1.png,,,,,
4027243,38,"아크테릭스 종로점","서울특별시 종로구 동호로38길 23 (종로5가)",37.5705242159194,127.003548699871,11,110,SH,SH04,SH040300,09:30~20:00,명절,"{""rules"": [{""months"": null, ""weekdays"": null, ""source_text"": ""09:30~20:00"", ""time_ranges"": [{""end"": ""20:00"", ""start"": ""09:30"", ""crosses_midnight"": false}], ""last_admission"": null}], ""warnings"": [""휴무 문구의 일부 예외를 구조화하지 못했습니다.""], ""availability"": ""scheduled"", ""closure_rules"": [], ""assumption_reason"": null}",partial,operating-hours-1.2.0,"2026-03-27 00:21:50+00","2026-08-09 02:40:01.200497+00","2026-08-09 02:40:01.200497+00","2026-08-09 02:40:01.200497+00",success,,t,,,ff209a47-72a7-46d0-b190-0a427a9afb0a,"2026-07-23 17:11:41.150397+00","2026-08-09 02:40:17.629766+00",가능,,,,https://tong.visitkorea.or.kr/cms/resource/60/4043060_image2_1.png,https://tong.visitkorea.or.kr/cms/resource/60/4043060_image3_1.png,,,,,
4027244,38,"광주요 북촌점","서울특별시 종로구 북촌로11길 60-3 (가회동) B1층",37.5834734688654,126.98350457527,11,110,SH,SH04,SH040300,10:00~17:00,명절,"{""rules"": [{""months"": null, ""weekdays"": null, ""source_text"": ""10:00~17:00"", ""time_ranges"": [{""end"": ""17:00"", ""start"": ""10:00"", ""crosses_midnight"": false}], ""last_admission"": null}], ""warnings"": [""휴무 문구의 일부 예외를 구조화하지 못했습니다.""], ""availability"": ""scheduled"", ""closure_rules"": [], ""assumption_reason"": null}",partial,operating-hours-1.2.0,"2026-03-26 00:20:41+00","2026-08-09 02:40:01.200497+00","2026-08-09 02:40:01.200497+00","2026-08-09 02:40:01.200497+00",success,,t,,,ff209a47-72a7-46d0-b190-0a427a9afb0a,"2026-07-23 17:11:40.721834+00","2026-08-09 02:40:17.681254+00",불가능,,,,https://tong.visitkorea.or.kr/cms/resource/38/4042438_image2_1.jpg,https://tong.visitkorea.or.kr/cms/resource/38/4042438_image3_1.jpg,,,,,
4027245,38,"그래인스쿠키 북촌점","서울특별시 종로구 북촌로11나길 1 (가회동)",37.582098013,126.9835100866,11,110,SH,SH04,SH040300,10:00~17:00,명절,"{""rules"": [{""months"": null, ""weekdays"": null, ""source_text"": ""10:00~17:00"", ""time_ranges"": [{""end"": ""17:00"", ""start"": ""10:00"", ""crosses_midnight"": false}], ""last_admission"": null}], ""warnings"": [""휴무 문구의 일부 예외를 구조화하지 못했습니다.""], ""availability"": ""scheduled"", ""closure_rules"": [], ""assumption_reason"": null}",partial,operating-hours-1.2.0,"2026-07-15 10:49:39+00","2026-08-09 02:40:01.200497+00","2026-08-09 02:40:01.200497+00","2026-08-09 02:40:01.200497+00",success,,t,,,ff209a47-72a7-46d0-b190-0a427a9afb0a,"2026-07-23 17:11:40.721834+00","2026-08-09 02:40:17.733651+00",불가능,,,,https://tong.visitkorea.or.kr/cms/resource/82/4043082_image2_1.png,https://tong.visitkorea.or.kr/cms/resource/82/4043082_image3_1.png,,,,,
4027246,38,북촌광,"서울특별시 종로구 북촌로11라길 4 (가회동)",37.5830275347706,126.983273828083,11,110,SH,SH04,SH040300,10:00~17:00,,"{""rules"": [{""months"": null, ""weekdays"": null, ""source_text"": ""10:00~17:00"", ""time_ranges"": [{""end"": ""17:00"", ""start"": ""10:00"", ""crosses_midnight"": false}], ""last_admission"": null}], ""warnings"": [], ""availability"": ""scheduled"", ""closure_rules"": [], ""assumption_reason"": null}",parsed,operating-hours-1.2.0,"2026-03-27 00:21:50+00","2026-08-09 02:40:01.200497+00","2026-08-09 02:40:01.200497+00","2026-08-09 02:40:01.200497+00",success,,t,,,ff209a47-72a7-46d0-b190-0a427a9afb0a,"2026-07-23 17:11:40.882874+00","2026-08-09 02:40:17.785784+00",불가능,,,,https://tong.visitkorea.or.kr/cms/resource/55/4044755_image2_1.png,https://tong.visitkorea.or.kr/cms/resource/55/4044755_image3_1.png,,,,,
4027247,38,"편강 율 플래그십&티하우스","서울특별시 종로구 북촌로5가길 35-4 (소격동)",37.581055311214,126.98121901668,11,110,SH,SH04,SH040300,11:00~19:00,정기휴무일,"{""rules"": [{""months"": null, ""weekdays"": null, ""source_text"": ""11:00~19:00"", ""time_ranges"": [{""end"": ""19:00"", ""start"": ""11:00"", ""crosses_midnight"": false}], ""last_admission"": null}], ""warnings"": [""휴무 문구의 일부 예외를 구조화하지 못했습니다.""], ""availability"": ""scheduled"", ""closure_rules"": [], ""assumption_reason"": null}",partial,operating-hours-1.2.0,"2026-03-27 00:21:50+00","2026-08-09 02:40:01.200497+00","2026-08-09 02:40:01.200497+00","2026-08-09 02:40:01.200497+00",success,,t,,,ff209a47-72a7-46d0-b190-0a427a9afb0a,"2026-07-23 17:11:41.371579+00","2026-08-09 02:40:17.837679+00",불가능,,,,https://tong.visitkorea.or.kr/cms/resource/86/4043086_image2_1.png,https://tong.visitkorea.or.kr/cms/resource/86/4043086_image3_1.png,,,,,
4027248,38,"쿠에른 삼청 시그니처 스토어","서울특별시 종로구 북촌로5길 36 (화동)",37.5795643307988,126.982893085637,11,110,SH,SH04,SH040300,10:30~20:30,명절,"{""rules"": [{""months"": null, ""weekdays"": null, ""source_text"": ""10:30~20:30"", ""time_ranges"": [{""end"": ""20:30"", ""start"": ""10:30"", ""crosses_midnight"": false}], ""last_admission"": null}], ""warnings"": [""휴무 문구의 일부 예외를 구조화하지 못했습니다.""], ""availability"": ""scheduled"", ""closure_rules"": [], ""assumption_reason"": null}",partial,operating-hours-1.2.0,"2026-03-27 00:21:50+00","2026-08-09 02:40:01.200497+00","2026-08-09 02:40:01.200497+00","2026-08-09 02:40:01.200497+00",success,,t,,,ff209a47-72a7-46d0-b190-0a427a9afb0a,"2026-07-23 17:11:41.371579+00","2026-08-09 02:40:17.888824+00",가능,,,,https://tong.visitkorea.or.kr/cms/resource/83/4043083_image2_1.png,https://tong.visitkorea.or.kr/cms/resource/83/4043083_image3_1.png,,,,,
4027249,38,"MEARI MILITARY&MGW","서울특별시 종로구 북촌로5길 40 (화동) 1층",37.5795352949748,126.982729504108,11,110,SH,SH04,SH040300,10:00~19:00,명절,"{""rules"": [{""months"": null, ""weekdays"": null, ""source_text"": ""10:00~19:00"", ""time_ranges"": [{""end"": ""19:00"", ""start"": ""10:00"", ""crosses_midnight"": false}], ""last_admission"": null}], ""warnings"": [""휴무 문구의 일부 예외를 구조화하지 못했습니다.""], ""availability"": ""scheduled"", ""closure_rules"": [], ""assumption_reason"": null}",partial,operating-hours-1.2.0,"2026-03-27 00:21:50+00","2026-08-09 02:40:01.200497+00","2026-08-09 02:40:01.200497+00","2026-08-09 02:40:01.200497+00",success,,t,,,ff209a47-72a7-46d0-b190-0a427a9afb0a,"2026-07-23 17:11:41.44801+00","2026-08-09 02:40:17.941667+00",불가능,,,,https://tong.visitkorea.or.kr/cms/resource/58/4044758_image2_1.png,https://tong.visitkorea.or.kr/cms/resource/58/4044758_image3_1.png,,,,,
4027250,38,"제로스페이스 북촌점","서울특별시 종로구 북촌로5길 5-5 (재동) 1층",37.5790268627645,126.984678062294,11,110,SH,SH04,SH040300,11:00~19:00,,"{""rules"": [{""months"": null, ""weekdays"": null, ""source_text"": ""11:00~19:00"", ""time_ranges"": [{""end"": ""19:00"", ""start"": ""11:00"", ""crosses_midnight"": false}], ""last_admission"": null}], ""warnings"": [], ""availability"": ""scheduled"", ""closure_rules"": [], ""assumption_reason"": null}",parsed,operating-hours-1.2.0,"2026-03-27 00:21:50+00","2026-08-09 02:40:01.200497+00","2026-08-09 02:40:01.200497+00","2026-08-09 02:40:01.200497+00",success,,t,,,ff209a47-72a7-46d0-b190-0a427a9afb0a,"2026-07-23 17:11:41.296349+00","2026-08-09 02:40:17.993784+00",가능,,,,https://tong.visitkorea.or.kr/cms/resource/58/4043458_image2_1.jpg,https://tong.visitkorea.or.kr/cms/resource/58/4043458_image3_1.jpg,,,,,
4027251,38,"아디다스 북촌헤리티지스토어","서울특별시 종로구 북촌로5길 56-8 (소격동)",37.5798949801764,126.982180011189,11,110,SH,SH04,SH040300,11:00~20:00,명절,"{""rules"": [{""months"": null, ""weekdays"": null, ""source_text"": ""11:00~20:00"", ""time_ranges"": [{""end"": ""20:00"", ""start"": ""11:00"", ""crosses_midnight"": false}], ""last_admission"": null}], ""warnings"": [""휴무 문구의 일부 예외를 구조화하지 못했습니다.""], ""availability"": ""scheduled"", ""closure_rules"": [], ""assumption_reason"": null}",partial,operating-hours-1.2.0,"2026-03-27 00:21:50+00","2026-08-09 02:40:01.200497+00","2026-08-09 02:40:01.200497+00","2026-08-09 02:40:01.200497+00",success,,t,,,ff209a47-72a7-46d0-b190-0a427a9afb0a,"2026-07-23 17:11:41.150397+00","2026-08-09 02:40:18.054438+00",불가능,,,,https://tong.visitkorea.or.kr/cms/resource/71/4044771_image2_1.png,https://tong.visitkorea.or.kr/cms/resource/71/4044771_image3_1.png,,,,,
4027252,38,"오브젝트 삼청점","서울특별시 종로구 북촌로5길 6 (재동) 1층",37.5795355516357,126.984583314654,11,110,SH,SH04,SH040300,11:00~20:00,명절,"{""rules"": [{""months"": null, ""weekdays"": null, ""source_text"": ""11:00~20:00"", ""time_ranges"": [{""end"": ""20:00"", ""start"": ""11:00"", ""crosses_midnight"": false}], ""last_admission"": null}], ""warnings"": [""휴무 문구의 일부 예외를 구조화하지 못했습니다.""], ""availability"": ""scheduled"", ""closure_rules"": [], ""assumption_reason"": null}",partial,operating-hours-1.2.0,"2026-03-27 00:21:50+00","2026-08-09 02:40:01.200497+00","2026-08-09 02:40:01.200497+00","2026-08-09 02:40:01.200497+00",success,,t,,,ff209a47-72a7-46d0-b190-0a427a9afb0a,"2026-07-23 17:11:41.225101+00","2026-08-09 02:40:18.107687+00",불가능,,,,https://tong.visitkorea.or.kr/cms/resource/01/4043401_image2_1.jpg,https://tong.visitkorea.or.kr/cms/resource/01/4043401_image3_1.jpg,,,,,
4027253,38,"까시나 삼청","서울특별시 종로구 북촌로5길 74 (소격동)",37.579999307899,126.980978030341,11,110,SH,SH04,SH040300,10:00~19:00,명절,"{""rules"": [{""months"": null, ""weekdays"": null, ""source_text"": ""10:00~19:00"", ""time_ranges"": [{""end"": ""19:00"", ""start"": ""10:00"", ""crosses_midnight"": false}], ""last_admission"": null}], ""warnings"": [""휴무 문구의 일부 예외를 구조화하지 못했습니다.""], ""availability"": ""scheduled"", ""closure_rules"": [], ""assumption_reason"": null}",partial,operating-hours-1.2.0,"2026-03-27 00:21:50+00","2026-08-09 02:40:01.200497+00","2026-08-09 02:40:01.200497+00","2026-08-09 02:40:01.200497+00",success,,t,,,ff209a47-72a7-46d0-b190-0a427a9afb0a,"2026-07-23 17:11:40.721834+00","2026-08-09 02:40:18.158526+00",가능,,,,https://tong.visitkorea.or.kr/cms/resource/60/4045260_image2_1.jpg,https://tong.visitkorea.or.kr/cms/resource/60/4045260_image3_1.jpg,,,,,
4027254,38,"마르헨제이 삼청 플래그십 스토어","서울특별시 종로구 북촌로5나길 9 (화동) 1-2층",37.5811630183162,126.982044533511,11,110,SH,SH04,SH040300,10:00~19:00,명절,"{""rules"": [{""months"": null, ""weekdays"": null, ""source_text"": ""10:00~19:00"", ""time_ranges"": [{""end"": ""19:00"", ""start"": ""10:00"", ""crosses_midnight"": false}], ""last_admission"": null}], ""warnings"": [""휴무 문구의 일부 예외를 구조화하지 못했습니다.""], ""availability"": ""scheduled"", ""closure_rules"": [], ""assumption_reason"": null}",partial,operating-hours-1.2.0,"2026-03-27 00:21:50+00","2026-08-09 02:40:01.200497+00","2026-08-09 02:40:01.200497+00","2026-08-09 02:40:01.200497+00",success,,t,,,ff209a47-72a7-46d0-b190-0a427a9afb0a,"2026-07-23 17:11:40.882874+00","2026-08-09 02:40:18.210896+00",불가능,,,,https://tong.visitkorea.or.kr/cms/resource/98/4044798_image2_1.png,https://tong.visitkorea.or.kr/cms/resource/98/4044798_image3_1.png,,,,,
4027255,38,"잉크 하우스","서울특별시 종로구 사직로 109 (내자동) 1층",37.5762753449645,126.970932271804,11,110,SH,SH04,SH040300,09:00~18:00,"명절, 정기휴무일","{""rules"": [{""months"": null, ""weekdays"": null, ""source_text"": ""09:00~18:00"", ""time_ranges"": [{""end"": ""18:00"", ""start"": ""09:00"", ""crosses_midnight"": false}], ""last_admission"": null}], ""warnings"": [""휴무 문구의 일부 예외를 구조화하지 못했습니다.""], ""availability"": ""scheduled"", ""closure_rules"": [], ""assumption_reason"": null}",partial,operating-hours-1.2.0,"2026-03-27 00:21:50+00","2026-08-09 02:40:01.200497+00","2026-08-09 02:40:01.200497+00","2026-08-09 02:40:01.200497+00",success,,t,,,ff209a47-72a7-46d0-b190-0a427a9afb0a,"2026-07-23 17:11:41.296349+00","2026-08-09 02:40:18.26345+00",불가능,,,,https://tong.visitkorea.or.kr/cms/resource/56/4044756_image2_1.png,https://tong.visitkorea.or.kr/cms/resource/56/4044756_image3_1.png,,,,,
4027256,38,"다이소 종로본점","서울특별시 종로구 삼일대로 395 (종로2가) 1층",37.5699036176606,126.987359941594,11,110,SH,SH04,SH040300,10:00~22:00,명절,"{""rules"": [{""months"": null, ""weekdays"": null, ""source_text"": ""10:00~22:00"", ""time_ranges"": [{""end"": ""22:00"", ""start"": ""10:00"", ""crosses_midnight"": false}], ""last_admission"": null}], ""warnings"": [""휴무 문구의 일부 예외를 구조화하지 못했습니다.""], ""availability"": ""scheduled"", ""closure_rules"": [], ""assumption_reason"": null}",partial,operating-hours-1.2.0,"2026-03-18 18:35:23+00","2026-08-09 02:40:01.200497+00","2026-08-09 02:40:01.200497+00","2026-08-09 02:40:01.200497+00",success,,t,,,ff209a47-72a7-46d0-b190-0a427a9afb0a,"2026-07-23 17:11:40.808988+00","2026-08-09 02:40:18.313801+00",불가능,,,,https://tong.visitkorea.or.kr/cms/resource/53/4029453_image2_1.jpg,https://tong.visitkorea.or.kr/cms/resource/53/4029453_image3_1.jpg,,,,,
4027257,38,와유재,"서울특별시 종로구 삼청로 108 (삼청동)",37.585040198492,126.98221207089,11,110,SH,SH04,SH040300,10:00~19:00,명절,"{""rules"": [{""months"": null, ""weekdays"": null, ""source_text"": ""10:00~19:00"", ""time_ranges"": [{""end"": ""19:00"", ""start"": ""10:00"", ""crosses_midnight"": false}], ""last_admission"": null}], ""warnings"": [""휴무 문구의 일부 예외를 구조화하지 못했습니다.""], ""availability"": ""scheduled"", ""closure_rules"": [], ""assumption_reason"": null}",partial,operating-hours-1.2.0,"2026-03-27 00:21:50+00","2026-08-09 02:40:01.200497+00","2026-08-09 02:40:01.200497+00","2026-08-09 02:40:01.200497+00",success,,t,,,ff209a47-72a7-46d0-b190-0a427a9afb0a,"2026-07-23 17:11:41.225101+00","2026-08-09 02:40:18.386898+00",불가능,,,,https://tong.visitkorea.or.kr/cms/resource/77/4044777_image2_1.png,https://tong.visitkorea.or.kr/cms/resource/77/4044777_image3_1.png,,,,,
4027258,38,해광컴퍼니,"서울특별시 종로구 삼청로 65-2 (팔판동)",37.581592625006,126.98097649284,11,110,SH,SH04,SH040300,12:00~19:00,월요일,"{""rules"": [{""months"": null, ""weekdays"": null, ""source_text"": ""12:00~19:00"", ""time_ranges"": [{""end"": ""19:00"", ""start"": ""12:00"", ""crosses_midnight"": false}], ""last_admission"": null}], ""warnings"": [""휴무 문구의 일부 예외를 구조화하지 못했습니다.""], ""availability"": ""scheduled"", ""closure_rules"": [], ""assumption_reason"": null}",partial,operating-hours-1.2.0,"2026-03-27 00:21:50+00","2026-08-09 02:40:01.200497+00","2026-08-09 02:40:01.200497+00","2026-08-09 02:40:01.200497+00",success,,t,,,ff209a47-72a7-46d0-b190-0a427a9afb0a,"2026-07-23 17:11:41.44801+00","2026-08-09 02:40:18.43861+00",불가능,,,,https://tong.visitkorea.or.kr/cms/resource/19/4044819_image2_1.png,https://tong.visitkorea.or.kr/cms/resource/19/4044819_image3_1.png,,,,,
402970,39,산촌,"서울특별시 종로구 인사동길 30-13 (관훈동)",37.573853536,126.9863034359,11,110,FD,FD02,FD020500,"11:30~22:00<br>※ 공휴일 영업 시작 오전 10시",연중무휴,"{""rules"": [{""months"": null, ""weekdays"": null, ""source_text"": ""11:30~22:00"", ""time_ranges"": [{""end"": ""22:00"", ""start"": ""11:30"", ""crosses_midnight"": false}], ""last_admission"": null}], ""warnings"": [], ""availability"": ""scheduled"", ""closure_rules"": [], ""assumption_reason"": null}",parsed,operating-hours-1.2.0,"2024-09-30 02:21:53+00","2026-08-09 02:40:01.200497+00","2026-08-09 02:40:01.200497+00","2026-08-09 02:40:01.200497+00",success,,t,,,ff209a47-72a7-46d0-b190-0a427a9afb0a,"2026-07-23 17:11:40.955853+00","2026-08-09 02:40:18.490671+00","불가 (인근 유료주차장 이용)",,,,,,,,,,
402976,39,뉘조,"서울특별시 종로구 인사동14길 27",37.5751644745,126.985186834,11,110,FD,FD01,FD010100,"[평일]<br>- 11:30~21:30<br>- 준비시간 15:30~16:30<br>- 마지막 주문 19:30<br>[주말]<br>- 11:30~21:00<br>- 준비시간 15:30~16:30<br>- 마지막 주문 19:00","매주 월요일","{""rules"": [{""months"": null, ""weekdays"": [0, 1, 2, 3, 4], ""source_text"": ""- 11:30~21:30"", ""time_ranges"": [{""end"": ""21:30"", ""start"": ""11:30"", ""crosses_midnight"": false}], ""last_admission"": null}, {""months"": null, ""weekdays"": [0, 1, 2, 3, 4], ""source_text"": ""- 준비시간 15:30~16:30"", ""time_ranges"": [{""end"": ""16:30"", ""start"": ""15:30"", ""crosses_midnight"": false}], ""last_admission"": null}, {""months"": null, ""weekdays"": [5, 6], ""source_text"": ""- 11:30~21:00"", ""time_ranges"": [{""end"": ""21:00"", ""start"": ""11:30"", ""crosses_midnight"": false}], ""last_admission"": null}, {""months"": null, ""weekdays"": [5, 6], ""source_text"": ""- 준비시간 15:30~16:30"", ""time_ranges"": [{""end"": ""16:30"", ""start"": ""15:30"", ""crosses_midnight"": false}], ""last_admission"": null}], ""warnings"": [], ""availability"": ""scheduled"", ""closure_rules"": [{""weekdays"": [0], ""source_text"": ""매주 월요일""}], ""assumption_reason"": null}",parsed,operating-hours-1.2.0,"2025-09-19 07:56:21+00","2026-08-09 02:40:01.200497+00","2026-08-09 02:40:01.200497+00","2026-08-09 02:40:01.200497+00",success,,t,,,ff209a47-72a7-46d0-b190-0a427a9afb0a,"2026-07-23 17:11:40.808988+00","2026-08-09 02:40:18.541875+00",가능,,,,,,,,,,
402988,39,페르시안궁전,"서울특별시 종로구 성균관로6길 9 (명륜2가)",37.5849635583,126.9975798705,11,110,FD,FD02,FD020400,"- 11:00~21:10<br>- 준비시간 15:00~16:00<br>- 마지막 주문 20:45",연중무휴,"{""rules"": [{""months"": null, ""weekdays"": null, ""source_text"": ""- 11:00~21:10"", ""time_ranges"": [{""end"": ""21:10"", ""start"": ""11:00"", ""crosses_midnight"": false}], ""last_admission"": null}, {""months"": null, ""weekdays"": null, ""source_text"": ""- 준비시간 15:00~16:00"", ""time_ranges"": [{""end"": ""16:00"", ""start"": ""15:00"", ""crosses_midnight"": false}], ""last_admission"": null}], ""warnings"": [], ""availability"": ""scheduled"", ""closure_rules"": [], ""assumption_reason"": null}",parsed,operating-hours-1.2.0,"2025-03-11 00:58:48+00","2026-08-09 02:40:01.200497+00","2026-08-09 02:40:01.200497+00","2026-08-09 02:40:01.200497+00",success,,t,,,ff209a47-72a7-46d0-b190-0a427a9afb0a,"2026-07-23 17:11:41.371579+00","2026-08-09 02:40:18.59224+00",가능,,,,,,,,,,
402994,39,삼청동수제비,"서울특별시 종로구 삼청로 101-1",37.5846049848,126.9819035323,11,110,FD,FD01,FD010100,11:00~20:00,연중무휴,"{""rules"": [{""months"": null, ""weekdays"": null, ""source_text"": ""11:00~20:00"", ""time_ranges"": [{""end"": ""20:00"", ""start"": ""11:00"", ""crosses_midnight"": false}], ""last_admission"": null}], ""warnings"": [], ""availability"": ""scheduled"", ""closure_rules"": [], ""assumption_reason"": null}",parsed,operating-hours-1.2.0,"2025-07-22 08:32:53+00","2026-08-09 02:40:01.200497+00","2026-08-09 02:40:01.200497+00","2026-08-09 02:40:01.200497+00",success,,t,,,ff209a47-72a7-46d0-b190-0a427a9afb0a,"2026-07-23 17:11:40.955853+00","2026-08-09 02:40:18.643545+00",가능,,,,http://tong.visitkorea.or.kr/cms/resource/12/3082712_image2_1.jpg,http://tong.visitkorea.or.kr/cms/resource/12/3082712_image3_1.jpg,,,,,
402996,39,소선재,"서울특별시 종로구 삼청로 113-1 (삼청동)",37.5855937574,126.981806291,11,110,FD,FD02,FD020500,"11:30~21:00<br>- 준비시간 14:30~17:00<br>- 점심 마지막 주문 14:00 / 저녁 마지막 주문 20:30",연중무휴,"{""rules"": [{""months"": null, ""weekdays"": null, ""source_text"": ""11:30~21:00"", ""time_ranges"": [{""end"": ""21:00"", ""start"": ""11:30"", ""crosses_midnight"": false}], ""last_admission"": null}, {""months"": null, ""weekdays"": null, ""source_text"": ""- 준비시간 14:30~17:00"", ""time_ranges"": [{""end"": ""17:00"", ""start"": ""14:30"", ""crosses_midnight"": false}], ""last_admission"": null}], ""warnings"": [], ""availability"": ""scheduled"", ""closure_rules"": [], ""assumption_reason"": null}",parsed,operating-hours-1.2.0,"2025-03-11 01:50:55+00","2026-08-09 02:40:01.200497+00","2026-08-09 02:40:01.200497+00","2026-08-09 02:40:01.200497+00",success,,t,,,ff209a47-72a7-46d0-b190-0a427a9afb0a,"2026-07-23 17:11:41.150397+00","2026-08-09 02:40:18.695179+00",불가능,,,,,,,,,,
402998,39,온마을,"서울특별시 종로구 삼청로 127",37.5866750783764,126.981534463703,11,110,FD,FD01,FD010100,"11:00~21:00 (주문 마감 20:30)",연중무휴,"{""rules"": [{""months"": null, ""weekdays"": null, ""source_text"": ""11:00~21:00 (주문 마감 20:30)"", ""time_ranges"": [{""end"": ""21:00"", ""start"": ""11:00"", ""crosses_midnight"": false}], ""last_admission"": null}], ""warnings"": [], ""availability"": ""scheduled"", ""closure_rules"": [], ""assumption_reason"": null}",parsed,operating-hours-1.2.0,"2026-02-25 07:55:08+00","2026-08-09 02:40:01.200497+00","2026-08-09 02:40:01.200497+00","2026-08-09 02:40:01.200497+00",success,,t,,,ff209a47-72a7-46d0-b190-0a427a9afb0a,"2026-07-23 17:11:41.225101+00","2026-08-09 02:40:18.746313+00",불가능,,,,https://tong.visitkorea.or.kr/cms/resource/08/399208_image2_1.jpg,https://tong.visitkorea.or.kr/cms/resource/08/399208_image3_1.jpg,,,,,
403024,39,로씨니,"서울특별시 종로구 북촌로 18 (재동)",37.5784557709,126.9858672342,11,110,FD,FD02,FD020300,"12:00~22:00 (준비시간 15:00~18:00)","매주 토요일~일요일","{""rules"": [{""months"": null, ""weekdays"": null, ""source_text"": ""12:00~22:00 (준비시간 15:00~18:00)"", ""time_ranges"": [{""end"": ""22:00"", ""start"": ""12:00"", ""crosses_midnight"": false}, {""end"": ""18:00"", ""start"": ""15:00"", ""crosses_midnight"": false}], ""last_admission"": null}], ""warnings"": [], ""availability"": ""scheduled"", ""closure_rules"": [{""weekdays"": [5, 6], ""source_text"": ""매주 토요일~일요일""}], ""assumption_reason"": null}",parsed,operating-hours-1.2.0,"2025-03-11 04:12:44+00","2026-08-09 02:40:01.200497+00","2026-08-09 02:40:01.200497+00","2026-08-09 02:40:01.200497+00",success,,t,,,ff209a47-72a7-46d0-b190-0a427a9afb0a,"2026-07-23 17:11:40.882874+00","2026-08-09 02:40:18.798336+00",가능,,,,,,,,,,
403027,39,오라이등심,"서울특별시 종로구 종로32길 23-5",37.5701830046852,127.001407995724,11,110,FD,FD01,FD010100,10:30~24:00,연중무휴,"{""rules"": [{""months"": null, ""weekdays"": null, ""source_text"": ""10:30~24:00"", ""time_ranges"": [{""end"": ""23:59"", ""start"": ""10:30"", ""crosses_midnight"": false}], ""last_admission"": null}], ""warnings"": [], ""availability"": ""scheduled"", ""closure_rules"": [], ""assumption_reason"": null}",parsed,operating-hours-1.2.0,"2026-02-06 06:15:10+00","2026-08-09 02:40:01.200497+00","2026-08-09 02:40:01.200497+00","2026-08-09 02:40:01.200497+00",success,,t,,,ff209a47-72a7-46d0-b190-0a427a9afb0a,"2026-07-23 17:11:41.225101+00","2026-08-09 02:40:18.864623+00",불가능,,,,,,,,,,
403093,39,이문설농탕,"서울특별시 종로구 우정국로 38-13 (견지동)",37.572814725,126.9839120167,11,110,FD,FD01,FD010100,"[월요일~토요일]<br>- 08:00~21:00<br>- 준비시간 15:00~16:30<br>- 점심 마지막 주문 14:30 / 저녁 마지막 주문 20:30<br>[일요일]<br>- 08:00~20:00<br>- 준비시간 15:00~16:30<br>- 점심 마지막 주문 14:30 / 저녁 마지막 주문 19:30<br>※ 재료 소진 시 조기 마감",연중무휴,"{""rules"": [{""months"": null, ""weekdays"": [0, 1, 2, 3, 4, 5], ""source_text"": ""- 08:00~21:00"", ""time_ranges"": [{""end"": ""21:00"", ""start"": ""08:00"", ""crosses_midnight"": false}], ""last_admission"": null}, {""months"": null, ""weekdays"": [0, 1, 2, 3, 4, 5], ""source_text"": ""- 준비시간 15:00~16:30"", ""time_ranges"": [{""end"": ""16:30"", ""start"": ""15:00"", ""crosses_midnight"": false}], ""last_admission"": null}, {""months"": null, ""weekdays"": [6], ""source_text"": ""- 08:00~20:00"", ""time_ranges"": [{""end"": ""20:00"", ""start"": ""08:00"", ""crosses_midnight"": false}], ""last_admission"": null}, {""months"": null, ""weekdays"": [6], ""source_text"": ""- 준비시간 15:00~16:30"", ""time_ranges"": [{""end"": ""16:30"", ""start"": ""15:00"", ""crosses_midnight"": false}], ""last_admission"": null}], ""warnings"": [], ""availability"": ""scheduled"", ""closure_rules"": [], ""assumption_reason"": null}",parsed,operating-hours-1.2.0,"2025-06-26 08:08:12+00","2026-08-09 02:40:01.200497+00","2026-08-09 02:40:01.200497+00","2026-08-09 02:40:01.200497+00",success,,t,,,ff209a47-72a7-46d0-b190-0a427a9afb0a,"2026-07-23 17:11:41.225101+00","2026-08-09 02:40:18.916339+00",불가능,,,,,,,,,,
403407,39,까델루뽀,"서울특별시 종로구 자하문로16길 5-5",37.5817995664,126.9713490183,11,110,FD,FD02,FD020300,"[월요일~금요일]<br>- 12:00~21:30<br>- 준비시간 14:50~18:00<br>- 점심 마지막 주문 13:30<br>- 저녁 마지막 주문 20:00<br>[토요일]<br>- 12:00~21:00<br>- 준비시간 14:50~18:00<br>- 점심 마지막 주문 13:30<br>- 저녁 마지막 주문 19:30","매주 일요일","{""rules"": [{""months"": null, ""weekdays"": [0, 1, 2, 3, 4], ""source_text"": ""- 12:00~21:30"", ""time_ranges"": [{""end"": ""21:30"", ""start"": ""12:00"", ""crosses_midnight"": false}], ""last_admission"": null}, {""months"": null, ""weekdays"": [0, 1, 2, 3, 4], ""source_text"": ""- 준비시간 14:50~18:00"", ""time_ranges"": [{""end"": ""18:00"", ""start"": ""14:50"", ""crosses_midnight"": false}], ""last_admission"": null}, {""months"": null, ""weekdays"": [5], ""source_text"": ""- 12:00~21:00"", ""time_ranges"": [{""end"": ""21:00"", ""start"": ""12:00"", ""crosses_midnight"": false}], ""last_admission"": null}, {""months"": null, ""weekdays"": [5], ""source_text"": ""- 준비시간 14:50~18:00"", ""time_ranges"": [{""end"": ""18:00"", ""start"": ""14:50"", ""crosses_midnight"": false}], ""last_admission"": null}], ""warnings"": [], ""availability"": ""scheduled"", ""closure_rules"": [{""weekdays"": [6], ""source_text"": ""매주 일요일""}], ""assumption_reason"": null}",parsed,operating-hours-1.2.0,"2025-10-27 09:15:56+00","2026-08-09 02:40:01.200497+00","2026-08-09 02:40:01.200497+00","2026-08-09 02:40:01.200497+00",success,,t,,,ff209a47-72a7-46d0-b190-0a427a9afb0a,"2026-07-23 17:11:40.721834+00","2026-08-09 02:40:18.969296+00",가능,,,,,,,,,,
4054303,38,"납청놋전[면세점(TAX REFUND SHOP)]","서울특별시 종로구 인사동10길 5 (관훈동)",37.5741249929142,126.985309826057,11,110,SH,SH04,SH040300,10:30~18:30,,"{""rules"": [{""months"": null, ""weekdays"": null, ""source_text"": ""10:30~18:30"", ""time_ranges"": [{""end"": ""18:30"", ""start"": ""10:30"", ""crosses_midnight"": false}], ""last_admission"": null}], ""warnings"": [], ""availability"": ""scheduled"", ""closure_rules"": [], ""assumption_reason"": null}",parsed,operating-hours-1.2.0,"2026-03-30 15:34:08+00","2026-08-09 02:40:01.200497+00","2026-08-09 02:40:01.200497+00","2026-08-09 02:40:01.200497+00",success,,t,,,ff209a47-72a7-46d0-b190-0a427a9afb0a,"2026-07-23 17:11:40.808988+00","2026-08-09 02:40:19.039354+00",불가능,,,,https://tong.visitkorea.or.kr/cms/resource/62/4045262_image2_1.jpg,https://tong.visitkorea.or.kr/cms/resource/62/4045262_image3_1.jpg,,,,,
4054309,38,"쌈지길[면세점(TAX REFUND SHOP)]","서울특별시 종로구 인사동길 44 (관훈동)",37.5742647725946,126.984876575201,11,110,SH,SH04,SH040300,10:30~20:30,명절,"{""rules"": [{""months"": null, ""weekdays"": null, ""source_text"": ""10:30~20:30"", ""time_ranges"": [{""end"": ""20:30"", ""start"": ""10:30"", ""crosses_midnight"": false}], ""last_admission"": null}], ""warnings"": [""휴무 문구의 일부 예외를 구조화하지 못했습니다.""], ""availability"": ""scheduled"", ""closure_rules"": [], ""assumption_reason"": null}",partial,operating-hours-1.2.0,"2026-03-31 17:23:12+00","2026-08-09 02:40:01.200497+00","2026-08-09 02:40:01.200497+00","2026-08-09 02:40:01.200497+00",success,,t,,,ff209a47-72a7-46d0-b190-0a427a9afb0a,"2026-07-23 17:11:41.150397+00","2026-08-09 02:40:19.099949+00",불가능,,,,https://tong.visitkorea.or.kr/cms/resource/40/4054240_image2_1.jpg,https://tong.visitkorea.or.kr/cms/resource/40/4054240_image3_1.jpg,,,,,
4054315,38,"승진완구[면세점(TAX REFUND SHOP)]","서울특별시 종로구 종로52길 30 (창신동)",37.5713401693665,127.014184200551,11,110,SH,SH04,SH040300,09:00~18:00,명절,"{""rules"": [{""months"": null, ""weekdays"": null, ""source_text"": ""09:00~18:00"", ""time_ranges"": [{""end"": ""18:00"", ""start"": ""09:00"", ""crosses_midnight"": false}], ""last_admission"": null}], ""warnings"": [""휴무 문구의 일부 예외를 구조화하지 못했습니다.""], ""availability"": ""scheduled"", ""closure_rules"": [], ""assumption_reason"": null}",partial,operating-hours-1.2.0,"2026-03-31 17:08:22+00","2026-08-09 02:40:01.200497+00","2026-08-09 02:40:01.200497+00","2026-08-09 02:40:01.200497+00",success,,t,,,ff209a47-72a7-46d0-b190-0a427a9afb0a,"2026-07-23 17:11:41.150397+00","2026-08-09 02:40:19.150863+00",불가능,,,,https://tong.visitkorea.or.kr/cms/resource/24/4054224_image2_1.png,https://tong.visitkorea.or.kr/cms/resource/24/4054224_image3_1.png,,,,,
4054316,38,"단하[면세점(TAX REFUND SHOP)]","서울특별시 종로구 팔판길 39-7 (팔판동)",37.5836456179248,126.980909512629,11,110,SH,SH04,SH040300,11:00~19:00,명절,"{""rules"": [{""months"": null, ""weekdays"": null, ""source_text"": ""11:00~19:00"", ""time_ranges"": [{""end"": ""19:00"", ""start"": ""11:00"", ""crosses_midnight"": false}], ""last_admission"": null}], ""warnings"": [""휴무 문구의 일부 예외를 구조화하지 못했습니다.""], ""availability"": ""scheduled"", ""closure_rules"": [], ""assumption_reason"": null}",partial,operating-hours-1.2.0,"2026-03-31 17:11:15+00","2026-08-09 02:40:01.200497+00","2026-08-09 02:40:01.200497+00","2026-08-09 02:40:01.200497+00",success,,t,,,ff209a47-72a7-46d0-b190-0a427a9afb0a,"2026-07-23 17:11:40.808988+00","2026-08-09 02:40:19.210902+00",가능,,,,https://tong.visitkorea.or.kr/cms/resource/26/4054226_image2_1.jpg,https://tong.visitkorea.or.kr/cms/resource/26/4054226_image3_1.jpg,,,,,
4055459,14,KT온마루,"서울특별시 종로구 세종대로 178 (세종로)",37.5721506390766,126.977791560982,11,110,VE,VE07,VE070300,10:00~18:00,"매주 일요일 / 1월 1일 / 설날 / 추석 당일 및 익일","{""rules"": [{""months"": null, ""weekdays"": null, ""source_text"": ""10:00~18:00"", ""time_ranges"": [{""end"": ""18:00"", ""start"": ""10:00"", ""crosses_midnight"": false}], ""last_admission"": null}], ""warnings"": [], ""availability"": ""scheduled"", ""closure_rules"": [{""weekdays"": [6], ""source_text"": ""매주 일요일 / 1월 1일 / 설날 / 추석 당일 및 익일""}], ""assumption_reason"": null}",parsed,operating-hours-1.2.0,"2026-04-27 07:53:12+00","2026-08-09 02:40:01.200497+00","2026-08-09 02:40:01.200497+00","2026-08-09 02:40:01.200497+00",success,,t,,,ff209a47-72a7-46d0-b190-0a427a9afb0a,"2026-07-23 17:11:41.44801+00","2026-08-09 02:40:19.28643+00",,,무료,,https://tong.visitkorea.or.kr/cms/resource/27/4054027_image2_1.png,https://tong.visitkorea.or.kr/cms/resource/27/4054027_image3_1.png,,,,,
4059519,12,한국사찰음식문화체험관,"서울특별시 종로구 율곡로 39 (안국동)",37.5760430167042,126.983827375694,11,110,EX,EX04,EX040200,"09:00~18:00 (준비시간 11:30~13:00)","매주 월요일 / 공휴일","{""rules"": [{""months"": null, ""weekdays"": null, ""source_text"": ""09:00~18:00 (준비시간 11:30~13:00)"", ""time_ranges"": [{""end"": ""18:00"", ""start"": ""09:00"", ""crosses_midnight"": false}, {""end"": ""13:00"", ""start"": ""11:30"", ""crosses_midnight"": false}], ""last_admission"": null}], ""warnings"": [""휴무 문구의 일부 예외를 구조화하지 못했습니다.""], ""availability"": ""scheduled"", ""closure_rules"": [{""weekdays"": [0], ""source_text"": ""매주 월요일 / 공휴일""}], ""assumption_reason"": null}",partial,operating-hours-1.2.0,"2026-04-22 08:36:45+00","2026-08-09 02:40:01.200497+00","2026-08-09 02:40:01.200497+00","2026-08-09 02:40:01.200497+00",success,,t,,,ff209a47-72a7-46d0-b190-0a427a9afb0a,"2026-07-23 17:11:41.371579+00","2026-08-09 02:40:19.337321+00",가능,,,,https://tong.visitkorea.or.kr/cms/resource/42/4059542_image2_1.jpg,https://tong.visitkorea.or.kr/cms/resource/42/4059542_image3_1.jpg,,,,,
4060434,15,"국악공연 진연","서울특별시 종로구 인사동5길 10 (인사동)",37.5728652641047,126.985653181823,11,110,EV,EV02,EV020100,"- 매일 11:00 / 14:00 / 16:00※ 법정공휴일 공연 없음",,"{""rules"": [], ""warnings"": [""운영시간을 구조화하지 못했습니다.""], ""availability"": ""unknown"", ""closure_rules"": [], ""assumption_reason"": null}",partial,operating-hours-1.2.0,"2026-04-27 06:15:57+00","2026-08-09 02:40:01.200497+00","2026-08-09 02:40:01.200497+00","2026-08-09 02:40:01.200497+00",success,,t,,,ff209a47-72a7-46d0-b190-0a427a9afb0a,"2026-07-23 17:11:40.721834+00","2026-08-09 02:40:19.391246+00",,,"- 일반 65,000원- 장애인 50% 할인※ 무료 : 24개월 미만",,https://tong.visitkorea.or.kr/cms/resource/35/4060435_image2_1.jpg,https://tong.visitkorea.or.kr/cms/resource/35/4060435_image3_1.jpg,,,,,
4060537,39,"잭아저씨족발보쌈 종로본점","서울특별시 종로구 우정국로2길 34 (관철동) 1층",37.5694595040515,126.984945123988,11,110,FD,FD01,FD010100,"[월요일~토요일]- 11:30~01:30- 준비시간 15:00~16:30[일요일]- 10:00~22:00",연중무휴,"{""rules"": [{""months"": null, ""weekdays"": [0, 1, 2, 3, 4, 5], ""source_text"": ""]- 11:30~01:30- 준비시간 15:00~16:30["", ""time_ranges"": [{""end"": ""01:30"", ""start"": ""11:30"", ""crosses_midnight"": true}, {""end"": ""16:30"", ""start"": ""15:00"", ""crosses_midnight"": false}], ""last_admission"": null}, {""months"": null, ""weekdays"": [6], ""source_text"": ""]- 10:00~22:00"", ""time_ranges"": [{""end"": ""22:00"", ""start"": ""10:00"", ""crosses_midnight"": false}], ""last_admission"": null}], ""warnings"": [], ""availability"": ""scheduled"", ""closure_rules"": [], ""assumption_reason"": null}",parsed,operating-hours-1.2.0,"2026-04-27 04:44:30+00","2026-08-09 02:40:01.200497+00","2026-08-09 02:40:01.200497+00","2026-08-09 02:40:01.200497+00",success,,t,,,ff209a47-72a7-46d0-b190-0a427a9afb0a,"2026-07-23 17:11:41.296349+00","2026-08-09 02:40:19.444343+00",가능,,,,https://tong.visitkorea.or.kr/cms/resource/11/4060511_image2_1.jpg,https://tong.visitkorea.or.kr/cms/resource/11/4060511_image3_1.jpg,,,,,
4061701,39,"더소가 카페 서촌","서울특별시 종로구 필운대로 44 (누하동)",37.5799619378614,126.968795689539,11,110,FD,FD05,FD050100,"11:00~21:30 (마지막 주문 21:00)",연중무휴,"{""rules"": [{""months"": null, ""weekdays"": null, ""source_text"": ""11:00~21:30 (마지막 주문 21:00)"", ""time_ranges"": [{""end"": ""21:30"", ""start"": ""11:00"", ""crosses_midnight"": false}], ""last_admission"": null}], ""warnings"": [], ""availability"": ""scheduled"", ""closure_rules"": [], ""assumption_reason"": null}",parsed,operating-hours-1.2.0,"2026-04-30 01:54:06+00","2026-08-09 02:40:01.200497+00","2026-08-09 02:40:01.200497+00","2026-08-09 02:40:01.200497+00",success,,t,,,ff209a47-72a7-46d0-b190-0a427a9afb0a,"2026-07-23 17:11:40.808988+00","2026-08-09 02:40:19.495568+00",불가능,,,,https://tong.visitkorea.or.kr/cms/resource/00/4061500_image2_1.jpg,https://tong.visitkorea.or.kr/cms/resource/00/4061500_image3_1.jpg,,,,,
4061708,38,"꽁뜨와 드 미라벨","서울특별시 종로구 자하문로12길 11-14 (창성동)",37.5801412698262,126.971796038471,11,110,SH,SH07,SH070100,11:00~20:00,연중무휴,"{""rules"": [{""months"": null, ""weekdays"": null, ""source_text"": ""11:00~20:00"", ""time_ranges"": [{""end"": ""20:00"", ""start"": ""11:00"", ""crosses_midnight"": false}], ""last_admission"": null}], ""warnings"": [], ""availability"": ""scheduled"", ""closure_rules"": [], ""assumption_reason"": null}",parsed,operating-hours-1.2.0,"2026-04-30 02:07:52+00","2026-08-09 02:40:01.200497+00","2026-08-09 02:40:01.200497+00","2026-08-09 02:40:01.200497+00",success,,t,,,ff209a47-72a7-46d0-b190-0a427a9afb0a,"2026-07-23 17:11:40.808988+00","2026-08-09 02:40:19.551028+00",불가능,,,,https://tong.visitkorea.or.kr/cms/resource/73/4061473_image2_1.jpg,https://tong.visitkorea.or.kr/cms/resource/73/4061473_image3_1.jpg,,,,,
4061713,12,"인왕산 무무대 전망대","서울 종로구 옥인동 산3-1",37.584011,126.963973,11,110,NA,NA01,NA010100,"상시 개방",연중무휴,"{""rules"": [], ""warnings"": [], ""availability"": ""all_day"", ""closure_rules"": [], ""assumption_reason"": ""always_open_text""}",parsed,operating-hours-1.2.0,"2026-04-30 02:24:13+00","2026-08-09 02:40:01.200497+00","2026-08-09 02:40:01.200497+00","2026-08-09 02:40:01.200497+00",success,,t,,,ff209a47-72a7-46d0-b190-0a427a9afb0a,"2026-07-23 17:11:41.225101+00","2026-08-09 02:40:19.60023+00",불가능,,,,https://tong.visitkorea.or.kr/cms/resource/17/4061717_image2_1.jpg,https://tong.visitkorea.or.kr/cms/resource/17/4061717_image3_1.jpg,,,,,
4065859,12,"[종로둘레길 3코스] 낙산 코스","서울특별시 종로구 종로6가 70",37.5718491784,127.0080529181,11,110,VE,VE04,VE040300,"상시 개방",연중무휴,"{""rules"": [], ""warnings"": [], ""availability"": ""all_day"", ""closure_rules"": [], ""assumption_reason"": ""always_open_text""}",parsed,operating-hours-1.2.0,"2026-06-08 01:21:21+00","2026-08-09 02:40:01.200497+00","2026-08-09 02:40:01.200497+00","2026-08-09 02:40:01.200497+00",success,,t,,,ff209a47-72a7-46d0-b190-0a427a9afb0a,"2026-07-23 17:11:41.44801+00","2026-08-09 02:40:19.649845+00",불가능,,,,https://tong.visitkorea.or.kr/cms/resource/92/4065492_image2_1.jpg,https://tong.visitkorea.or.kr/cms/resource/92/4065492_image3_1.jpg,,,,,
4069190,38,"북촌 설화수의 집","서울특별시 종로구 북촌로 47 (가회동)",37.5810232176939,126.984854716851,11,110,SH,SH05,SH050200,10:00~19:00,"매주 월요일 / 1월 1일 / 설·추석 당일","{""rules"": [{""months"": null, ""weekdays"": null, ""source_text"": ""10:00~19:00"", ""time_ranges"": [{""end"": ""19:00"", ""start"": ""10:00"", ""crosses_midnight"": false}], ""last_admission"": null}], ""warnings"": [], ""availability"": ""scheduled"", ""closure_rules"": [{""weekdays"": [0], ""source_text"": ""매주 월요일 / 1월 1일 / 설·추석 당일""}], ""assumption_reason"": null}",parsed,operating-hours-1.2.0,"2026-05-29 05:08:29+00","2026-08-09 02:40:01.200497+00","2026-08-09 02:40:01.200497+00","2026-08-09 02:40:01.200497+00",success,,t,,,ff209a47-72a7-46d0-b190-0a427a9afb0a,"2026-07-23 17:11:40.882874+00","2026-08-09 02:40:19.701568+00",불가능,,,,https://tong.visitkorea.or.kr/cms/resource/01/4069201_image2_1.jpg,https://tong.visitkorea.or.kr/cms/resource/01/4069201_image3_1.jpg,,,,,
4076764,39,산1-1,"서울특별시 종로구 낙산성곽서1길 25 (이화동)",37.5780743402,127.0079120789,11,110,FD,FD05,FD050100,10:00~23:00,연중무휴,"{""rules"": [{""months"": null, ""weekdays"": null, ""source_text"": ""10:00~23:00"", ""time_ranges"": [{""end"": ""23:00"", ""start"": ""10:00"", ""crosses_midnight"": false}], ""last_admission"": null}], ""warnings"": [], ""availability"": ""scheduled"", ""closure_rules"": [], ""assumption_reason"": null}",parsed,operating-hours-1.2.0,"2026-06-18 00:38:12+00","2026-08-09 02:40:01.200497+00","2026-08-09 02:40:01.200497+00","2026-08-09 02:40:01.200497+00",success,,t,,,ff209a47-72a7-46d0-b190-0a427a9afb0a,"2026-07-23 17:11:40.955853+00","2026-08-09 02:40:19.755918+00",가능,,,,https://tong.visitkorea.or.kr/cms/resource/66/4076766_image2_1.jpg,https://tong.visitkorea.or.kr/cms/resource/66/4076766_image3_1.jpg,,,,,
4080007,38,와유재,"서울특별시 종로구 삼청로 108 (삼청동)",37.5850401985,126.9822120709,11,110,SH,SH05,SH050300,11:00~19:00,"매주 화요일 / 설날·추석 당일","{""rules"": [{""months"": null, ""weekdays"": null, ""source_text"": ""11:00~19:00"", ""time_ranges"": [{""end"": ""19:00"", ""start"": ""11:00"", ""crosses_midnight"": false}], ""last_admission"": null}], ""warnings"": [], ""availability"": ""scheduled"", ""closure_rules"": [{""weekdays"": [1], ""source_text"": ""매주 화요일 / 설날·추석 당일""}], ""assumption_reason"": null}",parsed,operating-hours-1.2.0,"2026-06-30 00:37:05+00","2026-08-09 02:40:01.200497+00","2026-08-09 02:40:01.200497+00","2026-08-09 02:40:01.200497+00",success,,t,,,ff209a47-72a7-46d0-b190-0a427a9afb0a,"2026-07-23 17:11:41.225101+00","2026-08-09 02:40:19.815262+00",가능,,,,https://tong.visitkorea.or.kr/cms/resource/35/4080035_image2_1.jpg,https://tong.visitkorea.or.kr/cms/resource/35/4080035_image3_1.jpg,,,,,
4080919,12,"감사의 정원","서울특별시 종로구 세종대로 175 (세종로)",37.5733087047,126.9764826207,11,110,VE,VE03,VE030500,"[감사의 빛 23] - 상시 개방 [레이저] - 20:00~24:00 [프리덤홀] - 월요일~목요일 10:00~22:00 - 금요일~일요일 10:00~23:00",연중무휴,"{""rules"": [{""months"": null, ""weekdays"": null, ""source_text"": "" - 20:00~24:00 "", ""time_ranges"": [{""end"": ""23:59"", ""start"": ""20:00"", ""crosses_midnight"": false}], ""last_admission"": null}, {""months"": null, ""weekdays"": [0, 1, 2, 3], ""source_text"": "" 10:00~22:00 - "", ""time_ranges"": [{""end"": ""22:00"", ""start"": ""10:00"", ""crosses_midnight"": false}], ""last_admission"": null}, {""months"": null, ""weekdays"": [4, 5, 6], ""source_text"": "" 10:00~23:00"", ""time_ranges"": [{""end"": ""23:00"", ""start"": ""10:00"", ""crosses_midnight"": false}], ""last_admission"": null}], ""warnings"": [], ""availability"": ""scheduled"", ""closure_rules"": [], ""assumption_reason"": null}",parsed,operating-hours-1.2.0,"2026-07-02 23:56:30+00","2026-08-09 02:40:01.200497+00","2026-08-09 02:40:01.200497+00","2026-08-09 02:40:01.200497+00",success,,t,,,ff209a47-72a7-46d0-b190-0a427a9afb0a,"2026-07-23 17:11:40.721834+00","2026-08-09 02:40:19.867183+00",불가능,,,,https://tong.visitkorea.or.kr/cms/resource/24/4080924_image2_1.JPG,https://tong.visitkorea.or.kr/cms/resource/24/4080924_image3_1.JPG,,,,,
4082595,15,팔색찬란,"서울특별시 종로구 효자로13길 45 (효자동)",37.5825448754,126.9730592833,11,110,EV,EV03,EV030100,"- 09:00~18:00※ 매주 화요일 휴관",,"{""rules"": [{""months"": null, ""weekdays"": null, ""source_text"": ""- 09:00~18:00※ 매주 화요일 휴관"", ""time_ranges"": [{""end"": ""18:00"", ""start"": ""09:00"", ""crosses_midnight"": false}], ""last_admission"": null}], ""warnings"": [], ""availability"": ""scheduled"", ""closure_rules"": [], ""assumption_reason"": null}",parsed,operating-hours-1.2.0,"2026-07-07 04:47:15+00","2026-08-09 02:40:01.200497+00","2026-08-09 02:40:01.200497+00","2026-08-09 02:40:01.200497+00",success,,t,,,ff209a47-72a7-46d0-b190-0a427a9afb0a,"2026-07-23 17:11:41.371579+00","2026-08-09 02:40:19.917609+00",,,무료,,https://tong.visitkorea.or.kr/cms/resource/70/4082670_image2_1.png,https://tong.visitkorea.or.kr/cms/resource/70/4082670_image3_1.png,,,,,
4090813,14,"제헌국회전시관(제헌회관)","서울특별시 종로구 자하문로 26 (통의동)",37.5785100242,126.9721923166,11,110,VE,VE07,VE070300,"- 평일 10:00~18:00 (입장 마감 17:30) - 토요일 10:00~13:00 (입장 마감 12:30)","매주 일요일, 월요일 / 공휴일 / 국회 개원기념일(5월 31일)","{""rules"": [{""months"": null, ""weekdays"": [0, 1, 2, 3, 4], ""source_text"": "" 10:00~18:00 (입장 마감 17:30) - "", ""time_ranges"": [{""end"": ""18:00"", ""start"": ""10:00"", ""crosses_midnight"": false}], ""last_admission"": ""17:30""}, {""months"": null, ""weekdays"": [5], ""source_text"": "" 10:00~13:00 (입장 마감 12:30)"", ""time_ranges"": [{""end"": ""13:00"", ""start"": ""10:00"", ""crosses_midnight"": false}], ""last_admission"": ""12:30""}], ""warnings"": [""휴무 문구의 일부 예외를 구조화하지 못했습니다.""], ""availability"": ""scheduled"", ""closure_rules"": [{""weekdays"": [0, 6], ""source_text"": ""매주 일요일, 월요일 / 공휴일 / 국회 개원기념일(5월 31일)""}], ""assumption_reason"": null}",partial,operating-hours-1.2.0,"2026-07-22 04:53:11+00","2026-08-09 02:40:01.200497+00","2026-08-09 02:40:01.200497+00","2026-08-09 02:40:01.200497+00",success,,t,,,ff209a47-72a7-46d0-b190-0a427a9afb0a,"2026-07-23 17:11:41.296349+00","2026-08-09 02:40:19.966813+00",,,무료,,https://tong.visitkorea.or.kr/cms/resource/23/4090823_image2_1.jpg,https://tong.visitkorea.or.kr/cms/resource/23/4090823_image3_1.jpg,,,,,
482153,12,"청룡사(서울)","서울특별시 종로구 동망산길 65 (숭인동)",37.5797783958,127.0168643719,11,110,HS,HS03,HS030100,"상시 개방",연중무휴,"{""rules"": [], ""warnings"": [], ""availability"": ""all_day"", ""closure_rules"": [], ""assumption_reason"": ""always_open_text""}",parsed,operating-hours-1.2.0,"2025-09-03 00:34:46+00","2026-08-09 02:40:01.200497+00","2026-08-09 02:40:01.200497+00","2026-08-09 02:40:01.200497+00",success,,t,,,ff209a47-72a7-46d0-b190-0a427a9afb0a,"2026-07-23 17:11:41.296349+00","2026-08-09 02:40:20.017465+00",불가능,,,,http://tong.visitkorea.or.kr/cms/resource/73/3530773_image2_1.jpg,http://tong.visitkorea.or.kr/cms/resource/73/3530773_image3_1.jpg,,,,,
509267,14,두산갤러리,"서울특별시 종로구 종로33길 15 (연지동)",37.5718123086002,127.001000083317,11,110,VE,VE07,VE070600,11:00~19:00,"매주 일요일~월요일","{""rules"": [{""months"": null, ""weekdays"": null, ""source_text"": ""11:00~19:00"", ""time_ranges"": [{""end"": ""19:00"", ""start"": ""11:00"", ""crosses_midnight"": false}], ""last_admission"": null}], ""warnings"": [], ""availability"": ""scheduled"", ""closure_rules"": [{""weekdays"": [0, 6], ""source_text"": ""매주 일요일~월요일""}], ""assumption_reason"": null}",parsed,operating-hours-1.2.0,"2026-03-05 00:58:51+00","2026-08-09 02:40:01.200497+00","2026-08-09 02:40:01.200497+00","2026-08-09 02:40:01.200497+00",success,,t,,,ff209a47-72a7-46d0-b190-0a427a9afb0a,"2026-07-23 17:11:40.808988+00","2026-08-09 02:40:20.077337+00",,,무료,,https://tong.visitkorea.or.kr/cms/resource/25/3481925_image2_1.jpg,https://tong.visitkorea.or.kr/cms/resource/25/3481925_image3_1.jpg,,,,,
513517,39,청수정,"서울특별시 종로구 삼청로 91",37.5835199097866,126.981653986595,11,110,FD,FD01,FD010100,"11:00~20:00 (준비시간 14:30~16:00)",연중무휴,"{""rules"": [{""months"": null, ""weekdays"": null, ""source_text"": ""11:00~20:00 (준비시간 14:30~16:00)"", ""time_ranges"": [{""end"": ""20:00"", ""start"": ""11:00"", ""crosses_midnight"": false}, {""end"": ""16:00"", ""start"": ""14:30"", ""crosses_midnight"": false}], ""last_admission"": null}], ""warnings"": [], ""availability"": ""scheduled"", ""closure_rules"": [], ""assumption_reason"": null}",parsed,operating-hours-1.2.0,"2026-02-19 06:29:32+00","2026-08-09 02:40:01.200497+00","2026-08-09 02:40:01.200497+00","2026-08-09 02:40:01.200497+00",success,,t,,,ff209a47-72a7-46d0-b190-0a427a9afb0a,"2026-07-23 17:11:41.296349+00","2026-08-09 02:40:20.13152+00",가능,,,,,,,,,,
562425,39,"두가헌 레스토랑","서울특별시 종로구 삼청로 14",37.5773002409,126.9798039302,11,110,FD,FD02,FD020300,12:00~22:00,"- 봄, 가을 : 월요일, 화요일<br>- 여름, 겨울 : 월요일, 일요일","{""rules"": [{""months"": null, ""weekdays"": null, ""source_text"": ""12:00~22:00"", ""time_ranges"": [{""end"": ""22:00"", ""start"": ""12:00"", ""crosses_midnight"": false}], ""last_admission"": null}], ""warnings"": [""휴무 문구의 일부 예외를 구조화하지 못했습니다.""], ""availability"": ""scheduled"", ""closure_rules"": [], ""assumption_reason"": null}",partial,operating-hours-1.2.0,"2025-09-19 05:53:51+00","2026-08-09 02:40:01.200497+00","2026-08-09 02:40:01.200497+00","2026-08-09 02:40:01.200497+00",success,,t,,,ff209a47-72a7-46d0-b190-0a427a9afb0a,"2026-07-23 17:11:40.808988+00","2026-08-09 02:40:20.188913+00",가능,,,,,,,,,,
562471,39,"인사동 옥정","서울특별시 종로구 인사동12길 18 (관훈동)",37.5748645075,126.9850812965,11,110,FD,FD01,FD010100,11:30~22:00,연중무휴,"{""rules"": [{""months"": null, ""weekdays"": null, ""source_text"": ""11:30~22:00"", ""time_ranges"": [{""end"": ""22:00"", ""start"": ""11:30"", ""crosses_midnight"": false}], ""last_admission"": null}], ""warnings"": [], ""availability"": ""scheduled"", ""closure_rules"": [], ""assumption_reason"": null}",parsed,operating-hours-1.2.0,"2025-03-11 01:09:54+00","2026-08-09 02:40:01.200497+00","2026-08-09 02:40:01.200497+00","2026-08-09 02:40:01.200497+00",success,,t,,,ff209a47-72a7-46d0-b190-0a427a9afb0a,"2026-07-23 17:11:41.225101+00","2026-08-09 02:40:20.248795+00",불가능,,,,,,,,,,
582375,39,"평창동 북악정","서울특별시 종로구 평창36길 6",37.6112942287719,126.977731353576,11,110,FD,FD01,FD010100,"11:00~22:00 (마지막 주문 21:30)",연중무휴,"{""rules"": [{""months"": null, ""weekdays"": null, ""source_text"": ""11:00~22:00 (마지막 주문 21:30)"", ""time_ranges"": [{""end"": ""22:00"", ""start"": ""11:00"", ""crosses_midnight"": false}], ""last_admission"": null}], ""warnings"": [], ""availability"": ""scheduled"", ""closure_rules"": [], ""assumption_reason"": null}",parsed,operating-hours-1.2.0,"2026-02-06 06:19:59+00","2026-08-09 02:40:01.200497+00","2026-08-09 02:40:01.200497+00","2026-08-09 02:40:01.200497+00",success,,t,,,ff209a47-72a7-46d0-b190-0a427a9afb0a,"2026-07-23 17:11:41.371579+00","2026-08-09 02:40:20.298898+00",가능,,,,https://tong.visitkorea.or.kr/cms/resource/73/819173_image2_1.jpg,https://tong.visitkorea.or.kr/cms/resource/73/819173_image3_1.jpg,,,,,
582755,39,지화자,"서울특별시 종로구 자하문로 125 (청운동) 1층~2층",37.5870966158006,126.96941610764,11,110,FD,FD01,FD010100,"- 11:30~21:30- 준비시간 15:00~17:00- 마지막 주문 19:30","매주 화요일","{""rules"": [{""months"": null, ""weekdays"": null, ""source_text"": ""- 11:30~21:30- 준비시간 15:00~17:00- 마지막 주문 19:30"", ""time_ranges"": [{""end"": ""21:30"", ""start"": ""11:30"", ""crosses_midnight"": false}, {""end"": ""17:00"", ""start"": ""15:00"", ""crosses_midnight"": false}], ""last_admission"": null}], ""warnings"": [], ""availability"": ""scheduled"", ""closure_rules"": [{""weekdays"": [1], ""source_text"": ""매주 화요일""}], ""assumption_reason"": null}",parsed,operating-hours-1.2.0,"2026-03-13 07:02:23+00","2026-08-09 02:40:01.200497+00","2026-08-09 02:40:01.200497+00","2026-08-09 02:40:01.200497+00",success,,t,,,ff209a47-72a7-46d0-b190-0a427a9afb0a,"2026-07-23 17:11:41.296349+00","2026-08-09 02:40:20.366445+00",가능,,,,https://tong.visitkorea.or.kr/cms/resource/61/4002661_image2_1.jpg,https://tong.visitkorea.or.kr/cms/resource/61/4002661_image3_1.jpg,,,,,
605445,12,승동교회,"서울특별시 종로구 인사동길 7-1 (인사동)",37.5711992740533,126.98629832966,11,110,HS,HS03,HS030200,"상시 개방※ 예배 시간은 홈페이지 참조",연중무휴,"{""rules"": [], ""warnings"": [], ""availability"": ""all_day"", ""closure_rules"": [], ""assumption_reason"": ""always_open_text""}",parsed,operating-hours-1.2.0,"2026-06-01 02:16:41+00","2026-08-09 02:40:01.200497+00","2026-08-09 02:40:01.200497+00","2026-08-09 02:40:01.200497+00",success,,t,,,ff209a47-72a7-46d0-b190-0a427a9afb0a,"2026-07-23 17:11:41.150397+00","2026-08-09 02:40:20.418472+00",가능,,,,https://tong.visitkorea.or.kr/cms/resource/56/4056556_image2_1.jpg,https://tong.visitkorea.or.kr/cms/resource/56/4056556_image3_1.jpg,,,,,
605497,12,보성사터,"서울특별시 종로구 우정국로 55 (견지동)",37.5739784579,126.9827509785,11,110,HS,HS01,HS011100,"상시 개방",연중무휴,"{""rules"": [], ""warnings"": [], ""availability"": ""all_day"", ""closure_rules"": [], ""assumption_reason"": ""always_open_text""}",parsed,operating-hours-1.2.0,"2025-10-23 05:30:00+00","2026-08-09 02:40:01.200497+00","2026-08-09 02:40:01.200497+00","2026-08-09 02:40:01.200497+00",success,,t,,,ff209a47-72a7-46d0-b190-0a427a9afb0a,"2026-07-23 17:11:40.882874+00","2026-08-09 02:40:20.469562+00",불가능,,,,http://tong.visitkorea.or.kr/cms/resource/61/3518361_image2_1.jpg,http://tong.visitkorea.or.kr/cms/resource/61/3518361_image3_1.jpg,,,,,
605539,12,"유심사 터","서울특별시 종로구 계동길 92-3",37.5814535918909,126.987003523604,11,110,HS,HS01,HS010900,"상시 개방",연중무휴,"{""rules"": [], ""warnings"": [], ""availability"": ""all_day"", ""closure_rules"": [], ""assumption_reason"": ""always_open_text""}",parsed,operating-hours-1.2.0,"2026-03-05 00:58:51+00","2026-08-09 02:40:01.200497+00","2026-08-09 02:40:01.200497+00","2026-08-09 02:40:01.200497+00",success,,t,,,ff209a47-72a7-46d0-b190-0a427a9afb0a,"2026-07-23 17:11:41.225101+00","2026-08-09 02:40:20.520324+00",불가능,,,,https://tong.visitkorea.or.kr/cms/resource/14/3481914_image2_1.jpg,https://tong.visitkorea.or.kr/cms/resource/14/3481914_image3_1.jpg,,,,,
605961,12,"민영환 자결터","서울특별시 종로구 인사동5길 41 (공평동)",37.571906502,126.9841842397,11,110,HS,HS01,HS011200,"상시 개방",연중무휴,"{""rules"": [], ""warnings"": [], ""availability"": ""all_day"", ""closure_rules"": [], ""assumption_reason"": ""always_open_text""}",parsed,operating-hours-1.2.0,"2025-08-14 00:43:53+00","2026-08-09 02:40:01.200497+00","2026-08-09 02:40:01.200497+00","2026-08-09 02:40:01.200497+00",success,,t,,,ff209a47-72a7-46d0-b190-0a427a9afb0a,"2026-07-23 17:11:40.882874+00","2026-08-09 02:40:20.625321+00",,,,,http://tong.visitkorea.or.kr/cms/resource/62/3050162_image2_1.JPG,http://tong.visitkorea.or.kr/cms/resource/62/3050162_image3_1.JPG,,,,,
629742,15,"제46회 서울무용제","서울특별시 종로구 대학로8길 7 (동숭동)",37.5812640855,127.0029878163,11,110,EV,EV02,EV020500,20:00,,"{""rules"": [], ""warnings"": [""운영시간을 구조화하지 못했습니다.""], ""availability"": ""unknown"", ""closure_rules"": [], ""assumption_reason"": null}",partial,operating-hours-1.2.0,"2025-11-14 06:53:35+00","2026-08-09 02:40:01.200497+00","2026-08-09 02:40:01.200497+00","2026-08-09 02:40:01.200497+00",success,,t,,,ff209a47-72a7-46d0-b190-0a427a9afb0a,"2026-07-23 17:11:41.296349+00","2026-08-09 02:40:20.677633+00",,,"프로그램별 상이",,http://tong.visitkorea.or.kr/cms/resource/87/3567087_image2_1.jpg,http://tong.visitkorea.or.kr/cms/resource/87/3567087_image3_1.jpg,,,,,
639462,39,키미아트,"서울특별시 종로구 평창30길 47",37.6157352531143,126.972176213371,11,110,FD,FD05,FD050100,10:30~22:00,"연중무휴※ 휴가 일정이 있을 수 있으므로 홈페이지 참조 및 전화 문의 후 방문 요망","{""rules"": [{""months"": null, ""weekdays"": null, ""source_text"": ""10:30~22:00"", ""time_ranges"": [{""end"": ""22:00"", ""start"": ""10:30"", ""crosses_midnight"": false}], ""last_admission"": null}], ""warnings"": [""휴무 문구의 일부 예외를 구조화하지 못했습니다.""], ""availability"": ""scheduled"", ""closure_rules"": [], ""assumption_reason"": null}",partial,operating-hours-1.2.0,"2026-02-19 06:58:38+00","2026-08-09 02:40:01.200497+00","2026-08-09 02:40:01.200497+00","2026-08-09 02:40:01.200497+00",success,,t,,,ff209a47-72a7-46d0-b190-0a427a9afb0a,"2026-07-23 17:11:41.371579+00","2026-08-09 02:40:20.734472+00",가능,,,,,,,,,,
685544,39,라브리,"서울특별시 종로구 종로 1",37.5736793363221,126.975743733116,11,110,FD,FD02,FD020300,"11:30~21:30 (브레이크타임 15:00~18:00)","매주 토요일, 일요일","{""rules"": [{""months"": null, ""weekdays"": null, ""source_text"": ""11:30~21:30 (브레이크타임 15:00~18:00)"", ""time_ranges"": [{""end"": ""21:30"", ""start"": ""11:30"", ""crosses_midnight"": false}, {""end"": ""18:00"", ""start"": ""15:00"", ""crosses_midnight"": false}], ""last_admission"": null}], ""warnings"": [], ""availability"": ""scheduled"", ""closure_rules"": [{""weekdays"": [5, 6], ""source_text"": ""매주 토요일, 일요일""}], ""assumption_reason"": null}",parsed,operating-hours-1.2.0,"2026-02-25 08:06:22+00","2026-08-09 02:40:01.200497+00","2026-08-09 02:40:01.200497+00","2026-08-09 02:40:01.200497+00",success,,t,,,ff209a47-72a7-46d0-b190-0a427a9afb0a,"2026-07-23 17:11:40.882874+00","2026-08-09 02:40:20.798639+00",가능,,,,,,,,,,
686363,39,디마떼오,"서울특별시 종로구 동숭길 29",37.5799540802858,127.003885252633,11,110,FD,FD02,FD020300,"- 11:30~21:00- 점심 마지막 주문 14:25- 준비시간 15:00~16:30- 저녁 마지막 주문 20:25※ 주말에는 준비시간 없이 영업","매주 월요일","{""rules"": [{""months"": null, ""weekdays"": null, ""source_text"": ""- 11:30~21:00- 점심 마지막 주문 14:25- 준비시간 15:00~16:30- 저녁 마지막 주문 20:25※ 주말에는 준비시간 없이 영업"", ""time_ranges"": [{""end"": ""21:00"", ""start"": ""11:30"", ""crosses_midnight"": false}, {""end"": ""16:30"", ""start"": ""15:00"", ""crosses_midnight"": false}], ""last_admission"": null}], ""warnings"": [], ""availability"": ""scheduled"", ""closure_rules"": [{""weekdays"": [0], ""source_text"": ""매주 월요일""}], ""assumption_reason"": null}",parsed,operating-hours-1.2.0,"2026-02-26 00:14:33+00","2026-08-09 02:40:01.200497+00","2026-08-09 02:40:01.200497+00","2026-08-09 02:40:01.200497+00",success,,t,,,ff209a47-72a7-46d0-b190-0a427a9afb0a,"2026-07-23 17:11:40.808988+00","2026-08-09 02:40:20.858772+00",가능,,,,https://tong.visitkorea.or.kr/cms/resource/56/1183856_image2_1.jpg,https://tong.visitkorea.or.kr/cms/resource/56/1183856_image3_1.jpg,,,,,
690984,14,"청와대 사랑채","서울특별시 종로구 효자로13길 45",37.5823976600844,126.972566016596,11,110,VE,VE07,VE070300,"09:00-18:00 (17:30 입장마감)","매주 화요일 (화요일이 공휴일인 경우 공휴일 다음 첫번째 평일 휴관) / 1월 1일","{""rules"": [{""months"": null, ""weekdays"": null, ""source_text"": ""09:00-18:00 (17:30 입장마감)"", ""time_ranges"": [{""end"": ""18:00"", ""start"": ""09:00"", ""crosses_midnight"": false}], ""last_admission"": null}], ""warnings"": [""휴무 문구의 일부 예외를 구조화하지 못했습니다.""], ""availability"": ""scheduled"", ""closure_rules"": [{""weekdays"": [1], ""source_text"": ""매주 화요일 (화요일이 공휴일인 경우 공휴일 다음 첫번째 평일 휴관) / 1월 1일""}], ""assumption_reason"": null}",partial,operating-hours-1.2.0,"2026-01-19 23:43:07+00","2026-08-09 02:40:01.200497+00","2026-08-09 02:40:01.200497+00","2026-08-09 02:40:01.200497+00",success,,t,,,ff209a47-72a7-46d0-b190-0a427a9afb0a,"2026-07-23 17:11:41.296349+00","2026-08-09 02:40:20.908363+00",,"세종마을 신교공영주차장 등 주변 주차장 이용",무료,,https://tong.visitkorea.or.kr/cms/resource/26/3310126_image2_1.jpg,https://tong.visitkorea.or.kr/cms/resource/26/3310126_image3_1.jpg,,,,,
697191,39,옛날집낙원아구찜,"서울특별시 종로구 삼일대로 436 (낙원동)",37.5735563791,126.9880143995,11,110,FD,FD01,FD010100,11:30~22:00,연중무휴,"{""rules"": [{""months"": null, ""weekdays"": null, ""source_text"": ""11:30~22:00"", ""time_ranges"": [{""end"": ""22:00"", ""start"": ""11:30"", ""crosses_midnight"": false}], ""last_admission"": null}], ""warnings"": [], ""availability"": ""scheduled"", ""closure_rules"": [], ""assumption_reason"": null}",parsed,operating-hours-1.2.0,"2025-03-11 02:25:12+00","2026-08-09 02:40:01.200497+00","2026-08-09 02:40:01.200497+00","2026-08-09 02:40:01.200497+00",success,,t,,,ff209a47-72a7-46d0-b190-0a427a9afb0a,"2026-07-23 17:11:41.150397+00","2026-08-09 02:40:20.958403+00",불가능,,,,http://tong.visitkorea.or.kr/cms/resource/29/696229_image2_1.jpg,http://tong.visitkorea.or.kr/cms/resource/29/696229_image3_1.jpg,,,,,
699222,12,"낙원동 아구찜 거리","서울특별시 종로구 삼일대로 428",37.5732314221,126.9883060491,11,110,VE,VE04,VE040100,"※ 매장별 상이","※ 매장별 상이","{""rules"": [], ""warnings"": [""운영시간을 구조화하지 못했습니다.""], ""availability"": ""unknown"", ""closure_rules"": [], ""assumption_reason"": null}",partial,operating-hours-1.2.0,"2025-12-23 08:47:14+00","2026-08-09 02:40:01.200497+00","2026-08-09 02:40:01.200497+00","2026-08-09 02:40:01.200497+00",success,,t,,,ff209a47-72a7-46d0-b190-0a427a9afb0a,"2026-07-23 17:11:40.808988+00","2026-08-09 02:40:21.032929+00",가능,,,,http://tong.visitkorea.or.kr/cms/resource/02/2526402_image2_1.jpg,http://tong.visitkorea.or.kr/cms/resource/02/2526402_image2_1.jpg,,,,,
704382,39,"진원조 닭한마리","서울특별시 종로구 종로 252-11 (종로5가)",37.5704552747027,127.005882551448,11,110,FD,FD01,FD010100,10:00~22:00,명절당일,"{""rules"": [{""months"": null, ""weekdays"": null, ""source_text"": ""10:00~22:00"", ""time_ranges"": [{""end"": ""22:00"", ""start"": ""10:00"", ""crosses_midnight"": false}], ""last_admission"": null}], ""warnings"": [""휴무 문구의 일부 예외를 구조화하지 못했습니다.""], ""availability"": ""scheduled"", ""closure_rules"": [], ""assumption_reason"": null}",partial,operating-hours-1.2.0,"2026-02-24 05:55:17+00","2026-08-09 02:40:01.200497+00","2026-08-09 02:40:01.200497+00","2026-08-09 02:40:01.200497+00",success,,t,,,ff209a47-72a7-46d0-b190-0a427a9afb0a,"2026-07-23 17:11:41.296349+00","2026-08-09 02:40:21.090123+00",,,,,,,,,,,
704507,12,"서울 동대문 닭한마리 골목","서울특별시 종로구 종로40가길 14",37.5703487391,127.0058684191,11,110,VE,VE04,VE040100,"점포 별로 상이함","점포 별로 상이함","{""rules"": [], ""warnings"": [""운영시간을 구조화하지 못했습니다.""], ""availability"": ""unknown"", ""closure_rules"": [], ""assumption_reason"": null}",partial,operating-hours-1.2.0,"2025-08-06 06:00:56+00","2026-08-09 02:40:01.200497+00","2026-08-09 02:40:01.200497+00","2026-08-09 02:40:01.200497+00",success,,t,,,ff209a47-72a7-46d0-b190-0a427a9afb0a,"2026-07-23 17:11:40.955853+00","2026-08-09 02:40:21.142497+00",불가능,,,,http://tong.visitkorea.or.kr/cms/resource/53/2601453_image2_1.jpg,http://tong.visitkorea.or.kr/cms/resource/53/2601453_image3_1.jpg,,,,,
723976,39,이강순실비집,"서울특별시 종로구 청계천로 77-1",37.5685329312097,126.986226190585,11,110,FD,FD01,FD010100,"11:00~21:00마지막 주문 20:20","명절 당일 (자세한 휴무일은 전화 문의)","{""rules"": [{""months"": null, ""weekdays"": null, ""source_text"": ""11:00~21:00마지막 주문 20:20"", ""time_ranges"": [{""end"": ""21:00"", ""start"": ""11:00"", ""crosses_midnight"": false}], ""last_admission"": null}], ""warnings"": [""휴무 문구의 일부 예외를 구조화하지 못했습니다.""], ""availability"": ""scheduled"", ""closure_rules"": [], ""assumption_reason"": null}",partial,operating-hours-1.2.0,"2026-02-24 06:01:50+00","2026-08-09 02:40:01.200497+00","2026-08-09 02:40:01.200497+00","2026-08-09 02:40:01.200497+00",success,,t,,,ff209a47-72a7-46d0-b190-0a427a9afb0a,"2026-07-23 17:11:41.225101+00","2026-08-09 02:40:21.193447+00",,,,,,,,,,,
735749,12,"서울 종로 낙지볶음 골목","서울특별시 종로구 종로 19 (종로1가)",37.5708982096,126.9799374337,11,110,VE,VE04,VE040100,"점포 별로 상이함","점포 별로 상이함","{""rules"": [], ""warnings"": [""운영시간을 구조화하지 못했습니다.""], ""availability"": ""unknown"", ""closure_rules"": [], ""assumption_reason"": null}",partial,operating-hours-1.2.0,"2025-03-19 09:42:49+00","2026-08-09 02:40:01.200497+00","2026-08-09 02:40:01.200497+00","2026-08-09 02:40:01.200497+00",success,,t,,,ff209a47-72a7-46d0-b190-0a427a9afb0a,"2026-07-23 17:11:40.955853+00","2026-08-09 02:40:21.246346+00",불가능,,,,http://tong.visitkorea.or.kr/cms/resource/46/3478546_image2_1.jpg,http://tong.visitkorea.or.kr/cms/resource/46/3478546_image3_1.jpg,,,,,
745781,14,갤러리정,"서울특별시 종로구 경희궁2길 12 (내수동)",37.5728182512889,126.971377517049,11,110,VE,VE07,VE070600,"- 월요일~금요일 10:00~18:00- 토요일 11:00~16:00","매주 일요일 / 법정공휴일","{""rules"": [{""months"": null, ""weekdays"": [0, 1, 2, 3, 4], ""source_text"": "" 10:00~18:00- "", ""time_ranges"": [{""end"": ""18:00"", ""start"": ""10:00"", ""crosses_midnight"": false}], ""last_admission"": null}, {""months"": null, ""weekdays"": [5], ""source_text"": "" 11:00~16:00"", ""time_ranges"": [{""end"": ""16:00"", ""start"": ""11:00"", ""crosses_midnight"": false}], ""last_admission"": null}], ""warnings"": [""휴무 문구의 일부 예외를 구조화하지 못했습니다.""], ""availability"": ""scheduled"", ""closure_rules"": [{""weekdays"": [6], ""source_text"": ""매주 일요일 / 법정공휴일""}], ""assumption_reason"": null}",partial,operating-hours-1.2.0,"2026-02-13 06:29:29+00","2026-08-09 02:40:01.200497+00","2026-08-09 02:40:01.200497+00","2026-08-09 02:40:01.200497+00",success,,t,,,ff209a47-72a7-46d0-b190-0a427a9afb0a,"2026-07-23 17:11:40.721834+00","2026-08-09 02:40:21.297008+00",,,무료,,https://tong.visitkorea.or.kr/cms/resource/65/696665_image2_1.jpg,https://tong.visitkorea.or.kr/cms/resource/65/696665_image3_1.jpg,,,,,
745873,14,"갤러리 엠","서울특별시 종로구 삼일대로 445",37.5742192278745,126.986930928459,11,110,VE,VE07,VE070600,"※ 전시마다 상이하므로 전화문의 요망","※ 전시마다 상이하므로 전화문의 요망","{""rules"": [], ""warnings"": [""운영시간을 구조화하지 못했습니다.""], ""availability"": ""unknown"", ""closure_rules"": [], ""assumption_reason"": null}",partial,operating-hours-1.2.0,"2026-02-13 06:33:25+00","2026-08-09 02:40:01.200497+00","2026-08-09 02:40:01.200497+00","2026-08-09 02:40:01.200497+00",success,,t,,,ff209a47-72a7-46d0-b190-0a427a9afb0a,"2026-07-23 17:11:40.721834+00","2026-08-09 02:40:21.34936+00",,,무료,,https://tong.visitkorea.or.kr/cms/resource/21/696721_image2_1.jpg,https://tong.visitkorea.or.kr/cms/resource/21/696721_image3_1.jpg,,,,,
747530,14,본화랑,"서울특별시 종로구 자하문로 299 지하1층",37.5991473396,126.9596579259,11,110,VE,VE07,VE070600,10:00~18:00,"매주 일요일, 월요일","{""rules"": [{""months"": null, ""weekdays"": null, ""source_text"": ""10:00~18:00"", ""time_ranges"": [{""end"": ""18:00"", ""start"": ""10:00"", ""crosses_midnight"": false}], ""last_admission"": null}], ""warnings"": [], ""availability"": ""scheduled"", ""closure_rules"": [{""weekdays"": [0, 6], ""source_text"": ""매주 일요일, 월요일""}], ""assumption_reason"": null}",parsed,operating-hours-1.2.0,"2025-01-16 07:00:17+00","2026-08-09 02:40:01.200497+00","2026-08-09 02:40:01.200497+00","2026-08-09 02:40:01.200497+00",success,,t,,,ff209a47-72a7-46d0-b190-0a427a9afb0a,"2026-07-23 17:11:40.882874+00","2026-08-09 02:40:21.398892+00",불가능,,"전시별 상이",,http://tong.visitkorea.or.kr/cms/resource/70/2759570_image2_1.jpg,http://tong.visitkorea.or.kr/cms/resource/70/2759570_image2_1.jpg,,,,,
774640,14,춘원당한의약박물관,"서울특별시 종로구 돈화문로9길 27 (낙원동)",37.5714382045468,126.99020905241,11,110,VE,VE07,VE070100,[일요일~금요일]09:00~18:00[토요일]09:00~13:00,"매주 일요일 / 법정공휴일","{""rules"": [{""months"": null, ""weekdays"": [0, 1, 2, 3, 4, 6], ""source_text"": ""]09:00~18:00["", ""time_ranges"": [{""end"": ""18:00"", ""start"": ""09:00"", ""crosses_midnight"": false}], ""last_admission"": null}, {""months"": null, ""weekdays"": [5], ""source_text"": ""]09:00~13:00"", ""time_ranges"": [{""end"": ""13:00"", ""start"": ""09:00"", ""crosses_midnight"": false}], ""last_admission"": null}], ""warnings"": [""휴무 문구의 일부 예외를 구조화하지 못했습니다.""], ""availability"": ""scheduled"", ""closure_rules"": [{""weekdays"": [6], ""source_text"": ""매주 일요일 / 법정공휴일""}], ""assumption_reason"": null}",partial,operating-hours-1.2.0,"2026-02-09 02:11:01+00","2026-08-09 02:40:01.200497+00","2026-08-09 02:40:01.200497+00","2026-08-09 02:40:01.200497+00",success,,t,,,ff209a47-72a7-46d0-b190-0a427a9afb0a,"2026-07-23 17:11:41.371579+00","2026-08-09 02:40:21.449248+00",,,"- 성인 2,000원- 청소년, 어린이 1,000원",,https://tong.visitkorea.or.kr/cms/resource/26/2022426_image2_1.jpg,https://tong.visitkorea.or.kr/cms/resource/26/2022426_image3_1.jpg,,,,,
775394,12,광화문광장,"서울특별시 종로구 세종대로 172",37.5726489283,126.9769547555,11,110,VE,VE03,VE030500,"상시 개방",연중무휴,"{""rules"": [], ""warnings"": [], ""availability"": ""all_day"", ""closure_rules"": [], ""assumption_reason"": ""always_open_text""}",parsed,operating-hours-1.2.0,"2026-07-03 02:06:02+00","2026-08-09 02:40:01.200497+00","2026-08-09 02:40:01.200497+00","2026-08-09 02:40:01.200497+00",success,,t,,,ff209a47-72a7-46d0-b190-0a427a9afb0a,"2026-07-23 17:11:40.721834+00","2026-08-09 02:40:21.507144+00",불가능,,,,https://tong.visitkorea.or.kr/cms/resource/02/4080502_image2_1.jpg,https://tong.visitkorea.or.kr/cms/resource/02/4080502_image3_1.jpg,,,,,
809190,12,북악산,"서울특별시 종로구 청운동",37.5931538442,126.9737151476,11,110,NA,NA01,NA010100,"[3월~4월]<br>
- 07:00~18:00 (입산 가능 16:00)<br>
[5월~8월]<br>
- 07:00~19:00 (입산 가능 17:00)<br>
[9월~10월]<br>
- 07:00~18:00 (입산 가능 16:00)<br>
[11월~2월]<br>
- 09:00~17:00 (입산 가능 15:00)",연중무휴,"{""rules"": [{""months"": null, ""weekdays"": null, ""source_text"": ""- 07:00~18:00 (입산 가능 16:00)"", ""time_ranges"": [{""end"": ""18:00"", ""start"": ""07:00"", ""crosses_midnight"": false}], ""last_admission"": null}, {""months"": null, ""weekdays"": null, ""source_text"": ""- 07:00~19:00 (입산 가능 17:00)"", ""time_ranges"": [{""end"": ""19:00"", ""start"": ""07:00"", ""crosses_midnight"": false}], ""last_admission"": null}, {""months"": null, ""weekdays"": null, ""source_text"": ""- 07:00~18:00 (입산 가능 16:00)"", ""time_ranges"": [{""end"": ""18:00"", ""start"": ""07:00"", ""crosses_midnight"": false}], ""last_admission"": null}, {""months"": null, ""weekdays"": null, ""source_text"": ""- 09:00~17:00 (입산 가능 15:00)"", ""time_ranges"": [{""end"": ""17:00"", ""start"": ""09:00"", ""crosses_midnight"": false}], ""last_admission"": null}], ""warnings"": [], ""availability"": ""scheduled"", ""closure_rules"": [], ""assumption_reason"": null}",parsed,operating-hours-1.2.0,"2025-12-31 00:08:31+00","2026-08-09 02:40:01.200497+00","2026-08-09 02:40:01.200497+00","2026-08-09 02:40:01.200497+00",success,,t,,,ff209a47-72a7-46d0-b190-0a427a9afb0a,"2026-07-23 17:11:40.882874+00","2026-08-09 02:40:21.561189+00",,,,,http://tong.visitkorea.or.kr/cms/resource/31/3590031_image2_1.jpg,http://tong.visitkorea.or.kr/cms/resource/31/3590031_image3_1.jpg,,,,,
809372,12,백사실계곡,"서울특별시 종로구 부암동 115",37.6004286814137,126.966332776788,11,110,NA,NA01,NA010400,,,"{""rules"": [], ""warnings"": [], ""availability"": ""unknown"", ""closure_rules"": [], ""assumption_reason"": null}",unknown,operating-hours-1.2.0,"2026-02-25 02:06:05+00","2026-08-09 02:40:01.200497+00","2026-08-09 02:40:01.200497+00","2026-08-09 02:40:01.200497+00",empty,,t,,,ff209a47-72a7-46d0-b190-0a427a9afb0a,"2026-07-23 17:11:40.882874+00","2026-08-09 02:40:21.61458+00",없음,,,,,,,,,,
815197,14,"세종이야기 충무공이야기","서울특별시 종로구 세종대로 지하175 (세종로)",37.5722341099,126.9768376784,11,110,VE,VE07,VE070300,10:00~18:30,"매주 월요일 (단, 월요일이 법정공휴일인 경우 정상 개관하고 다음 날 평일 휴관)","{""rules"": [{""months"": null, ""weekdays"": null, ""source_text"": ""10:00~18:30"", ""time_ranges"": [{""end"": ""18:30"", ""start"": ""10:00"", ""crosses_midnight"": false}], ""last_admission"": null}], ""warnings"": [""휴무 문구의 일부 예외를 구조화하지 못했습니다.""], ""availability"": ""scheduled"", ""closure_rules"": [{""weekdays"": [0], ""source_text"": ""매주 월요일 (단, 월요일이 법정공휴일인 경우 정상 개관하고 다음 날 평일 휴관)""}], ""assumption_reason"": null}",partial,operating-hours-1.2.0,"2025-10-23 05:30:00+00","2026-08-09 02:40:01.200497+00","2026-08-09 02:40:01.200497+00","2026-08-09 02:40:01.200497+00",success,,t,,,ff209a47-72a7-46d0-b190-0a427a9afb0a,"2026-07-23 17:11:40.955853+00","2026-08-09 02:40:21.669957+00",가능,,무료,,http://tong.visitkorea.or.kr/cms/resource/52/3550552_image2_1.jpg,http://tong.visitkorea.or.kr/cms/resource/52/3550552_image3_1.jpg,,,,,
834631,39,삼해집,"서울특별시 종로구 수표로20길 16-15 (관수동)",37.5699901802,126.9909920073,11,110,FD,FD01,FD010100,10:30~02:00,"명절 휴무","{""rules"": [{""months"": null, ""weekdays"": null, ""source_text"": ""10:30~02:00"", ""time_ranges"": [{""end"": ""02:00"", ""start"": ""10:30"", ""crosses_midnight"": true}], ""last_admission"": null}], ""warnings"": [""휴무 문구의 일부 예외를 구조화하지 못했습니다.""], ""availability"": ""scheduled"", ""closure_rules"": [], ""assumption_reason"": null}",partial,operating-hours-1.2.0,"2025-07-22 08:44:00+00","2026-08-09 02:40:01.200497+00","2026-08-09 02:40:01.200497+00","2026-08-09 02:40:01.200497+00",success,,t,,,ff209a47-72a7-46d0-b190-0a427a9afb0a,"2026-07-23 17:11:40.955853+00","2026-08-09 02:40:21.719342+00",불가능,,,,http://tong.visitkorea.or.kr/cms/resource/22/3474822_image2_1.jpg,http://tong.visitkorea.or.kr/cms/resource/22/3474822_image3_1.jpg,,,,,
834646,39,함흥곰보냉면,"서울특별시 종로구 창경궁로 109 (인의동)",37.572165044,126.9974746882,11,110,FD,FD01,FD010100,10:30~20:00,연중무휴,"{""rules"": [{""months"": null, ""weekdays"": null, ""source_text"": ""10:30~20:00"", ""time_ranges"": [{""end"": ""20:00"", ""start"": ""10:30"", ""crosses_midnight"": false}], ""last_admission"": null}], ""warnings"": [], ""availability"": ""scheduled"", ""closure_rules"": [], ""assumption_reason"": null}",parsed,operating-hours-1.2.0,"2025-07-21 08:03:47+00","2026-08-09 02:40:01.200497+00","2026-08-09 02:40:01.200497+00","2026-08-09 02:40:01.200497+00",success,,t,,,ff209a47-72a7-46d0-b190-0a427a9afb0a,"2026-07-23 17:11:41.44801+00","2026-08-09 02:40:21.769818+00",가능,,,,http://tong.visitkorea.or.kr/cms/resource/28/3474828_image2_1.jpg,http://tong.visitkorea.or.kr/cms/resource/28/3474828_image3_1.jpg,,,,,
834669,39,자하손만두,"서울특별시 종로구 백석동길 12",37.5931175992,126.9660047404,11,110,FD,FD01,FD010100,"11:00~21:00 (20:15 라스트오더)","매주 월요일","{""rules"": [{""months"": null, ""weekdays"": null, ""source_text"": ""11:00~21:00 (20:15 라스트오더)"", ""time_ranges"": [{""end"": ""21:00"", ""start"": ""11:00"", ""crosses_midnight"": false}], ""last_admission"": null}], ""warnings"": [], ""availability"": ""scheduled"", ""closure_rules"": [{""weekdays"": [0], ""source_text"": ""매주 월요일""}], ""assumption_reason"": null}",parsed,operating-hours-1.2.0,"2025-01-08 06:31:55+00","2026-08-09 02:40:01.200497+00","2026-08-09 02:40:01.200497+00","2026-08-09 02:40:01.200497+00",success,,t,,,ff209a47-72a7-46d0-b190-0a427a9afb0a,"2026-07-23 17:11:41.296349+00","2026-08-09 02:40:21.818555+00","주차 가능",,,,http://tong.visitkorea.or.kr/cms/resource/52/3446752_image2_1.jpeg,http://tong.visitkorea.or.kr/cms/resource/52/3446752_image3_1.jpeg,,,,,
834706,39,평안도만두집,"서울특별시 종로구 새문안로3길 30 (내수동) 지하 104호 평안도만두집",37.5727371532245,126.973281404951,11,110,FD,FD01,FD010100,"- 11:00~21:00- 준비시간 15:00~17:00- 점심 마지막 주문 14:30- 저녁 마지막 주문 20:00","매주 일요일","{""rules"": [{""months"": null, ""weekdays"": null, ""source_text"": ""- 11:00~21:00- 준비시간 15:00~17:00- 점심 마지막 주문 14:30- 저녁 마지막 주문 20:00"", ""time_ranges"": [{""end"": ""21:00"", ""start"": ""11:00"", ""crosses_midnight"": false}, {""end"": ""17:00"", ""start"": ""15:00"", ""crosses_midnight"": false}], ""last_admission"": null}], ""warnings"": [], ""availability"": ""scheduled"", ""closure_rules"": [{""weekdays"": [6], ""source_text"": ""매주 일요일""}], ""assumption_reason"": null}",parsed,operating-hours-1.2.0,"2026-03-13 07:20:44+00","2026-08-09 02:40:01.200497+00","2026-08-09 02:40:01.200497+00","2026-08-09 02:40:01.200497+00",success,,t,,,ff209a47-72a7-46d0-b190-0a427a9afb0a,"2026-07-23 17:11:41.371579+00","2026-08-09 02:40:21.867897+00","가능1시간 6,000원",,,,https://tong.visitkorea.or.kr/cms/resource/08/4003808_image2_1.jpg,https://tong.visitkorea.or.kr/cms/resource/08/4003808_image3_1.jpg,,,,,
834750,39,커피친구,"서울특별시 종로구 삼봉로 81 104호",37.5723240551,126.9817765165,11,110,FD,FD05,FD050100,"평일 10:00~20:30토요일 12:00~17:30","매주 일요일","{""rules"": [{""months"": null, ""weekdays"": [0, 1, 2, 3, 4], ""source_text"": "" 10:00~20:30"", ""time_ranges"": [{""end"": ""20:30"", ""start"": ""10:00"", ""crosses_midnight"": false}], ""last_admission"": null}, {""months"": null, ""weekdays"": [5], ""source_text"": "" 12:00~17:30"", ""time_ranges"": [{""end"": ""17:30"", ""start"": ""12:00"", ""crosses_midnight"": false}], ""last_admission"": null}], ""warnings"": [], ""availability"": ""scheduled"", ""closure_rules"": [{""weekdays"": [6], ""source_text"": ""매주 일요일""}], ""assumption_reason"": null}",parsed,operating-hours-1.2.0,"2026-08-04 02:12:57+00","2026-08-09 02:40:01.200497+00","2026-08-09 02:40:01.200497+00","2026-08-09 02:40:01.200497+00",success,,t,,,ff209a47-72a7-46d0-b190-0a427a9afb0a,"2026-07-23 17:11:41.371579+00","2026-08-09 02:40:21.920154+00",가능,,,,,,,,,,
835739,39,안동국시소람,"서울특별시 종로구 인사동9길 16 (관훈동)",37.573634078,126.9841258628,11,110,FD,FD01,FD010100,"주중 11:00~21:00 (브레이크타임 15:00~17:00 / 주중 라스트오더 20:20)<br>주말 11:00~20:00 (브레이크타임 15:00~17:00 / 주중 라스트오더 19:20)","명절연휴(전화문의)","{""rules"": [{""months"": null, ""weekdays"": [0, 1, 2, 3, 4], ""source_text"": "" 11:00~21:00 (브레이크타임 15:00~17:00 / "", ""time_ranges"": [{""end"": ""21:00"", ""start"": ""11:00"", ""crosses_midnight"": false}, {""end"": ""17:00"", ""start"": ""15:00"", ""crosses_midnight"": false}], ""last_admission"": null}, {""months"": null, ""weekdays"": [5, 6], ""source_text"": "" 11:00~20:00 (브레이크타임 15:00~17:00 / "", ""time_ranges"": [{""end"": ""20:00"", ""start"": ""11:00"", ""crosses_midnight"": false}, {""end"": ""17:00"", ""start"": ""15:00"", ""crosses_midnight"": false}], ""last_admission"": null}], ""warnings"": [""휴무 문구의 일부 예외를 구조화하지 못했습니다.""], ""availability"": ""scheduled"", ""closure_rules"": [], ""assumption_reason"": null}",partial,operating-hours-1.2.0,"2024-09-30 04:06:51+00","2026-08-09 02:40:01.200497+00","2026-08-09 02:40:01.200497+00","2026-08-09 02:40:01.200497+00",success,,t,,,ff209a47-72a7-46d0-b190-0a427a9afb0a,"2026-07-23 17:11:41.150397+00","2026-08-09 02:40:21.972566+00",,,,,,,,,,,
836044,39,뽐모도로,"서울특별시 종로구 새문안로9길 19-1",37.5711258838,126.9756378181,11,110,FD,FD02,FD020300,"11:20~21:00 (주중 브레이크타임 15:00~17:00 / 토요일 브레이크타임 15:30~17:00)","매주 일요일 / 법정공휴일","{""rules"": [{""months"": null, ""weekdays"": null, ""source_text"": ""11:20~21:00 (주중 브레이크타임 15:00~17:00 / 토요일 브레이크타임 15:30~17:00)"", ""time_ranges"": [{""end"": ""21:00"", ""start"": ""11:20"", ""crosses_midnight"": false}, {""end"": ""17:00"", ""start"": ""15:00"", ""crosses_midnight"": false}, {""end"": ""17:00"", ""start"": ""15:30"", ""crosses_midnight"": false}], ""last_admission"": null}], ""warnings"": [""휴무 문구의 일부 예외를 구조화하지 못했습니다.""], ""availability"": ""scheduled"", ""closure_rules"": [{""weekdays"": [6], ""source_text"": ""매주 일요일 / 법정공휴일""}], ""assumption_reason"": null}",partial,operating-hours-1.2.0,"2024-09-30 08:23:47+00","2026-08-09 02:40:01.200497+00","2026-08-09 02:40:01.200497+00","2026-08-09 02:40:01.200497+00",success,,t,,,ff209a47-72a7-46d0-b190-0a427a9afb0a,"2026-07-23 17:11:40.882874+00","2026-08-09 02:40:22.024493+00",,,,,,,,,,,
837020,39,황생가칼국수,"서울특별시 종로구 북촌로5길 78",37.5800369825294,126.98062085353,11,110,FD,FD01,FD010100,"11:00~21:30마지막 주문 20:30",명절,"{""rules"": [{""months"": null, ""weekdays"": null, ""source_text"": ""11:00~21:30마지막 주문 20:30"", ""time_ranges"": [{""end"": ""21:30"", ""start"": ""11:00"", ""crosses_midnight"": false}], ""last_admission"": null}], ""warnings"": [""휴무 문구의 일부 예외를 구조화하지 못했습니다.""], ""availability"": ""scheduled"", ""closure_rules"": [], ""assumption_reason"": null}",partial,operating-hours-1.2.0,"2026-02-24 06:19:08+00","2026-08-09 02:40:01.200497+00","2026-08-09 02:40:01.200497+00","2026-08-09 02:40:01.200497+00",success,,t,,,ff209a47-72a7-46d0-b190-0a427a9afb0a,"2026-07-23 17:11:41.44801+00","2026-08-09 02:40:22.11243+00",가능,,,,,,,,,,
945824,12,"서울 경교장","서울특별시 종로구 새문안로 29 (평동)",37.5681816549,126.9686079871,11,110,HS,HS01,HS011100,"09:00~18:00 (입장 마감17:30)","매주 월요일 / 1월 1일 / 공휴일","{""rules"": [{""months"": null, ""weekdays"": null, ""source_text"": ""09:00~18:00 (입장 마감17:30)"", ""time_ranges"": [{""end"": ""18:00"", ""start"": ""09:00"", ""crosses_midnight"": false}], ""last_admission"": ""17:30""}], ""warnings"": [""휴무 문구의 일부 예외를 구조화하지 못했습니다.""], ""availability"": ""scheduled"", ""closure_rules"": [{""weekdays"": [0], ""source_text"": ""매주 월요일 / 1월 1일 / 공휴일""}], ""assumption_reason"": null}",partial,operating-hours-1.2.0,"2025-07-22 04:32:45+00","2026-08-09 02:40:01.200497+00","2026-08-09 02:40:01.200497+00","2026-08-09 02:40:01.200497+00",success,,t,,,ff209a47-72a7-46d0-b190-0a427a9afb0a,"2026-07-23 17:11:40.955853+00","2026-08-09 02:40:22.184957+00",불가능,,,,http://tong.visitkorea.or.kr/cms/resource/70/3081470_image2_1.jpeg,http://tong.visitkorea.or.kr/cms/resource/70/3081470_image3_1.jpeg,,,,,
945987,12,"홍파동 홍난파 가옥","서울특별시 종로구 송월1길 38 (홍파동)",37.5716006396,126.9650998768,11,110,HS,HS01,HS010500,"- 하절기(4~10월) 11:00~17:00<br>
- 동절기(11~3월) 11:00~16:00","매주 토요일~일요일 / 법정공휴일","{""rules"": [{""months"": null, ""weekdays"": null, ""source_text"": ""- 하절기(4~10월) 11:00~17:00"", ""time_ranges"": [{""end"": ""17:00"", ""start"": ""11:00"", ""crosses_midnight"": false}], ""last_admission"": null}, {""months"": null, ""weekdays"": null, ""source_text"": ""- 동절기(11~3월) 11:00~16:00"", ""time_ranges"": [{""end"": ""16:00"", ""start"": ""11:00"", ""crosses_midnight"": false}], ""last_admission"": null}], ""warnings"": [""휴무 문구의 일부 예외를 구조화하지 못했습니다.""], ""availability"": ""scheduled"", ""closure_rules"": [{""weekdays"": [5, 6], ""source_text"": ""매주 토요일~일요일 / 법정공휴일""}], ""assumption_reason"": null}",partial,operating-hours-1.2.0,"2025-03-14 04:21:48+00","2026-08-09 02:40:01.200497+00","2026-08-09 02:40:01.200497+00","2026-08-09 02:40:01.200497+00",success,,t,,,ff209a47-72a7-46d0-b190-0a427a9afb0a,"2026-07-23 17:11:41.44801+00","2026-08-09 02:40:22.240111+00",불가능,,,,,,,,,,
969803,38,나이프갤러리,"서울특별시 종로구 인사동9길 7 (관훈동)",37.5736782690148,126.984734551454,11,110,SH,SH05,SH050200,10:00~17:30,연중무휴,"{""rules"": [{""months"": null, ""weekdays"": null, ""source_text"": ""10:00~17:30"", ""time_ranges"": [{""end"": ""17:30"", ""start"": ""10:00"", ""crosses_midnight"": false}], ""last_admission"": null}], ""warnings"": [], ""availability"": ""scheduled"", ""closure_rules"": [], ""assumption_reason"": null}",parsed,operating-hours-1.2.0,"2026-03-11 01:03:40+00","2026-08-09 02:40:01.200497+00","2026-08-09 02:40:01.200497+00","2026-08-09 02:40:01.200497+00",success,,t,,,ff209a47-72a7-46d0-b190-0a427a9afb0a,"2026-07-23 17:11:40.808988+00","2026-08-09 02:40:22.291771+00",불가능,,,,https://tong.visitkorea.or.kr/cms/resource/60/3502260_image2_1.JPG,https://tong.visitkorea.or.kr/cms/resource/60/3502260_image3_1.JPG,,,,,
969831,38,"KCDF 갤러리숍 공예정원","서울특별시 종로구 인사동11길 8 공예종합유통지원센터 KCDF갤러리 1층",37.5740618063,126.9841425159,11,110,SH,SH05,SH050100,"10:00~19:00 (휴게시간 13:00~14:00)","매주 월요일 / 1월 1일 / 설·추석 당일","{""rules"": [{""months"": null, ""weekdays"": null, ""source_text"": ""10:00~19:00 (휴게시간 13:00~14:00)"", ""time_ranges"": [{""end"": ""19:00"", ""start"": ""10:00"", ""crosses_midnight"": false}, {""end"": ""14:00"", ""start"": ""13:00"", ""crosses_midnight"": false}], ""last_admission"": null}], ""warnings"": [], ""availability"": ""scheduled"", ""closure_rules"": [{""weekdays"": [0], ""source_text"": ""매주 월요일 / 1월 1일 / 설·추석 당일""}], ""assumption_reason"": null}",parsed,operating-hours-1.2.0,"2025-04-07 00:14:15+00","2026-08-09 02:40:01.200497+00","2026-08-09 02:40:01.200497+00","2026-08-09 02:40:01.200497+00",success,,t,,,ff209a47-72a7-46d0-b190-0a427a9afb0a,"2026-07-23 17:11:41.44801+00","2026-08-09 02:40:22.351557+00",,,,,,,,,,,
969942,38,한국공예관,"서울특별시 종로구 인사동길 33 (관훈동)",37.5734820676018,126.985508845877,11,110,SH,SH05,SH050300,09:00~21:00,연중무휴,"{""rules"": [{""months"": null, ""weekdays"": null, ""source_text"": ""09:00~21:00"", ""time_ranges"": [{""end"": ""21:00"", ""start"": ""09:00"", ""crosses_midnight"": false}], ""last_admission"": null}], ""warnings"": [], ""availability"": ""scheduled"", ""closure_rules"": [], ""assumption_reason"": null}",parsed,operating-hours-1.2.0,"2026-03-05 00:58:51+00","2026-08-09 02:40:01.200497+00","2026-08-09 02:40:01.200497+00","2026-08-09 02:40:01.200497+00",success,,t,,,ff209a47-72a7-46d0-b190-0a427a9afb0a,"2026-07-23 17:11:41.371579+00","2026-08-09 02:40:22.39915+00",,,,,https://tong.visitkorea.or.kr/cms/resource/33/3481933_image2_1.jpg,https://tong.visitkorea.or.kr/cms/resource/33/3481933_image3_1.jpg,,,,,
969950,38,통인가게,"서울특별시 종로구 인사동길 32",37.5735212059011,126.985898302402,11,110,SH,SH05,SH050300,"[화요일~토요일] 10:30~18:30[일요일] 12:00~17:00","매주 월요일","{""rules"": [{""months"": null, ""weekdays"": [1, 2, 3, 4, 5], ""source_text"": ""] 10:30~18:30["", ""time_ranges"": [{""end"": ""18:30"", ""start"": ""10:30"", ""crosses_midnight"": false}], ""last_admission"": null}, {""months"": null, ""weekdays"": [6], ""source_text"": ""] 12:00~17:00"", ""time_ranges"": [{""end"": ""17:00"", ""start"": ""12:00"", ""crosses_midnight"": false}], ""last_admission"": null}], ""warnings"": [], ""availability"": ""scheduled"", ""closure_rules"": [{""weekdays"": [0], ""source_text"": ""매주 월요일""}], ""assumption_reason"": null}",parsed,operating-hours-1.2.0,"2026-02-24 00:34:02+00","2026-08-09 02:40:01.200497+00","2026-08-09 02:40:01.200497+00","2026-08-09 02:40:01.200497+00",success,,t,,,ff209a47-72a7-46d0-b190-0a427a9afb0a,"2026-07-23 17:11:41.371579+00","2026-08-09 02:40:22.471819+00",없음,,,,https://tong.visitkorea.or.kr/cms/resource/01/994901_image2_1.jpg,https://tong.visitkorea.or.kr/cms/resource/01/994901_image3_1.jpg,,,,,
985264,38,이새,"서울특별시 종로구 인사동길 30-1 (관훈동)",37.5734702409,126.985950701,11,110,SH,SH05,SH050200,"전화 문의","전화 문의","{""rules"": [], ""warnings"": [""운영시간을 구조화하지 못했습니다.""], ""availability"": ""unknown"", ""closure_rules"": [], ""assumption_reason"": null}",partial,operating-hours-1.2.0,"2025-04-10 01:49:36+00","2026-08-09 02:40:01.200497+00","2026-08-09 02:40:01.200497+00","2026-08-09 02:40:01.200497+00",success,,t,,,ff209a47-72a7-46d0-b190-0a427a9afb0a,"2026-07-23 17:11:41.225101+00","2026-08-09 02:40:22.524533+00",,,,,http://tong.visitkorea.or.kr/cms/resource/72/3440572_image2_1.jpg,http://tong.visitkorea.or.kr/cms/resource/72/3440572_image3_1.jpg,,,,,
