content_id,content_type_id,title,address,latitude,longitude,area_code,district_code,lcls_systm1,lcls_systm2,lcls_systm3,source_modified_at,first_image_url,thumbnail_url,list_fetched_at
1093200,28,서울종합운동장(잠실종합운동장),서울특별시 송파구 올림픽로 25 (잠실동),37.5147993965971,127.073624759794,11,710,VE,VE10,VE100200,2026-02-24 13:16:35+09:00,https://tong.visitkorea.or.kr/cms/resource/68/629668_image2_1.jpg,https://tong.visitkorea.or.kr/cms/resource/68/629668_image3_1.jpg,2026-09-05T02:12:18.458439+09:00
126498,12,롯데월드 어드벤처,서울특별시 송파구 올림픽로 240,37.5112974856,127.0978836077,11,710,VE,VE02,VE020100,2026-06-10 15:02:14+09:00,https://tong.visitkorea.or.kr/cms/resource/00/3304300_image2_1.jpg,https://tong.visitkorea.or.kr/cms/resource/00/3304300_image3_1.jpg,2026-09-05T02:12:18.458439+09:00
126515,12,서울 방이동 고분군,서울특별시 송파구 오금로 219 (방이동),37.50735283165549,127.11815001582504,11,710,HS,HS01,HS010800,2026-04-20 16:37:07+09:00,https://tong.visitkorea.or.kr/cms/resource/06/3454106_image2_1.jpg,https://tong.visitkorea.or.kr/cms/resource/06/3454106_image3_1.jpg,2026-09-05T02:12:18.458439+09:00
126520,12,서울 풍납동 토성,서울특별시 송파구 풍납동 73-1,37.5394516183,127.1207171711,11,710,HS,HS01,HS010200,2025-09-03 19:33:39+09:00,,,2026-09-05T02:12:18.458439+09:00
126532,12,올림픽공원,서울특별시 송파구 올림픽로 424 (방이동),37.520555375396896,127.11505157122546,11,710,VE,VE03,VE030100,2026-03-12 16:18:23+09:00,https://tong.visitkorea.or.kr/cms/resource/59/3527359_image2_1.jpg,https://tong.visitkorea.or.kr/cms/resource/59/3527359_image3_1.jpg,2026-09-05T02:12:18.458439+09:00
127466,12,서울 석촌동 고분군,서울특별시 송파구 가락로7길 21 (석촌동),37.5022111756,127.1028642979,11,710,HS,HS01,HS010800,2025-09-03 18:31:22+09:00,,,2026-09-05T02:12:18.458439+09:00
127525,12,몽촌토성,서울특별시 송파구 올림픽로 424,37.5209871362,127.1229758237,11,710,HS,HS01,HS010200,2025-09-03 19:42:53+09:00,,,2026-09-05T02:12:18.458439+09:00
129750,14,서울놀이마당,서울특별시 송파구 잠실로 124 (잠실동),37.50965926935848,127.09808614893697,11,710,VE,VE06,VE060100,2026-04-20 10:30:08+09:00,https://tong.visitkorea.or.kr/cms/resource/97/3584997_image2_1.jpg,https://tong.visitkorea.or.kr/cms/resource/97/3584997_image3_1.jpg,2026-09-05T02:12:18.458439+09:00
130070,14,롯데월드 민속박물관,서울특별시 송파구 올림픽로 240 (잠실동) 3층,37.51232891779544,127.09761658111144,11,710,VE,VE07,VE070100,2026-03-11 10:03:40+09:00,https://tong.visitkorea.or.kr/cms/resource/49/3501149_image2_1.jpg,https://tong.visitkorea.or.kr/cms/resource/49/3501149_image3_1.jpg,2026-09-05T02:12:18.458439+09:00
130214,14,송파문화원,서울특별시 송파구 올림픽로 44 (잠실동),37.5096389578841,127.076035783478,11,710,VE,VE09,VE090100,2026-03-12 09:08:40+09:00,https://tong.visitkorea.or.kr/cms/resource/85/3503085_image2_1.jpg,https://tong.visitkorea.or.kr/cms/resource/85/3503085_image3_1.jpg,2026-09-05T02:12:18.458439+09:00
130274,14,서울백제어린이박물관,서울특별시 송파구 방이동 88,37.5238,127.1244,11,710,VE,VE07,VE070300,2026-03-12 09:08:40+09:00,https://tong.visitkorea.or.kr/cms/resource/43/3502843_image2_1.jpg,https://tong.visitkorea.or.kr/cms/resource/43/3502843_image3_1.jpg,2026-09-05T02:12:18.458439+09:00
130765,14,서울특별시교육청 송파도서관,서울특별시 송파구 동남로 263 송파도서관,37.499993978404,127.134849775395,11,710,VE,VE09,VE090300,2026-03-18 10:10:05+09:00,https://tong.visitkorea.or.kr/cms/resource/45/3509945_image2_1.jpg,https://tong.visitkorea.or.kr/cms/resource/45/3509945_image3_1.jpg,2026-09-05T02:12:18.458439+09:00
130823,14,소마미술관,서울특별시 송파구 올림픽로 424 (방이동),37.520555375396896,127.11505157122546,11,710,VE,VE07,VE070600,2026-03-11 10:03:40+09:00,https://tong.visitkorea.or.kr/cms/resource/99/3500499_image2_1.jpg,https://tong.visitkorea.or.kr/cms/resource/99/3500499_image3_1.jpg,2026-09-05T02:12:18.458439+09:00
130886,14,샤롯데씨어터,서울특별시 송파구 올림픽로 240 (잠실동),37.5123289178,127.0976165811,11,710,VE,VE06,VE060100,2026-07-27 10:02:41+09:00,https://tong.visitkorea.or.kr/cms/resource/19/3109819_image2_1.JPG,https://tong.visitkorea.or.kr/cms/resource/19/3109819_image3_1.JPG,2026-09-05T02:12:18.458439+09:00
131297,28,롯데월드 아이스링크,서울특별시 송파구 올림픽로 240 (잠실동),37.5123821225,127.0976311526,11,710,LS,LS01,LS010900,2025-12-16 17:03:07+09:00,http://tong.visitkorea.or.kr/cms/resource/94/3584594_image2_1.jpg,http://tong.visitkorea.or.kr/cms/resource/94/3584594_image3_1.jpg,2026-09-05T02:12:18.458439+09:00
131318,28,잠실한강공원 잠실물놀이장,서울특별시 송파구 한가람로 65 (잠실동),37.5176813118,127.0867514361,11,710,LS,LS02,LS020700,2025-12-03 17:20:27+09:00,,,2026-09-05T02:12:18.458439+09:00
132215,38,가락농수산물종합도매시장,서울특별시 송파구 양재대로 932 (가락동),37.4960786971,127.1107693087,11,710,SH,SH06,SH060200,2025-11-28 13:46:13+09:00,http://tong.visitkorea.or.kr/cms/resource/37/3568037_image2_1.jpg,http://tong.visitkorea.or.kr/cms/resource/37/3568037_image3_1.jpg,2026-09-05T02:12:18.458439+09:00
132248,38,롯데월드 쇼핑몰,서울특별시 송파구 올림픽로 300 (신천동),37.5141653654,127.1040749597,11,710,SH,SH02,SH020100,2025-12-23 10:42:31+09:00,http://tong.visitkorea.or.kr/cms/resource/29/1920629_image2_1.jpg,http://tong.visitkorea.or.kr/cms/resource/29/1920629_image3_1.jpg,2026-09-05T02:12:18.458439+09:00
134793,39,드럼통 참숯석쇠구이,서울특별시 송파구 삼학사로19길 3 (삼전동),37.5057550957,127.0965869906,11,710,FD,FD01,FD010100,2025-11-19 14:05:17+09:00,http://tong.visitkorea.or.kr/cms/resource/39/3569439_image2_1.jpg,http://tong.visitkorea.or.kr/cms/resource/39/3569439_image3_1.jpg,2026-09-05T02:12:18.458439+09:00
134796,39,벽제갈비 방이점,서울특별시 송파구 양재대로71길 1-4 (방이동),37.510063463,127.1262258393,11,710,FD,FD01,FD010100,2025-12-31 11:21:13+09:00,,,2026-09-05T02:12:18.458439+09:00
134798,39,해주냉면,서울특별시 송파구 백제고분로7길 8-16,37.5096584680615,127.079790972632,11,710,FD,FD01,FD010100,2026-04-10 10:51:39+09:00,,,2026-09-05T02:12:18.458439+09:00
136039,32,서울올림픽파크텔,서울특별시 송파구 올림픽로 448 (방이동),37.522334086,127.1165319275,11,710,AC,AC06,AC060100,2025-12-15 09:41:57+09:00,http://tong.visitkorea.or.kr/cms/resource/68/3562568_image2_1.jpeg,http://tong.visitkorea.or.kr/cms/resource/68/3562568_image3_1.jpeg,2026-09-05T02:12:18.458439+09:00
142766,32,롯데호텔 월드,서울특별시 송파구 올림픽로 240 (잠실동),37.5123821225,127.0976311526,11,710,AC,AC01,AC010100,2025-11-13 18:30:11+09:00,http://tong.visitkorea.or.kr/cms/resource/28/3566628_image2_1.jpeg,http://tong.visitkorea.or.kr/cms/resource/28/3566628_image3_1.jpeg,2026-09-05T02:12:18.458439+09:00
1592898,15,송파구 호수벚꽃축제,서울특별시 송파구 송파나루길 206 (신천동) 석촌호수,37.511898414927,127.10424458301475,11,710,EV,EV01,EV010500,2026-03-26 09:20:41+09:00,https://tong.visitkorea.or.kr/cms/resource/20/4051420_image2_1.jpg,https://tong.visitkorea.or.kr/cms/resource/20/4051420_image3_1.jpg,2026-09-05T02:12:18.458439+09:00
1603175,12,아시아공원,서울특별시 송파구 올림픽로 44,37.5100820131,127.0767025661,11,710,VE,VE03,VE030100,2025-04-04 13:54:49+09:00,http://tong.visitkorea.or.kr/cms/resource/37/3401537_image2_1.JPG,http://tong.visitkorea.or.kr/cms/resource/37/3401537_image3_1.JPG,2026-09-05T02:12:18.458439+09:00
1751182,14,우리금융아트홀,서울특별시 송파구 올림픽로 424 (방이동),37.516685,127.125027,11,710,VE,VE06,VE060100,2026-03-18 10:10:05+09:00,https://tong.visitkorea.or.kr/cms/resource/99/2031399_image2_1.jpg,https://tong.visitkorea.or.kr/cms/resource/99/2031399_image3_1.jpg,2026-09-05T02:12:18.458439+09:00
1840479,39,산삼청각,서울특별시 송파구 송이로 151 (가락동),37.493504126618575,127.12491679882514,11,710,FD,FD01,FD010100,2026-04-09 15:39:08+09:00,,,2026-09-05T02:12:18.458439+09:00
1845434,14,래미안 갤러리,서울특별시 송파구 충민로 17 (문정동),37.4793058119,127.1201550417,11,710,VE,VE07,VE070600,2025-03-05 11:25:18+09:00,http://tong.visitkorea.or.kr/cms/resource/37/3384437_image2_1.JPG,http://tong.visitkorea.or.kr/cms/resource/37/3384437_image3_1.JPG,2026-09-05T02:12:18.458439+09:00
1916296,14,한성백제박물관,서울특별시 송파구 위례성대로 71 (방이동),37.5154988428,127.1206650789,11,710,VE,VE07,VE070100,2025-07-07 13:57:03+09:00,http://tong.visitkorea.or.kr/cms/resource/55/3502855_image2_1.jpg,http://tong.visitkorea.or.kr/cms/resource/55/3502855_image3_1.jpg,2026-09-05T02:12:18.458439+09:00
1964937,28,[서울둘레길 8코스] 장지·탄천코스,서울특별시 송파구 방이동 (오금1교(올림픽공원역)~수서역),37.513,127.1351,11,710,LS,LS01,LS011900,2026-03-12 14:23:13+09:00,https://tong.visitkorea.or.kr/cms/resource/36/3525636_image2_1.jpg,https://tong.visitkorea.or.kr/cms/resource/36/3525636_image3_1.jpg,2026-09-05T02:12:18.458439+09:00
1990007,39,요리하는남자,서울특별시 송파구 백제고분로7길 27 (잠실동),37.5108831181,127.081867495,11,710,FD,FD02,FD020300,2026-08-28 10:10:19+09:00,https://tong.visitkorea.or.kr/cms/resource/76/3474776_image2_1.jpg,https://tong.visitkorea.or.kr/cms/resource/76/3474776_image3_1.jpg,2026-09-05T02:12:18.458439+09:00
2003909,12,롯데월드타워&롯데월드몰,서울특별시 송파구 올림픽로 300 (신천동),37.5141653654,127.1040749597,11,710,VE,VE01,VE010100,2025-04-14 11:40:39+09:00,http://tong.visitkorea.or.kr/cms/resource/94/2938994_image2_1.bmp,http://tong.visitkorea.or.kr/cms/resource/94/2938994_image3_1.bmp,2026-09-05T02:12:18.458439+09:00
231897,12,서울 삼전도비,서울특별시 송파구 삼학사로 136 (잠실동),37.5091158401,127.0978839997,11,710,HS,HS02,HS020100,2025-07-21 10:49:30+09:00,http://tong.visitkorea.or.kr/cms/resource/47/3401547_image2_1.JPG,http://tong.visitkorea.or.kr/cms/resource/47/3401547_image3_1.JPG,2026-09-05T02:12:18.458439+09:00
232277,39,충무로부산복집,서울특별시 송파구 중대로27길 9-1 동호빌딩,37.5038808717,127.1275731142,11,710,FD,FD01,FD010100,2025-09-19 16:22:25+09:00,,,2026-09-05T02:12:18.458439+09:00
2465130,14,송파여성문화회관,서울특별시 송파구 백제고분로42길 5 (송파동),37.50592938685349,127.10973153326313,11,710,VE,VE12,VE120300,2026-03-11 10:03:40+09:00,https://tong.visitkorea.or.kr/cms/resource/69/3500969_image2_1.jpg,https://tong.visitkorea.or.kr/cms/resource/69/3500969_image3_1.jpg,2026-09-05T02:12:18.458439+09:00
2476731,12,롯데월드 아쿠아리움,서울특별시 송파구 올림픽로 300 (신천동) 지하 1층,37.5141653654,127.1040749597,11,710,VE,VE02,VE020400,2025-03-05 11:20:47+09:00,http://tong.visitkorea.or.kr/cms/resource/45/2384845_image2_1.jpg,http://tong.visitkorea.or.kr/cms/resource/45/2384845_image3_1.jpg,2026-09-05T02:12:18.458439+09:00
2492348,12,롯데월드타워 서울스카이,서울특별시 송파구 올림픽로 300 (신천동) 117~123층,37.512525,127.102322,11,710,VE,VE01,VE010200,2026-03-12 14:33:49+09:00,https://tong.visitkorea.or.kr/cms/resource/66/3092766_image2_1.jpg,https://tong.visitkorea.or.kr/cms/resource/66/3092766_image3_1.jpg,2026-09-05T02:12:18.458439+09:00
250131,12,올림픽대교,서울특별시 송파구 신천동,37.532416047,127.1053604352,11,710,VE,VE01,VE010300,2025-03-05 09:33:53+09:00,http://tong.visitkorea.or.kr/cms/resource/54/3393354_image2_1.JPG,http://tong.visitkorea.or.kr/cms/resource/54/3393354_image3_1.JPG,2026-09-05T02:12:18.458439+09:00
2504658,32,딜라이트 호텔,서울특별시 송파구 오금로11길 21-9 (방이동),37.5154403121,127.1093272239,11,710,AC,AC01,AC010100,2025-11-12 17:38:27+09:00,http://tong.visitkorea.or.kr/cms/resource/07/3565907_image2_1.png,http://tong.visitkorea.or.kr/cms/resource/07/3565907_image3_1.png,2026-09-05T02:12:18.458439+09:00
2541308,32,잠실 상주호텔,서울특별시 송파구 올림픽로8길 19 (잠실동),37.510126522,127.0805716573,11,710,AC,AC04,AC040100,2025-10-24 13:51:36+09:00,http://tong.visitkorea.or.kr/cms/resource/72/3555472_image2_1.jpg,http://tong.visitkorea.or.kr/cms/resource/72/3555472_image3_1.jpg,2026-09-05T02:12:18.458439+09:00
2576334,32,Tina`s Homestay,서울특별시 송파구 삼학사로19길 17 (삼전동) 5층,37.5059050538,127.0952287768,11,710,AC,AC06,AC060200,2025-09-15 13:36:13+09:00,http://tong.visitkorea.or.kr/cms/resource/52/2575952_image2_1.jpg,http://tong.visitkorea.or.kr/cms/resource/52/2575952_image3_1.jpg,2026-09-05T02:12:18.458439+09:00
2589657,12,한방스파 여용국,서울특별시 송파구 석촌호수로12길 60 (잠실동) 2층,37.50833641619342,127.07991549575566,11,710,EX,EX05,EX050300,2026-03-30 09:16:11+09:00,https://tong.visitkorea.or.kr/cms/resource/33/3393333_image2_1.JPG,https://tong.visitkorea.or.kr/cms/resource/33/3393333_image3_1.JPG,2026-09-05T02:12:18.458439+09:00
2606150,12,파크하비오 워터킹덤&스파,"서울특별시 송파구 송파대로 111 (문정동, 파크하비오)",37.481941673,127.1232269102,11,710,VE,VE02,VE020200,2025-11-17 17:52:37+09:00,http://tong.visitkorea.or.kr/cms/resource/43/3095643_image2_1.jpg,http://tong.visitkorea.or.kr/cms/resource/43/3095643_image3_1.jpg,2026-09-05T02:12:18.458439+09:00
2606740,14,서울책보고,서울특별시 송파구 오금로 1 (신천동),19.69442748,117.9925662504,11,710,VE,VE12,VE120100,2025-06-17 09:42:33+09:00,http://tong.visitkorea.or.kr/cms/resource/38/3498038_image2_1.jpg,http://tong.visitkorea.or.kr/cms/resource/38/3498038_image3_1.jpg,2026-09-05T02:12:18.458439+09:00
2616369,39,[백년가게] 진미옥설농탕,서울특별시 송파구 가락로16길 3-12 (석촌동),37.5012058521,127.1092526347,11,710,FD,FD01,FD010100,2025-04-09 15:43:41+09:00,http://tong.visitkorea.or.kr/cms/resource/06/2616406_image2_1.jpg,http://tong.visitkorea.or.kr/cms/resource/06/2616406_image3_1.jpg,2026-09-05T02:12:18.458439+09:00
2619965,32,Goldlady's House,"서울특별시 송파구 올림픽로 99 (잠실동,잠실엘스128-1503)",37.5133567215,127.0816103603,11,710,AC,AC06,AC060200,2025-09-15 13:23:24+09:00,,,2026-09-05T02:12:18.458439+09:00
2620049,32,스윗 서울,서울특별시 송파구 올림픽로12길 48-1 (잠실동),37.5073574508,127.0834381418,11,710,AC,AC06,AC060200,2025-10-23 14:30:00+09:00,,,2026-09-05T02:12:18.458439+09:00
2666403,32,24게스트하우스(서울 잠실점) (24게스트하우스 잠실점),서울특별시 송파구 백제고분로22길 5 (삼전동),37.5033830197,127.0894099336,11,710,AC,AC06,AC060200,2024-11-26 10:29:32+09:00,,,2026-09-05T02:12:18.458439+09:00
2704559,38,방이시장,서울특별시 송파구 가락로 243 (방이동),37.5099524138,127.1178662051,11,710,SH,SH06,SH060200,2026-06-05 09:36:40+09:00,https://tong.visitkorea.or.kr/cms/resource/70/3474770_image2_1.jpg,https://tong.visitkorea.or.kr/cms/resource/70/3474770_image3_1.jpg,2026-09-05T02:12:18.458439+09:00
2757617,39,가락골마산아구찜,서울특별시 송파구 송이로19길 3 (가락동),37.4974579379325,127.121742790978,11,710,FD,FD01,FD010100,2026-02-12 17:50:21+09:00,,,2026-09-05T02:12:18.458439+09:00
2757640,38,가락수산시장,서울특별시 송파구 양재대로 932 (가락동),37.4960786971,127.1107693087,11,710,SH,SH06,SH060200,2025-11-28 13:23:47+09:00,http://tong.visitkorea.or.kr/cms/resource/34/3567934_image2_1.jpg,http://tong.visitkorea.or.kr/cms/resource/34/3567934_image3_1.jpg,2026-09-05T02:12:18.458439+09:00
2757647,38,가락몰,서울특별시 송파구 양재대로 932 (가락동),37.4960786971,127.1107693087,11,710,SH,SH05,SH050200,2025-06-11 10:44:30+09:00,http://tong.visitkorea.or.kr/cms/resource/56/3467156_image2_1.jpg,http://tong.visitkorea.or.kr/cms/resource/56/3467156_image3_1.jpg,2026-09-05T02:12:18.458439+09:00
2757653,12,마천공원,서울특별시 송파구 성내천로23길 12 (마천동),37.5012815023,127.1457909755,11,710,VE,VE03,VE030100,2025-04-04 10:59:11+09:00,http://tong.visitkorea.or.kr/cms/resource/52/3401452_image2_1.JPG,http://tong.visitkorea.or.kr/cms/resource/52/3401452_image3_1.JPG,2026-09-05T02:12:18.458439+09:00
2758057,39,밀파니,서울특별시 송파구 위례서로 273 (거여동),37.4891232183488,127.142460456794,11,710,FD,FD05,FD050100,2026-02-12 17:51:36+09:00,,,2026-09-05T02:12:18.458439+09:00
2758118,39,본가설렁탕,서울특별시 송파구 석촌호수로 204 (석촌동),37.5063147967944,127.099952993066,11,710,FD,FD01,FD010100,2026-03-12 11:38:01+09:00,,,2026-09-05T02:12:18.458439+09:00
2758137,39,툇마루밥상,"서울특별시 송파구 송파대로 111 (문정동, 파크하비오) 205동 211호",37.481941673,127.1232269102,11,710,FD,FD01,FD010100,2025-11-25 18:21:12+09:00,http://tong.visitkorea.or.kr/cms/resource/10/3573910_image2_1.jpg,http://tong.visitkorea.or.kr/cms/resource/10/3573910_image3_1.jpg,2026-09-05T02:12:18.458439+09:00
2758146,39,주은감자탕,서울특별시 송파구 삼학사로 71 (삼전동),37.5036900594309,127.096808929931,11,710,FD,FD01,FD010100,2026-02-12 17:52:18+09:00,,,2026-09-05T02:12:18.458439+09:00
2758152,14,송파책박물관,서울특별시 송파구 송파대로37길 77 (가락동),37.4988842203,127.1043834618,11,710,VE,VE07,VE070100,2026-08-07 10:47:15+09:00,https://tong.visitkorea.or.kr/cms/resource/16/3499716_image2_1.jpg,https://tong.visitkorea.or.kr/cms/resource/16/3499716_image3_1.jpg,2026-09-05T02:12:18.458439+09:00
2758158,39,풍년뼈다귀해장국,서울특별시 송파구 가락로 94 (석촌동),37.5008086304,127.1067278751,11,710,FD,FD01,FD010100,2025-12-29 18:04:26+09:00,http://tong.visitkorea.or.kr/cms/resource/76/2790576_image2_1.jpg,http://tong.visitkorea.or.kr/cms/resource/76/2790576_image2_1.jpg,2026-09-05T02:12:18.458439+09:00
2758163,39,청와옥 본점,서울특별시 송파구 위례성대로 48 (방이동) 반도빌딩 1층 402호,37.5153738011,127.1175625872,11,710,FD,FD01,FD010100,2025-12-30 13:45:42+09:00,http://tong.visitkorea.or.kr/cms/resource/85/2789785_image2_1.jpg,http://tong.visitkorea.or.kr/cms/resource/85/2789785_image2_1.jpg,2026-09-05T02:12:18.458439+09:00
2758166,39,오향가가락본점,서울특별시 송파구 송이로 106 (가락동),37.4968204688,127.1214044311,11,710,FD,FD02,FD020100,2025-12-10 17:12:38+09:00,,,2026-09-05T02:12:18.458439+09:00
2758173,28,잠실야구장,서울특별시 송파구 올림픽로 19-2 (잠실동),37.51125262751507,127.07286341634108,11,710,VE,VE10,VE100100,2026-02-09 20:49:29+09:00,https://tong.visitkorea.or.kr/cms/resource/39/2788139_image2_1.jpg,https://tong.visitkorea.or.kr/cms/resource/39/2788139_image3_1.jpg,2026-09-05T02:12:18.458439+09:00
2758179,28,올림픽체조경기장(KSPO DOME),서울특별시 송파구 올림픽로 424 (방이동),37.5206092598,127.1150682209,11,710,VE,VE10,VE100100,2025-09-09 17:23:41+09:00,http://tong.visitkorea.or.kr/cms/resource/09/3533809_image2_1.jpg,http://tong.visitkorea.or.kr/cms/resource/09/3533809_image3_1.jpg,2026-09-05T02:12:18.458439+09:00
2758192,12,올림픽공원 들꽃마루,서울특별시 송파구 올림픽로 424 (방이동),37.520555375396896,127.11505157122546,11,710,NA,NA05,NA050100,2026-03-13 14:14:42+09:00,https://tong.visitkorea.or.kr/cms/resource/53/3516653_image2_1.jpg,https://tong.visitkorea.or.kr/cms/resource/53/3516653_image3_1.jpg,2026-09-05T02:12:18.458439+09:00
2758809,12,한양공원,서울특별시 송파구 송파동 152,37.504063967,127.1155492027,11,710,VE,VE03,VE030100,2025-04-04 13:50:37+09:00,http://tong.visitkorea.or.kr/cms/resource/69/3401469_image2_1.JPG,http://tong.visitkorea.or.kr/cms/resource/69/3401469_image3_1.JPG,2026-09-05T02:12:18.458439+09:00
2758811,38,풍납도깨비시장,서울특별시 송파구 바람드리길 37-1 (풍납동),37.5375518286,127.1201506098,11,710,SH,SH06,SH060200,2025-11-28 13:41:54+09:00,http://tong.visitkorea.or.kr/cms/resource/24/3568024_image2_1.jpg,http://tong.visitkorea.or.kr/cms/resource/24/3568024_image3_1.jpg,2026-09-05T02:12:18.458439+09:00
2759129,38,마천시장,서울특별시 송파구 마천로45길 23 (마천동),37.4980180786,127.1505795216,11,710,SH,SH06,SH060200,2025-11-28 13:15:08+09:00,http://tong.visitkorea.or.kr/cms/resource/21/3567921_image2_1.jpg,http://tong.visitkorea.or.kr/cms/resource/21/3567921_image3_1.jpg,2026-09-05T02:12:18.458439+09:00
2759936,14,한생연인간과로봇과학관,서울특별시 송파구 올림픽로 145 (잠실동) 리센츠상가 5층,37.5119610963,127.087009648,11,710,VE,VE07,VE070500,2026-08-21 13:23:49+09:00,https://tong.visitkorea.or.kr/cms/resource/81/2790581_image2_1.jpg,https://tong.visitkorea.or.kr/cms/resource/81/2790581_image3_1.jpg,2026-09-05T02:12:18.458439+09:00
2761745,12,송파구자원순환공원,서울특별시 송파구 헌릉로 793 (장지동),37.4717789656,127.1233521867,11,710,VE,VE03,VE030100,2025-06-11 10:37:19+09:00,http://tong.visitkorea.or.kr/cms/resource/88/3468088_image2_1.jpg,http://tong.visitkorea.or.kr/cms/resource/88/3468088_image3_1.jpg,2026-09-05T02:12:18.458439+09:00
2761797,12,올림픽공원피크닉장,서울특별시 송파구 올림픽로 424 (방이동),37.5206092598,127.1150682209,11,710,VE,VE03,VE030100,2025-06-11 10:41:06+09:00,http://tong.visitkorea.or.kr/cms/resource/93/3467493_image2_1.jpg,http://tong.visitkorea.or.kr/cms/resource/93/3467493_image3_1.jpg,2026-09-05T02:12:18.458439+09:00
2773288,14,롯데뮤지엄,서울특별시 송파구 올림픽로 300 (신천동) 롯데월드타워 7층,37.514113873232,127.10406050706861,11,710,VE,VE07,VE070600,2026-03-04 10:04:26+09:00,,,2026-09-05T02:12:18.458439+09:00
2774280,39,봉피양 방이점,서울특별시 송파구 양재대로71길 1-4 (방이동),37.5100829048,127.1262063951,11,710,FD,FD01,FD010100,2025-12-31 11:04:43+09:00,,,2026-09-05T02:12:18.458439+09:00
2774454,38,서울청과,서울특별시 송파구 양재대로 932 (가락동),37.4960786971,127.1107693087,11,710,SH,SH05,SH050200,2025-11-28 13:34:02+09:00,http://tong.visitkorea.or.kr/cms/resource/08/3568008_image2_1.jpg,http://tong.visitkorea.or.kr/cms/resource/08/3568008_image3_1.jpg,2026-09-05T02:12:18.458439+09:00
2774464,12,잠실유수지공원,서울특별시 송파구 도곡로62길 10 (잠실동),37.50385171560499,127.07734463444106,11,710,VE,VE03,VE030100,2026-03-11 10:03:40+09:00,https://tong.visitkorea.or.kr/cms/resource/87/3500387_image2_1.jpg,https://tong.visitkorea.or.kr/cms/resource/87/3500387_image3_1.jpg,2026-09-05T02:12:18.458439+09:00
2774568,38,중앙청과,서울특별시 송파구 양재대로 932 (가락동),37.4960786971,127.1107693087,11,710,SH,SH05,SH050200,2025-06-05 09:25:37+09:00,http://tong.visitkorea.or.kr/cms/resource/67/2790967_image2_1.jpg,http://tong.visitkorea.or.kr/cms/resource/67/2790967_image3_1.jpg,2026-09-05T02:12:18.458439+09:00
2778425,39,군산오징어 본점,서울특별시 송파구 삼학사로 101 (삼전동),37.5063411468,127.0970258234,11,710,FD,FD01,FD010100,2025-12-04 16:17:22+09:00,http://tong.visitkorea.or.kr/cms/resource/94/3578694_image2_1.jpg,http://tong.visitkorea.or.kr/cms/resource/94/3578694_image3_1.jpg,2026-09-05T02:12:18.458439+09:00
2779451,38,한국청과,서울특별시 송파구 양재대로 932 (가락동),37.4960786971,127.1107693087,11,710,SH,SH05,SH050200,2025-06-05 09:45:47+09:00,http://tong.visitkorea.or.kr/cms/resource/92/2791392_image2_1.jpg,http://tong.visitkorea.or.kr/cms/resource/92/2791392_image3_1.jpg,2026-09-05T02:12:18.458439+09:00
2783402,39,하츠베이커리,서울특별시 송파구 중대로 210 (가락동),37.5004840363,127.1271899119,11,710,FD,FD05,FD050100,2025-08-29 16:01:24+09:00,http://tong.visitkorea.or.kr/cms/resource/39/2790439_image2_1.jpg,http://tong.visitkorea.or.kr/cms/resource/39/2790439_image2_1.jpg,2026-09-05T02:12:18.458439+09:00
2810230,39,트레스드,서울특별시 송파구 백제고분로15길 50 (잠실동),37.5098294098,127.0847629512,11,710,FD,FD05,FD050100,2025-09-23 18:15:00+09:00,http://tong.visitkorea.or.kr/cms/resource/74/2809074_image2_1.jpg,http://tong.visitkorea.or.kr/cms/resource/74/2809074_image3_1.jpg,2026-09-05T02:12:18.458439+09:00
2817111,39,"미도리파티 (구, 풍납동 미도리)",서울특별시 송파구 천호대로152길 13 성신빌라,37.5377030364381,127.121791633322,11,710,FD,FD03,FD030200,2026-02-11 10:09:58+09:00,,,2026-09-05T02:12:18.458439+09:00
2821765,39,진성한우곱창,"서울특별시 송파구 송파대로28길 27 (가락동, 송파 성원상떼빌)",37.494708924,127.1205583653,11,710,FD,FD01,FD010100,2026-07-24 08:49:45+09:00,,,2026-09-05T02:12:18.458439+09:00
2834563,39,골목떡볶이,서울특별시 송파구 문정로1길 33,37.4891019577,127.1234850164,11,710,FD,FD03,FD030400,2025-09-01 14:42:09+09:00,http://tong.visitkorea.or.kr/cms/resource/59/2834559_image2_1.jpg,http://tong.visitkorea.or.kr/cms/resource/59/2834559_image3_1.jpg,2026-09-05T02:12:18.458439+09:00
2836682,39,오금버드나무집,서울특별시 송파구 동남로 309 (오금동),37.5031172502,127.1374861232,11,710,FD,FD01,FD010100,2025-09-03 16:15:17+09:00,http://tong.visitkorea.or.kr/cms/resource/79/2836679_image2_1.jpg,http://tong.visitkorea.or.kr/cms/resource/79/2836679_image3_1.jpg,2026-09-05T02:12:18.458439+09:00
2839397,39,바이킹스워프 롯데월드몰점,서울특별시 송파구 올림픽로 300 롯데월드타워앤드롯데월드몰 4F,37.5142459111,127.1040305171,11,710,FD,FD02,FD020300,2025-09-11 10:39:50+09:00,http://tong.visitkorea.or.kr/cms/resource/92/2839392_image2_1.jpg,http://tong.visitkorea.or.kr/cms/resource/92/2839392_image3_1.jpg,2026-09-05T02:12:18.458439+09:00
2839421,39,방이샤브샤브칼국수 방이본점,"서울특별시 송파구 양재대로71길 2-27 (방이동, 인택 파크랜드) 1층 101호",37.511432762,127.1269701761,11,710,FD,FD01,FD010100,2025-09-11 10:50:09+09:00,http://tong.visitkorea.or.kr/cms/resource/05/2839405_image2_1.jpg,http://tong.visitkorea.or.kr/cms/resource/05/2839405_image3_1.jpg,2026-09-05T02:12:18.458439+09:00
2839440,39,송쉐프,서울특별시 송파구 백제고분로 357 (석촌동) 1~2층,37.5049942363,127.105655632,11,710,FD,FD02,FD020100,2025-09-11 10:55:59+09:00,http://tong.visitkorea.or.kr/cms/resource/35/2839435_image2_1.jpg,http://tong.visitkorea.or.kr/cms/resource/35/2839435_image3_1.jpg,2026-09-05T02:12:18.458439+09:00
2839458,39,오모리찌개 잠실본점,서울특별시 송파구 송파대로 471,37.508093848,127.1040779097,11,710,FD,FD01,FD010100,2025-09-11 11:00:45+09:00,http://tong.visitkorea.or.kr/cms/resource/49/2839449_image2_1.jpg,http://tong.visitkorea.or.kr/cms/resource/49/2839449_image3_1.jpg,2026-09-05T02:12:18.458439+09:00
2839910,39,홈수끼,서울특별시 송파구 위례성대로 134 한스빌딩,37.5120395771072,127.126244712831,11,710,FD,FD01,FD010100,2026-03-12 16:49:47+09:00,,,2026-09-05T02:12:18.458439+09:00
2839940,39,늘푸른목장 잠실본점,서울특별시 송파구 백제고분로9길 34 1F,37.5096321728,127.0826548153,11,710,FD,FD01,FD010100,2025-09-12 15:23:51+09:00,http://tong.visitkorea.or.kr/cms/resource/36/2839936_image2_1.jpg,http://tong.visitkorea.or.kr/cms/resource/36/2839936_image3_1.jpg,2026-09-05T02:12:18.458439+09:00
2839950,39,명인밥상,서울특별시 송파구 송이로 155 (가락동),37.4933681573,127.1250514194,11,710,FD,FD01,FD010100,2025-09-23 18:30:57+09:00,http://tong.visitkorea.or.kr/cms/resource/48/2839948_image2_1.jpg,http://tong.visitkorea.or.kr/cms/resource/48/2839948_image3_1.jpg,2026-09-05T02:12:18.458439+09:00
2839975,39,부부횟집,서울특별시 송파구 오금로18길 4 I.D.C빌딩,37.5105353512,127.1107216798,11,710,FD,FD01,FD010100,2025-09-12 15:29:12+09:00,http://tong.visitkorea.or.kr/cms/resource/70/2839970_image2_1.jpg,http://tong.visitkorea.or.kr/cms/resource/70/2839970_image3_1.jpg,2026-09-05T02:12:18.458439+09:00
2839980,39,산들해 송파점,서울특별시 송파구 위례성대로 6 (방이동),37.5168929903,127.1131657222,11,710,FD,FD01,FD010100,2025-09-24 08:58:20+09:00,http://tong.visitkorea.or.kr/cms/resource/78/2839978_image2_1.jpg,http://tong.visitkorea.or.kr/cms/resource/78/2839978_image3_1.jpg,2026-09-05T02:12:18.458439+09:00
2839997,39,수원집,서울특별시 송파구 송파대로 108 (문정동),37.4805307724,127.1257961605,11,710,FD,FD01,FD010100,2025-09-16 09:10:40+09:00,http://tong.visitkorea.or.kr/cms/resource/87/2839987_image2_1.jpg,http://tong.visitkorea.or.kr/cms/resource/87/2839987_image3_1.jpg,2026-09-05T02:12:18.458439+09:00
2840014,39,유천냉면 본점,서울특별시 송파구 강동대로3길 22 (풍납동),37.5285583463,127.1155929472,11,710,FD,FD01,FD010100,2025-09-16 09:17:56+09:00,http://tong.visitkorea.or.kr/cms/resource/08/2840008_image2_1.jpg,http://tong.visitkorea.or.kr/cms/resource/08/2840008_image3_1.jpg,2026-09-05T02:12:18.458439+09:00
2840031,39,장칼집,서울특별시 송파구 가락로6길 3 (석촌동),37.4993670585,127.1026727298,11,710,FD,FD01,FD010100,2025-09-16 09:22:36+09:00,http://tong.visitkorea.or.kr/cms/resource/27/2840027_image2_1.jpg,http://tong.visitkorea.or.kr/cms/resource/27/2840027_image3_1.jpg,2026-09-05T02:12:18.458439+09:00
2840043,39,취영루 송파점,서울특별시 송파구 송이로 162 (가락동),37.49266546,127.1249681138,11,710,FD,FD02,FD020100,2025-09-16 09:26:33+09:00,http://tong.visitkorea.or.kr/cms/resource/36/2840036_image2_1.jpg,http://tong.visitkorea.or.kr/cms/resource/36/2840036_image3_1.jpg,2026-09-05T02:12:18.458439+09:00
2840078,39,장털보설렁탕 본점,서울특별시 송파구 중대로 304 (오금동),37.5074500033,127.1332002786,11,710,FD,FD01,FD010100,2025-09-24 09:02:42+09:00,http://tong.visitkorea.or.kr/cms/resource/72/2840072_image2_1.jpg,http://tong.visitkorea.or.kr/cms/resource/72/2840072_image3_1.jpg,2026-09-05T02:12:18.458439+09:00
2840103,39,한아람,서울특별시 송파구 위례성대로 34 (방이동),37.5158459413,127.1160377125,11,710,FD,FD01,FD010100,2025-09-16 09:29:12+09:00,http://tong.visitkorea.or.kr/cms/resource/99/2840099_image2_1.jpg,http://tong.visitkorea.or.kr/cms/resource/99/2840099_image3_1.jpg,2026-09-05T02:12:18.458439+09:00
2842227,39,송파아구찜,서울특별시 송파구 오금로44길 50-22 (가락동),37.4948792101,127.1315341206,11,710,FD,FD01,FD010100,2025-09-17 09:18:27+09:00,http://tong.visitkorea.or.kr/cms/resource/19/2842219_image2_1.jpg,http://tong.visitkorea.or.kr/cms/resource/19/2842219_image3_1.jpg,2026-09-05T02:12:18.458439+09:00
2842295,39,청담초밥 문정점,서울특별시 송파구 법원로4길 5 (문정동),37.4829665295,127.1218881135,11,710,FD,FD02,FD020200,2025-09-17 09:21:57+09:00,http://tong.visitkorea.or.kr/cms/resource/89/2842289_image2_1.jpg,http://tong.visitkorea.or.kr/cms/resource/89/2842289_image3_1.jpg,2026-09-05T02:12:18.458439+09:00
2843041,39,담은갈비,"서울특별시 송파구 삼전로 93 (잠실동, 태정빌딩(잠실동 다세대주택))",37.5068501167,127.0896047863,11,710,FD,FD01,FD010100,2026-07-27 14:18:53+09:00,https://tong.visitkorea.or.kr/cms/resource/27/2843027_image2_1.jpg,https://tong.visitkorea.or.kr/cms/resource/27/2843027_image3_1.jpg,2026-09-05T02:12:18.458439+09:00
2843075,39,돈까스의집,서울특별시 송파구 삼전로 100 (삼전동),37.5070159544,127.0906986015,11,710,FD,FD02,FD020300,2025-09-17 10:29:37+09:00,http://tong.visitkorea.or.kr/cms/resource/62/2843062_image2_1.jpg,http://tong.visitkorea.or.kr/cms/resource/62/2843062_image3_1.jpg,2026-09-05T02:12:18.458439+09:00
2843115,39,모꼬지에,서울특별시 송파구 송파대로36길 5-13 (송파동),37.5005254306,127.1123190409,11,710,FD,FD03,FD030400,2025-09-17 10:33:41+09:00,http://tong.visitkorea.or.kr/cms/resource/04/2843104_image2_1.jpg,http://tong.visitkorea.or.kr/cms/resource/04/2843104_image3_1.jpg,2026-09-05T02:12:18.458439+09:00
2844673,39,고도식,서울특별시 송파구 백제고분로45길 28 (송파동),37.5104019962,127.1086829802,11,710,FD,FD01,FD010100,2025-09-17 10:53:48+09:00,http://tong.visitkorea.or.kr/cms/resource/70/2844670_image2_1.jpg,http://tong.visitkorea.or.kr/cms/resource/70/2844670_image3_1.jpg,2026-09-05T02:12:18.458439+09:00
2844918,39,광양불고기,서울특별시 송파구 백제고분로39길 6 (석촌동),37.5050775567,127.1054750906,11,710,FD,FD01,FD010100,2025-09-17 10:56:18+09:00,http://tong.visitkorea.or.kr/cms/resource/13/2844913_image2_1.jpg,http://tong.visitkorea.or.kr/cms/resource/13/2844913_image3_1.jpg,2026-09-05T02:12:18.458439+09:00
2844953,39,돈족골,서울특별시 송파구 삼학사로 66 (석촌동),37.5031415259,127.0974536533,11,710,FD,FD01,FD010100,2025-09-24 09:28:32+09:00,http://tong.visitkorea.or.kr/cms/resource/51/2844951_image2_1.jpg,http://tong.visitkorea.or.kr/cms/resource/51/2844951_image3_1.jpg,2026-09-05T02:12:18.458439+09:00
2844971,39,멘야하나비,서울특별시 송파구 백제고분로45길 38 (송파동),37.5109713579,127.1077413832,11,710,FD,FD02,FD020200,2025-09-17 10:59:51+09:00,http://tong.visitkorea.or.kr/cms/resource/61/2844961_image2_1.jpg,http://tong.visitkorea.or.kr/cms/resource/61/2844961_image3_1.jpg,2026-09-05T02:12:18.458439+09:00
2845017,39,횡성한우,서울특별시 송파구 오금로 113 (방이동),37.5122406709,127.1086329335,11,710,FD,FD01,FD010100,2025-09-17 11:02:07+09:00,http://tong.visitkorea.or.kr/cms/resource/08/2845008_image2_1.jpg,http://tong.visitkorea.or.kr/cms/resource/08/2845008_image3_1.jpg,2026-09-05T02:12:18.458439+09:00
2845058,39,청화초밥,서울특별시 송파구 오금로13길 14 (방이동),37.5134266574,127.1093467237,11,710,FD,FD02,FD020200,2025-09-17 11:16:30+09:00,http://tong.visitkorea.or.kr/cms/resource/52/2845052_image2_1.jpg,http://tong.visitkorea.or.kr/cms/resource/52/2845052_image3_1.jpg,2026-09-05T02:12:18.458439+09:00
2845881,39,생생아구,서울특별시 송파구 백제고분로7길 8-37 (잠실동),37.5088683301,127.0802939404,11,710,FD,FD01,FD010100,2025-09-17 13:10:52+09:00,http://tong.visitkorea.or.kr/cms/resource/68/2845868_image2_1.jpg,http://tong.visitkorea.or.kr/cms/resource/68/2845868_image3_1.jpg,2026-09-05T02:12:18.458439+09:00
2845899,39,시그니엘서울 더 라운지,서울특별시 송파구 올림픽로 300 (신천동) 79층,37.514113873232,127.10406050706861,11,710,FD,FD02,FD020300,2026-03-12 09:08:40+09:00,,,2026-09-05T02:12:18.458439+09:00
2845946,15,"청춘, 커피페스티벌",서울특별시 송파구 올림픽로 300 (신천동),37.5141138732,127.1040605071,11,710,EV,EV01,EV010600,2026-08-21 17:14:31+09:00,https://tong.visitkorea.or.kr/cms/resource/88/4102888_image2_1.jpg,https://tong.visitkorea.or.kr/cms/resource/88/4102888_image3_1.jpg,2026-09-05T02:12:18.458439+09:00
2845976,39,진지아,서울특별시 송파구 백제고분로41길 12-9 (송파동),37.5076328657,127.1082580978,11,710,FD,FD02,FD020100,2025-09-17 13:14:42+09:00,http://tong.visitkorea.or.kr/cms/resource/70/2845970_image2_1.jpg,http://tong.visitkorea.or.kr/cms/resource/70/2845970_image3_1.jpg,2026-09-05T02:12:18.458439+09:00
2846022,39,프라자손칼국수,서울특별시 송파구 동남로18길 40 (가락동),37.4930155826,127.1340200586,11,710,FD,FD01,FD010100,2025-09-17 13:16:47+09:00,http://tong.visitkorea.or.kr/cms/resource/04/2846004_image2_1.jpg,http://tong.visitkorea.or.kr/cms/resource/04/2846004_image3_1.jpg,2026-09-05T02:12:18.458439+09:00
2846604,39,내꾸미쭈꾸미,서울특별시 송파구 성내천로 106 (오금동),37.4997954604,127.1401026463,11,710,FD,FD01,FD010100,2025-09-17 13:21:47+09:00,http://tong.visitkorea.or.kr/cms/resource/92/2846592_image2_1.jpg,http://tong.visitkorea.or.kr/cms/resource/92/2846592_image3_1.jpg,2026-09-05T02:12:18.458439+09:00
2846970,39,금강산감자탕 방이점,서울특별시 송파구 위례성대로 34 (방이동),37.5158459413,127.1160377125,11,710,FD,FD01,FD010100,2025-09-17 13:35:07+09:00,http://tong.visitkorea.or.kr/cms/resource/68/2846968_image2_1.jpg,http://tong.visitkorea.or.kr/cms/resource/68/2846968_image3_1.jpg,2026-09-05T02:12:18.458439+09:00
2847012,39,본가진미간장게장,서울특별시 송파구 백제고분로 420 (송파동),37.5083800567,127.1113272416,11,710,FD,FD01,FD010100,2025-09-18 09:07:03+09:00,http://tong.visitkorea.or.kr/cms/resource/00/2847000_image2_1.jpg,http://tong.visitkorea.or.kr/cms/resource/00/2847000_image3_1.jpg,2026-09-05T02:12:18.458439+09:00
2847048,39,스시미노루,서울특별시 송파구 백제고분로 508 (방이동),37.5153237742,127.1157516422,11,710,FD,FD02,FD020200,2025-09-18 09:11:20+09:00,http://tong.visitkorea.or.kr/cms/resource/40/2847040_image2_1.jpg,http://tong.visitkorea.or.kr/cms/resource/40/2847040_image3_1.jpg,2026-09-05T02:12:18.458439+09:00
2847075,39,장인미역 잠실본점,서울특별시 송파구 삼전로 89 (잠실동),37.5065993136,127.0894515052,11,710,FD,FD01,FD010100,2025-09-24 09:45:24+09:00,http://tong.visitkorea.or.kr/cms/resource/57/2847057_image2_1.jpg,http://tong.visitkorea.or.kr/cms/resource/57/2847057_image3_1.jpg,2026-09-05T02:12:18.458439+09:00
2847089,39,정목누룽지백숙,서울특별시 송파구 위례성대로12길 11 (방이동),37.5126380986,127.1225872076,11,710,FD,FD01,FD010100,2025-09-18 09:13:32+09:00,http://tong.visitkorea.or.kr/cms/resource/80/2847080_image2_1.jpg,http://tong.visitkorea.or.kr/cms/resource/80/2847080_image3_1.jpg,2026-09-05T02:12:18.458439+09:00
2847149,39,흥부골숯불돼지왕갈비,서울특별시 송파구 백제고분로33길 35 (석촌동),37.5057884611,127.0985729204,11,710,FD,FD01,FD010100,2025-09-18 09:16:36+09:00,http://tong.visitkorea.or.kr/cms/resource/42/2847142_image2_1.jpg,http://tong.visitkorea.or.kr/cms/resource/42/2847142_image3_1.jpg,2026-09-05T02:12:18.458439+09:00
2848124,39,황금소 가락본점,서울특별시 송파구 송이로 138 (가락동),37.4943430165,127.1235126435,11,710,FD,FD01,FD010100,2025-09-18 09:58:15+09:00,http://tong.visitkorea.or.kr/cms/resource/13/2848113_image2_1.jpg,http://tong.visitkorea.or.kr/cms/resource/13/2848113_image3_1.jpg,2026-09-05T02:12:18.458439+09:00
2848228,39,중화일상,서울특별시 송파구 백제고분로 401 (송파동),37.5073495885,127.1095524325,11,710,FD,FD02,FD020100,2025-09-18 10:02:03+09:00,http://tong.visitkorea.or.kr/cms/resource/14/2848214_image2_1.jpg,http://tong.visitkorea.or.kr/cms/resource/14/2848214_image3_1.jpg,2026-09-05T02:12:18.458439+09:00
2848950,39,뽕사부,서울특별시 송파구 백제고분로 498 (방이동),37.5146682874,127.1152961467,11,710,FD,FD02,FD020100,2025-09-24 09:57:50+09:00,http://tong.visitkorea.or.kr/cms/resource/56/2848656_image2_1.jpg,http://tong.visitkorea.or.kr/cms/resource/56/2848656_image3_1.jpg,2026-09-05T02:12:18.458439+09:00
2848967,39,동촌 보리밥과 돈까스,서울특별시 송파구 거마로 22,37.4950544417,127.145516177,11,710,FD,FD01,FD010100,2025-01-09 17:00:15+09:00,http://tong.visitkorea.or.kr/cms/resource/08/2848608_image2_1.jpg,http://tong.visitkorea.or.kr/cms/resource/08/2848608_image3_1.jpg,2026-09-05T02:12:18.458439+09:00
2848969,39,묵골쌈밥 본점,서울특별시 송파구 새말로15길 22 (문정동),37.486260724,127.1292095766,11,710,FD,FD01,FD010100,2025-09-18 10:06:27+09:00,http://tong.visitkorea.or.kr/cms/resource/42/2848642_image2_1.jpg,http://tong.visitkorea.or.kr/cms/resource/42/2848642_image3_1.jpg,2026-09-05T02:12:18.458439+09:00
2849256,39,장수설렁탕해장국,서울특별시 송파구 백제고분로 148 호성빌딩,37.5055354345,127.0831298883,11,710,FD,FD01,FD010100,2025-01-15 14:10:47+09:00,http://tong.visitkorea.or.kr/cms/resource/46/2849246_image2_1.jpg,http://tong.visitkorea.or.kr/cms/resource/46/2849246_image3_1.jpg,2026-09-05T02:12:18.458439+09:00
2849336,39,금바위감자탕,서울특별시 송파구 동남로 94 (문정동) 1층,37.48888383324976,127.12197331902368,11,710,FD,FD01,FD010100,2026-03-05 09:58:51+09:00,,,2026-09-05T02:12:18.458439+09:00
2849353,39,단디,서울특별시 송파구 백제고분로45길 7,37.5092201868345,127.110326899485,11,710,FD,FD02,FD020200,2026-03-12 16:51:32+09:00,,,2026-09-05T02:12:18.458439+09:00
2849387,39,러반로제 레스토랑,서울특별시 송파구 석촌호수로 274 (송파동),37.5102797443,127.1062304296,11,710,FD,FD02,FD020300,2025-12-22 14:45:22+09:00,,,2026-09-05T02:12:18.458439+09:00
2849487,39,문어세상해천탕,서울특별시 송파구 오금로 169 (방이동),37.5099660236,127.1135547718,11,710,FD,FD01,FD010100,2025-09-18 10:22:42+09:00,http://tong.visitkorea.or.kr/cms/resource/79/2849479_image2_1.jpg,http://tong.visitkorea.or.kr/cms/resource/79/2849479_image3_1.jpg,2026-09-05T02:12:18.458439+09:00
2849505,39,부일갈매기,서울특별시 송파구 삼전로13길 4 (잠실동),37.5073436802,127.0899097756,11,710,FD,FD01,FD010100,2025-09-18 10:24:40+09:00,http://tong.visitkorea.or.kr/cms/resource/98/2849498_image2_1.jpg,http://tong.visitkorea.or.kr/cms/resource/98/2849498_image3_1.jpg,2026-09-05T02:12:18.458439+09:00
2849578,39,신양로스터스,서울특별시 송파구 오금로18길 3 (송파동),37.5104436995,127.1109633279,11,710,FD,FD05,FD050100,2025-09-18 10:33:39+09:00,http://tong.visitkorea.or.kr/cms/resource/75/2849575_image2_1.jpg,http://tong.visitkorea.or.kr/cms/resource/75/2849575_image3_1.jpg,2026-09-05T02:12:18.458439+09:00
2849599,39,알천생태찌개,서울특별시 송파구 백제고분로9길 6 (잠실동),37.5091793947,127.0797356495,11,710,FD,FD01,FD010100,2025-09-18 10:35:40+09:00,http://tong.visitkorea.or.kr/cms/resource/97/2849597_image2_1.jpg,http://tong.visitkorea.or.kr/cms/resource/97/2849597_image3_1.jpg,2026-09-05T02:12:18.458439+09:00
2849605,39,어가,서울특별시 송파구 송파대로49길 48,37.5062689807,127.0996811393,11,710,FD,FD01,FD010100,2025-01-21 10:13:56+09:00,http://tong.visitkorea.or.kr/cms/resource/02/2849602_image2_1.jpg,http://tong.visitkorea.or.kr/cms/resource/02/2849602_image3_1.jpg,2026-09-05T02:12:18.458439+09:00
2849615,39,옥돌현옥,서울특별시 송파구 오금로36길 26-1,37.5015810755,127.1240873857,11,710,FD,FD01,FD010100,2025-01-13 13:57:12+09:00,http://tong.visitkorea.or.kr/cms/resource/07/2849607_image2_1.jpg,http://tong.visitkorea.or.kr/cms/resource/07/2849607_image3_1.jpg,2026-09-05T02:12:18.458439+09:00
2873159,39,청년감자탕 송파 본점,서울특별시 송파구 오금로19길 5 (방이동),37.5105103983,127.1131770128,11,710,FD,FD01,FD010100,2025-09-19 16:40:04+09:00,http://tong.visitkorea.or.kr/cms/resource/47/2873147_image2_1.png,http://tong.visitkorea.or.kr/cms/resource/47/2873147_image3_1.png,2026-09-05T02:12:18.458439+09:00
2873226,39,앨리스리틀이태리,서울특별시 송파구 백제고분로41길 43-21 (송파동),37.50863750822053,127.10483543795216,11,710,FD,FD02,FD020300,2026-03-12 17:05:32+09:00,,,2026-09-05T02:12:18.458439+09:00
2893996,38,롯데월드 어드벤처,서울특별시 송파구 올림픽로 240 (잠실동),37.5113096112036,127.098141751177,11,710,SH,SH04,SH040300,2026-03-26 09:20:41+09:00,https://tong.visitkorea.or.kr/cms/resource/35/4019235_image2_1.jpg,https://tong.visitkorea.or.kr/cms/resource/35/4019235_image3_1.jpg,2026-09-05T02:12:18.458439+09:00
2894291,38,나이스클랍 현대아울렛 가든파이브점,서울특별시 송파구 충민로 66 (문정동),37.4776148442516,127.124961768886,11,710,SH,SH04,SH040300,2026-03-27 09:21:50+09:00,https://tong.visitkorea.or.kr/cms/resource/83/4019083_image2_1.jpg,https://tong.visitkorea.or.kr/cms/resource/83/4019083_image3_1.jpg,2026-09-05T02:12:18.458439+09:00
2894463,38,롯데마트 송파점,서울특별시 송파구 중대로 80 (문정동),37.4917620371568,127.117842816756,11,710,SH,SH04,SH040300,2026-03-27 09:21:50+09:00,https://tong.visitkorea.or.kr/cms/resource/73/4019673_image2_1.jpg,https://tong.visitkorea.or.kr/cms/resource/73/4019673_image3_1.jpg,2026-09-05T02:12:18.458439+09:00
2894561,38,롯데마트 제타플렉스 잠실점,서울특별시 송파구 올림픽로 240 (잠실동),37.5113096112036,127.098141751177,11,710,SH,SH04,SH040300,2026-03-19 09:49:59+09:00,https://tong.visitkorea.or.kr/cms/resource/36/4019236_image2_1.jpg,https://tong.visitkorea.or.kr/cms/resource/36/4019236_image3_1.jpg,2026-09-05T02:12:18.458439+09:00
2894617,38,랄프로렌칠드런 롯데백화점 잠실점,서울특별시 송파구 올림픽로 240 (잠실동) 8층,37.5113096112036,127.098141751177,11,710,SH,SH04,SH040300,2026-03-19 09:49:59+09:00,https://tong.visitkorea.or.kr/cms/resource/86/4019686_image2_1.jpg,https://tong.visitkorea.or.kr/cms/resource/86/4019686_image3_1.jpg,2026-09-05T02:12:18.458439+09:00
2894621,38,폴로랄프로렌 롯데백화점 잠실 에비뉴엘점,서울특별시 송파구 올림픽로 300 (신천동) 4층,37.5137129859207,127.104301829165,11,710,SH,SH04,SH040300,2026-03-19 09:49:59+09:00,https://tong.visitkorea.or.kr/cms/resource/17/4019717_image2_1.jpg,https://tong.visitkorea.or.kr/cms/resource/17/4019717_image3_1.jpg,2026-09-05T02:12:18.458439+09:00
2894645,38,로드시스템,서울특별시 송파구 오금로 87 (방이동),37.5146105475103,127.107438305989,11,710,SH,SH04,SH040300,2026-03-19 09:49:59+09:00,https://tong.visitkorea.or.kr/cms/resource/95/4020295_image2_1.jpg,https://tong.visitkorea.or.kr/cms/resource/95/4020295_image3_1.jpg,2026-09-05T02:12:18.458439+09:00
2894646,38,다미아니 롯데백화점 잠실 에비뉴엘점,서울특별시 송파구 올림픽로 300 (신천동) 2층,37.5137129859207,127.104301829165,11,710,SH,SH04,SH040300,2026-03-26 09:20:41+09:00,https://tong.visitkorea.or.kr/cms/resource/62/4019262_image2_1.jpg,https://tong.visitkorea.or.kr/cms/resource/62/4019262_image3_1.jpg,2026-09-05T02:12:18.458439+09:00
2894648,38,난닝구 롯데월드몰점,서울특별시 송파구 올림픽로 300 (신천동) 5층,37.5137129859207,127.104301829165,11,710,SH,SH04,SH040300,2026-03-26 09:20:41+09:00,https://tong.visitkorea.or.kr/cms/resource/75/4019275_image2_1.jpg,https://tong.visitkorea.or.kr/cms/resource/75/4019275_image3_1.jpg,2026-09-05T02:12:18.458439+09:00
2895291,38,펜디 롯데백화점 잠실 에비뉴엘점,서울특별시 송파구 올림픽로 300 (신천동) 3층,37.5137129859207,127.104301829165,11,710,SH,SH04,SH040300,2026-03-26 09:20:41+09:00,https://tong.visitkorea.or.kr/cms/resource/55/4019255_image2_1.jpg,https://tong.visitkorea.or.kr/cms/resource/55/4019255_image3_1.jpg,2026-09-05T02:12:18.458439+09:00
2900061,38,롯데월드 아쿠아리움,서울특별시 송파구 올림픽로 300 (신천동) B1층,37.5137129859207,127.104301829165,11,710,SH,SH04,SH040300,2026-03-27 09:21:50+09:00,https://tong.visitkorea.or.kr/cms/resource/15/4018715_image2_1.jpg,https://tong.visitkorea.or.kr/cms/resource/15/4018715_image3_1.jpg,2026-09-05T02:12:18.458439+09:00
2900115,38,서울스카이 롯데백화점 잠실 에비뉴엘점,서울특별시 송파구 올림픽로 300 (신천동),37.5137129859207,127.104301829165,11,710,SH,SH04,SH040300,2026-03-19 09:49:59+09:00,https://tong.visitkorea.or.kr/cms/resource/45/4019145_image2_1.jpg,https://tong.visitkorea.or.kr/cms/resource/45/4019145_image3_1.jpg,2026-09-05T02:12:18.458439+09:00
2900265,38,룰루레몬 롯데백화점 에비뉴엘 잠실점,서울특별시 송파구 올림픽로 300 (신천동) 1층,37.5137129859207,127.104301829165,11,710,SH,SH04,SH040300,2026-03-18 10:10:05+09:00,https://tong.visitkorea.or.kr/cms/resource/14/4017214_image2_1.jpg,https://tong.visitkorea.or.kr/cms/resource/14/4017214_image3_1.jpg,2026-09-05T02:12:18.458439+09:00
2901008,38,지프키즈 현대아울렛 가든파이브점,서울특별시 송파구 충민로 66 (문정동),37.4776148442516,127.124961768886,11,710,SH,SH04,SH040300,2026-03-18 10:10:05+09:00,https://tong.visitkorea.or.kr/cms/resource/66/4018566_image2_1.jpg,https://tong.visitkorea.or.kr/cms/resource/66/4018566_image3_1.jpg,2026-09-05T02:12:18.458439+09:00
2901043,38,로제도르 현대아울렛 가든파이브점,서울특별시 송파구 충민로 66 (문정동) 1층,37.4776148442516,127.124961768886,11,710,SH,SH04,SH040300,2026-03-27 09:21:50+09:00,https://tong.visitkorea.or.kr/cms/resource/65/4019065_image2_1.jpg,https://tong.visitkorea.or.kr/cms/resource/65/4019065_image3_1.jpg,2026-09-05T02:12:18.458439+09:00
2901472,38,유니클로 현대아울렛 가든파이브점,서울특별시 송파구 충민로 66 (문정동) B1층,37.4776148442516,127.124961768886,11,710,SH,SH04,SH040300,2026-03-27 09:21:50+09:00,https://tong.visitkorea.or.kr/cms/resource/67/4019067_image2_1.jpg,https://tong.visitkorea.or.kr/cms/resource/67/4019067_image3_1.jpg,2026-09-05T02:12:18.458439+09:00
2901528,38,SJ 현대아울렛 가든파이브점,서울특별시 송파구 충민로 66 (문정동),37.4776148442516,127.124961768886,11,710,SH,SH04,SH040300,2026-03-19 09:49:59+09:00,https://tong.visitkorea.or.kr/cms/resource/90/4019090_image2_1.jpg,https://tong.visitkorea.or.kr/cms/resource/90/4019090_image3_1.jpg,2026-09-05T02:12:18.458439+09:00
2901675,38,ZARA HOME 롯데월드몰점,서울특별시 송파구 올림픽로 300 (신천동) B1층,37.5137129859207,127.104301829165,11,710,SH,SH04,SH040300,2026-03-26 09:20:41+09:00,https://tong.visitkorea.or.kr/cms/resource/78/4019278_image2_1.jpg,https://tong.visitkorea.or.kr/cms/resource/78/4019278_image3_1.jpg,2026-09-05T02:12:18.458439+09:00
2901980,38,팀버랜드 롯데월드몰점,서울특별시 송파구 올림픽로 300 (신천동) 3층,37.5137129859207,127.104301829165,11,710,SH,SH04,SH040300,2026-03-27 09:21:50+09:00,https://tong.visitkorea.or.kr/cms/resource/52/4019152_image2_1.jpg,https://tong.visitkorea.or.kr/cms/resource/52/4019152_image3_1.jpg,2026-09-05T02:12:18.458439+09:00
2901998,38,카카오프렌즈 롯데월드몰점,서울특별시 송파구 올림픽로 300 (신천동) 5층,37.5137129859207,127.104301829165,11,710,SH,SH04,SH040300,2026-03-26 09:20:41+09:00,https://tong.visitkorea.or.kr/cms/resource/76/4019276_image2_1.jpg,https://tong.visitkorea.or.kr/cms/resource/76/4019276_image3_1.jpg,2026-09-05T02:12:18.458439+09:00
2902190,38,매그제이 롯데백화점 에비뉴엘 잠실점,서울특별시 송파구 올림픽로 300 (신천동) 2층,37.5137129859207,127.104301829165,11,710,SH,SH04,SH040300,2026-03-27 09:21:50+09:00,https://tong.visitkorea.or.kr/cms/resource/49/4019149_image2_1.jpg,https://tong.visitkorea.or.kr/cms/resource/49/4019149_image3_1.jpg,2026-09-05T02:12:18.458439+09:00
2902369,38,소다 현대아울렛 가든파이브점,서울특별시 송파구 충민로 66 (문정동),37.4776148442516,127.124961768886,11,710,SH,SH04,SH040300,2026-03-27 09:21:50+09:00,https://tong.visitkorea.or.kr/cms/resource/77/4019077_image2_1.jpg,https://tong.visitkorea.or.kr/cms/resource/77/4019077_image3_1.jpg,2026-09-05T02:12:18.458439+09:00
2902411,38,나이키 롯데월드몰점,서울특별시 송파구 올림픽로 300 (신천동) 3층,37.5137129859207,127.104301829165,11,710,SH,SH04,SH040300,2026-03-27 09:21:50+09:00,https://tong.visitkorea.or.kr/cms/resource/58/4019158_image2_1.jpg,https://tong.visitkorea.or.kr/cms/resource/58/4019158_image3_1.jpg,2026-09-05T02:12:18.458439+09:00
2902499,38,ABC마트 GS 롯데백화점 에비뉴엘 잠실점,서울특별시 송파구 올림픽로 300 (신천동) 4층,37.5137129859207,127.104301829165,11,710,SH,SH04,SH040300,2026-03-19 09:49:59+09:00,https://tong.visitkorea.or.kr/cms/resource/73/4019273_image2_1.jpg,https://tong.visitkorea.or.kr/cms/resource/73/4019273_image3_1.jpg,2026-09-05T02:12:18.458439+09:00
2902976,38,듀퐁클래식 현대아울렛 가든파이브점,서울특별시 송파구 충민로 66 (문정동),37.4776148442516,127.124961768886,11,710,SH,SH04,SH040300,2026-04-01 03:54:40+09:00,https://tong.visitkorea.or.kr/cms/resource/58/4018558_image2_1.jpg,https://tong.visitkorea.or.kr/cms/resource/58/4018558_image3_1.jpg,2026-09-05T02:12:18.458439+09:00
2902991,38,ABC마트 ST 현대아울렛 가든파이브점,서울특별시 송파구 충민로 66 (문정동),37.4776148442516,127.124961768886,11,710,SH,SH04,SH040300,2026-03-18 10:10:05+09:00,https://tong.visitkorea.or.kr/cms/resource/57/4018557_image2_1.jpg,https://tong.visitkorea.or.kr/cms/resource/57/4018557_image3_1.jpg,2026-09-05T02:12:18.458439+09:00
2903037,38,샤넬 부티크 롯데백화점 잠실 에비뉴엘점,서울특별시 송파구 올림픽로 300 (신천동) 1층,37.5137129859207,127.104301829165,11,710,SH,SH04,SH040300,2026-03-19 09:49:59+09:00,https://tong.visitkorea.or.kr/cms/resource/21/4019321_image2_1.jpg,https://tong.visitkorea.or.kr/cms/resource/21/4019321_image3_1.jpg,2026-09-05T02:12:18.458439+09:00
2903130,38,캠브리지 롯데백화점 잠실점,서울특별시 송파구 올림픽로 240 (잠실동) 5층,37.5113096112036,127.098141751177,11,710,SH,SH04,SH040300,2026-03-19 09:49:59+09:00,https://tong.visitkorea.or.kr/cms/resource/84/4019684_image2_1.jpg,https://tong.visitkorea.or.kr/cms/resource/84/4019684_image3_1.jpg,2026-09-05T02:12:18.458439+09:00
2903243,38,오메가 롯데백화점 잠실 에비뉴엘점,서울특별시 송파구 올림픽로 300 (신천동) 2층,37.5137129859207,127.104301829165,11,710,SH,SH04,SH040300,2026-03-26 09:20:41+09:00,https://tong.visitkorea.or.kr/cms/resource/67/4019267_image2_1.jpg,https://tong.visitkorea.or.kr/cms/resource/67/4019267_image3_1.jpg,2026-09-05T02:12:18.458439+09:00
2903412,38,한주주방아울렛,서울특별시 송파구 양재대로 932 (가락동) 2층,37.4945376921828,127.108713599026,11,710,SH,SH04,SH040300,2026-03-26 09:20:41+09:00,https://tong.visitkorea.or.kr/cms/resource/33/4019233_image2_1.jpg,https://tong.visitkorea.or.kr/cms/resource/33/4019233_image3_1.jpg,2026-09-05T02:12:18.458439+09:00
2903446,38,솔리드옴므 현대아울렛 가든파이브점,서울특별시 송파구 충민로 66 (문정동) 4층,37.4776148442516,127.124961768886,11,710,SH,SH04,SH040300,2026-03-27 09:21:50+09:00,https://tong.visitkorea.or.kr/cms/resource/77/4018577_image2_1.jpg,https://tong.visitkorea.or.kr/cms/resource/77/4018577_image3_1.jpg,2026-09-05T02:12:18.458439+09:00
2903449,38,레노마골프 현대아울렛 가든파이브점,서울특별시 송파구 충민로 66 (문정동) 4층,37.4776148442516,127.124961768886,11,710,SH,SH04,SH040300,2026-03-27 09:21:50+09:00,https://tong.visitkorea.or.kr/cms/resource/75/4018575_image2_1.jpg,https://tong.visitkorea.or.kr/cms/resource/75/4018575_image3_1.jpg,2026-09-05T02:12:18.458439+09:00
2903451,38,디자인스킨 롯데월드몰점,서울특별시 송파구 올림픽로 300 (신천동) 5층,37.5137129859207,127.104301829165,11,710,SH,SH04,SH040300,2026-03-26 09:20:41+09:00,https://tong.visitkorea.or.kr/cms/resource/83/4019283_image2_1.jpg,https://tong.visitkorea.or.kr/cms/resource/83/4019283_image3_1.jpg,2026-09-05T02:12:18.458439+09:00
2903714,38,디올 롯데월드몰점,서울특별시 송파구 올림픽로 300 (신천동) B1층,37.5137129859207,127.104301829165,11,710,SH,SH04,SH040300,2026-03-19 09:49:59+09:00,https://tong.visitkorea.or.kr/cms/resource/65/4019165_image2_1.jpg,https://tong.visitkorea.or.kr/cms/resource/65/4019165_image3_1.jpg,2026-09-05T02:12:18.458439+09:00
2904556,38,마인드브릿지 현대아울렛 가든파이브점,서울특별시 송파구 충민로 66 (문정동) 3층,37.4776148442516,127.124961768886,11,710,SH,SH04,SH040300,2026-03-27 09:21:50+09:00,https://tong.visitkorea.or.kr/cms/resource/83/4018583_image2_1.jpg,https://tong.visitkorea.or.kr/cms/resource/83/4018583_image3_1.jpg,2026-09-05T02:12:18.458439+09:00
2904572,38,랄프로렌칠드런 롯데월드몰점,서울특별시 송파구 올림픽로 300 (신천동) 4층,37.5137129859207,127.104301829165,11,710,SH,SH04,SH040300,2026-03-19 09:49:59+09:00,https://tong.visitkorea.or.kr/cms/resource/72/4019272_image2_1.jpg,https://tong.visitkorea.or.kr/cms/resource/72/4019272_image3_1.jpg,2026-09-05T02:12:18.458439+09:00
2904754,38,나이키스윔 롯데백화점 잠실점,서울특별시 송파구 올림픽로 240 (잠실동) 7층,37.5113096112036,127.098141751177,11,710,SH,SH04,SH040300,2026-03-19 09:49:59+09:00,https://tong.visitkorea.or.kr/cms/resource/79/4019679_image2_1.jpg,https://tong.visitkorea.or.kr/cms/resource/79/4019679_image3_1.jpg,2026-09-05T02:12:18.458439+09:00
2904874,38,CH 캐롤리나 헤레라 롯데백화점 잠실 에비뉴엘점,서울특별시 송파구 올림픽로 300 (신천동) 3층,37.5137129859207,127.104301829165,11,710,SH,SH04,SH040300,2026-03-26 09:20:41+09:00,https://tong.visitkorea.or.kr/cms/resource/59/4019259_image2_1.jpg,https://tong.visitkorea.or.kr/cms/resource/59/4019259_image3_1.jpg,2026-09-05T02:12:18.458439+09:00
2905104,38,롯데마트 월드타워점,서울특별시 송파구 올림픽로 300 (신천동) B2층,37.5137129859207,127.104301829165,11,710,SH,SH04,SH040300,2026-03-27 09:21:50+09:00,https://tong.visitkorea.or.kr/cms/resource/14/4018714_image2_1.jpg,https://tong.visitkorea.or.kr/cms/resource/14/4018714_image3_1.jpg,2026-09-05T02:12:18.458439+09:00
2905451,38,노스페이스 문정점,서울특별시 송파구 중대로10길 39 (가락동),37.4908109463834,127.124079030492,11,710,SH,SH04,SH040300,2026-03-27 09:21:50+09:00,https://tong.visitkorea.or.kr/cms/resource/66/4019166_image2_1.jpg,https://tong.visitkorea.or.kr/cms/resource/66/4019166_image3_1.jpg,2026-09-05T02:12:18.458439+09:00
2905454,38,룩옵티컬 롯데월드몰점,서울특별시 송파구 올림픽로 300 (신천동) B1층,37.5137129859207,127.104301829165,11,710,SH,SH04,SH040300,2026-03-27 09:21:50+09:00,https://tong.visitkorea.or.kr/cms/resource/63/4019163_image2_1.jpg,https://tong.visitkorea.or.kr/cms/resource/63/4019163_image3_1.jpg,2026-09-05T02:12:18.458439+09:00
2905644,38,지이크 현대아울렛 가든파이브점,서울특별시 송파구 충민로 66 (문정동),37.4776148442516,127.124961768886,11,710,SH,SH04,SH040300,2026-03-27 09:21:50+09:00,https://tong.visitkorea.or.kr/cms/resource/56/4018556_image2_1.jpg,https://tong.visitkorea.or.kr/cms/resource/56/4018556_image3_1.jpg,2026-09-05T02:12:18.458439+09:00
2905999,38,래핑차일드 현대아울렛 가든파이브점,서울특별시 송파구 충민로 66 (문정동),37.4776148442516,127.124961768886,11,710,SH,SH04,SH040300,2026-03-27 09:21:50+09:00,https://tong.visitkorea.or.kr/cms/resource/60/4018560_image2_1.jpg,https://tong.visitkorea.or.kr/cms/resource/60/4018560_image3_1.jpg,2026-09-05T02:12:18.458439+09:00
2906641,38,맥 롯데월드몰점,서울특별시 송파구 올림픽로 300 (신천동) 1층,37.5137129859207,127.104301829165,11,710,SH,SH04,SH040300,2026-03-27 09:21:50+09:00,https://tong.visitkorea.or.kr/cms/resource/47/4019147_image2_1.jpg,https://tong.visitkorea.or.kr/cms/resource/47/4019147_image3_1.jpg,2026-09-05T02:12:18.458439+09:00
2907052,38,네파 현대아울렛 가든파이브점,서울특별시 송파구 충민로 66 (문정동) 3층,37.4776148442516,127.124961768886,11,710,SH,SH04,SH040300,2026-03-27 09:21:50+09:00,https://tong.visitkorea.or.kr/cms/resource/78/4018578_image2_1.jpg,https://tong.visitkorea.or.kr/cms/resource/78/4018578_image3_1.jpg,2026-09-05T02:12:18.458439+09:00
2907141,38,무냐무냐 현대아울렛 가든파이브점,서울특별시 송파구 충민로 66 (문정동),37.4776148442516,127.124961768886,11,710,SH,SH04,SH040300,2026-03-27 09:21:50+09:00,https://tong.visitkorea.or.kr/cms/resource/75/4019075_image2_1.jpg,https://tong.visitkorea.or.kr/cms/resource/75/4019075_image3_1.jpg,2026-09-05T02:12:18.458439+09:00
2907172,38,블랙야크 NC백화점 송파점,서울특별시 송파구 충민로 66 (문정동),37.4776148442516,127.124961768886,11,710,SH,SH04,SH040300,2026-03-27 09:21:50+09:00,https://tong.visitkorea.or.kr/cms/resource/63/4018563_image2_1.jpg,https://tong.visitkorea.or.kr/cms/resource/63/4018563_image3_1.jpg,2026-09-05T02:12:18.458439+09:00
2907388,38,아프리카안경 롯데백화점 에비뉴엘 잠실점,서울특별시 송파구 올림픽로 300 (신천동) 4층,37.5137129859207,127.104301829165,11,710,SH,SH04,SH040300,2026-03-30 09:16:11+09:00,https://tong.visitkorea.or.kr/cms/resource/13/4017213_image2_1.jpg,https://tong.visitkorea.or.kr/cms/resource/13/4017213_image3_1.jpg,2026-09-05T02:12:18.458439+09:00
2907692,38,오프라벨 현대아울렛 가든파이브점,서울특별시 송파구 충민로 66 (문정동),37.4776148442516,127.124961768886,11,710,SH,SH04,SH040300,2026-03-27 09:21:50+09:00,https://tong.visitkorea.or.kr/cms/resource/50/4018550_image2_1.jpg,https://tong.visitkorea.or.kr/cms/resource/50/4018550_image3_1.jpg,2026-09-05T02:12:18.458439+09:00
2908868,38,파리게이츠 현대아울렛 가든파이브점,서울특별시 송파구 충민로 66 (문정동),37.4776148442516,127.124961768886,11,710,SH,SH04,SH040300,2026-03-27 09:21:50+09:00,https://tong.visitkorea.or.kr/cms/resource/65/4018565_image2_1.jpg,https://tong.visitkorea.or.kr/cms/resource/65/4018565_image3_1.jpg,2026-09-05T02:12:18.458439+09:00
2908884,38,쥬크 현대아울렛 가든파이브점,서울특별시 송파구 충민로 66 (문정동),37.4776148442516,127.124961768886,11,710,SH,SH04,SH040300,2026-03-26 09:20:41+09:00,https://tong.visitkorea.or.kr/cms/resource/24/4019324_image2_1.jpg,https://tong.visitkorea.or.kr/cms/resource/24/4019324_image3_1.jpg,2026-09-05T02:12:18.458439+09:00
2909022,38,버버리 칠드런 롯데백화점 잠실점,서울특별시 송파구 올림픽로 240 (잠실동) 8층,37.5113096112036,127.098141751177,11,710,SH,SH04,SH040300,2026-03-27 09:21:50+09:00,https://tong.visitkorea.or.kr/cms/resource/85/4019685_image2_1.jpg,https://tong.visitkorea.or.kr/cms/resource/85/4019685_image3_1.jpg,2026-09-05T02:12:18.458439+09:00
2909145,38,휴고보스 롯데백화점 잠실 에비뉴엘점,서울특별시 송파구 올림픽로 300 (신천동) 4층,37.5137129859207,127.104301829165,11,710,SH,SH04,SH040300,2026-03-27 09:21:50+09:00,https://tong.visitkorea.or.kr/cms/resource/15/4019715_image2_1.jpg,https://tong.visitkorea.or.kr/cms/resource/15/4019715_image3_1.jpg,2026-09-05T02:12:18.458439+09:00
2909223,38,MLB 현대아울렛 가든파이브점,서울특별시 송파구 충민로 66 (문정동),37.4776148442516,127.124961768886,11,710,SH,SH04,SH040300,2026-03-27 09:21:50+09:00,https://tong.visitkorea.or.kr/cms/resource/51/4018551_image2_1.jpg,https://tong.visitkorea.or.kr/cms/resource/51/4018551_image3_1.jpg,2026-09-05T02:12:18.458439+09:00
2909852,38,마인 현대아울렛 가든파이브점,서울특별시 송파구 충민로 66 (문정동),37.4776148442516,127.124961768886,11,710,SH,SH04,SH040300,2026-03-27 09:21:50+09:00,https://tong.visitkorea.or.kr/cms/resource/89/4019089_image2_1.jpg,https://tong.visitkorea.or.kr/cms/resource/89/4019089_image3_1.jpg,2026-09-05T02:12:18.458439+09:00
2909921,38,불가리 롯데백화점 잠실 에비뉴엘점,서울특별시 송파구 올림픽로 300 (신천동) 1층,37.5137129859207,127.104301829165,11,710,SH,SH04,SH040300,2026-03-19 09:49:59+09:00,https://tong.visitkorea.or.kr/cms/resource/84/4019284_image2_1.jpg,https://tong.visitkorea.or.kr/cms/resource/84/4019284_image3_1.jpg,2026-09-05T02:12:18.458439+09:00
2909984,38,휠라 현대아울렛 가든파이브점,서울특별시 송파구 충민로 66 (문정동),37.4776148442516,127.124961768886,11,710,SH,SH04,SH040300,2026-03-27 09:21:50+09:00,https://tong.visitkorea.or.kr/cms/resource/62/4018562_image2_1.jpg,https://tong.visitkorea.or.kr/cms/resource/62/4018562_image3_1.jpg,2026-09-05T02:12:18.458439+09:00
2909987,38,타미힐피거 현대아울렛 가든파이브점,서울특별시 송파구 충민로 66 (문정동) 1층,37.4776148442516,127.124961768886,11,710,SH,SH04,SH040300,2026-03-27 09:21:50+09:00,https://tong.visitkorea.or.kr/cms/resource/92/4019092_image2_1.jpg,https://tong.visitkorea.or.kr/cms/resource/92/4019092_image3_1.jpg,2026-09-05T02:12:18.458439+09:00
2910152,38,타임옴므 현대아울렛 가든파이브점,서울특별시 송파구 충민로 66 (문정동) 4층,37.4776148442516,127.124961768886,11,710,SH,SH04,SH040300,2026-03-27 09:21:50+09:00,https://tong.visitkorea.or.kr/cms/resource/87/4018587_image2_1.jpg,https://tong.visitkorea.or.kr/cms/resource/87/4018587_image3_1.jpg,2026-09-05T02:12:18.458439+09:00
2910172,38,시슬리 현대아울렛 가든파이브점,서울특별시 송파구 충민로 66 (문정동),37.4776148442516,127.124961768886,11,710,SH,SH04,SH040300,2026-03-27 09:21:50+09:00,https://tong.visitkorea.or.kr/cms/resource/69/4019069_image2_1.jpg,https://tong.visitkorea.or.kr/cms/resource/69/4019069_image3_1.jpg,2026-09-05T02:12:18.458439+09:00
2910309,38,지고트 현대아울렛 가든파이브점,서울특별시 송파구 충민로 66 (문정동),37.4776148442516,127.124961768886,11,710,SH,SH04,SH040300,2026-03-27 09:21:50+09:00,https://tong.visitkorea.or.kr/cms/resource/79/4019079_image2_1.jpg,https://tong.visitkorea.or.kr/cms/resource/79/4019079_image3_1.jpg,2026-09-05T02:12:18.458439+09:00
2910345,38,탠디 NC백화점 송파점,서울특별시 송파구 충민로 66 (문정동),37.4776148442516,127.124961768886,11,710,SH,SH04,SH040300,2026-04-07 00:24:15+09:00,https://tong.visitkorea.or.kr/cms/resource/77/4017977_image2_1.jpg,https://tong.visitkorea.or.kr/cms/resource/77/4017977_image3_1.jpg,2026-09-05T02:12:18.458439+09:00
2910592,38,캠브리지멤버스 현대아울렛 가든파이브점,서울특별시 송파구 충민로 66 (문정동) 4층,37.4776148442516,127.124961768886,11,710,SH,SH04,SH040300,2026-04-01 03:56:47+09:00,https://tong.visitkorea.or.kr/cms/resource/85/4018585_image2_1.jpg,https://tong.visitkorea.or.kr/cms/resource/85/4018585_image3_1.jpg,2026-09-05T02:12:18.458439+09:00
2910616,38,골든듀 롯데백화점 잠실점,서울특별시 송파구 올림픽로 240 (잠실동) 1층,37.5113096112036,127.098141751177,11,710,SH,SH04,SH040300,2026-03-27 09:21:50+09:00,https://tong.visitkorea.or.kr/cms/resource/87/4019687_image2_1.jpg,https://tong.visitkorea.or.kr/cms/resource/87/4019687_image3_1.jpg,2026-09-05T02:12:18.458439+09:00
2910809,38,유니클로 롯데월드몰점,서울특별시 송파구 올림픽로 300 (신천동),37.5137129859207,127.104301829165,11,710,SH,SH04,SH040300,2026-03-27 09:21:50+09:00,https://tong.visitkorea.or.kr/cms/resource/46/4019146_image2_1.jpg,https://tong.visitkorea.or.kr/cms/resource/46/4019146_image3_1.jpg,2026-09-05T02:12:18.458439+09:00
2910958,38,보그너 현대아울렛 가든파이브점,서울특별시 송파구 충민로 66 (문정동) 4층,37.4776148442516,127.124961768886,11,710,SH,SH04,SH040300,2026-03-27 09:21:50+09:00,https://tong.visitkorea.or.kr/cms/resource/81/4018581_image2_1.jpg,https://tong.visitkorea.or.kr/cms/resource/81/4018581_image3_1.jpg,2026-09-05T02:12:18.458439+09:00
2911231,38,빈폴아울렛 현대아울렛 가든파이브점,서울특별시 송파구 충민로 66 (문정동) 1층,37.4776148442516,127.124961768886,11,710,SH,SH04,SH040300,2026-03-19 09:49:59+09:00,https://tong.visitkorea.or.kr/cms/resource/62/4019062_image2_1.jpg,https://tong.visitkorea.or.kr/cms/resource/62/4019062_image3_1.jpg,2026-09-05T02:12:18.458439+09:00
2911317,38,코오롱스포츠 문정직영점,서울특별시 송파구 동남로 128 (문정동),37.4906990765475,127.125326068511,11,710,SH,SH04,SH040300,2026-03-19 09:49:59+09:00,https://tong.visitkorea.or.kr/cms/resource/20/4019320_image2_1.jpg,https://tong.visitkorea.or.kr/cms/resource/20/4019320_image3_1.jpg,2026-09-05T02:12:18.458439+09:00
2911349,38,젠틀몬스터 롯데백화점 잠실점,서울특별시 송파구 올림픽로 240 (잠실동) 1층,37.5113096112036,127.098141751177,11,710,SH,SH04,SH040300,2026-03-27 09:21:50+09:00,https://tong.visitkorea.or.kr/cms/resource/70/4019670_image2_1.jpg,https://tong.visitkorea.or.kr/cms/resource/70/4019670_image3_1.jpg,2026-09-05T02:12:18.458439+09:00
2911390,38,파리미키 롯데백화점 잠실 에비뉴엘점,서울특별시 송파구 올림픽로 300 (신천동) 5층,37.5137129859207,127.104301829165,11,710,SH,SH04,SH040300,2026-03-26 09:20:41+09:00,https://tong.visitkorea.or.kr/cms/resource/79/4019279_image2_1.jpg,https://tong.visitkorea.or.kr/cms/resource/79/4019279_image3_1.jpg,2026-09-05T02:12:18.458439+09:00
2911532,38,클럽모나코 현대아울렛 가든파이브점,서울특별시 송파구 충민로 66 (문정동),37.4776148442516,127.124961768886,11,710,SH,SH04,SH040300,2026-03-27 09:21:50+09:00,https://tong.visitkorea.or.kr/cms/resource/93/4019093_image2_1.jpg,https://tong.visitkorea.or.kr/cms/resource/93/4019093_image3_1.jpg,2026-09-05T02:12:18.458439+09:00
2911649,38,ZARA 롯데월드몰점,서울특별시 송파구 올림픽로 300 (신천동),37.5137129859207,127.104301829165,11,710,SH,SH04,SH040300,2026-03-26 09:20:41+09:00,https://tong.visitkorea.or.kr/cms/resource/47/4019247_image2_1.jpg,https://tong.visitkorea.or.kr/cms/resource/47/4019247_image3_1.jpg,2026-09-05T02:12:18.458439+09:00
2911657,38,MUJI 롯데월드몰점,서울특별시 송파구 올림픽로 300 (신천동) B1층,37.5137129859207,127.104301829165,11,710,SH,SH04,SH040300,2026-03-27 09:21:50+09:00,https://tong.visitkorea.or.kr/cms/resource/34/4019134_image2_1.jpg,https://tong.visitkorea.or.kr/cms/resource/34/4019134_image3_1.jpg,2026-09-05T02:12:18.458439+09:00
2911932,38,잇미샤 현대아울렛 가든파이브점,서울특별시 송파구 충민로 66 (문정동),37.4776148442516,127.124961768886,11,710,SH,SH04,SH040300,2026-03-27 09:21:50+09:00,https://tong.visitkorea.or.kr/cms/resource/72/4019072_image2_1.jpg,https://tong.visitkorea.or.kr/cms/resource/72/4019072_image3_1.jpg,2026-09-05T02:12:18.458439+09:00
2912190,38,미우미우 롯데백화점 잠실점,서울특별시 송파구 올림픽로 240 (잠실동) 1층,37.5113096112036,127.098141751177,11,710,SH,SH04,SH040300,2026-03-26 09:20:41+09:00,https://tong.visitkorea.or.kr/cms/resource/41/4019241_image2_1.jpg,https://tong.visitkorea.or.kr/cms/resource/41/4019241_image3_1.jpg,2026-09-05T02:12:18.458439+09:00
2912197,38,IWC 샤프하우젠 롯데월드몰점,서울특별시 송파구 올림픽로 300 (신천동) 2층,37.5137129859207,127.104301829165,11,710,SH,SH04,SH040300,2026-03-19 09:49:59+09:00,https://tong.visitkorea.or.kr/cms/resource/22/4019322_image2_1.jpg,https://tong.visitkorea.or.kr/cms/resource/22/4019322_image3_1.jpg,2026-09-05T02:12:18.458439+09:00
2912460,38,탑텐키즈 롯데월드몰점,서울특별시 송파구 올림픽로 300 (신천동) 4층,37.5137129859207,127.104301829165,11,710,SH,SH04,SH040300,2026-03-26 09:20:41+09:00,https://tong.visitkorea.or.kr/cms/resource/70/4019270_image2_1.jpg,https://tong.visitkorea.or.kr/cms/resource/70/4019270_image3_1.jpg,2026-09-05T02:12:18.458439+09:00
2912528,38,올리브영 문정역점,서울특별시 송파구 송파대로 167 (문정동) B1층,37.4846614982049,127.120933640924,11,710,SH,SH04,SH040300,2026-03-17 10:12:59+09:00,https://tong.visitkorea.or.kr/cms/resource/06/4028706_image2_1.jpeg,https://tong.visitkorea.or.kr/cms/resource/06/4028706_image3_1.jpeg,2026-09-05T02:12:18.458439+09:00
2912696,38,K2 현대아울렛 가든파이브점,서울특별시 송파구 충민로 66 (문정동),37.4776148442516,127.124961768886,11,710,SH,SH04,SH040300,2026-03-27 09:21:50+09:00,https://tong.visitkorea.or.kr/cms/resource/55/4018555_image2_1.jpg,https://tong.visitkorea.or.kr/cms/resource/55/4018555_image3_1.jpg,2026-09-05T02:12:18.458439+09:00
2913321,38,아트박스 위례앨리웨이점,"서울특별시 송파구 위례광장로 230 (장지동, 위례2차아이파크)",37.478619812243,127.143533445087,11,710,SH,SH04,SH040300,2026-03-18 10:10:05+09:00,https://tong.visitkorea.or.kr/cms/resource/47/4018547_image2_1.jpg,https://tong.visitkorea.or.kr/cms/resource/47/4018547_image3_1.jpg,2026-09-05T02:12:18.458439+09:00
2913770,38,롯데하이마트 가락점,서울특별시 송파구 중대로 222 (가락동),37.5014396536552,127.128058332644,11,710,SH,SH04,SH040300,2026-03-19 09:49:59+09:00,https://tong.visitkorea.or.kr/cms/resource/27/4019827_image2_1.jpg,https://tong.visitkorea.or.kr/cms/resource/27/4019827_image3_1.jpg,2026-09-05T02:12:18.458439+09:00
2914295,38,앤드지 현대아울렛 가든파이브점,서울특별시 송파구 충민로 66 (문정동) 4층,37.4776148442516,127.124961768886,11,710,SH,SH04,SH040300,2026-03-27 09:21:50+09:00,https://tong.visitkorea.or.kr/cms/resource/84/4018584_image2_1.jpg,https://tong.visitkorea.or.kr/cms/resource/84/4018584_image3_1.jpg,2026-09-05T02:12:18.458439+09:00
2914314,38,타사키 롯데백화점 잠실 에비뉴엘점,서울특별시 송파구 올림픽로 300 (신천동) 2층,37.5137129859207,127.104301829165,11,710,SH,SH04,SH040300,2026-03-27 09:21:50+09:00,https://tong.visitkorea.or.kr/cms/resource/09/4019709_image2_1.jpg,https://tong.visitkorea.or.kr/cms/resource/09/4019709_image3_1.jpg,2026-09-05T02:12:18.458439+09:00
2914575,38,지오지아 현대아울렛 가든파이브점,서울특별시 송파구 충민로 66 (문정동) 4층,37.4776148442516,127.124961768886,11,710,SH,SH04,SH040300,2026-03-27 09:21:50+09:00,https://tong.visitkorea.or.kr/cms/resource/21/4018721_image2_1.jpg,https://tong.visitkorea.or.kr/cms/resource/21/4018721_image3_1.jpg,2026-09-05T02:12:18.458439+09:00
2914769,38,튜더 나우워치 롯데백화점 잠실 에비뉴엘점,서울특별시 송파구 올림픽로 300 (신천동) 2층,37.5137129859207,127.104301829165,11,710,SH,SH04,SH040300,2026-03-19 09:49:59+09:00,https://tong.visitkorea.or.kr/cms/resource/04/4019704_image2_1.jpg,https://tong.visitkorea.or.kr/cms/resource/04/4019704_image3_1.jpg,2026-09-05T02:12:18.458439+09:00
2914845,38,나이키 문정점,서울특별시 송파구 동남로 127 (가락동) 1층,37.4911619865481,127.124926552098,11,710,SH,SH04,SH040300,2026-03-26 09:20:41+09:00,https://tong.visitkorea.or.kr/cms/resource/19/4019319_image2_1.jpg,https://tong.visitkorea.or.kr/cms/resource/19/4019319_image3_1.jpg,2026-09-05T02:12:18.458439+09:00
2914893,38,밀레 현대아울렛 가든파이브점,서울특별시 송파구 충민로 66 (문정동),37.4776148442516,127.124961768886,11,710,SH,SH04,SH040300,2026-03-27 09:21:50+09:00,https://tong.visitkorea.or.kr/cms/resource/69/4018569_image2_1.jpg,https://tong.visitkorea.or.kr/cms/resource/69/4018569_image3_1.jpg,2026-09-05T02:12:18.458439+09:00
2914935,38,지방시 롯데백화점 잠실점,서울특별시 송파구 올림픽로 240 (잠실동) 1층,37.5113096112036,127.098141751177,11,710,SH,SH04,SH040300,2026-03-26 09:20:41+09:00,https://tong.visitkorea.or.kr/cms/resource/31/4019231_image2_1.jpg,https://tong.visitkorea.or.kr/cms/resource/31/4019231_image3_1.jpg,2026-09-05T02:12:18.458439+09:00
2914940,38,비비안 현대아울렛 가든파이브점,서울특별시 송파구 충민로 66 (문정동),37.4776148442516,127.124961768886,11,710,SH,SH04,SH040300,2026-03-27 09:21:50+09:00,https://tong.visitkorea.or.kr/cms/resource/87/4019087_image2_1.jpg,https://tong.visitkorea.or.kr/cms/resource/87/4019087_image3_1.jpg,2026-09-05T02:12:18.458439+09:00
2915117,38,오즈세컨 현대아울렛 가든파이브점,서울특별시 송파구 충민로 66 (문정동),37.4776148442516,127.124961768886,11,710,SH,SH04,SH040300,2026-03-27 09:21:50+09:00,https://tong.visitkorea.or.kr/cms/resource/95/4019095_image2_1.jpg,https://tong.visitkorea.or.kr/cms/resource/95/4019095_image3_1.jpg,2026-09-05T02:12:18.458439+09:00
2915133,38,미샤 현대아울렛 가든파이브점,서울특별시 송파구 충민로 66 (문정동) 2층,37.4776148442516,127.124961768886,11,710,SH,SH04,SH040300,2026-03-27 09:21:50+09:00,https://tong.visitkorea.or.kr/cms/resource/84/4019084_image2_1.jpg,https://tong.visitkorea.or.kr/cms/resource/84/4019084_image3_1.jpg,2026-09-05T02:12:18.458439+09:00
2915300,38,토즈 롯데백화점 잠실 에비뉴엘점,서울특별시 송파구 올림픽로 300 (신천동) 2층,37.5137129859207,127.104301829165,11,710,SH,SH04,SH040300,2026-03-27 09:21:50+09:00,https://tong.visitkorea.or.kr/cms/resource/99/4019699_image2_1.jpg,https://tong.visitkorea.or.kr/cms/resource/99/4019699_image3_1.jpg,2026-09-05T02:12:18.458439+09:00
2915447,38,정관장 잠실본동점,"서울특별시 송파구 백제고분로 188 (잠실동, 잠실포스코더샵)",37.5041712632074,127.08729906563,11,710,SH,SH04,SH040300,2026-03-27 09:21:50+09:00,https://tong.visitkorea.or.kr/cms/resource/40/4019140_image2_1.jpg,https://tong.visitkorea.or.kr/cms/resource/40/4019140_image3_1.jpg,2026-09-05T02:12:18.458439+09:00
2915535,38,듀오 롯데백화점 잠실점,서울특별시 송파구 올림픽로 240 (잠실동) 1층,37.5113096112036,127.098141751177,11,710,SH,SH04,SH040300,2026-03-27 09:21:50+09:00,https://tong.visitkorea.or.kr/cms/resource/71/4019671_image2_1.jpg,https://tong.visitkorea.or.kr/cms/resource/71/4019671_image3_1.jpg,2026-09-05T02:12:18.458439+09:00
2915537,38,프린세스 롯데백화점 잠실점,서울특별시 송파구 올림픽로 240 (잠실동) 1층,37.5113096112036,127.098141751177,11,710,SH,SH04,SH040300,2026-03-16 10:54:17+09:00,https://tong.visitkorea.or.kr/cms/resource/42/4019242_image2_1.jpg,https://tong.visitkorea.or.kr/cms/resource/42/4019242_image3_1.jpg,2026-09-05T02:12:18.458439+09:00
2915621,38,시스템 현대아울렛 가든파이브점,서울특별시 송파구 충민로 66 (문정동),37.4776148442516,127.124961768886,11,710,SH,SH04,SH040300,2026-03-27 09:21:50+09:00,https://tong.visitkorea.or.kr/cms/resource/96/4019096_image2_1.jpg,https://tong.visitkorea.or.kr/cms/resource/96/4019096_image3_1.jpg,2026-09-05T02:12:18.458439+09:00
2915635,38,지오지아 롯데백화점 잠실점,서울특별시 송파구 올림픽로 240 (잠실동) 5층,37.5113096112036,127.098141751177,11,710,SH,SH04,SH040300,2026-03-27 09:21:50+09:00,https://tong.visitkorea.or.kr/cms/resource/72/4019672_image2_1.jpg,https://tong.visitkorea.or.kr/cms/resource/72/4019672_image3_1.jpg,2026-09-05T02:12:18.458439+09:00
2915779,38,랑방컬렉션 현대아울렛 가든파이브점,서울특별시 송파구 충민로 66 (문정동),37.4776148442516,127.124961768886,11,710,SH,SH04,SH040300,2026-03-27 09:21:50+09:00,https://tong.visitkorea.or.kr/cms/resource/97/4019097_image2_1.jpg,https://tong.visitkorea.or.kr/cms/resource/97/4019097_image3_1.jpg,2026-09-05T02:12:18.458439+09:00
2915860,38,닥스구두 현대아울렛 가든파이브점,서울특별시 송파구 충민로 66 (문정동),37.4776148442516,127.124961768886,11,710,SH,SH04,SH040300,2026-03-30 09:16:11+09:00,https://tong.visitkorea.or.kr/cms/resource/29/4019729_image2_1.jpg,https://tong.visitkorea.or.kr/cms/resource/29/4019729_image3_1.jpg,2026-09-05T02:12:18.458439+09:00
2915906,38,아레나수영복 NC백화점 송파점,서울특별시 송파구 충민로 66 (문정동) 5층,37.4776148442516,127.124961768886,11,710,SH,SH04,SH040300,2026-03-18 10:10:05+09:00,https://tong.visitkorea.or.kr/cms/resource/75/4017975_image2_1.jpg,https://tong.visitkorea.or.kr/cms/resource/75/4017975_image3_1.jpg,2026-09-05T02:12:18.458439+09:00
2916171,38,데상트 현대아울렛 가든파이브점,서울특별시 송파구 충민로 66 (문정동) 3층,37.4776148442516,127.124961768886,11,710,SH,SH04,SH040300,2026-03-27 09:21:50+09:00,https://tong.visitkorea.or.kr/cms/resource/82/4018582_image2_1.jpg,https://tong.visitkorea.or.kr/cms/resource/82/4018582_image3_1.jpg,2026-09-05T02:12:18.458439+09:00
2916219,38,롯데하이마트 잠실점,서울특별시 송파구 올림픽로 240 (잠실동),37.5113096112036,127.098141751177,11,710,SH,SH04,SH040300,2026-03-26 09:20:41+09:00,https://tong.visitkorea.or.kr/cms/resource/34/4019234_image2_1.jpg,https://tong.visitkorea.or.kr/cms/resource/34/4019234_image3_1.jpg,2026-09-05T02:12:18.458439+09:00
2916479,38,게스 롯데백화점 잠실점,서울특별시 송파구 올림픽로 240 (잠실동) 7층,37.5113096112036,127.098141751177,11,710,SH,SH04,SH040300,2026-03-27 09:21:50+09:00,https://tong.visitkorea.or.kr/cms/resource/76/4019676_image2_1.jpg,https://tong.visitkorea.or.kr/cms/resource/76/4019676_image3_1.jpg,2026-09-05T02:12:18.458439+09:00
2916571,38,반스 롯데월드몰점,서울특별시 송파구 올림픽로 300 (신천동) 3층,37.5137129859207,127.104301829165,11,710,SH,SH04,SH040300,2026-03-27 09:21:50+09:00,https://tong.visitkorea.or.kr/cms/resource/55/4019155_image2_1.jpg,https://tong.visitkorea.or.kr/cms/resource/55/4019155_image3_1.jpg,2026-09-05T02:12:18.458439+09:00
2917156,38,이마트 가든파이브점,서울특별시 송파구 충민로 10 (문정동) B1층,37.4786173172251,127.119106729654,11,710,SH,SH04,SH040300,2026-03-16 10:54:17+09:00,https://tong.visitkorea.or.kr/cms/resource/83/4018183_image2_1.jpg,https://tong.visitkorea.or.kr/cms/resource/83/4018183_image3_1.jpg,2026-09-05T02:12:18.458439+09:00
2917232,38,르꼬끄스포르티브 롯데월드몰점,서울특별시 송파구 올림픽로 300 (신천동) 3층,37.5137129859207,127.104301829165,11,710,SH,SH04,SH040300,2026-03-19 09:49:59+09:00,https://tong.visitkorea.or.kr/cms/resource/59/4019159_image2_1.jpg,https://tong.visitkorea.or.kr/cms/resource/59/4019159_image3_1.jpg,2026-09-05T02:12:18.458439+09:00
2917592,38,빈폴멘 롯데백화점 잠실점,서울특별시 송파구 올림픽로 240 (잠실동) 5층,37.5113096112036,127.098141751177,11,710,SH,SH04,SH040300,2026-03-19 09:49:59+09:00,https://tong.visitkorea.or.kr/cms/resource/75/4019675_image2_1.jpg,https://tong.visitkorea.or.kr/cms/resource/75/4019675_image3_1.jpg,2026-09-05T02:12:18.458439+09:00
2917595,38,갤럭시 롯데백화점 잠실점,서울특별시 송파구 올림픽로 240 (잠실동) 5층,37.5113096112036,127.098141751177,11,710,SH,SH04,SH040300,2026-03-27 09:21:50+09:00,https://tong.visitkorea.or.kr/cms/resource/81/4019681_image2_1.jpg,https://tong.visitkorea.or.kr/cms/resource/81/4019681_image3_1.jpg,2026-09-05T02:12:18.458439+09:00
2922501,38,올리브영 배명사거리점,서울특별시 송파구 백제고분로 276 (석촌동) 공익빌딩 1층,37.5021081097948,127.097258552535,11,710,SH,SH04,SH040300,2026-03-30 09:16:11+09:00,https://tong.visitkorea.or.kr/cms/resource/98/4028698_image2_1.jpg,https://tong.visitkorea.or.kr/cms/resource/98/4028698_image3_1.jpg,2026-09-05T02:12:18.458439+09:00
2922775,38,원더플레이스 롯데월드몰점,서울특별시 송파구 올림픽로 300 (신천동) 4층,37.5137129859207,127.104301829165,11,710,SH,SH04,SH040300,2026-03-26 09:20:41+09:00,https://tong.visitkorea.or.kr/cms/resource/69/4019269_image2_1.jpg,https://tong.visitkorea.or.kr/cms/resource/69/4019269_image3_1.jpg,2026-09-05T02:12:18.458439+09:00
2922837,38,코데즈컴바인이너웨어 롯데백화점 잠실점 캐슬플라자,"서울특별시 송파구 올림픽로 269 (신천동, 롯데캐슬골드) 1층",37.5144273491608,127.100611434725,11,710,SH,SH04,SH040300,2026-03-27 09:21:50+09:00,https://tong.visitkorea.or.kr/cms/resource/90/4019690_image2_1.jpg,https://tong.visitkorea.or.kr/cms/resource/90/4019690_image3_1.jpg,2026-09-05T02:12:18.458439+09:00
2922895,38,코치 롯데백화점 잠실점,서울특별시 송파구 올림픽로 240 (잠실동) 1층,37.5113096112036,127.098141751177,11,710,SH,SH04,SH040300,2026-03-26 09:20:41+09:00,https://tong.visitkorea.or.kr/cms/resource/43/4019243_image2_1.jpg,https://tong.visitkorea.or.kr/cms/resource/43/4019243_image3_1.jpg,2026-09-05T02:12:18.458439+09:00
2922910,38,롯데하이마트 송파롯데마트점,서울특별시 송파구 중대로 80 (문정동) B1층,37.4917620371568,127.117842816756,11,710,SH,SH04,SH040300,2026-03-27 09:21:50+09:00,https://tong.visitkorea.or.kr/cms/resource/28/4019728_image2_1.jpg,https://tong.visitkorea.or.kr/cms/resource/28/4019728_image3_1.jpg,2026-09-05T02:12:18.458439+09:00
2922929,38,티파니앤코 롯데백화점 잠실 에비뉴엘점,서울특별시 송파구 올림픽로 300 (신천동) 1층,37.5137129859207,127.104301829165,11,710,SH,SH04,SH040300,2026-03-19 09:49:59+09:00,https://tong.visitkorea.or.kr/cms/resource/80/4019680_image2_1.jpg,https://tong.visitkorea.or.kr/cms/resource/80/4019680_image3_1.jpg,2026-09-05T02:12:18.458439+09:00
2922944,38,골프존마켓 잠실점,서울특별시 송파구 삼전로 71 (잠실동),37.5052771624329,127.088502467174,11,710,SH,SH04,SH040300,2026-03-27 09:21:50+09:00,https://tong.visitkorea.or.kr/cms/resource/42/4019142_image2_1.jpg,https://tong.visitkorea.or.kr/cms/resource/42/4019142_image3_1.jpg,2026-09-05T02:12:18.458439+09:00
2923054,38,LG전자 베스트샵 송파점,서울특별시 송파구 송파대로 476 (송파동),37.5087617669791,127.104530193484,11,710,SH,SH04,SH040300,2026-03-27 09:21:50+09:00,https://tong.visitkorea.or.kr/cms/resource/43/4019143_image2_1.jpg,https://tong.visitkorea.or.kr/cms/resource/43/4019143_image3_1.jpg,2026-09-05T02:12:18.458439+09:00
2923654,38,오야니 현대아울렛 가든파이브점,서울특별시 송파구 충민로 66 (문정동),37.4776148442516,127.124961768886,11,710,SH,SH04,SH040300,2026-03-27 09:21:50+09:00,https://tong.visitkorea.or.kr/cms/resource/68/4019068_image2_1.jpg,https://tong.visitkorea.or.kr/cms/resource/68/4019068_image3_1.jpg,2026-09-05T02:12:18.458439+09:00
2923797,38,지오다노 현대아울렛 가든파이브점,서울특별시 송파구 충민로 66 (문정동) 3층,37.4776148442516,127.124961768886,11,710,SH,SH04,SH040300,2026-03-27 09:21:50+09:00,https://tong.visitkorea.or.kr/cms/resource/79/4018579_image2_1.jpg,https://tong.visitkorea.or.kr/cms/resource/79/4018579_image3_1.jpg,2026-09-05T02:12:18.458439+09:00
2923898,38,금강제화 롯데백화점 잠실점,서울특별시 송파구 올림픽로 240 (잠실동) 4층,37.5113096112036,127.098141751177,11,710,SH,SH04,SH040300,2026-03-19 09:49:59+09:00,https://tong.visitkorea.or.kr/cms/resource/32/4019232_image2_1.jpg,https://tong.visitkorea.or.kr/cms/resource/32/4019232_image3_1.jpg,2026-09-05T02:12:18.458439+09:00
2923931,38,스펙터 롯데백화점 잠실점,서울특별시 송파구 올림픽로 240 (잠실동) 5층,37.5113096112036,127.098141751177,11,710,SH,SH04,SH040300,2026-03-27 09:21:50+09:00,https://tong.visitkorea.or.kr/cms/resource/88/4019688_image2_1.jpg,https://tong.visitkorea.or.kr/cms/resource/88/4019688_image3_1.jpg,2026-09-05T02:12:18.458439+09:00
2923949,38,롯데백화점 잠실점,서울특별시 송파구 올림픽로 240 (잠실동),37.5113096112036,127.098141751177,11,710,SH,SH04,SH040300,2026-03-26 09:20:41+09:00,https://tong.visitkorea.or.kr/cms/resource/38/4019238_image2_1.jpg,https://tong.visitkorea.or.kr/cms/resource/38/4019238_image3_1.jpg,2026-09-05T02:12:18.458439+09:00
2924132,38,벨루티 롯데백화점 잠실 에비뉴엘점,서울특별시 송파구 올림픽로 300 (신천동) 4층,37.5137129859207,127.104301829165,11,710,SH,SH04,SH040300,2026-03-27 09:21:50+09:00,https://tong.visitkorea.or.kr/cms/resource/11/4019711_image2_1.jpg,https://tong.visitkorea.or.kr/cms/resource/11/4019711_image3_1.jpg,2026-09-05T02:12:18.458439+09:00
2924135,38,에르노 롯데백화점 에비뉴엘 잠실점,서울특별시 송파구 올림픽로 300 (신천동) 3층,37.5137129859207,127.104301829165,11,710,SH,SH04,SH040300,2026-03-30 09:16:11+09:00,https://tong.visitkorea.or.kr/cms/resource/01/4019701_image2_1.jpg,https://tong.visitkorea.or.kr/cms/resource/01/4019701_image3_1.jpg,2026-09-05T02:12:18.458439+09:00
2924136,38,멀버리 롯데월드몰점,서울특별시 송파구 올림픽로 300 (신천동) 2층,37.5137129859207,127.104301829165,11,710,SH,SH04,SH040300,2026-03-26 09:20:41+09:00,https://tong.visitkorea.or.kr/cms/resource/80/4019280_image2_1.jpg,https://tong.visitkorea.or.kr/cms/resource/80/4019280_image3_1.jpg,2026-09-05T02:12:18.458439+09:00
2924137,38,리모와 롯데백화점 에비뉴엘 잠실점,서울특별시 송파구 올림픽로 300 (신천동) 2층,37.5137129859207,127.104301829165,11,710,SH,SH04,SH040300,2026-03-30 09:16:11+09:00,https://tong.visitkorea.or.kr/cms/resource/23/4019723_image2_1.jpg,https://tong.visitkorea.or.kr/cms/resource/23/4019723_image3_1.jpg,2026-09-05T02:12:18.458439+09:00
2924138,38,레고 롯데월드몰점,서울특별시 송파구 올림픽로 300 (신천동) B1층,37.5137129859207,127.104301829165,11,710,SH,SH04,SH040300,2026-03-27 09:21:50+09:00,https://tong.visitkorea.or.kr/cms/resource/64/4019164_image2_1.jpg,https://tong.visitkorea.or.kr/cms/resource/64/4019164_image3_1.jpg,2026-09-05T02:12:18.458439+09:00
2924140,38,셀린느 롯데백화점 잠실 에비뉴엘점,서울특별시 송파구 올림픽로 300 (신천동) 2층,37.5137129859207,127.104301829165,11,710,SH,SH04,SH040300,2026-03-27 09:21:50+09:00,https://tong.visitkorea.or.kr/cms/resource/06/4019706_image2_1.jpg,https://tong.visitkorea.or.kr/cms/resource/06/4019706_image3_1.jpg,2026-09-05T02:12:18.458439+09:00
2924143,38,지미추 롯데백화점 잠실 에비뉴엘점,서울특별시 송파구 올림픽로 300 (신천동) 3층,37.5137129859207,127.104301829165,11,710,SH,SH04,SH040300,2026-03-27 09:21:50+09:00,https://tong.visitkorea.or.kr/cms/resource/13/4019713_image2_1.jpg,https://tong.visitkorea.or.kr/cms/resource/13/4019713_image3_1.jpg,2026-09-05T02:12:18.458439+09:00
2924148,38,파라점퍼스 롯데백화점 잠실 에비뉴엘점,서울특별시 송파구 올림픽로 300 (신천동) 3층,37.5137129859207,127.104301829165,11,710,SH,SH04,SH040300,2026-03-27 09:21:50+09:00,https://tong.visitkorea.or.kr/cms/resource/10/4019710_image2_1.jpg,https://tong.visitkorea.or.kr/cms/resource/10/4019710_image3_1.jpg,2026-09-05T02:12:18.458439+09:00
2924151,38,파비아나필리피 롯데백화점 에비뉴엘 잠실점,서울특별시 송파구 올림픽로 300 (신천동) 3층,37.5137129859207,127.104301829165,11,710,SH,SH04,SH040300,2026-03-27 09:21:50+09:00,https://tong.visitkorea.or.kr/cms/resource/64/4019264_image2_1.jpg,https://tong.visitkorea.or.kr/cms/resource/64/4019264_image3_1.jpg,2026-09-05T02:12:18.458439+09:00
2924154,38,막스마라 롯데백화점 잠실 에비뉴엘점,서울특별시 송파구 올림픽로 300 (신천동) 2층,37.5137129859207,127.104301829165,11,710,SH,SH04,SH040300,2026-03-27 09:21:50+09:00,https://tong.visitkorea.or.kr/cms/resource/05/4019705_image2_1.jpg,https://tong.visitkorea.or.kr/cms/resource/05/4019705_image3_1.jpg,2026-09-05T02:12:18.458439+09:00
2924158,38,노비스 롯데백화점 잠실 에비뉴엘점,서울특별시 송파구 올림픽로 300 (신천동) 3층,37.5137129859207,127.104301829165,11,710,SH,SH04,SH040300,2026-03-26 09:20:41+09:00,https://tong.visitkorea.or.kr/cms/resource/58/4019258_image2_1.jpg,https://tong.visitkorea.or.kr/cms/resource/58/4019258_image3_1.jpg,2026-09-05T02:12:18.458439+09:00
2924171,38,비비안웨스트우드 롯데백화점 잠실 에비뉴엘점,서울특별시 송파구 올림픽로 300 (신천동) 3층,37.5137129859207,127.104301829165,11,710,SH,SH04,SH040300,2026-04-07 00:08:27+09:00,https://tong.visitkorea.or.kr/cms/resource/63/4019263_image2_1.jpg,https://tong.visitkorea.or.kr/cms/resource/63/4019263_image3_1.jpg,2026-09-05T02:12:18.458439+09:00
2924193,38,폴스미스 롯데백화점 잠실 에비뉴엘점,서울특별시 송파구 올림픽로 300 (신천동),37.5137129859207,127.104301829165,11,710,SH,SH04,SH040300,2026-03-26 09:20:41+09:00,https://tong.visitkorea.or.kr/cms/resource/81/4019281_image2_1.jpg,https://tong.visitkorea.or.kr/cms/resource/81/4019281_image3_1.jpg,2026-09-05T02:12:18.458439+09:00
2924211,38,겐조 롯데백화점 잠실 에비뉴엘점,서울특별시 송파구 올림픽로 300 (신천동) 3층,37.5137129859207,127.104301829165,11,710,SH,SH04,SH040300,2026-03-27 09:21:50+09:00,https://tong.visitkorea.or.kr/cms/resource/14/4019714_image2_1.jpg,https://tong.visitkorea.or.kr/cms/resource/14/4019714_image3_1.jpg,2026-09-05T02:12:18.458439+09:00
2924215,38,CP컴퍼니 롯데백화점 잠실 에비뉴엘점,서울특별시 송파구 올림픽로 300 (신천동) 4층,37.5137129859207,127.104301829165,11,710,SH,SH04,SH040300,2026-03-27 09:21:50+09:00,https://tong.visitkorea.or.kr/cms/resource/03/4019703_image2_1.jpg,https://tong.visitkorea.or.kr/cms/resource/03/4019703_image3_1.jpg,2026-09-05T02:12:18.458439+09:00
2924218,38,산드로 롯데백화점 잠실 에비뉴엘점,서울특별시 송파구 올림픽로 300 (신천동),37.5137129859207,127.104301829165,11,710,SH,SH04,SH040300,2026-03-19 09:49:59+09:00,https://tong.visitkorea.or.kr/cms/resource/46/4019246_image2_1.jpg,https://tong.visitkorea.or.kr/cms/resource/46/4019246_image3_1.jpg,2026-09-05T02:12:18.458439+09:00
2924219,38,비너스 현대아울렛 가든파이브점,서울특별시 송파구 충민로 66 (문정동),37.4776148442516,127.124961768886,11,710,SH,SH04,SH040300,2026-03-27 09:21:50+09:00,https://tong.visitkorea.or.kr/cms/resource/70/4019070_image2_1.jpg,https://tong.visitkorea.or.kr/cms/resource/70/4019070_image3_1.jpg,2026-09-05T02:12:18.458439+09:00
2924236,38,띠어리남성 롯데백화점 잠실 에비뉴엘점,서울특별시 송파구 올림픽로 300 (신천동) 4층,37.5137129859207,127.104301829165,11,710,SH,SH04,SH040300,2026-03-19 09:49:59+09:00,https://tong.visitkorea.or.kr/cms/resource/98/4019698_image2_1.jpg,https://tong.visitkorea.or.kr/cms/resource/98/4019698_image3_1.jpg,2026-09-05T02:12:18.458439+09:00
2924240,38,갤럭시아울렛 현대아울렛 가든파이브점,서울특별시 송파구 충민로 66 (문정동) 4층,37.4776148442516,127.124961768886,11,710,SH,SH04,SH040300,2026-03-18 10:10:05+09:00,https://tong.visitkorea.or.kr/cms/resource/88/4018188_image2_1.jpg,https://tong.visitkorea.or.kr/cms/resource/88/4018188_image3_1.jpg,2026-09-05T02:12:18.458439+09:00
2924330,38,모조에스핀 현대아울렛 가든파이브점,서울특별시 송파구 충민로 66 (문정동) 2층,37.4776148442516,127.124961768886,11,710,SH,SH04,SH040300,2026-03-27 09:21:50+09:00,https://tong.visitkorea.or.kr/cms/resource/91/4019091_image2_1.jpg,https://tong.visitkorea.or.kr/cms/resource/91/4019091_image3_1.jpg,2026-09-05T02:12:18.458439+09:00
2924432,38,홈플러스 잠실점,서울특별시 송파구 올림픽로35가길 16 (신천동),37.5162517087896,127.103006473255,11,710,SH,SH04,SH040300,2026-03-16 10:54:17+09:00,https://tong.visitkorea.or.kr/cms/resource/77/4018177_image2_1.jpg,https://tong.visitkorea.or.kr/cms/resource/77/4018177_image3_1.jpg,2026-09-05T02:12:18.458439+09:00
2924452,38,핫트랙스 롯데백화점 잠실점 캐슬플라자,"서울특별시 송파구 올림픽로 269 (신천동, 롯데캐슬골드) B1층",37.5144273491608,127.100611434725,11,710,SH,SH04,SH040300,2026-03-19 09:49:59+09:00,https://tong.visitkorea.or.kr/cms/resource/91/4019691_image2_1.jpg,https://tong.visitkorea.or.kr/cms/resource/91/4019691_image3_1.jpg,2026-09-05T02:12:18.458439+09:00
2924459,38,까르띠에 롯데백화점 잠실 에비뉴엘점,서울특별시 송파구 올림픽로 300 (신천동) 1층,37.5137129859207,127.104301829165,11,710,SH,SH04,SH040300,2026-03-26 09:20:41+09:00,https://tong.visitkorea.or.kr/cms/resource/66/4019266_image2_1.jpg,https://tong.visitkorea.or.kr/cms/resource/66/4019266_image3_1.jpg,2026-09-05T02:12:18.458439+09:00
2924460,38,IWC 샤프하우젠 롯데백화점 잠실 에비뉴엘점,서울특별시 송파구 올림픽로 300 (신천동),37.5137129859207,127.104301829165,11,710,SH,SH04,SH040300,2026-03-19 09:49:59+09:00,https://tong.visitkorea.or.kr/cms/resource/96/4019696_image2_1.jpg,https://tong.visitkorea.or.kr/cms/resource/96/4019696_image3_1.jpg,2026-09-05T02:12:18.458439+09:00
2924462,38,예거르쿨트르 롯데백화점 잠실 에비뉴엘점,서울특별시 송파구 올림픽로 300 (신천동) 2층,37.5137129859207,127.104301829165,11,710,SH,SH04,SH040300,2026-03-27 09:21:50+09:00,https://tong.visitkorea.or.kr/cms/resource/22/4019722_image2_1.jpg,https://tong.visitkorea.or.kr/cms/resource/22/4019722_image3_1.jpg,2026-09-05T02:12:18.458439+09:00
2924464,38,로저드뷔 롯데백화점 잠실 에비뉴엘점,서울특별시 송파구 올림픽로 300 (신천동) 2층,37.5137129859207,127.104301829165,11,710,SH,SH04,SH040300,2026-03-27 09:21:50+09:00,https://tong.visitkorea.or.kr/cms/resource/07/4019707_image2_1.jpg,https://tong.visitkorea.or.kr/cms/resource/07/4019707_image3_1.jpg,2026-09-05T02:12:18.458439+09:00
2924469,38,루이비통 롯데백화점 잠실 에비뉴엘점,서울특별시 송파구 올림픽로 300 (신천동) 1층,37.5137129859207,127.104301829165,11,710,SH,SH04,SH040300,2026-03-26 09:20:41+09:00,https://tong.visitkorea.or.kr/cms/resource/60/4019260_image2_1.jpg,https://tong.visitkorea.or.kr/cms/resource/60/4019260_image3_1.jpg,2026-09-05T02:12:18.458439+09:00
2924474,38,데무 현대아울렛 가든파이브점,서울특별시 송파구 충민로 66 (문정동) 2층,37.4776148442516,127.124961768886,11,710,SH,SH04,SH040300,2026-03-27 09:21:50+09:00,https://tong.visitkorea.or.kr/cms/resource/61/4019061_image2_1.jpg,https://tong.visitkorea.or.kr/cms/resource/61/4019061_image3_1.jpg,2026-09-05T02:12:18.458439+09:00
2924506,38,타임 현대아울렛 가든파이브점,서울특별시 송파구 충민로 66 (문정동),37.4776148442516,127.124961768886,11,710,SH,SH04,SH040300,2026-03-27 09:21:50+09:00,https://tong.visitkorea.or.kr/cms/resource/74/4019074_image2_1.jpg,https://tong.visitkorea.or.kr/cms/resource/74/4019074_image3_1.jpg,2026-09-05T02:12:18.458439+09:00
2924516,38,롯데하이마트 롯데월드몰점,서울특별시 송파구 올림픽로 300 (신천동) 3층,37.5137129859207,127.104301829165,11,710,SH,SH04,SH040300,2026-03-27 09:21:50+09:00,https://tong.visitkorea.or.kr/cms/resource/51/4019151_image2_1.jpg,https://tong.visitkorea.or.kr/cms/resource/51/4019151_image3_1.jpg,2026-09-05T02:12:18.458439+09:00
2924552,38,마이리틀타이거 현대아울렛 가든파이브점,서울특별시 송파구 충민로 66 (문정동),37.4776148442516,127.124961768886,11,710,SH,SH04,SH040300,2026-03-30 09:16:11+09:00,https://tong.visitkorea.or.kr/cms/resource/73/4017973_image2_1.jpg,https://tong.visitkorea.or.kr/cms/resource/73/4017973_image3_1.jpg,2026-09-05T02:12:18.458439+09:00
2924557,38,클럽모나코 롯데백화점 잠실점,서울특별시 송파구 올림픽로 240 (잠실동) 3층,37.5113096112036,127.098141751177,11,710,SH,SH04,SH040300,2026-03-26 09:20:41+09:00,https://tong.visitkorea.or.kr/cms/resource/44/4019244_image2_1.jpg,https://tong.visitkorea.or.kr/cms/resource/44/4019244_image3_1.jpg,2026-09-05T02:12:18.458439+09:00
2924560,38,일비종떼 롯데백화점 잠실 에비뉴엘점,서울특별시 송파구 올림픽로 300 (신천동) 5층,37.5137129859207,127.104301829165,11,710,SH,SH04,SH040300,2026-03-26 09:20:41+09:00,https://tong.visitkorea.or.kr/cms/resource/68/4019268_image2_1.jpg,https://tong.visitkorea.or.kr/cms/resource/68/4019268_image3_1.jpg,2026-09-05T02:12:18.458439+09:00
2924563,38,아디다스 NC백화점 송파점,서울특별시 송파구 충민로 66 (문정동) 5층,37.4776148442516,127.124961768886,11,710,SH,SH04,SH040300,2026-03-30 09:16:11+09:00,https://tong.visitkorea.or.kr/cms/resource/74/4017974_image2_1.jpg,https://tong.visitkorea.or.kr/cms/resource/74/4017974_image3_1.jpg,2026-09-05T02:12:18.458439+09:00
2924570,38,쌤소나이트 아메리칸투어리스터 현대아울렛 가든파이브점,서울특별시 송파구 충민로 66 (문정동) 3층,37.4776148442516,127.124961768886,11,710,SH,SH04,SH040300,2026-03-27 09:21:50+09:00,https://tong.visitkorea.or.kr/cms/resource/80/4018580_image2_1.jpg,https://tong.visitkorea.or.kr/cms/resource/80/4018580_image3_1.jpg,2026-09-05T02:12:18.458439+09:00
2924576,38,발렌시아가 남성 롯데백화점 잠실 에비뉴엘점,서울특별시 송파구 올림픽로 300 (신천동) 4층,37.5137129859207,127.104301829165,11,710,SH,SH04,SH040300,2026-03-19 09:49:59+09:00,https://tong.visitkorea.or.kr/cms/resource/21/4019721_image2_1.jpg,https://tong.visitkorea.or.kr/cms/resource/21/4019721_image3_1.jpg,2026-09-05T02:12:18.458439+09:00
2924577,38,마시모두띠 롯데월드몰점,서울특별시 송파구 올림픽로 300 (신천동) B1층,37.5137129859207,127.104301829165,11,710,SH,SH04,SH040300,2026-03-27 09:21:50+09:00,https://tong.visitkorea.or.kr/cms/resource/61/4019161_image2_1.jpg,https://tong.visitkorea.or.kr/cms/resource/61/4019161_image3_1.jpg,2026-09-05T02:12:18.458439+09:00
2924578,38,리스트 현대아울렛 가든파이브점,서울특별시 송파구 충민로 66 (문정동),37.4776148442516,127.124961768886,11,710,SH,SH04,SH040300,2026-03-27 09:21:50+09:00,https://tong.visitkorea.or.kr/cms/resource/66/4019066_image2_1.jpg,https://tong.visitkorea.or.kr/cms/resource/66/4019066_image3_1.jpg,2026-09-05T02:12:18.458439+09:00
2924579,38,구찌 남성 롯데백화점 잠실 에비뉴엘점,서울특별시 송파구 올림픽로 300 (신천동),37.5137129859207,127.104301829165,11,710,SH,SH04,SH040300,2026-03-27 09:21:50+09:00,https://tong.visitkorea.or.kr/cms/resource/92/4019692_image2_1.jpg,https://tong.visitkorea.or.kr/cms/resource/92/4019692_image3_1.jpg,2026-09-05T02:12:18.458439+09:00
2924582,38,고세 현대아울렛 가든파이브점,서울특별시 송파구 충민로 66 (문정동),37.4776148442516,127.124961768886,11,710,SH,SH04,SH040300,2026-03-27 09:21:50+09:00,https://tong.visitkorea.or.kr/cms/resource/82/4019082_image2_1.jpg,https://tong.visitkorea.or.kr/cms/resource/82/4019082_image3_1.jpg,2026-09-05T02:12:18.458439+09:00
2924584,38,가버 현대아울렛 가든파이브점,서울특별시 송파구 충민로 66 (문정동) 2층,37.4776148442516,127.124961768886,11,710,SH,SH04,SH040300,2026-03-27 09:21:50+09:00,https://tong.visitkorea.or.kr/cms/resource/81/4019081_image2_1.jpg,https://tong.visitkorea.or.kr/cms/resource/81/4019081_image3_1.jpg,2026-09-05T02:12:18.458439+09:00
2924586,38,H&M 롯데월드몰점,서울특별시 송파구 올림픽로 300 (신천동),37.5137129859207,127.104301829165,11,710,SH,SH04,SH040300,2026-03-27 09:21:50+09:00,https://tong.visitkorea.or.kr/cms/resource/44/4019144_image2_1.jpg,https://tong.visitkorea.or.kr/cms/resource/44/4019144_image3_1.jpg,2026-09-05T02:12:18.458439+09:00
2924588,38,아이잗바바 현대아울렛 가든파이브점,서울특별시 송파구 충민로 66 (문정동) 2층,37.4776148442516,127.124961768886,11,710,SH,SH04,SH040300,2026-03-27 09:21:50+09:00,https://tong.visitkorea.or.kr/cms/resource/64/4019064_image2_1.jpg,https://tong.visitkorea.or.kr/cms/resource/64/4019064_image3_1.jpg,2026-09-05T02:12:18.458439+09:00
2924629,38,보테가베네타 롯데백화점 잠실 에비뉴엘점,서울특별시 송파구 올림픽로 300 (신천동) 1층,37.5137129859207,127.104301829165,11,710,SH,SH04,SH040300,2026-03-26 09:20:41+09:00,https://tong.visitkorea.or.kr/cms/resource/61/4019261_image2_1.jpg,https://tong.visitkorea.or.kr/cms/resource/61/4019261_image3_1.jpg,2026-09-05T02:12:18.458439+09:00
2924653,38,아디다스 오리지널스 롯데월드몰점,서울특별시 송파구 올림픽로 300 (신천동) 3층,37.5137129859207,127.104301829165,11,710,SH,SH04,SH040300,2026-03-27 09:21:50+09:00,https://tong.visitkorea.or.kr/cms/resource/53/4019153_image2_1.jpg,https://tong.visitkorea.or.kr/cms/resource/53/4019153_image3_1.jpg,2026-09-05T02:12:18.458439+09:00
2924655,38,리복 롯데월드몰점,서울특별시 송파구 올림픽로 300 (신천동) 3층,37.5137129859207,127.104301829165,11,710,SH,SH04,SH040300,2026-03-27 09:21:50+09:00,https://tong.visitkorea.or.kr/cms/resource/56/4019156_image2_1.jpg,https://tong.visitkorea.or.kr/cms/resource/56/4019156_image3_1.jpg,2026-09-05T02:12:18.458439+09:00
2924659,38,아디다스 퍼포먼스 롯데월드몰점,서울특별시 송파구 올림픽로 300 (신천동) 3층,37.5137129859207,127.104301829165,11,710,SH,SH04,SH040300,2026-03-19 09:49:59+09:00,https://tong.visitkorea.or.kr/cms/resource/57/4019157_image2_1.jpg,https://tong.visitkorea.or.kr/cms/resource/57/4019157_image3_1.jpg,2026-09-05T02:12:18.458439+09:00
2924660,38,에잇세컨즈 롯데월드몰점,서울특별시 송파구 올림픽로 300 (신천동) 2층,37.5137129859207,127.104301829165,11,710,SH,SH04,SH040300,2026-04-07 00:09:23+09:00,https://tong.visitkorea.or.kr/cms/resource/48/4019148_image2_1.jpg,https://tong.visitkorea.or.kr/cms/resource/48/4019148_image3_1.jpg,2026-09-05T02:12:18.458439+09:00
2924686,38,부쉐론 롯데백화점 잠실 에비뉴엘점,서울특별시 송파구 올림픽로 300 (신천동) 2층,37.5137129859207,127.104301829165,11,710,SH,SH04,SH040300,2026-03-27 09:21:50+09:00,https://tong.visitkorea.or.kr/cms/resource/12/4019712_image2_1.jpg,https://tong.visitkorea.or.kr/cms/resource/12/4019712_image3_1.jpg,2026-09-05T02:12:18.458439+09:00
2924705,38,제냐 롯데백화점 잠실 에비뉴엘점,서울특별시 송파구 올림픽로 300 (신천동),37.5137129859207,127.104301829165,11,710,SH,SH04,SH040300,2026-03-27 09:21:50+09:00,https://tong.visitkorea.or.kr/cms/resource/97/4019697_image2_1.jpg,https://tong.visitkorea.or.kr/cms/resource/97/4019697_image3_1.jpg,2026-09-05T02:12:18.458439+09:00
2924746,38,올리브영 현대아울렛 가든파이브점,서울특별시 송파구 충민로 66 (문정동),37.4776148442516,127.124961768886,11,710,SH,SH04,SH040300,2026-04-07 00:23:01+09:00,https://tong.visitkorea.or.kr/cms/resource/22/4028722_image2_1.png,https://tong.visitkorea.or.kr/cms/resource/22/4028722_image3_1.png,2026-09-05T02:12:18.458439+09:00
2924821,38,톰보이 현대아울렛 가든파이브점,서울특별시 송파구 충민로 66 (문정동) 2층,37.4776148442516,127.124961768886,11,710,SH,SH04,SH040300,2026-03-27 09:21:50+09:00,https://tong.visitkorea.or.kr/cms/resource/86/4019086_image2_1.jpg,https://tong.visitkorea.or.kr/cms/resource/86/4019086_image3_1.jpg,2026-09-05T02:12:18.458439+09:00
2924958,38,올리브영 석촌역점,서울특별시 송파구 백제고분로 387 (송파동),37.5065099874616,127.10851448578,11,710,SH,SH04,SH040300,2026-03-17 10:12:59+09:00,https://tong.visitkorea.or.kr/cms/resource/99/4028699_image2_1.jpg,https://tong.visitkorea.or.kr/cms/resource/99/4028699_image3_1.jpg,2026-09-05T02:12:18.458439+09:00
2925179,38,컬럼비아 현대아울렛 가든파이브점,서울특별시 송파구 충민로 66 (문정동),37.4776148442516,127.124961768886,11,710,SH,SH04,SH040300,2026-03-27 09:21:50+09:00,https://tong.visitkorea.or.kr/cms/resource/52/4018552_image2_1.jpg,https://tong.visitkorea.or.kr/cms/resource/52/4018552_image3_1.jpg,2026-09-05T02:12:18.458439+09:00
2925317,38,본 현대아울렛 가든파이브점,서울특별시 송파구 충민로 66 (문정동),37.4776148442516,127.124961768886,11,710,SH,SH04,SH040300,2026-03-27 09:21:50+09:00,https://tong.visitkorea.or.kr/cms/resource/26/4018726_image2_1.jpg,https://tong.visitkorea.or.kr/cms/resource/26/4018726_image3_1.jpg,2026-09-05T02:12:18.458439+09:00
2925356,38,질스튜어트뉴욕맨 현대아울렛 가든파이브점,서울특별시 송파구 충민로 66 (문정동) 4층,37.4776148442516,127.124961768886,11,710,SH,SH04,SH040300,2026-03-27 09:21:50+09:00,https://tong.visitkorea.or.kr/cms/resource/76/4018576_image2_1.jpg,https://tong.visitkorea.or.kr/cms/resource/76/4018576_image3_1.jpg,2026-09-05T02:12:18.458439+09:00
2925473,38,에스티로더 롯데백화점 잠실 에비뉴엘점,서울특별시 송파구 올림픽로 300 (신천동),37.5137129859207,127.104301829165,11,710,SH,SH04,SH040300,2026-03-27 09:21:50+09:00,https://tong.visitkorea.or.kr/cms/resource/93/4019693_image2_1.jpg,https://tong.visitkorea.or.kr/cms/resource/93/4019693_image3_1.jpg,2026-09-05T02:12:18.458439+09:00
2925476,38,입생로랑 뷰티 롯데백화점 잠실 에비뉴엘점,서울특별시 송파구 올림픽로 300 (신천동) B1층,37.5137129859207,127.104301829165,11,710,SH,SH04,SH040300,2026-03-19 09:49:59+09:00,https://tong.visitkorea.or.kr/cms/resource/23/4019323_image2_1.jpg,https://tong.visitkorea.or.kr/cms/resource/23/4019323_image3_1.jpg,2026-09-05T02:12:18.458439+09:00
2925478,38,조르지오아르마니 롯데백화점 잠실 에비뉴엘점,서울특별시 송파구 올림픽로 300 (신천동),37.5137129859207,127.104301829165,11,710,SH,SH04,SH040300,2026-03-27 09:21:50+09:00,https://tong.visitkorea.or.kr/cms/resource/94/4019694_image2_1.jpg,https://tong.visitkorea.or.kr/cms/resource/94/4019694_image3_1.jpg,2026-09-05T02:12:18.458439+09:00
2925480,38,티파니향수 롯데백화점 잠실 에비뉴엘점,서울특별시 송파구 올림픽로 300 (신천동) B1층,37.5137129859207,127.104301829165,11,710,SH,SH04,SH040300,2026-03-19 09:49:59+09:00,https://tong.visitkorea.or.kr/cms/resource/26/4019726_image2_1.jpg,https://tong.visitkorea.or.kr/cms/resource/26/4019726_image3_1.jpg,2026-09-05T02:12:18.458439+09:00
2925485,38,다비네스 롯데백화점 잠실 에비뉴엘점,서울특별시 송파구 올림픽로 300 (신천동) B1층,37.5137129859207,127.104301829165,11,710,SH,SH04,SH040300,2026-03-19 09:49:59+09:00,https://tong.visitkorea.or.kr/cms/resource/02/4019702_image2_1.jpg,https://tong.visitkorea.or.kr/cms/resource/02/4019702_image3_1.jpg,2026-09-05T02:12:18.458439+09:00
2925496,38,시스템옴므 현대아울렛 가든파이브점,서울특별시 송파구 충민로 66 (문정동) 4층,37.4776148442516,127.124961768886,11,710,SH,SH04,SH040300,2026-03-27 09:21:50+09:00,https://tong.visitkorea.or.kr/cms/resource/86/4018586_image2_1.jpg,https://tong.visitkorea.or.kr/cms/resource/86/4018586_image3_1.jpg,2026-09-05T02:12:18.458439+09:00
2925503,38,바비브라운 롯데백화점 잠실 에비뉴엘점,서울특별시 송파구 올림픽로 300 (신천동),37.5137129859207,127.104301829165,11,710,SH,SH04,SH040300,2026-03-27 09:21:50+09:00,https://tong.visitkorea.or.kr/cms/resource/90/4019890_image2_1.jpg,https://tong.visitkorea.or.kr/cms/resource/90/4019890_image3_1.jpg,2026-09-05T02:12:18.458439+09:00
2925506,38,조말론 롯데백화점 잠실 에비뉴엘점,서울특별시 송파구 올림픽로 300 (신천동) B1층,37.5137129859207,127.104301829165,11,710,SH,SH04,SH040300,2026-03-19 09:49:59+09:00,https://tong.visitkorea.or.kr/cms/resource/19/4019719_image2_1.jpg,https://tong.visitkorea.or.kr/cms/resource/19/4019719_image3_1.jpg,2026-09-05T02:12:18.458439+09:00
2925508,38,크리드 롯데백화점 잠실 에비뉴엘점,서울특별시 송파구 올림픽로 300 (신천동) B1층,37.5137129859207,127.104301829165,11,710,SH,SH04,SH040300,2026-03-27 09:21:50+09:00,https://tong.visitkorea.or.kr/cms/resource/18/4019718_image2_1.jpg,https://tong.visitkorea.or.kr/cms/resource/18/4019718_image3_1.jpg,2026-09-05T02:12:18.458439+09:00
2925514,38,톰포드뷰티 롯데백화점 잠실 에비뉴엘점,서울특별시 송파구 올림픽로 300 (신천동),37.5137129859207,127.104301829165,11,710,SH,SH04,SH040300,2026-03-27 09:21:50+09:00,https://tong.visitkorea.or.kr/cms/resource/24/4019724_image2_1.jpg,https://tong.visitkorea.or.kr/cms/resource/24/4019724_image3_1.jpg,2026-09-05T02:12:18.458439+09:00
2925516,38,펜할리곤스 롯데백화점 잠실 에비뉴엘점,서울특별시 송파구 올림픽로 300 (신천동) B1층,37.5137129859207,127.104301829165,11,710,SH,SH04,SH040300,2026-03-27 09:21:50+09:00,https://tong.visitkorea.or.kr/cms/resource/25/4019725_image2_1.jpg,https://tong.visitkorea.or.kr/cms/resource/25/4019725_image3_1.jpg,2026-09-05T02:12:18.458439+09:00
2925519,38,헤라 롯데백화점 잠실 에비뉴엘점,서울특별시 송파구 올림픽로 300 (신천동),37.5137129859207,127.104301829165,11,710,SH,SH04,SH040300,2026-03-26 09:20:41+09:00,https://tong.visitkorea.or.kr/cms/resource/51/4019251_image2_1.jpg,https://tong.visitkorea.or.kr/cms/resource/51/4019251_image3_1.jpg,2026-09-05T02:12:18.458439+09:00
2925531,38,아크레도 롯데백화점 잠실 에비뉴엘점,서울특별시 송파구 올림픽로 300 (신천동) 2층,37.5137129859207,127.104301829165,11,710,SH,SH04,SH040300,2026-03-27 09:21:50+09:00,https://tong.visitkorea.or.kr/cms/resource/08/4019708_image2_1.jpg,https://tong.visitkorea.or.kr/cms/resource/08/4019708_image3_1.jpg,2026-09-05T02:12:18.458439+09:00
2925544,38,발망 롯데백화점 에비뉴엘 잠실점,서울특별시 송파구 올림픽로 300 (신천동) 2층,37.5137129859207,127.104301829165,11,710,SH,SH04,SH040300,2026-03-27 09:21:50+09:00,https://tong.visitkorea.or.kr/cms/resource/52/4019252_image2_1.jpg,https://tong.visitkorea.or.kr/cms/resource/52/4019252_image3_1.jpg,2026-09-05T02:12:18.458439+09:00
2925550,38,메릴링 롯데백화점 잠실 에비뉴엘점,서울특별시 송파구 올림픽로 300 (신천동) 3층,37.5137129859207,127.104301829165,11,710,SH,SH04,SH040300,2026-03-27 09:21:50+09:00,https://tong.visitkorea.or.kr/cms/resource/27/4019727_image2_1.jpg,https://tong.visitkorea.or.kr/cms/resource/27/4019727_image3_1.jpg,2026-09-05T02:12:18.458439+09:00
2925579,38,발렌티노 롯데백화점 잠실 에비뉴엘점,서울특별시 송파구 올림픽로 300 (신천동) 1층,37.5137129859207,127.104301829165,11,710,SH,SH04,SH040300,2026-03-26 09:20:41+09:00,https://tong.visitkorea.or.kr/cms/resource/56/4019256_image2_1.jpg,https://tong.visitkorea.or.kr/cms/resource/56/4019256_image3_1.jpg,2026-09-05T02:12:18.458439+09:00
2925580,38,꼬르넬리아니 롯데백화점 잠실 에비뉴엘점,서울특별시 송파구 올림픽로 300 (신천동) 4층,37.5137129859207,127.104301829165,11,710,SH,SH04,SH040300,2026-03-27 09:21:50+09:00,https://tong.visitkorea.or.kr/cms/resource/16/4019716_image2_1.jpg,https://tong.visitkorea.or.kr/cms/resource/16/4019716_image3_1.jpg,2026-09-05T02:12:18.458439+09:00
2925589,38,샌프란시스코마켓 롯데백화점 잠실 에비뉴엘점,서울특별시 송파구 올림픽로 300 (신천동) 5층,37.5137129859207,127.104301829165,11,710,SH,SH04,SH040300,2026-03-26 09:20:41+09:00,https://tong.visitkorea.or.kr/cms/resource/65/4019265_image2_1.jpg,https://tong.visitkorea.or.kr/cms/resource/65/4019265_image3_1.jpg,2026-09-05T02:12:18.458439+09:00
2925593,38,JDX 문정점,서울특별시 송파구 동남로 96 (문정동),37.4890876786183,127.122265653599,11,710,SH,SH04,SH040300,2026-03-27 09:21:50+09:00,https://tong.visitkorea.or.kr/cms/resource/39/4019139_image2_1.jpg,https://tong.visitkorea.or.kr/cms/resource/39/4019139_image3_1.jpg,2026-09-05T02:12:18.458439+09:00
2925595,38,비이커 롯데백화점 잠실 에비뉴엘점,서울특별시 송파구 올림픽로 300 (신천동) 5층,37.5137129859207,127.104301829165,11,710,SH,SH04,SH040300,2026-03-26 09:20:41+09:00,https://tong.visitkorea.or.kr/cms/resource/53/4019253_image2_1.jpg,https://tong.visitkorea.or.kr/cms/resource/53/4019253_image3_1.jpg,2026-09-05T02:12:18.458439+09:00
2925623,38,입생로랑뷰티 롯데백화점 잠실점,서울특별시 송파구 올림픽로 240 (잠실동) 1층,37.5113096112036,127.098141751177,11,710,SH,SH04,SH040300,2026-03-19 09:49:59+09:00,https://tong.visitkorea.or.kr/cms/resource/40/4019240_image2_1.jpg,https://tong.visitkorea.or.kr/cms/resource/40/4019240_image3_1.jpg,2026-09-05T02:12:18.458439+09:00
2925639,38,노스페이스 현대아울렛 가든파이브점,서울특별시 송파구 충민로 66 (문정동) 3층,37.4776148442516,127.124961768886,11,710,SH,SH04,SH040300,2026-03-27 09:21:50+09:00,https://tong.visitkorea.or.kr/cms/resource/70/4018570_image2_1.jpg,https://tong.visitkorea.or.kr/cms/resource/70/4018570_image3_1.jpg,2026-09-05T02:12:18.458439+09:00
2926587,38,닥터마틴 롯데월드몰점,서울특별시 송파구 올림픽로 300 (신천동) 3층,37.5137129859207,127.104301829165,11,710,SH,SH04,SH040300,2026-03-27 09:21:50+09:00,https://tong.visitkorea.or.kr/cms/resource/54/4019154_image2_1.jpg,https://tong.visitkorea.or.kr/cms/resource/54/4019154_image3_1.jpg,2026-09-05T02:12:18.458439+09:00
2926712,38,골프존마켓 현대아울렛 가든파이브점,서울특별시 송파구 충민로 66 (문정동) 4층,37.4776148442516,127.124961768886,11,710,SH,SH04,SH040300,2026-03-27 09:21:50+09:00,https://tong.visitkorea.or.kr/cms/resource/72/4018572_image2_1.jpg,https://tong.visitkorea.or.kr/cms/resource/72/4018572_image3_1.jpg,2026-09-05T02:12:18.458439+09:00
2926812,38,폴햄 NC백화점 송파점,서울특별시 송파구 충민로 66 (문정동) 4층,37.4776148442516,127.124961768886,11,710,SH,SH04,SH040300,2026-03-30 09:16:11+09:00,https://tong.visitkorea.or.kr/cms/resource/76/4017976_image2_1.jpg,https://tong.visitkorea.or.kr/cms/resource/76/4017976_image3_1.jpg,2026-09-05T02:12:18.458439+09:00
2927051,38,비체 롯데백화점 잠실점,서울특별시 송파구 올림픽로 240 (잠실동),37.5113096112036,127.098141751177,11,710,SH,SH04,SH040300,2026-03-16 10:54:17+09:00,https://tong.visitkorea.or.kr/cms/resource/77/4019677_image2_1.jpg,https://tong.visitkorea.or.kr/cms/resource/77/4019677_image3_1.jpg,2026-09-05T02:12:18.458439+09:00
2927706,38,키엘 롯데백화점 잠실 에비뉴엘점,서울특별시 송파구 올림픽로 300 (신천동),37.5137129859207,127.104301829165,11,710,SH,SH04,SH040300,2026-03-27 09:21:50+09:00,https://tong.visitkorea.or.kr/cms/resource/95/4019695_image2_1.jpg,https://tong.visitkorea.or.kr/cms/resource/95/4019695_image3_1.jpg,2026-09-05T02:12:18.458439+09:00
2927819,38,로가디스 문정점,서울특별시 송파구 동남로 109 (가락동),37.4902371380948,127.123349540199,11,710,SH,SH04,SH040300,2026-03-26 09:20:41+09:00,https://tong.visitkorea.or.kr/cms/resource/18/4019318_image2_1.jpg,https://tong.visitkorea.or.kr/cms/resource/18/4019318_image3_1.jpg,2026-09-05T02:12:18.458439+09:00
2927886,38,피아제 롯데백화점 잠실 에비뉴엘점,서울특별시 송파구 올림픽로 300 (신천동) 9층,37.5137129859207,127.104301829165,11,710,SH,SH04,SH040300,2026-03-27 09:21:50+09:00,https://tong.visitkorea.or.kr/cms/resource/12/4020212_image2_1.jpg,https://tong.visitkorea.or.kr/cms/resource/12/4020212_image3_1.jpg,2026-09-05T02:12:18.458439+09:00
2928122,38,나이키골프 현대아울렛 가든파이브점,서울특별시 송파구 충민로 66 (문정동),37.4776148442516,127.124961768886,11,710,SH,SH04,SH040300,2026-03-27 09:21:50+09:00,https://tong.visitkorea.or.kr/cms/resource/73/4018573_image2_1.jpg,https://tong.visitkorea.or.kr/cms/resource/73/4018573_image3_1.jpg,2026-09-05T02:12:18.458439+09:00
2928951,38,와이드앵글 현대아울렛 가든파이브점,서울특별시 송파구 충민로 66 (문정동),37.4776148442516,127.124961768886,11,710,SH,SH04,SH040300,2026-03-27 09:21:50+09:00,https://tong.visitkorea.or.kr/cms/resource/88/4019088_image2_1.jpg,https://tong.visitkorea.or.kr/cms/resource/88/4019088_image3_1.jpg,2026-09-05T02:12:18.458439+09:00
2929287,38,블랑팡 롯데백화점 잠실 에비뉴엘점,서울특별시 송파구 올림픽로 300 (신천동) 2층,37.5137129859207,127.104301829165,11,710,SH,SH04,SH040300,2026-03-26 09:20:41+09:00,https://tong.visitkorea.or.kr/cms/resource/57/4019257_image2_1.jpg,https://tong.visitkorea.or.kr/cms/resource/57/4019257_image3_1.jpg,2026-09-05T02:12:18.458439+09:00
2929294,38,앙팡스 현대아울렛 가든파이브점,서울특별시 송파구 충민로 66 (문정동) 4층,37.4776148442516,127.124961768886,11,710,SH,SH04,SH040300,2026-03-30 09:16:11+09:00,https://tong.visitkorea.or.kr/cms/resource/72/4017972_image2_1.jpg,https://tong.visitkorea.or.kr/cms/resource/72/4017972_image3_1.jpg,2026-09-05T02:12:18.458439+09:00
2929873,38,현대아울렛 가든파이브점,서울특별시 송파구 충민로 66 (문정동),37.4776148442516,127.124961768886,11,710,SH,SH04,SH040300,2026-03-27 09:21:50+09:00,https://tong.visitkorea.or.kr/cms/resource/23/4018723_image2_1.jpg,https://tong.visitkorea.or.kr/cms/resource/23/4018723_image3_1.jpg,2026-09-05T02:12:18.458439+09:00
2930288,38,닥스남성 롯데백화점 잠실점,서울특별시 송파구 올림픽로 240 (잠실동) 5층,37.5113096112036,127.098141751177,11,710,SH,SH04,SH040300,2026-03-27 09:21:50+09:00,https://tong.visitkorea.or.kr/cms/resource/82/4019682_image2_1.jpg,https://tong.visitkorea.or.kr/cms/resource/82/4019682_image3_1.jpg,2026-09-05T02:12:18.458439+09:00
2930343,38,디스커버리팩토리 현대아울렛 가든파이브점,서울특별시 송파구 충민로 66 (문정동),37.4776148442516,127.124961768886,11,710,SH,SH04,SH040300,2026-03-18 10:10:05+09:00,https://tong.visitkorea.or.kr/cms/resource/59/4018559_image2_1.jpg,https://tong.visitkorea.or.kr/cms/resource/59/4018559_image3_1.jpg,2026-09-05T02:12:18.458439+09:00
2930346,38,핫트랙스 현대아울렛 가든파이브점,서울특별시 송파구 충민로 66 (문정동) 4층,37.4776148442516,127.124961768886,11,710,SH,SH04,SH040300,2026-03-27 09:21:50+09:00,https://tong.visitkorea.or.kr/cms/resource/71/4018571_image2_1.jpg,https://tong.visitkorea.or.kr/cms/resource/71/4018571_image3_1.jpg,2026-09-05T02:12:18.458439+09:00
2930366,38,에잇세컨즈 현대아울렛 가든파이브점,서울특별시 송파구 충민로 66 (문정동) 3층,37.4776148442516,127.124961768886,11,710,SH,SH04,SH040300,2026-03-27 09:21:50+09:00,https://tong.visitkorea.or.kr/cms/resource/67/4018567_image2_1.jpg,https://tong.visitkorea.or.kr/cms/resource/67/4018567_image3_1.jpg,2026-09-05T02:12:18.458439+09:00
2930391,38,게스키즈 현대아울렛 가든파이브점,서울특별시 송파구 충민로 66 (문정동),37.4776148442516,127.124961768886,11,710,SH,SH04,SH040300,2026-04-01 04:17:38+09:00,https://tong.visitkorea.or.kr/cms/resource/24/4018724_image2_1.jpg,https://tong.visitkorea.or.kr/cms/resource/24/4018724_image3_1.jpg,2026-09-05T02:12:18.458439+09:00
2930400,38,레노마 현대아울렛 가든파이브점,서울특별시 송파구 충민로 66 (문정동) 4층,37.4776148442516,127.124961768886,11,710,SH,SH04,SH040300,2026-03-27 09:21:50+09:00,https://tong.visitkorea.or.kr/cms/resource/74/4018574_image2_1.jpg,https://tong.visitkorea.or.kr/cms/resource/74/4018574_image3_1.jpg,2026-09-05T02:12:18.458439+09:00
2930401,38,오가닉맘 현대아울렛 가든파이브점,서울특별시 송파구 충민로 66 (문정동),37.4776148442516,127.124961768886,11,710,SH,SH04,SH040300,2026-03-27 09:21:50+09:00,https://tong.visitkorea.or.kr/cms/resource/61/4018561_image2_1.jpg,https://tong.visitkorea.or.kr/cms/resource/61/4018561_image3_1.jpg,2026-09-05T02:12:18.458439+09:00
2930404,38,로가디스 현대아울렛 가든파이브점,서울특별시 송파구 충민로 66 (문정동) 4층,37.4776148442516,127.124961768886,11,710,SH,SH04,SH040300,2026-03-27 09:21:50+09:00,https://tong.visitkorea.or.kr/cms/resource/68/4018568_image2_1.jpg,https://tong.visitkorea.or.kr/cms/resource/68/4018568_image3_1.jpg,2026-09-05T02:12:18.458439+09:00
2930408,38,스톤헨지 현대아울렛 가든파이브점,서울특별시 송파구 충민로 66 (문정동) 1층,37.4776148442516,127.124961768886,11,710,SH,SH04,SH040300,2026-03-27 09:21:50+09:00,https://tong.visitkorea.or.kr/cms/resource/63/4019063_image2_1.jpg,https://tong.visitkorea.or.kr/cms/resource/63/4019063_image3_1.jpg,2026-09-05T02:12:18.458439+09:00
2930409,38,휴고보스 롯데백화점 잠실점,서울특별시 송파구 올림픽로 240 (잠실동) 9층,37.5113096112036,127.098141751177,11,710,SH,SH04,SH040300,2026-03-25 09:34:32+09:00,https://tong.visitkorea.or.kr/cms/resource/54/4041954_image2_1.jpg,https://tong.visitkorea.or.kr/cms/resource/54/4041954_image3_1.jpg,2026-09-05T02:12:18.458439+09:00
2930525,38,제이에스티나 롯데백화점 잠실점,서울특별시 송파구 올림픽로 240 (잠실동) 1층,37.5113096112036,127.098141751177,11,710,SH,SH04,SH040300,2026-03-26 09:20:41+09:00,https://tong.visitkorea.or.kr/cms/resource/39/4019239_image2_1.jpg,https://tong.visitkorea.or.kr/cms/resource/39/4019239_image3_1.jpg,2026-09-05T02:12:18.458439+09:00
2930629,38,로이드 롯데백화점 잠실점 캐슬플라자,"서울특별시 송파구 올림픽로 269 (신천동, 롯데캐슬골드) 1층",37.5144273491608,127.100611434725,11,710,SH,SH04,SH040300,2026-03-27 09:21:50+09:00,https://tong.visitkorea.or.kr/cms/resource/89/4019689_image2_1.jpg,https://tong.visitkorea.or.kr/cms/resource/89/4019689_image3_1.jpg,2026-09-05T02:12:18.458439+09:00
2930723,38,마에스트로 롯데백화점 잠실점,서울특별시 송파구 올림픽로 240 (잠실동) 5층,37.5113096112036,127.098141751177,11,710,SH,SH04,SH040300,2026-03-27 09:21:50+09:00,https://tong.visitkorea.or.kr/cms/resource/83/4019683_image2_1.jpg,https://tong.visitkorea.or.kr/cms/resource/83/4019683_image3_1.jpg,2026-09-05T02:12:18.458439+09:00
2930773,38,JDX 현대아울렛 가든파이브점,서울특별시 송파구 충민로 66 (문정동),37.4776148442516,127.124961768886,11,710,SH,SH04,SH040300,2026-03-27 09:21:50+09:00,https://tong.visitkorea.or.kr/cms/resource/54/4018554_image2_1.jpg,https://tong.visitkorea.or.kr/cms/resource/54/4018554_image3_1.jpg,2026-09-05T02:12:18.458439+09:00
2930948,38,지오다노 롯데월드몰점,서울특별시 송파구 올림픽로 300 (신천동) 4층,37.5137129859207,127.104301829165,11,710,SH,SH04,SH040300,2026-03-26 09:20:41+09:00,https://tong.visitkorea.or.kr/cms/resource/54/4019254_image2_1.jpg,https://tong.visitkorea.or.kr/cms/resource/54/4019254_image3_1.jpg,2026-09-05T02:12:18.458439+09:00
2930953,38,보티첼리 현대아울렛 가든파이브점,서울특별시 송파구 충민로 66 (문정동) 2층,37.4776148442516,127.124961768886,11,710,SH,SH04,SH040300,2026-03-27 09:21:50+09:00,https://tong.visitkorea.or.kr/cms/resource/73/4019073_image2_1.jpg,https://tong.visitkorea.or.kr/cms/resource/73/4019073_image3_1.jpg,2026-09-05T02:12:18.458439+09:00
2931206,38,트위 롯데월드몰점,서울특별시 송파구 올림픽로 300 (신천동) 2층,37.5137129859207,127.104301829165,11,710,SH,SH04,SH040300,2026-03-27 09:21:50+09:00,https://tong.visitkorea.or.kr/cms/resource/50/4019150_image2_1.jpg,https://tong.visitkorea.or.kr/cms/resource/50/4019150_image3_1.jpg,2026-09-05T02:12:18.458439+09:00
2931303,38,아이잗컬렉션 현대아울렛 가든파이브점,서울특별시 송파구 충민로 66 (문정동) 2층,37.4776148442516,127.124961768886,11,710,SH,SH04,SH040300,2026-03-27 09:21:50+09:00,https://tong.visitkorea.or.kr/cms/resource/78/4019078_image2_1.jpg,https://tong.visitkorea.or.kr/cms/resource/78/4019078_image3_1.jpg,2026-09-05T02:12:18.458439+09:00
2931476,38,휴안옵티크 안경원,서울특별시 송파구 양재대로 1222 (방이동) 1층,37.5157276361757,127.131063164753,11,710,SH,SH04,SH040300,2026-03-19 09:49:59+09:00,https://tong.visitkorea.or.kr/cms/resource/39/4019839_image2_1.jpg,https://tong.visitkorea.or.kr/cms/resource/39/4019839_image3_1.jpg,2026-09-05T02:12:18.458439+09:00
2931481,38,BCBG 현대아울렛 가든파이브점,서울특별시 송파구 충민로 66 (문정동),37.4776148442516,127.124961768886,11,710,SH,SH04,SH040300,2026-03-27 09:21:50+09:00,https://tong.visitkorea.or.kr/cms/resource/71/4019071_image2_1.jpg,https://tong.visitkorea.or.kr/cms/resource/71/4019071_image3_1.jpg,2026-09-05T02:12:18.458439+09:00
2931501,38,러쉬 롯데월드몰점,서울특별시 송파구 올림픽로 300 (신천동) B1층,37.5137129859207,127.104301829165,11,710,SH,SH04,SH040300,2026-03-27 09:21:50+09:00,https://tong.visitkorea.or.kr/cms/resource/62/4019162_image2_1.jpg,https://tong.visitkorea.or.kr/cms/resource/62/4019162_image3_1.jpg,2026-09-05T02:12:18.458439+09:00
2931505,38,AK골프 롯데백화점 잠실점,서울특별시 송파구 올림픽로 240 (잠실동) 6층,37.5113096112036,127.098141751177,11,710,SH,SH04,SH040300,2026-03-27 09:21:50+09:00,https://tong.visitkorea.or.kr/cms/resource/78/4019678_image2_1.jpg,https://tong.visitkorea.or.kr/cms/resource/78/4019678_image3_1.jpg,2026-09-05T02:12:18.458439+09:00
2931560,38,데상트 롯데월드몰점,서울특별시 송파구 올림픽로 300 (신천동) 3층,37.5137129859207,127.104301829165,11,710,SH,SH04,SH040300,2026-03-27 09:21:50+09:00,https://tong.visitkorea.or.kr/cms/resource/60/4019160_image2_1.jpg,https://tong.visitkorea.or.kr/cms/resource/60/4019160_image3_1.jpg,2026-09-05T02:12:18.458439+09:00
2931604,38,트라이엄프 현대아울렛 가든파이브점,서울특별시 송파구 충민로 66 (문정동),37.4776148442516,127.124961768886,11,710,SH,SH04,SH040300,2026-03-27 09:21:50+09:00,https://tong.visitkorea.or.kr/cms/resource/85/4019085_image2_1.jpg,https://tong.visitkorea.or.kr/cms/resource/85/4019085_image3_1.jpg,2026-09-05T02:12:18.458439+09:00
2931630,38,올젠 현대아울렛 가든파이브점,서울특별시 송파구 충민로 66 (문정동) 4층,37.4776148442516,127.124961768886,11,710,SH,SH04,SH040300,2026-03-27 09:21:50+09:00,https://tong.visitkorea.or.kr/cms/resource/64/4018564_image2_1.jpg,https://tong.visitkorea.or.kr/cms/resource/64/4018564_image3_1.jpg,2026-09-05T02:12:18.458439+09:00
2931766,38,레노마수영복 현대아울렛 가든파이브점,서울특별시 송파구 충민로 66 (문정동),37.4776148442516,127.124961768886,11,710,SH,SH04,SH040300,2026-03-27 09:21:50+09:00,https://tong.visitkorea.or.kr/cms/resource/25/4018725_image2_1.jpg,https://tong.visitkorea.or.kr/cms/resource/25/4018725_image3_1.jpg,2026-09-05T02:12:18.458439+09:00
2931818,38,DKNY 현대아울렛 가든파이브점,서울특별시 송파구 충민로 66 (문정동) 1층,37.4776148442516,127.124961768886,11,710,SH,SH04,SH040300,2026-03-27 09:21:50+09:00,https://tong.visitkorea.or.kr/cms/resource/94/4019094_image2_1.jpg,https://tong.visitkorea.or.kr/cms/resource/94/4019094_image3_1.jpg,2026-09-05T02:12:18.458439+09:00
2931832,38,기비앤키이스 현대아울렛 가든파이브점,서울특별시 송파구 충민로 66 (문정동) 2층,37.4776148442516,127.124961768886,11,710,SH,SH04,SH040300,2026-03-27 09:21:50+09:00,https://tong.visitkorea.or.kr/cms/resource/76/4019076_image2_1.jpg,https://tong.visitkorea.or.kr/cms/resource/76/4019076_image3_1.jpg,2026-09-05T02:12:18.458439+09:00
2931858,38,스타일노리터 현대아울렛 가든파이브점,서울특별시 송파구 충민로 66 (문정동),37.4776148442516,127.124961768886,11,710,SH,SH04,SH040300,2026-03-27 09:21:50+09:00,https://tong.visitkorea.or.kr/cms/resource/53/4018553_image2_1.jpg,https://tong.visitkorea.or.kr/cms/resource/53/4018553_image3_1.jpg,2026-09-05T02:12:18.458439+09:00
2946635,28,레전드히어로즈 잠실롯데월드몰점,서울특별시 송파구 올림픽로 300 (신천동) 3층,37.5141653654,127.1040749597,11,710,LS,LS04,LS040100,2025-11-06 09:19:39+09:00,http://tong.visitkorea.or.kr/cms/resource/94/2947194_image2_1.jpg,http://tong.visitkorea.or.kr/cms/resource/94/2947194_image3_1.jpg,2026-09-05T02:12:18.458439+09:00
2994877,12,송리단길,서울특별시 송파구 백제고분로43길 23,37.509084647,127.1082207657,11,710,VE,VE04,VE040100,2026-08-04 16:27:06+09:00,https://tong.visitkorea.or.kr/cms/resource/19/2995119_image2_1.jpg,https://tong.visitkorea.or.kr/cms/resource/19/2995119_image3_1.jpg,2026-09-05T02:12:18.458439+09:00
3013431,14,송파구립 예송미술관,서울특별시 송파구 백제고분로 242 (삼전동),37.5026475259,127.0931827379,11,710,VE,VE07,VE070600,2026-08-26 11:31:25+09:00,https://tong.visitkorea.or.kr/cms/resource/24/3013424_image2_1.jpg,https://tong.visitkorea.or.kr/cms/resource/24/3013424_image3_1.jpg,2026-09-05T02:12:18.458439+09:00
3021908,15,서울발레페스티벌 서울국제발레위크,서울특별시 송파구 석촌호수로 191 (잠실동),37.5068688853,127.0982534743,11,710,EV,EV02,EV020100,2025-10-23 14:30:00+09:00,http://tong.visitkorea.or.kr/cms/resource/69/3546369_image2_1.jpg,http://tong.visitkorea.or.kr/cms/resource/69/3546369_image3_1.jpg,2026-09-05T02:12:18.458439+09:00
3029091,28,티켓링크 라이브 아레나(핸드볼경기장),서울특별시 송파구 올림픽로 424 (방이동),37.5205553754,127.1150515712,11,710,VE,VE10,VE100100,2026-06-05 10:45:20+09:00,https://tong.visitkorea.or.kr/cms/resource/78/3029078_image2_1.jpg,https://tong.visitkorea.or.kr/cms/resource/78/3029078_image3_1.jpg,2026-09-05T02:12:18.458439+09:00
3047617,14,MUSEUM 209,서울특별시 송파구 잠실로 209 (신천동) 소피텔 앰배서더 호텔 3층,37.513871044212884,127.10636444593794,11,710,VE,VE07,VE070300,2026-04-07 17:01:23+09:00,https://tong.visitkorea.or.kr/cms/resource/31/3047631_image2_1.jpg,https://tong.visitkorea.or.kr/cms/resource/31/3047631_image3_1.jpg,2026-09-05T02:12:18.458439+09:00
3060928,38,새마을전통시장,서울특별시 송파구 석촌호수로12길 24 (잠실동),37.5089161787086,127.08388130151,11,710,SH,SH06,SH060200,2026-03-30 13:52:46+09:00,https://tong.visitkorea.or.kr/cms/resource/31/3053831_image2_1.jpg,https://tong.visitkorea.or.kr/cms/resource/31/3053831_image3_1.jpg,2026-09-05T02:12:18.458439+09:00
3060929,28,마천청소년센터,서울특별시 송파구 성내천로 319 (마천동) 마천청소년수련관,37.492338526817825,127.15664474004899,11,710,VE,VE10,VE100200,2026-03-30 15:59:44+09:00,https://tong.visitkorea.or.kr/cms/resource/51/3053851_image2_1.jpg,https://tong.visitkorea.or.kr/cms/resource/51/3053851_image3_1.jpg,2026-09-05T02:12:18.458439+09:00
3060930,12,코코몽키즈랜드 송파점,서울특별시 송파구 충민로 66 (문정동),37.476932,127.125603,11,710,EX,EX07,EX070200,2026-03-30 14:48:09+09:00,https://tong.visitkorea.or.kr/cms/resource/00/3053900_image2_1.jpg,https://tong.visitkorea.or.kr/cms/resource/00/3053900_image3_1.jpg,2026-09-05T02:12:18.458439+09:00
3060931,12,천마근린공원,서울특별시 송파구 성내천로35길 53 (마천동),37.500384166861515,127.15881341405478,11,710,VE,VE03,VE030400,2026-03-30 14:51:01+09:00,https://tong.visitkorea.or.kr/cms/resource/55/3054055_image2_1.jpg,https://tong.visitkorea.or.kr/cms/resource/55/3054055_image3_1.jpg,2026-09-05T02:12:18.458439+09:00
3060932,28,에어즈락 클라이밍 위례점,서울특별시 송파구 위례광장로 188 (장지동) 아이온스퀘어 12층,37.48108553577773,127.14239482196365,11,710,LS,LS01,LS011300,2026-03-30 14:05:03+09:00,https://tong.visitkorea.or.kr/cms/resource/15/3054215_image2_1.jpg,https://tong.visitkorea.or.kr/cms/resource/15/3054215_image3_1.jpg,2026-09-05T02:12:18.458439+09:00
3076237,32,로사나부티크호텔,서울특별시 송파구 삼학사로 98 (석촌동),37.5060550786,127.0975757814,11,710,AC,AC04,AC040100,2025-11-06 14:31:13+09:00,http://tong.visitkorea.or.kr/cms/resource/89/3562689_image2_1.jpg,http://tong.visitkorea.or.kr/cms/resource/89/3562689_image3_1.jpg,2026-09-05T02:12:18.458439+09:00
3082222,39,카페 마나랑,서울특별시 송파구 송파대로49길 37 (석촌동),37.5063179137,127.1005667997,11,710,FD,FD05,FD050100,2026-06-05 11:12:58+09:00,https://tong.visitkorea.or.kr/cms/resource/94/3082194_image2_1.jpg,https://tong.visitkorea.or.kr/cms/resource/94/3082194_image3_1.jpg,2026-09-05T02:12:18.458439+09:00
3085149,14,롯데콘서트홀,서울특별시 송파구 올림픽로 300 (신천동) 롯데월드몰 8층 롯데콘서트홀,37.5142459111,127.1040305171,11,710,VE,VE06,VE060100,2025-08-13 13:43:10+09:00,http://tong.visitkorea.or.kr/cms/resource/42/3085142_image2_1.JPG,http://tong.visitkorea.or.kr/cms/resource/42/3085142_image3_1.JPG,2026-09-05T02:12:18.458439+09:00
3085174,14,올림픽공원 올림픽홀,서울특별시 송파구 올림픽로 424 (방이동),37.5147,127.1275,11,710,VE,VE06,VE060100,2026-04-30 11:23:41+09:00,https://tong.visitkorea.or.kr/cms/resource/63/3085163_image2_1.JPG,https://tong.visitkorea.or.kr/cms/resource/63/3085163_image3_1.JPG,2026-09-05T02:12:18.458439+09:00
3091220,32,톰지호텔,서울특별시 송파구 오금로11길 21-12 (방이동),37.5155763011,127.1095718676,11,710,AC,AC04,AC040100,2026-07-13 10:45:56+09:00,https://tong.visitkorea.or.kr/cms/resource/10/3091210_image2_1.JPG,https://tong.visitkorea.or.kr/cms/resource/10/3091210_image3_1.JPG,2026-09-05T02:12:18.458439+09:00
3113548,15,서울생활예술페스티벌,서울특별시 용산구 양녕로 445 (이촌동) 한강 노들섬,37.5177178854,126.9580520415,11,710,EV,EV01,EV010200,2025-10-23 14:30:00+09:00,http://tong.visitkorea.or.kr/cms/resource/52/3542852_image2_1.jpg,http://tong.visitkorea.or.kr/cms/resource/52/3542852_image3_1.jpg,2026-09-05T02:12:18.458439+09:00
3113671,15,전국빵지자랑,서울특별시 송파구 양재대로 932 (가락동) 가락몰 판매동 3층 하늘공원,37.4960246565506,127.11075320085199,11,710,EV,EV01,EV010600,2026-06-02 16:26:29+09:00,https://tong.visitkorea.or.kr/cms/resource/48/4070248_image2_1.jpg,https://tong.visitkorea.or.kr/cms/resource/48/4070248_image3_1.jpg,2026-09-05T02:12:18.458439+09:00
3305432,38,S.T듀퐁 롯데백화점 잠실 에비뉴엘점,서울특별시 송파구 올림픽로 300 (신천동) 4층,37.5137129859207,127.104301829165,11,710,SH,SH04,SH040300,2026-03-19 09:49:59+09:00,https://tong.visitkorea.or.kr/cms/resource/20/4019720_image2_1.jpg,https://tong.visitkorea.or.kr/cms/resource/20/4019720_image3_1.jpg,2026-09-05T02:12:18.458439+09:00
3305481,38,렌즈미 잠실지하상가점,서울특별시 송파구 올림픽로 지하265 (신천동),37.513859279255,127.101857941447,11,710,SH,SH04,SH040300,2026-03-26 09:20:41+09:00,https://tong.visitkorea.or.kr/cms/resource/45/4019245_image2_1.jpg,https://tong.visitkorea.or.kr/cms/resource/45/4019245_image3_1.jpg,2026-09-05T02:12:18.458439+09:00
3305716,38,올리브영 롯데백화점 잠실점,서울특별시 송파구 올림픽로 240 (잠실동) B1층,37.5113096112036,127.098141751177,11,710,SH,SH04,SH040300,2026-03-17 10:12:59+09:00,https://tong.visitkorea.or.kr/cms/resource/13/4028713_image2_1.png,https://tong.visitkorea.or.kr/cms/resource/13/4028713_image3_1.png,2026-09-05T02:12:18.458439+09:00
3305743,38,제이에스티나,서울특별시 송파구 양재대로62길 53 (가락동),37.4956067427027,127.121294607628,11,710,SH,SH04,SH040300,2026-04-15 01:08:46+09:00,https://tong.visitkorea.or.kr/cms/resource/75/4024775_image2_1.jpeg,https://tong.visitkorea.or.kr/cms/resource/75/4024775_image3_1.jpeg,2026-09-05T02:12:18.458439+09:00
3305841,38,라미체성형외과의원,서울특별시 송파구 백제고분로7길 14 (잠실동),37.5102984418399,127.080467525899,11,710,SH,SH04,SH040300,2026-03-27 09:21:50+09:00,https://tong.visitkorea.or.kr/cms/resource/33/4019033_image2_1.jpg,https://tong.visitkorea.or.kr/cms/resource/33/4019033_image3_1.jpg,2026-09-05T02:12:18.458439+09:00
3306063,38,현대안경원,서울특별시 송파구 법원로 128 (문정동),37.4868314347245,127.120453991896,11,710,SH,SH04,SH040300,2026-03-27 09:21:50+09:00,https://tong.visitkorea.or.kr/cms/resource/41/4019141_image2_1.jpg,https://tong.visitkorea.or.kr/cms/resource/41/4019141_image3_1.jpg,2026-09-05T02:12:18.458439+09:00
3306111,38,컨버스 롯데월드몰점,서울특별시 송파구 올림픽로 300 (신천동) B1층,37.5137129859207,127.104301829165,11,710,SH,SH04,SH040300,2026-04-15 00:59:02+09:00,https://tong.visitkorea.or.kr/cms/resource/88/4043488_image2_1.png,https://tong.visitkorea.or.kr/cms/resource/88/4043488_image3_1.png,2026-09-05T02:12:18.458439+09:00
3306414,38,올리브영 신천중앙점,서울특별시 송파구 올림픽로 114 (잠실동) 서경빌딩 1-2층,37.5114114463838,127.08320714963,11,710,SH,SH04,SH040300,2026-03-30 09:16:11+09:00,https://tong.visitkorea.or.kr/cms/resource/11/4028711_image2_1.jpg,https://tong.visitkorea.or.kr/cms/resource/11/4028711_image3_1.jpg,2026-09-05T02:12:18.458439+09:00
3306465,38,아트박스 잠실새내점,서울특별시 송파구 석촌호수로 88 (잠실동) 1층,37.50850394306,127.086663272778,11,710,SH,SH04,SH040300,2026-03-27 09:21:50+09:00,https://tong.visitkorea.or.kr/cms/resource/30/4019130_image2_1.jpg,https://tong.visitkorea.or.kr/cms/resource/30/4019130_image3_1.jpg,2026-09-05T02:12:18.458439+09:00
3306551,38,올리브영 롯데백화점 에비뉴엘 잠실점,서울특별시 송파구 올림픽로 300 (신천동) 5층,37.5137129859207,127.104301829165,11,710,SH,SH04,SH040300,2026-03-30 09:16:11+09:00,https://tong.visitkorea.or.kr/cms/resource/17/4028717_image2_1.png,https://tong.visitkorea.or.kr/cms/resource/17/4028717_image3_1.png,2026-09-05T02:12:18.458439+09:00
3306856,38,데무,서울특별시 송파구 동남로 108 (문정동),37.4896194718557,127.123374305382,11,710,SH,SH04,SH040300,2026-03-27 09:21:50+09:00,https://tong.visitkorea.or.kr/cms/resource/39/4019039_image2_1.jpg,https://tong.visitkorea.or.kr/cms/resource/39/4019039_image3_1.jpg,2026-09-05T02:12:18.458439+09:00
3306956,38,슬로기 롯데월드몰점,서울특별시 송파구 올림픽로 300 (신천동) 4층,37.5137129859207,127.104301829165,11,710,SH,SH04,SH040300,2026-03-26 09:20:41+09:00,https://tong.visitkorea.or.kr/cms/resource/71/4019271_image2_1.jpg,https://tong.visitkorea.or.kr/cms/resource/71/4019271_image3_1.jpg,2026-09-05T02:12:18.458439+09:00
3307453,38,락포트 현대아울렛 가든파이브점,서울특별시 송파구 충민로 66 (문정동),37.4776148442516,127.124961768886,11,710,SH,SH04,SH040300,2026-03-27 09:21:50+09:00,https://tong.visitkorea.or.kr/cms/resource/80/4019080_image2_1.jpg,https://tong.visitkorea.or.kr/cms/resource/80/4019080_image3_1.jpg,2026-09-05T02:12:18.458439+09:00
3307690,38,홀리카홀리카 잠실지하점,서울특별시 송파구 올림픽로 지하265 (신천동),37.513859279255,127.101857941447,11,710,SH,SH04,SH040300,2026-03-16 10:54:17+09:00,https://tong.visitkorea.or.kr/cms/resource/89/4018189_image2_1.jpg,https://tong.visitkorea.or.kr/cms/resource/89/4018189_image3_1.jpg,2026-09-05T02:12:18.458439+09:00
3334388,39,하우스서울,서울특별시 송파구 백제고분로9길 5 (잠실동),37.5094025588,127.0796742374,11,710,FD,FD05,FD050100,2026-06-18 10:58:16+09:00,,,2026-09-05T02:12:18.458439+09:00
3337577,32,소피텔 앰배서더 서울 호텔&서비스드 레지던스,서울특별시 송파구 잠실로 209 (신천동),37.5138710442,127.1063644459,11,710,AC,AC01,AC010100,2026-06-10 10:35:35+09:00,https://tong.visitkorea.or.kr/cms/resource/53/3337553_image2_1.jpg,https://tong.visitkorea.or.kr/cms/resource/53/3337553_image3_1.jpg,2026-09-05T02:12:18.458439+09:00
3379778,15,가락옥토버페스트 미식야행,서울특별시 송파구 양재대로 932 (가락동) (가락동 600) 가락몰3층 하늘공원,37.4960786971,127.1107693087,11,710,EV,EV01,EV010600,2025-10-23 11:18:45+09:00,http://tong.visitkorea.or.kr/cms/resource/73/3553073_image2_1.png,http://tong.visitkorea.or.kr/cms/resource/73/3553073_image3_1.png,2026-09-05T02:12:18.458439+09:00
3394600,14,한국광고박물관,서울특별시 송파구 올림픽로35길 137 (신천동),37.51592723148273,127.09964317309296,11,710,VE,VE07,VE070100,2026-03-12 09:08:40+09:00,https://tong.visitkorea.or.kr/cms/resource/37/3502837_image2_1.jpg,https://tong.visitkorea.or.kr/cms/resource/37/3502837_image3_1.jpg,2026-09-05T02:12:18.458439+09:00
3454540,39,앙떼띠 카페,"서울특별시 송파구 올림픽로 342 (방이동) 아울타워 1, 2층",37.515729149,127.1082911979,11,710,FD,FD05,FD050100,2025-07-31 11:33:28+09:00,http://tong.visitkorea.or.kr/cms/resource/26/3454626_image2_1.jpg,http://tong.visitkorea.or.kr/cms/resource/26/3454626_image3_1.jpg,2026-09-05T02:12:18.458439+09:00
3458576,39,커넥트투,서울특별시 송파구 올림픽로 300 (신천동),37.5141653654,127.1040749597,11,710,FD,FD05,FD050100,2025-07-28 17:07:26+09:00,http://tong.visitkorea.or.kr/cms/resource/76/3458476_image2_1.jpg,http://tong.visitkorea.or.kr/cms/resource/76/3458476_image3_1.jpg,2026-09-05T02:12:18.458439+09:00
3464755,32,시그니엘 서울,서울특별시 송파구 올림픽로 300 (신천동) 76-101층,37.5141653654,127.1040749597,11,710,AC,AC01,AC010100,2025-04-09 08:50:43+09:00,,,2026-09-05T02:12:18.458439+09:00
3485244,39,푼주,서울특별시 송파구 새말로 114 (문정동) 1층,37.48262737286333,127.12662693725547,11,710,FD,FD01,FD010100,2026-03-05 09:58:51+09:00,https://tong.visitkorea.or.kr/cms/resource/39/3485239_image2_1.jpg,https://tong.visitkorea.or.kr/cms/resource/39/3485239_image3_1.jpg,2026-09-05T02:12:18.458439+09:00
3570427,39,캐롤스 본점,서울특별시 송파구 올림픽로 300 (신천동) 롯데월드몰 3층 캐롤스,37.514113873232,127.10406050706861,11,710,FD,FD02,FD020300,2026-04-27 17:01:44+09:00,https://tong.visitkorea.or.kr/cms/resource/88/3570388_image2_1.jpg,https://tong.visitkorea.or.kr/cms/resource/88/3570388_image3_1.jpg,2026-09-05T02:12:18.458439+09:00
4009136,38,올리브영 방이역점,서울특별시 송파구 마천로 41 (방이동),37.5090453335185,127.125513382654,11,710,SH,SH04,SH040300,2026-03-09 09:36:31+09:00,https://tong.visitkorea.or.kr/cms/resource/95/4028695_image2_1.jpg,https://tong.visitkorea.or.kr/cms/resource/95/4028695_image3_1.jpg,2026-09-05T02:12:18.458439+09:00
4009137,38,올리브영 삼전역점,서울특별시 송파구 백제고분로 196 (삼전동) 1층,37.5039849019726,127.088313655428,11,710,SH,SH04,SH040300,2026-03-09 09:36:31+09:00,https://tong.visitkorea.or.kr/cms/resource/96/4028696_image2_1.jpg,https://tong.visitkorea.or.kr/cms/resource/96/4028696_image3_1.jpg,2026-09-05T02:12:18.458439+09:00
4009138,38,올리브영 송리단길점,서울특별시 송파구 백제고분로 425 (송파동) 1층,37.5091577980639,127.111100581967,11,710,SH,SH04,SH040300,2026-03-09 09:36:31+09:00,https://tong.visitkorea.or.kr/cms/resource/00/4028700_image2_1.png,https://tong.visitkorea.or.kr/cms/resource/00/4028700_image3_1.png,2026-09-05T02:12:18.458439+09:00
4009139,38,올리브영 방이시장점,서울특별시 송파구 백제고분로 460 (방이동),37.5114786473939,127.113331548837,11,710,SH,SH04,SH040300,2026-03-09 09:36:31+09:00,https://tong.visitkorea.or.kr/cms/resource/02/4028702_image2_1.jpg,https://tong.visitkorea.or.kr/cms/resource/02/4028702_image3_1.jpg,2026-09-05T02:12:18.458439+09:00
4009140,38,올리브영 잠실학원사거리점,서울특별시 송파구 석촌호수로 130 (삼전동),37.5071964496082,127.091386305975,11,710,SH,SH04,SH040300,2026-03-09 09:36:31+09:00,https://tong.visitkorea.or.kr/cms/resource/03/4028703_image2_1.png,https://tong.visitkorea.or.kr/cms/resource/03/4028703_image3_1.png,2026-09-05T02:12:18.458439+09:00
4009141,38,올리브영 송파하비오점,"서울특별시 송파구 송파대로 111 (문정동, 파크하비오)",37.4796870553794,127.124979804141,11,710,SH,SH04,SH040300,2026-03-09 09:36:31+09:00,https://tong.visitkorea.or.kr/cms/resource/04/4028704_image2_1.png,https://tong.visitkorea.or.kr/cms/resource/04/4028704_image3_1.png,2026-09-05T02:12:18.458439+09:00
4009147,38,올리브영 헬리오시티점,"서울특별시 송파구 송파대로 345 (가락동, 헬리오시티)",37.4976145695004,127.102531804188,11,710,SH,SH04,SH040300,2026-03-09 09:36:31+09:00,https://tong.visitkorea.or.kr/cms/resource/07/4028707_image2_1.jpg,https://tong.visitkorea.or.kr/cms/resource/07/4028707_image3_1.jpg,2026-09-05T02:12:18.458439+09:00
4009149,38,올리브영 개롱역점,서울특별시 송파구 오금로 404 (가락동),37.4975927810188,127.135121781578,11,710,SH,SH04,SH040300,2026-03-09 09:36:31+09:00,https://tong.visitkorea.or.kr/cms/resource/08/4028708_image2_1.jpg,https://tong.visitkorea.or.kr/cms/resource/08/4028708_image3_1.jpg,2026-09-05T02:12:18.458439+09:00
4009150,38,올리브영 거여역점,서울특별시 송파구 오금로 509 (거여동) 1층,37.4931949986937,127.145417980953,11,710,SH,SH04,SH040300,2026-03-09 09:36:31+09:00,https://tong.visitkorea.or.kr/cms/resource/09/4028709_image2_1.jpg,https://tong.visitkorea.or.kr/cms/resource/09/4028709_image3_1.jpg,2026-09-05T02:12:18.458439+09:00
4009151,38,올리브영 송파구청점,서울특별시 송파구 오금로 87 (방이동) 잠실리시온 1층,37.5146105475103,127.107438305989,11,710,SH,SH04,SH040300,2026-03-09 09:36:31+09:00,https://tong.visitkorea.or.kr/cms/resource/10/4028710_image2_1.jpg,https://tong.visitkorea.or.kr/cms/resource/10/4028710_image3_1.jpg,2026-09-05T02:12:18.458439+09:00
4009163,38,올리브영 롯데월드점,서울특별시 송파구 올림픽로 240 (잠실동),37.5113096112036,127.098141751177,11,710,SH,SH04,SH040300,2026-03-09 09:36:31+09:00,https://tong.visitkorea.or.kr/cms/resource/12/4028712_image2_1.png,https://tong.visitkorea.or.kr/cms/resource/12/4028712_image3_1.png,2026-09-05T02:12:18.458439+09:00
4009164,38,더샘 잠실역점,서울특별시 송파구 올림픽로 지하265 (신천동),37.513859279255,127.101857941447,11,710,SH,SH04,SH040300,2026-03-16 10:54:17+09:00,https://tong.visitkorea.or.kr/cms/resource/08/4022108_image2_1.jpg,https://tong.visitkorea.or.kr/cms/resource/08/4022108_image3_1.jpg,2026-09-05T02:12:18.458439+09:00
4009177,38,올리브영 롯데월드몰점,서울특별시 송파구 올림픽로 300 (신천동) 2층,37.5137129859207,127.104301829165,11,710,SH,SH04,SH040300,2026-03-19 09:49:59+09:00,https://tong.visitkorea.or.kr/cms/resource/15/4028715_image2_1.png,https://tong.visitkorea.or.kr/cms/resource/15/4028715_image3_1.png,2026-09-05T02:12:18.458439+09:00
4009184,38,올리브영 잠실장미상가점,서울특별시 송파구 올림픽로35길 124 (신천동),37.5173394829102,127.10071613049,11,710,SH,SH04,SH040300,2026-03-09 09:36:31+09:00,https://tong.visitkorea.or.kr/cms/resource/19/4028719_image2_1.jpg,https://tong.visitkorea.or.kr/cms/resource/19/4028719_image3_1.jpg,2026-09-05T02:12:18.458439+09:00
4009192,38,올리브영 위례아이파크점,"서울특별시 송파구 위례광장로 136 (장지동, 위례아이파크)",37.4771958181254,127.142374845651,11,710,SH,SH04,SH040300,2026-03-09 09:36:31+09:00,https://tong.visitkorea.or.kr/cms/resource/20/4028720_image2_1.jpg,https://tong.visitkorea.or.kr/cms/resource/20/4028720_image3_1.jpg,2026-09-05T02:12:18.458439+09:00
4009200,38,올리브영 가락시장역점,서울특별시 송파구 중대로 105 (가락동) 가락 ID타워 1층,37.493586152986,127.120052549745,11,710,SH,SH04,SH040300,2026-03-09 09:36:31+09:00,https://tong.visitkorea.or.kr/cms/resource/21/4028721_image2_1.jpg,https://tong.visitkorea.or.kr/cms/resource/21/4028721_image3_1.jpg,2026-09-05T02:12:18.458439+09:00
4012410,38,올리브영 잠실점,"서울특별시 송파구 올림픽로 269 (신천동, 롯데캐슬골드) 롯데캐슬플라자 1층",37.5144273491608,127.100611434725,11,710,SH,SH04,SH040300,2026-03-09 09:36:31+09:00,https://tong.visitkorea.or.kr/cms/resource/14/4028714_image2_1.jpg,https://tong.visitkorea.or.kr/cms/resource/14/4028714_image3_1.jpg,2026-09-05T02:12:18.458439+09:00
4012411,38,NC백화점 송파점,서울특별시 송파구 충민로 66 (문정동) 1층,37.4776148442516,127.124961768886,11,710,SH,SH04,SH040300,2026-03-19 01:48:22+09:00,https://tong.visitkorea.or.kr/cms/resource/23/4022423_image2_1.jpg,https://tong.visitkorea.or.kr/cms/resource/23/4022423_image3_1.jpg,2026-09-05T02:12:18.458439+09:00
4012451,38,나이키 현대아울렛 가든파이브점,서울특별시 송파구 충민로 66 (문정동),37.4776148442516,127.124961768886,11,710,SH,SH04,SH040300,2026-03-30 09:16:11+09:00,https://tong.visitkorea.or.kr/cms/resource/59/4022659_image2_1.jpg,https://tong.visitkorea.or.kr/cms/resource/59/4022659_image3_1.jpg,2026-09-05T02:12:18.458439+09:00
4012584,38,레노마 NC백화점 송파점,서울특별시 송파구 충민로 66 (문정동) 5층,37.4776148442516,127.124961768886,11,710,SH,SH04,SH040300,2026-03-27 09:21:50+09:00,https://tong.visitkorea.or.kr/cms/resource/90/4043590_image2_1.png,https://tong.visitkorea.or.kr/cms/resource/90/4043590_image3_1.png,2026-09-05T02:12:18.458439+09:00
4012585,38,미소페 현대아울렛 가든파이브점,서울특별시 송파구 충민로 66 (문정동) 1층,37.4776148442516,127.124961768886,11,710,SH,SH04,SH040300,2026-03-27 09:21:50+09:00,https://tong.visitkorea.or.kr/cms/resource/79/4043479_image2_1.jpg,https://tong.visitkorea.or.kr/cms/resource/79/4043479_image3_1.jpg,2026-09-05T02:12:18.458439+09:00
4012586,38,쁘렝땅 현대아울렛 가든파이브점,서울특별시 송파구 충민로 66 (문정동) 2층,37.4776148442516,127.124961768886,11,710,SH,SH04,SH040300,2026-03-30 09:16:11+09:00,https://tong.visitkorea.or.kr/cms/resource/00/4022800_image2_1.jpg,https://tong.visitkorea.or.kr/cms/resource/00/4022800_image3_1.jpg,2026-09-05T02:12:18.458439+09:00
4013007,38,휠라키즈 NC백화점 송파점,서울특별시 송파구 충민로 66 (문정동) 6층,37.4776148442516,127.124961768886,11,710,SH,SH04,SH040300,2026-03-27 09:21:50+09:00,https://tong.visitkorea.or.kr/cms/resource/47/4043447_image2_1.png,https://tong.visitkorea.or.kr/cms/resource/47/4043447_image3_1.png,2026-09-05T02:12:18.458439+09:00
4013136,38,팬텀 문정점,서울특별시 송파구 동남로 108 (문정동),37.4896194718557,127.123374305382,11,710,SH,SH04,SH040300,2026-03-27 09:21:50+09:00,https://tong.visitkorea.or.kr/cms/resource/79/4043579_image2_1.png,https://tong.visitkorea.or.kr/cms/resource/79/4043579_image3_1.png,2026-09-05T02:12:18.458439+09:00
4013137,38,페나코바스포츠,서울특별시 송파구 동남로4길 21 (문정동),37.4884274083459,127.124861730628,11,710,SH,SH04,SH040300,2026-03-18 10:10:05+09:00,https://tong.visitkorea.or.kr/cms/resource/98/4023598_image2_1.jpg,https://tong.visitkorea.or.kr/cms/resource/98/4023598_image3_1.jpg,2026-09-05T02:12:18.458439+09:00
4013138,38,골프존커머스,서울특별시 송파구 백제고분로 101 (잠실동),37.5076610720883,127.079728406387,11,710,SH,SH04,SH040300,2026-03-18 10:10:05+09:00,https://tong.visitkorea.or.kr/cms/resource/23/4023023_image2_1.jpg,https://tong.visitkorea.or.kr/cms/resource/23/4023023_image3_1.jpg,2026-09-05T02:12:18.458439+09:00
4013139,38,샘스풋,서울특별시 송파구 백제고분로 252 (삼전동),37.5023455834177,127.094296838722,11,710,SH,SH04,SH040300,2026-03-18 10:10:05+09:00,https://tong.visitkorea.or.kr/cms/resource/20/4023820_image2_1.jpg,https://tong.visitkorea.or.kr/cms/resource/20/4023820_image3_1.jpg,2026-09-05T02:12:18.458439+09:00
4013140,38,닥터스피부과의원 잠실송파점,서울특별시 송파구 백제고분로 364 (석촌동) 5층,37.5045912862017,127.106846702056,11,710,SH,SH04,SH040300,2026-03-18 10:10:05+09:00,https://tong.visitkorea.or.kr/cms/resource/18/4023818_image2_1.jpg,https://tong.visitkorea.or.kr/cms/resource/18/4023818_image3_1.jpg,2026-09-05T02:12:18.458439+09:00
4013141,38,골프프렌드골때려골프 송파점,서울특별시 송파구 백제고분로 414 (송파동),37.5078546511705,127.110934653572,11,710,SH,SH04,SH040300,2026-03-27 09:21:50+09:00,https://tong.visitkorea.or.kr/cms/resource/68/4043568_image2_1.png,https://tong.visitkorea.or.kr/cms/resource/68/4043568_image3_1.png,2026-09-05T02:12:18.458439+09:00
4013142,38,골프존마켓 방이점,서울특별시 송파구 백제고분로 478 (방이동) 1층,37.5128636025204,127.114150629047,11,710,SH,SH04,SH040300,2026-03-12 16:00:16+09:00,https://tong.visitkorea.or.kr/cms/resource/35/4024735_image2_1.jpeg,https://tong.visitkorea.or.kr/cms/resource/35/4024735_image3_1.jpeg,2026-09-05T02:12:18.458439+09:00
4013143,38,드메이커,서울특별시 송파구 백제고분로12길 26-28 (잠실동) 1층,37.5042336117573,127.078709272666,11,710,SH,SH04,SH040300,2026-03-18 10:10:05+09:00,https://tong.visitkorea.or.kr/cms/resource/66/4024566_image2_1.jpeg,https://tong.visitkorea.or.kr/cms/resource/66/4024566_image3_1.jpeg,2026-09-05T02:12:18.458439+09:00
4013144,38,벨로하우스 송파점,서울특별시 송파구 백제고분로31길 41 (삼전동),37.5063907527872,127.095732292412,11,710,SH,SH04,SH040300,2026-03-18 10:10:05+09:00,https://tong.visitkorea.or.kr/cms/resource/01/4022801_image2_1.jpg,https://tong.visitkorea.or.kr/cms/resource/01/4022801_image3_1.jpg,2026-09-05T02:12:18.458439+09:00
4013145,38,으뜸50안경 문정역점,서울특별시 송파구 법원로 128 (문정동) 1층,37.4868314347245,127.120453991896,11,710,SH,SH04,SH040300,2026-03-18 10:10:05+09:00,https://tong.visitkorea.or.kr/cms/resource/33/4023033_image2_1.jpg,https://tong.visitkorea.or.kr/cms/resource/33/4023033_image3_1.jpg,2026-09-05T02:12:18.458439+09:00
4013146,38,석촌드림약국,서울특별시 송파구 삼학사로 100 (석촌동) 1층,37.5061702651501,127.097509133661,11,710,SH,SH04,SH040300,2026-03-18 10:10:05+09:00,https://tong.visitkorea.or.kr/cms/resource/99/4022799_image2_1.jpg,https://tong.visitkorea.or.kr/cms/resource/99/4022799_image3_1.jpg,2026-09-05T02:12:18.458439+09:00
4013147,38,리프업의원 잠실점,서울특별시 송파구 석촌호수로 94 (잠실동) 3층,37.5081311134172,127.087510540145,11,710,SH,SH04,SH040300,2026-03-18 10:10:05+09:00,https://tong.visitkorea.or.kr/cms/resource/24/4023024_image2_1.jpg,https://tong.visitkorea.or.kr/cms/resource/24/4023024_image3_1.jpg,2026-09-05T02:12:18.458439+09:00
4013148,38,송파힘찬약국,서울특별시 송파구 송파대로 141 (문정동) 1층,37.4827982488674,127.123339910507,11,710,SH,SH04,SH040300,2026-03-18 10:10:05+09:00,https://tong.visitkorea.or.kr/cms/resource/98/4022798_image2_1.jpg,https://tong.visitkorea.or.kr/cms/resource/98/4022798_image3_1.jpg,2026-09-05T02:12:18.458439+09:00
4013149,38,삼성스토어 문정,서울특별시 송파구 송파대로 155 (문정동) 1층,37.4840821501247,127.122681492091,11,710,SH,SH04,SH040300,2026-03-18 10:10:05+09:00,https://tong.visitkorea.or.kr/cms/resource/88/4024788_image2_1.jpeg,https://tong.visitkorea.or.kr/cms/resource/88/4024788_image3_1.jpeg,2026-09-05T02:12:18.458439+09:00
4013150,38,카포풋볼스토어 석촌점,서울특별시 송파구 송파대로 411 (석촌동) 1층,37.5036339498585,127.108154073686,11,710,SH,SH04,SH040300,2026-03-18 10:10:05+09:00,https://tong.visitkorea.or.kr/cms/resource/18/4024518_image2_1.jpeg,https://tong.visitkorea.or.kr/cms/resource/18/4024518_image3_1.jpeg,2026-09-05T02:12:18.458439+09:00
4013151,38,브룩스브라더스 롯데백화점 잠실점,서울특별시 송파구 올림픽로 240 (잠실동) 5층,37.5113096112036,127.098141751177,11,710,SH,SH04,SH040300,2026-03-30 09:16:11+09:00,https://tong.visitkorea.or.kr/cms/resource/99/4023599_image2_1.jpg,https://tong.visitkorea.or.kr/cms/resource/99/4023599_image3_1.jpg,2026-09-05T02:12:18.458439+09:00
4013152,38,코오롱스포츠 롯데백화점 잠실점,서울특별시 송파구 올림픽로 240 (잠실동) 6층,37.5113096112036,127.098141751177,11,710,SH,SH04,SH040300,2026-03-30 09:16:11+09:00,https://tong.visitkorea.or.kr/cms/resource/00/4023600_image2_1.jpg,https://tong.visitkorea.or.kr/cms/resource/00/4023600_image3_1.jpg,2026-09-05T02:12:18.458439+09:00
4013153,38,잠실365약국 롯데백화점 잠실점,서울특별시 송파구 올림픽로 240 (잠실동),37.5113096112036,127.098141751177,11,710,SH,SH04,SH040300,2026-03-19 04:52:30+09:00,https://tong.visitkorea.or.kr/cms/resource/01/4023601_image2_1.jpg,https://tong.visitkorea.or.kr/cms/resource/01/4023601_image3_1.jpg,2026-09-05T02:12:18.458439+09:00
4013154,38,네이처리퍼블릭 롯데백화점 잠실점,서울특별시 송파구 올림픽로 240 (잠실동) B1층,37.5113096112036,127.098141751177,11,710,SH,SH04,SH040300,2026-03-27 09:21:50+09:00,https://tong.visitkorea.or.kr/cms/resource/38/4043438_image2_1.png,https://tong.visitkorea.or.kr/cms/resource/38/4043438_image3_1.png,2026-09-05T02:12:18.458439+09:00
4013155,38,정관장 방이점,서울특별시 송파구 오금로 153 (방이동),37.510712367667,127.112078649193,11,710,SH,SH04,SH040300,2026-03-12 09:08:40+09:00,https://tong.visitkorea.or.kr/cms/resource/02/4023602_image2_1.jpg,https://tong.visitkorea.or.kr/cms/resource/02/4023602_image3_1.jpg,2026-09-05T02:12:18.458439+09:00
4013156,38,삼성스토어 송파,서울특별시 송파구 오금로 218 (송파동),37.5071093594787,127.117620378923,11,710,SH,SH04,SH040300,2026-03-27 09:21:50+09:00,https://tong.visitkorea.or.kr/cms/resource/46/4043446_image2_1.png,https://tong.visitkorea.or.kr/cms/resource/46/4043446_image3_1.png,2026-09-05T02:12:18.458439+09:00
4013157,38,씨채널안경원 송파중앙점,서울특별시 송파구 올림픽로 203 (잠실동),37.5124860835366,127.093322610898,11,710,SH,SH04,SH040300,2026-03-18 10:10:05+09:00,https://tong.visitkorea.or.kr/cms/resource/21/4023821_image2_1.jpg,https://tong.visitkorea.or.kr/cms/resource/21/4023821_image3_1.jpg,2026-09-05T02:12:18.458439+09:00
4013158,38,한국금거래소 롯데백화점 잠실점,서울특별시 송파구 올림픽로 240 (잠실동) 11층,37.5113096112036,127.098141751177,11,710,SH,SH04,SH040300,2026-03-19 04:54:53+09:00,https://tong.visitkorea.or.kr/cms/resource/03/4023603_image2_1.jpg,https://tong.visitkorea.or.kr/cms/resource/03/4023603_image3_1.jpg,2026-09-05T02:12:18.458439+09:00
4013159,38,컨버스 롯데백화점 잠실점,서울특별시 송파구 올림픽로 240 (잠실동) 7층,37.5113096112036,127.098141751177,11,710,SH,SH04,SH040300,2026-03-30 09:16:11+09:00,https://tong.visitkorea.or.kr/cms/resource/04/4023604_image2_1.jpg,https://tong.visitkorea.or.kr/cms/resource/04/4023604_image3_1.jpg,2026-09-05T02:12:18.458439+09:00
4013160,38,보틀벙커 롯데백화점 잠실점,서울특별시 송파구 올림픽로 240 (잠실동) 1층,37.5113096112036,127.098141751177,11,710,SH,SH04,SH040300,2026-03-19 03:21:24+09:00,https://tong.visitkorea.or.kr/cms/resource/57/4023057_image2_1.jpg,https://tong.visitkorea.or.kr/cms/resource/57/4023057_image3_1.jpg,2026-09-05T02:12:18.458439+09:00
4013161,38,프레드릭콘스탄트 롯데백화점 잠실점,서울특별시 송파구 올림픽로 240 (잠실동) 1층,37.5113096112036,127.098141751177,11,710,SH,SH04,SH040300,2026-03-19 03:23:47+09:00,https://tong.visitkorea.or.kr/cms/resource/58/4023058_image2_1.jpg,https://tong.visitkorea.or.kr/cms/resource/58/4023058_image3_1.jpg,2026-09-05T02:12:18.458439+09:00
4013162,38,론진 롯데백화점 잠실점,서울특별시 송파구 올림픽로 240 (잠실동) 1층,37.5113096112036,127.098141751177,11,710,SH,SH04,SH040300,2026-03-27 09:21:50+09:00,https://tong.visitkorea.or.kr/cms/resource/41/4043441_image2_1.png,https://tong.visitkorea.or.kr/cms/resource/41/4043441_image3_1.png,2026-09-05T02:12:18.458439+09:00
4013163,38,태그호이어 롯데백화점 잠실점,서울특별시 송파구 올림픽로 240 (잠실동) 1층,37.5113096112036,127.098141751177,11,710,SH,SH04,SH040300,2026-03-30 09:16:11+09:00,https://tong.visitkorea.or.kr/cms/resource/05/4023605_image2_1.jpg,https://tong.visitkorea.or.kr/cms/resource/05/4023605_image3_1.jpg,2026-09-05T02:12:18.458439+09:00
4013164,38,린 롯데백화점 잠실점,서울특별시 송파구 올림픽로 240 (잠실동) 2층,37.5113096112036,127.098141751177,11,710,SH,SH04,SH040300,2026-03-27 09:21:50+09:00,https://tong.visitkorea.or.kr/cms/resource/01/4042401_image2_1.jpg,https://tong.visitkorea.or.kr/cms/resource/01/4042401_image3_1.jpg,2026-09-05T02:12:18.458439+09:00
4013165,38,나이키 롯데백화점 잠실점,서울특별시 송파구 올림픽로 240 (잠실동) 7층,37.5113096112036,127.098141751177,11,710,SH,SH04,SH040300,2026-03-30 09:16:11+09:00,https://tong.visitkorea.or.kr/cms/resource/90/4024390_image2_1.jpeg,https://tong.visitkorea.or.kr/cms/resource/90/4024390_image3_1.jpeg,2026-09-05T02:12:18.458439+09:00
4013166,38,레드아이 잠실지하상가점,서울특별시 송파구 올림픽로 지하265 (신천동),37.513859279255,127.101857941447,11,710,SH,SH04,SH040300,2026-03-18 10:10:05+09:00,https://tong.visitkorea.or.kr/cms/resource/91/4024491_image2_1.jpeg,https://tong.visitkorea.or.kr/cms/resource/91/4024491_image3_1.jpeg,2026-09-05T02:12:18.458439+09:00
4013167,38,교보문고 롯데백화점 잠실점 캐슬플라자,"서울특별시 송파구 올림픽로 269 (신천동, 롯데캐슬골드) B1층",37.5144273491608,127.100611434725,11,710,SH,SH04,SH040300,2026-03-27 09:21:50+09:00,https://tong.visitkorea.or.kr/cms/resource/32/4043432_image2_1.png,https://tong.visitkorea.or.kr/cms/resource/32/4043432_image3_1.png,2026-09-05T02:12:18.458439+09:00
4013168,38,미쏘 롯데백화점 잠실점 캐슬플라자,"서울특별시 송파구 올림픽로 269 (신천동, 롯데캐슬골드) 1층",37.5144273491608,127.100611434725,11,710,SH,SH04,SH040300,2026-03-30 09:16:11+09:00,https://tong.visitkorea.or.kr/cms/resource/06/4023606_image2_1.jpg,https://tong.visitkorea.or.kr/cms/resource/06/4023606_image3_1.jpg,2026-09-05T02:12:18.458439+09:00
4013169,38,대원미디어 롯데월드몰점,서울특별시 송파구 올림픽로 300 (신천동),37.5137129859207,127.104301829165,11,710,SH,SH04,SH040300,2026-03-26 09:20:41+09:00,https://tong.visitkorea.or.kr/cms/resource/67/4042067_image2_1.jpg,https://tong.visitkorea.or.kr/cms/resource/67/4042067_image3_1.jpg,2026-09-05T02:12:18.458439+09:00
4013170,38,세르지오타키니 롯데월드몰점,서울특별시 송파구 올림픽로 300 (신천동) 3층,37.5137129859207,127.104301829165,11,710,SH,SH04,SH040300,2026-03-30 09:16:11+09:00,https://tong.visitkorea.or.kr/cms/resource/26/4023026_image2_1.jpg,https://tong.visitkorea.or.kr/cms/resource/26/4023026_image3_1.jpg,2026-09-05T02:12:18.458439+09:00
4013171,38,푸마 롯데월드몰점,서울특별시 송파구 올림픽로 300 (신천동) 3층,37.5137129859207,127.104301829165,11,710,SH,SH04,SH040300,2026-03-27 09:21:50+09:00,https://tong.visitkorea.or.kr/cms/resource/80/4043580_image2_1.png,https://tong.visitkorea.or.kr/cms/resource/80/4043580_image3_1.png,2026-09-05T02:12:18.458439+09:00
4013172,38,해칭룸 롯데월드몰점,서울특별시 송파구 올림픽로 300 (신천동) B1층,37.5137129859207,127.104301829165,11,710,SH,SH04,SH040300,2026-03-19 03:09:31+09:00,https://tong.visitkorea.or.kr/cms/resource/27/4023027_image2_1.jpg,https://tong.visitkorea.or.kr/cms/resource/27/4023027_image3_1.jpg,2026-09-05T02:12:18.458439+09:00
4013173,38,호카 롯데월드몰점,서울특별시 송파구 올림픽로 300 (신천동) B1층,37.5137129859207,127.104301829165,11,710,SH,SH04,SH040300,2026-03-30 09:16:11+09:00,https://tong.visitkorea.or.kr/cms/resource/28/4023028_image2_1.jpg,https://tong.visitkorea.or.kr/cms/resource/28/4023028_image3_1.jpg,2026-09-05T02:12:18.458439+09:00
4013174,38,롤렉스 롯데백화점 잠실 에비뉴엘점,서울특별시 송파구 올림픽로 300 (신천동) 1층,37.5137129859207,127.104301829165,11,710,SH,SH04,SH040300,2026-03-30 09:16:11+09:00,https://tong.visitkorea.or.kr/cms/resource/59/4023059_image2_1.jpg,https://tong.visitkorea.or.kr/cms/resource/59/4023059_image3_1.jpg,2026-09-05T02:12:18.458439+09:00
4013175,38,톰포드 롯데백화점 잠실 에비뉴엘점,서울특별시 송파구 올림픽로 300 (신천동) 4층,37.5137129859207,127.104301829165,11,710,SH,SH04,SH040300,2026-03-27 09:21:50+09:00,https://tong.visitkorea.or.kr/cms/resource/81/4043581_image2_1.png,https://tong.visitkorea.or.kr/cms/resource/81/4043581_image3_1.png,2026-09-05T02:12:18.458439+09:00
4013176,38,태그호이어 롯데백화점 잠실 에비뉴엘점,서울특별시 송파구 올림픽로 300 (신천동) 2층,37.5137129859207,127.104301829165,11,710,SH,SH04,SH040300,2026-03-30 09:16:11+09:00,https://tong.visitkorea.or.kr/cms/resource/10/4023610_image2_1.jpg,https://tong.visitkorea.or.kr/cms/resource/10/4023610_image3_1.jpg,2026-09-05T02:12:18.458439+09:00
4013177,38,쇼파드 롯데백화점 잠실 에비뉴엘점,서울특별시 송파구 올림픽로 300 (신천동) 2층,37.5137129859207,127.104301829165,11,710,SH,SH04,SH040300,2026-03-27 09:21:50+09:00,https://tong.visitkorea.or.kr/cms/resource/43/4043443_image2_1.png,https://tong.visitkorea.or.kr/cms/resource/43/4043443_image3_1.png,2026-09-05T02:12:18.458439+09:00
4013178,38,금강안경 롯데백화점 잠실 에비뉴엘점,서울특별시 송파구 올림픽로 300 (신천동) 3층,37.5137129859207,127.104301829165,11,710,SH,SH04,SH040300,2026-03-30 09:16:11+09:00,https://tong.visitkorea.or.kr/cms/resource/26/4024526_image2_1.jpeg,https://tong.visitkorea.or.kr/cms/resource/26/4024526_image3_1.jpeg,2026-09-05T02:12:18.458439+09:00
4013179,38,메종 마르지엘라 프래그런스 롯데월드몰점,서울특별시 송파구 올림픽로 300 (신천동) 1층,37.5137129859207,127.104301829165,11,710,SH,SH04,SH040300,2026-03-27 09:21:50+09:00,https://tong.visitkorea.or.kr/cms/resource/63/4043463_image2_1.png,https://tong.visitkorea.or.kr/cms/resource/63/4043463_image3_1.png,2026-09-05T02:12:18.458439+09:00
4013180,38,르라보 롯데월드몰점,서울특별시 송파구 올림픽로 300 (신천동) 1층,37.5137129859207,127.104301829165,11,710,SH,SH04,SH040300,2026-03-27 09:21:50+09:00,https://tong.visitkorea.or.kr/cms/resource/91/4043591_image2_1.png,https://tong.visitkorea.or.kr/cms/resource/91/4043591_image3_1.png,2026-09-05T02:12:18.458439+09:00
4013181,38,논픽션 롯데월드몰점,서울특별시 송파구 올림픽로 300 (신천동) 1층,37.5137129859207,127.104301829165,11,710,SH,SH04,SH040300,2026-03-30 09:16:11+09:00,https://tong.visitkorea.or.kr/cms/resource/43/4024743_image2_1.jpeg,https://tong.visitkorea.or.kr/cms/resource/43/4024743_image3_1.jpeg,2026-09-05T02:12:18.458439+09:00
4013182,38,레이브 롯데월드몰점,서울특별시 송파구 올림픽로 300 (신천동) 1층,37.5137129859207,127.104301829165,11,710,SH,SH04,SH040300,2026-03-27 09:21:50+09:00,https://tong.visitkorea.or.kr/cms/resource/80/4043480_image2_1.png,https://tong.visitkorea.or.kr/cms/resource/80/4043480_image3_1.png,2026-09-05T02:12:18.458439+09:00
4013183,38,칼하트WIP 롯데월드몰점,서울특별시 송파구 올림픽로 300 (신천동) 1층,37.5137129859207,127.104301829165,11,710,SH,SH04,SH040300,2026-03-27 09:21:50+09:00,https://tong.visitkorea.or.kr/cms/resource/82/4043482_image2_1.png,https://tong.visitkorea.or.kr/cms/resource/82/4043482_image3_1.png,2026-09-05T02:12:18.458439+09:00
4013184,38,스와치 롯데월드몰점,서울특별시 송파구 올림픽로 300 (신천동) 2층,37.5137129859207,127.104301829165,11,710,SH,SH04,SH040300,2026-03-27 09:21:50+09:00,https://tong.visitkorea.or.kr/cms/resource/52/4043452_image2_1.png,https://tong.visitkorea.or.kr/cms/resource/52/4043452_image3_1.png,2026-09-05T02:12:18.458439+09:00
4013185,38,엄브로 롯데월드몰점,서울특별시 송파구 올림픽로 300 (신천동) 3층,37.5137129859207,127.104301829165,11,710,SH,SH04,SH040300,2026-03-30 09:16:11+09:00,https://tong.visitkorea.or.kr/cms/resource/11/4024711_image2_1.jpeg,https://tong.visitkorea.or.kr/cms/resource/11/4024711_image3_1.jpeg,2026-09-05T02:12:18.458439+09:00
4013186,38,내셔널지오그래픽 롯데월드몰점,서울특별시 송파구 올림픽로 300 (신천동) 3층,37.5137129859207,127.104301829165,11,710,SH,SH04,SH040300,2026-03-27 09:21:50+09:00,https://tong.visitkorea.or.kr/cms/resource/37/4043437_image2_1.png,https://tong.visitkorea.or.kr/cms/resource/37/4043437_image3_1.png,2026-09-05T02:12:18.458439+09:00
4013187,38,세터 롯데월드몰점,서울특별시 송파구 올림픽로 300 (신천동) B1층,37.5137129859207,127.104301829165,11,710,SH,SH04,SH040300,2026-03-27 09:21:50+09:00,https://tong.visitkorea.or.kr/cms/resource/62/4043462_image2_1.png,https://tong.visitkorea.or.kr/cms/resource/62/4043462_image3_1.png,2026-09-05T02:12:18.458439+09:00
4013188,38,나이키 롯데월드타워점,서울특별시 송파구 올림픽로 300 (신천동) B1층,37.5137129859207,127.104301829165,11,710,SH,SH04,SH040300,2026-03-19 06:45:21+09:00,https://tong.visitkorea.or.kr/cms/resource/91/4024391_image2_1.jpeg,https://tong.visitkorea.or.kr/cms/resource/91/4024391_image3_1.jpeg,2026-09-05T02:12:18.458439+09:00
4013189,38,시그니처약국 롯데백화점 잠실 에비뉴엘점,서울특별시 송파구 올림픽로 300 (신천동) B1층,37.5137129859207,127.104301829165,11,710,SH,SH04,SH040300,2026-03-19 03:11:53+09:00,https://tong.visitkorea.or.kr/cms/resource/29/4023029_image2_1.jpg,https://tong.visitkorea.or.kr/cms/resource/29/4023029_image3_1.jpg,2026-09-05T02:12:18.458439+09:00
4013190,38,버버리남성 롯데백화점 잠실 에비뉴엘점,서울특별시 송파구 올림픽로 300 (신천동) 4층,37.5137129859207,127.104301829165,11,710,SH,SH04,SH040300,2026-03-19 07:11:31+09:00,https://tong.visitkorea.or.kr/cms/resource/06/4024606_image2_1.jpeg,https://tong.visitkorea.or.kr/cms/resource/06/4024606_image3_1.jpeg,2026-09-05T02:12:18.458439+09:00
4013191,38,디올 롯데백화점 잠실 에비뉴엘점,서울특별시 송파구 올림픽로 300 (신천동) 1층,37.5137129859207,127.104301829165,11,710,SH,SH04,SH040300,2026-03-30 09:16:11+09:00,https://tong.visitkorea.or.kr/cms/resource/40/4023140_image2_1.jpg,https://tong.visitkorea.or.kr/cms/resource/40/4023140_image3_1.jpg,2026-09-05T02:12:18.458439+09:00
4013192,38,디올 맨즈 롯데백화점 잠실 에비뉴엘점,서울특별시 송파구 올림픽로 300 (신천동) 4층,37.5137129859207,127.104301829165,11,710,SH,SH04,SH040300,2026-03-30 09:16:11+09:00,https://tong.visitkorea.or.kr/cms/resource/11/4023611_image2_1.jpg,https://tong.visitkorea.or.kr/cms/resource/11/4023611_image3_1.jpg,2026-09-05T02:12:18.458439+09:00
4013193,38,베르사체 롯데백화점 잠실 에비뉴엘점,서울특별시 송파구 올림픽로 300 (신천동) 4층,37.5137129859207,127.104301829165,11,710,SH,SH04,SH040300,2026-03-30 09:16:11+09:00,https://tong.visitkorea.or.kr/cms/resource/48/4024848_image2_1.jpg,https://tong.visitkorea.or.kr/cms/resource/48/4024848_image3_1.jpg,2026-09-05T02:12:18.458439+09:00
4013194,38,로저비비에 롯데백화점 잠실 에비뉴엘점,서울특별시 송파구 올림픽로 300 (신천동) 2층,37.5137129859207,127.104301829165,11,710,SH,SH04,SH040300,2026-03-27 09:21:50+09:00,https://tong.visitkorea.or.kr/cms/resource/39/4043439_image2_1.jpg,https://tong.visitkorea.or.kr/cms/resource/39/4043439_image3_1.jpg,2026-09-05T02:12:18.458439+09:00
4013195,38,다비치안경 잠실송파구청점,서울특별시 송파구 올림픽로 336 (방이동) 1층,37.5153960266549,127.107455494042,11,710,SH,SH04,SH040300,2026-03-12 09:08:40+09:00,https://tong.visitkorea.or.kr/cms/resource/30/4023030_image2_1.jpg,https://tong.visitkorea.or.kr/cms/resource/30/4023030_image3_1.jpg,2026-09-05T02:12:18.458439+09:00
4013196,38,CU 올림픽광장점,서울특별시 송파구 올림픽로 424 (방이동),37.5203396980951,127.115517876627,11,710,SH,SH04,SH040300,2026-03-18 10:10:05+09:00,https://tong.visitkorea.or.kr/cms/resource/82/4023782_image2_1.jpg,https://tong.visitkorea.or.kr/cms/resource/82/4023782_image3_1.jpg,2026-09-05T02:12:18.458439+09:00
4013197,38,삼성스토어 잠실SDS타워,서울특별시 송파구 올림픽로35길 125 (신천동) B1층,37.516297774308,127.100467802271,11,710,SH,SH04,SH040300,2026-03-27 09:21:50+09:00,https://tong.visitkorea.or.kr/cms/resource/54/4043454_image2_1.png,https://tong.visitkorea.or.kr/cms/resource/54/4043454_image3_1.png,2026-09-05T02:12:18.458439+09:00
4013198,38,으뜸50안경 잠실나루점,서울특별시 송파구 올림픽로37길 130 (신천동),37.5208819816451,127.104421421949,11,710,SH,SH04,SH040300,2026-03-18 10:10:05+09:00,https://tong.visitkorea.or.kr/cms/resource/31/4023031_image2_1.jpg,https://tong.visitkorea.or.kr/cms/resource/31/4023031_image3_1.jpg,2026-09-05T02:12:18.458439+09:00
4013199,38,정관장 위례광장로본점,"서울특별시 송파구 위례광장로 136 (장지동, 위례아이파크)",37.4771958181254,127.142374845651,11,710,SH,SH04,SH040300,2026-03-27 09:21:50+09:00,https://tong.visitkorea.or.kr/cms/resource/81/4043481_image2_1.png,https://tong.visitkorea.or.kr/cms/resource/81/4043481_image3_1.png,2026-09-05T02:12:18.458439+09:00
4025816,38,다이소 송파파크하비오점,"서울특별시 송파구 송파대로 111 (문정동, 파크하비오) 1-2층",37.4796870553794,127.124979804141,11,710,SH,SH04,SH040300,2026-03-19 01:31:39+09:00,https://tong.visitkorea.or.kr/cms/resource/25/4029425_image2_1.jpg,https://tong.visitkorea.or.kr/cms/resource/25/4029425_image3_1.jpg,2026-09-05T02:12:18.458439+09:00
4025817,38,나이키 송파점,서울특별시 송파구 송파대로 375 (석촌동),37.5010858424699,127.110463113384,11,710,SH,SH04,SH040300,2026-03-27 09:21:50+09:00,https://tong.visitkorea.or.kr/cms/resource/47/4045947_image2_1.png,https://tong.visitkorea.or.kr/cms/resource/47/4045947_image3_1.png,2026-09-05T02:12:18.458439+09:00
4025819,38,다이나핏 롯데백화점 잠실점,서울특별시 송파구 송파대로 521 (잠실동) 7층,37.5116512661013,127.100823177387,11,710,SH,SH04,SH040300,2026-03-27 09:21:50+09:00,https://tong.visitkorea.or.kr/cms/resource/74/4043474_image2_1.png,https://tong.visitkorea.or.kr/cms/resource/74/4043474_image3_1.png,2026-09-05T02:12:18.458439+09:00
4025820,38,다이소 송파구청점,서울특별시 송파구 오금로 87 (방이동) B1층,37.5146105475103,127.107438305989,11,710,SH,SH04,SH040300,2026-03-19 01:33:36+09:00,https://tong.visitkorea.or.kr/cms/resource/29/4029429_image2_1.jpg,https://tong.visitkorea.or.kr/cms/resource/29/4029429_image3_1.jpg,2026-09-05T02:12:18.458439+09:00
4025821,38,GS25 잠실2점,서울특별시 송파구 오금로11길 51 (방이동),37.5155971464397,127.112848901841,11,710,SH,SH04,SH040300,2026-03-27 09:21:50+09:00,https://tong.visitkorea.or.kr/cms/resource/62/4045162_image2_1.png,https://tong.visitkorea.or.kr/cms/resource/62/4045162_image3_1.png,2026-09-05T02:12:18.458439+09:00
4025822,38,마추다 안경,서울특별시 송파구 올림픽로 145 (잠실동) 1층,37.5119804600106,127.087041904838,11,710,SH,SH04,SH040300,2026-03-26 09:20:41+09:00,https://tong.visitkorea.or.kr/cms/resource/19/4042319_image2_1.jpg,https://tong.visitkorea.or.kr/cms/resource/19/4042319_image3_1.jpg,2026-09-05T02:12:18.458439+09:00
4025824,38,구찌뷰티 롯데백화점 잠실점,서울특별시 송파구 올림픽로 240 (잠실동) 1층,37.5113096112036,127.098141751177,11,710,SH,SH04,SH040300,2026-03-27 09:21:50+09:00,https://tong.visitkorea.or.kr/cms/resource/73/4043473_image2_1.png,https://tong.visitkorea.or.kr/cms/resource/73/4043473_image3_1.png,2026-09-05T02:12:18.458439+09:00
4025825,38,마이클코어스 롯데백화점 잠실점,서울특별시 송파구 올림픽로 240 (잠실동) 1층,37.5113096112036,127.098141751177,11,710,SH,SH04,SH040300,2026-03-30 09:16:11+09:00,https://tong.visitkorea.or.kr/cms/resource/31/4045131_image2_1.JPG,https://tong.visitkorea.or.kr/cms/resource/31/4045131_image3_1.JPG,2026-09-05T02:12:18.458439+09:00
4025826,38,발렌시아가 롯데백화점 잠실점,서울특별시 송파구 올림픽로 240 (잠실동) 1층,37.5113096112036,127.098141751177,11,710,SH,SH04,SH040300,2026-03-30 09:16:11+09:00,https://tong.visitkorea.or.kr/cms/resource/59/4045859_image2_1.png,https://tong.visitkorea.or.kr/cms/resource/59/4045859_image3_1.png,2026-09-05T02:12:18.458439+09:00
4025827,38,버버리 롯데백화점 잠실점,서울특별시 송파구 올림픽로 240 (잠실동) 1층,37.5113096112036,127.098141751177,11,710,SH,SH04,SH040300,2026-03-30 09:16:11+09:00,https://tong.visitkorea.or.kr/cms/resource/57/4045657_image2_1.jpg,https://tong.visitkorea.or.kr/cms/resource/57/4045657_image3_1.jpg,2026-09-05T02:12:18.458439+09:00
4025828,38,사만사타바사 롯데백화점 잠실점,서울특별시 송파구 올림픽로 240 (잠실동) 1층,37.5113096112036,127.098141751177,11,710,SH,SH04,SH040300,2026-03-30 09:16:11+09:00,https://tong.visitkorea.or.kr/cms/resource/24/4045824_image2_1.png,https://tong.visitkorea.or.kr/cms/resource/24/4045824_image3_1.png,2026-09-05T02:12:18.458439+09:00
4025829,38,에트로 롯데백화점 잠실점,서울특별시 송파구 올림픽로 240 (잠실동) 1층,37.5113096112036,127.098141751177,11,710,SH,SH04,SH040300,2026-03-30 09:16:11+09:00,https://tong.visitkorea.or.kr/cms/resource/94/4045294_image2_1.jpg,https://tong.visitkorea.or.kr/cms/resource/94/4045294_image3_1.jpg,2026-09-05T02:12:18.458439+09:00
4025830,38,펠르페르 롯데백화점 잠실점,서울특별시 송파구 올림픽로 240 (잠실동) 1층,37.5113096112036,127.098141751177,11,710,SH,SH04,SH040300,2026-03-27 09:21:50+09:00,https://tong.visitkorea.or.kr/cms/resource/00/4043600_image2_1.jpg,https://tong.visitkorea.or.kr/cms/resource/00/4043600_image3_1.jpg,2026-09-05T02:12:18.458439+09:00
4025831,38,다니엘트루스 롯데백화점 잠실점,서울특별시 송파구 올림픽로 240 (잠실동) 2층,37.5113096112036,127.098141751177,11,710,SH,SH04,SH040300,2026-03-30 09:16:11+09:00,https://tong.visitkorea.or.kr/cms/resource/30/4045130_image2_1.JPG,https://tong.visitkorea.or.kr/cms/resource/30/4045130_image3_1.JPG,2026-09-05T02:12:18.458439+09:00
4025832,38,로렌바이랄프로렌 롯데백화점 잠실점,서울특별시 송파구 올림픽로 240 (잠실동) 3층,37.5113096112036,127.098141751177,11,710,SH,SH04,SH040300,2026-03-27 09:21:50+09:00,https://tong.visitkorea.or.kr/cms/resource/32/4045132_image2_1.jpg,https://tong.visitkorea.or.kr/cms/resource/32/4045132_image3_1.jpg,2026-09-05T02:12:18.458439+09:00
4027123,38,트라이엄프 롯데백화점 잠실점,서울특별시 송파구 올림픽로 240 (잠실동) 4층,37.5113096112036,127.098141751177,11,710,SH,SH04,SH040300,2026-03-30 09:16:11+09:00,https://tong.visitkorea.or.kr/cms/resource/00/4045300_image2_1.jpg,https://tong.visitkorea.or.kr/cms/resource/00/4045300_image3_1.jpg,2026-09-05T02:12:18.458439+09:00
4027124,38,토박스 롯데백화점 잠실점,서울특별시 송파구 올림픽로 240 (잠실동) 8층,37.5113096112036,127.098141751177,11,710,SH,SH04,SH040300,2026-03-27 09:21:50+09:00,https://tong.visitkorea.or.kr/cms/resource/92/4043592_image2_1.png,https://tong.visitkorea.or.kr/cms/resource/92/4043592_image3_1.png,2026-09-05T02:12:18.458439+09:00
4027125,38,버버리 롯데백화점 에비뉴엘 잠실점,서울특별시 송파구 올림픽로 300 (신천동) 1층,37.5137129859207,127.104301829165,11,710,SH,SH04,SH040300,2026-03-27 09:21:50+09:00,https://tong.visitkorea.or.kr/cms/resource/71/4042571_image2_1.jpg,https://tong.visitkorea.or.kr/cms/resource/71/4042571_image3_1.jpg,2026-09-05T02:12:18.458439+09:00
4027126,38,이솝 롯데월드몰점,서울특별시 송파구 올림픽로 300 (신천동) 1층,37.5137129859207,127.104301829165,11,710,SH,SH04,SH040300,2026-03-30 09:16:11+09:00,https://tong.visitkorea.or.kr/cms/resource/66/4045866_image2_1.png,https://tong.visitkorea.or.kr/cms/resource/66/4045866_image3_1.png,2026-09-05T02:12:18.458439+09:00
4027127,38,나인 롯데월드몰점,서울특별시 송파구 올림픽로 300 (신천동) 2층,37.5137129859207,127.104301829165,11,710,SH,SH04,SH040300,2026-03-30 09:16:11+09:00,https://tong.visitkorea.or.kr/cms/resource/14/4045314_image2_1.jpg,https://tong.visitkorea.or.kr/cms/resource/14/4045314_image3_1.jpg,2026-09-05T02:12:18.458439+09:00
4027128,38,델보 롯데백화점 에비뉴엘 잠실점,서울특별시 송파구 올림픽로 300 (신천동) 2층,37.5137129859207,127.104301829165,11,710,SH,SH04,SH040300,2026-03-27 09:21:50+09:00,https://tong.visitkorea.or.kr/cms/resource/61/4043461_image2_1.png,https://tong.visitkorea.or.kr/cms/resource/61/4043461_image3_1.png,2026-09-05T02:12:18.458439+09:00
4027129,38,로에베 롯데백화점 에비뉴엘 잠실점,서울특별시 송파구 올림픽로 300 (신천동) 2층,37.5137129859207,127.104301829165,11,710,SH,SH04,SH040300,2026-03-27 09:21:50+09:00,https://tong.visitkorea.or.kr/cms/resource/78/4043478_image2_1.png,https://tong.visitkorea.or.kr/cms/resource/78/4043478_image3_1.png,2026-09-05T02:12:18.458439+09:00
4027131,38,디아도라 롯데월드몰점,서울특별시 송파구 올림픽로 300 (신천동) 3층,37.5137129859207,127.104301829165,11,710,SH,SH04,SH040300,2026-03-30 09:16:11+09:00,https://tong.visitkorea.or.kr/cms/resource/31/4045831_image2_1.png,https://tong.visitkorea.or.kr/cms/resource/31/4045831_image3_1.png,2026-09-05T02:12:18.458439+09:00
4027132,38,스케쳐스 롯데월드몰점,서울특별시 송파구 올림픽로 300 (신천동) 3층,37.5137129859207,127.104301829165,11,710,SH,SH04,SH040300,2026-03-27 09:21:50+09:00,https://tong.visitkorea.or.kr/cms/resource/70/4043470_image2_1.png,https://tong.visitkorea.or.kr/cms/resource/70/4043470_image3_1.png,2026-09-05T02:12:18.458439+09:00
4027133,38,에트로 롯데백화점 에비뉴엘 잠실점,서울특별시 송파구 올림픽로 300 (신천동) 3층,37.5137129859207,127.104301829165,11,710,SH,SH04,SH040300,2026-03-30 09:16:11+09:00,https://tong.visitkorea.or.kr/cms/resource/33/4045133_image2_1.JPG,https://tong.visitkorea.or.kr/cms/resource/33/4045133_image3_1.JPG,2026-09-05T02:12:18.458439+09:00
4027134,38,질샌더 롯데백화점 에비뉴엘 잠실점,서울특별시 송파구 올림픽로 300 (신천동) 3층,37.5137129859207,127.104301829165,11,710,SH,SH04,SH040300,2026-03-27 09:21:50+09:00,https://tong.visitkorea.or.kr/cms/resource/71/4043471_image2_1.png,https://tong.visitkorea.or.kr/cms/resource/71/4043471_image3_1.png,2026-09-05T02:12:18.458439+09:00
4027135,38,MLB키즈 롯데월드몰점,서울특별시 송파구 올림픽로 300 (신천동) 4층,37.5137129859207,127.104301829165,11,710,SH,SH04,SH040300,2026-03-30 09:16:11+09:00,https://tong.visitkorea.or.kr/cms/resource/58/4045658_image2_1.jpg,https://tong.visitkorea.or.kr/cms/resource/58/4045658_image3_1.jpg,2026-09-05T02:12:18.458439+09:00
4027136,38,돌체앤가바나 롯데백화점 에비뉴엘 잠실점,서울특별시 송파구 올림픽로 300 (신천동) 4층,37.5137129859207,127.104301829165,11,710,SH,SH04,SH040300,2026-03-27 09:21:50+09:00,https://tong.visitkorea.or.kr/cms/resource/76/4043476_image2_1.png,https://tong.visitkorea.or.kr/cms/resource/76/4043476_image3_1.png,2026-09-05T02:12:18.458439+09:00
4027137,38,오가닉맘 롯데월드몰점,서울특별시 송파구 올림픽로 300 (신천동) 4층,37.5137129859207,127.104301829165,11,710,SH,SH04,SH040300,2026-03-30 09:16:11+09:00,https://tong.visitkorea.or.kr/cms/resource/94/4045994_image2_1.png,https://tong.visitkorea.or.kr/cms/resource/94/4045994_image3_1.png,2026-09-05T02:12:18.458439+09:00
4027138,38,캉골 롯데월드몰점,서울특별시 송파구 올림픽로 300 (신천동) 4층,37.5137129859207,127.104301829165,11,710,SH,SH04,SH040300,2026-03-27 09:21:50+09:00,https://tong.visitkorea.or.kr/cms/resource/64/4043464_image2_1.png,https://tong.visitkorea.or.kr/cms/resource/64/4043464_image3_1.png,2026-09-05T02:12:18.458439+09:00
4027139,38,크록스 롯데월드몰점,서울특별시 송파구 올림픽로 300 (신천동) B1층,37.5137129859207,127.104301829165,11,710,SH,SH04,SH040300,2026-03-27 09:21:50+09:00,https://tong.visitkorea.or.kr/cms/resource/44/4043444_image2_1.png,https://tong.visitkorea.or.kr/cms/resource/44/4043444_image3_1.png,2026-09-05T02:12:18.458439+09:00
4027140,38,롯데하이마트 천호역점,서울특별시 송파구 올림픽로 619 (풍납동),37.5372303407047,127.122556701317,11,710,SH,SH04,SH040300,2026-03-27 09:21:50+09:00,https://tong.visitkorea.or.kr/cms/resource/55/4043455_image2_1.png,https://tong.visitkorea.or.kr/cms/resource/55/4043455_image3_1.png,2026-09-05T02:12:18.458439+09:00
4027141,38,린 현대아울렛 가든파이브점,서울특별시 송파구 충민로 66 (문정동),37.4776148442516,127.124961768886,11,710,SH,SH04,SH040300,2026-03-26 09:20:41+09:00,https://tong.visitkorea.or.kr/cms/resource/37/4045837_image2_1.png,https://tong.visitkorea.or.kr/cms/resource/37/4045837_image3_1.png,2026-09-05T02:12:18.458439+09:00
4027142,38,슈페리어 NC백화점 송파점,서울특별시 송파구 충민로 66 (문정동),37.4776148442516,127.124961768886,11,710,SH,SH04,SH040300,2026-03-27 09:21:50+09:00,https://tong.visitkorea.or.kr/cms/resource/29/4043429_image2_1.png,https://tong.visitkorea.or.kr/cms/resource/29/4043429_image3_1.png,2026-09-05T02:12:18.458439+09:00
4027143,38,아레나 현대아울렛 가든파이브점,서울특별시 송파구 충민로 66 (문정동),37.4776148442516,127.124961768886,11,710,SH,SH04,SH040300,2026-03-30 09:16:11+09:00,https://tong.visitkorea.or.kr/cms/resource/34/4045134_image2_1.JPG,https://tong.visitkorea.or.kr/cms/resource/34/4045134_image3_1.JPG,2026-09-05T02:12:18.458439+09:00
4027144,38,탠디 현대아울렛 가든파이브점,서울특별시 송파구 충민로 66 (문정동) 2층,37.4776148442516,127.124961768886,11,710,SH,SH04,SH040300,2026-03-30 09:16:11+09:00,https://tong.visitkorea.or.kr/cms/resource/35/4045135_image2_1.jpg,https://tong.visitkorea.or.kr/cms/resource/35/4045135_image3_1.jpg,2026-09-05T02:12:18.458439+09:00
4027145,38,라이프워크 현대아울렛 가든파이브점,서울특별시 송파구 충민로 66 (문정동) 3층,37.4776148442516,127.124961768886,11,710,SH,SH04,SH040300,2026-03-30 09:16:11+09:00,https://tong.visitkorea.or.kr/cms/resource/59/4045659_image2_1.jpg,https://tong.visitkorea.or.kr/cms/resource/59/4045659_image3_1.jpg,2026-09-05T02:12:18.458439+09:00
4027146,38,스노우피크 현대아울렛 가든파이브점,서울특별시 송파구 충민로 66 (문정동) 3층,37.4776148442516,127.124961768886,11,710,SH,SH04,SH040300,2026-03-27 09:21:50+09:00,https://tong.visitkorea.or.kr/cms/resource/30/4043430_image2_1.png,https://tong.visitkorea.or.kr/cms/resource/30/4043430_image3_1.png,2026-09-05T02:12:18.458439+09:00
4027147,38,크록스코리아 현대아울렛 가든파이브점,서울특별시 송파구 충민로 66 (문정동) 3층,37.4776148442516,127.124961768886,11,710,SH,SH04,SH040300,2026-03-30 09:16:11+09:00,https://tong.visitkorea.or.kr/cms/resource/36/4045136_image2_1.JPG,https://tong.visitkorea.or.kr/cms/resource/36/4045136_image3_1.JPG,2026-09-05T02:12:18.458439+09:00
4027148,38,듀퐁와이셔츠 현대아울렛 가든파이브점,서울특별시 송파구 충민로 66 (문정동) 4층,37.4776148442516,127.124961768886,11,710,SH,SH04,SH040300,2026-03-30 09:16:11+09:00,https://tong.visitkorea.or.kr/cms/resource/79/4045979_image2_1.jpg,https://tong.visitkorea.or.kr/cms/resource/79/4045979_image3_1.jpg,2026-09-05T02:12:18.458439+09:00
4027149,38,지오송지오 현대아울렛 가든파이브점,서울특별시 송파구 충민로 66 (문정동) 4층,37.4776148442516,127.124961768886,11,710,SH,SH04,SH040300,2026-03-30 09:16:11+09:00,https://tong.visitkorea.or.kr/cms/resource/76/4045476_image2_1.jpg,https://tong.visitkorea.or.kr/cms/resource/76/4045476_image3_1.jpg,2026-09-05T02:12:18.458439+09:00
4027415,38,루이까또즈 롯데백화점 잠실점,서울특별시 송파구 올림픽로 240 (잠실동) 3층,37.5113096112036,127.098141751177,11,710,SH,SH04,SH040300,2026-03-27 09:21:50+09:00,https://tong.visitkorea.or.kr/cms/resource/87/4043487_image2_1.png,https://tong.visitkorea.or.kr/cms/resource/87/4043487_image3_1.png,2026-09-05T02:12:18.458439+09:00
403381,39,샛집남원추어탕,서울특별시 송파구 오금로11길 7-12 (방이동),37.514915345,127.1077607138,11,710,FD,FD01,FD010100,2025-07-25 08:58:06+09:00,http://tong.visitkorea.or.kr/cms/resource/96/3474796_image2_1.jpg,http://tong.visitkorea.or.kr/cms/resource/96/3474796_image3_1.jpg,2026-09-05T02:12:18.458439+09:00
403384,39,어양,서울특별시 송파구 위례성대로 14 (방이동) 지하 1층,37.51659255095702,127.1139561895347,11,710,FD,FD02,FD020100,2026-04-09 17:15:10+09:00,,,2026-09-05T02:12:18.458439+09:00
403386,39,우리강산,서울특별시 송파구 위례성대로12길 6 (방이동),37.5132213625,127.1225149753,11,710,FD,FD01,FD010100,2025-04-09 16:18:17+09:00,http://tong.visitkorea.or.kr/cms/resource/84/3474784_image2_1.jpg,http://tong.visitkorea.or.kr/cms/resource/84/3474784_image3_1.jpg,2026-09-05T02:12:18.458439+09:00
4060601,39,위딘커피,서울특별시 송파구 가락로17길 4-9 (송파동) 1층,37.5027670147241,127.110766419496,11,710,FD,FD05,FD050100,2026-04-27 15:47:44+09:00,https://tong.visitkorea.or.kr/cms/resource/96/4060596_image2_1.jpg,https://tong.visitkorea.or.kr/cms/resource/96/4060596_image3_1.jpg,2026-09-05T02:12:18.458439+09:00
684066,39,옛날소머리국밥집,서울특별시 송파구 중대로 275,37.5081567649753,127.12890012099,11,710,FD,FD01,FD010100,2026-04-09 16:48:48+09:00,,,2026-09-05T02:12:18.458439+09:00
706303,38,문정동 로데오거리,서울특별시 송파구 동남로4길 10 (문정동),37.4891519596,127.1239099771,11,710,SH,SH07,SH070100,2025-11-27 14:19:07+09:00,http://tong.visitkorea.or.kr/cms/resource/93/3571793_image2_1.jpg,http://tong.visitkorea.or.kr/cms/resource/93/3571793_image3_1.jpg,2026-09-05T02:12:18.458439+09:00
732484,38,가든파이브라이프(Garden5life),서울특별시 송파구 충민로 66 (문정동),37.4776148068165,127.12496172014303,11,710,SH,SH07,SH070100,2026-03-09 14:50:58+09:00,https://tong.visitkorea.or.kr/cms/resource/20/3499620_image2_1.jpg,https://tong.visitkorea.or.kr/cms/resource/20/3499620_image3_1.jpg,2026-09-05T02:12:18.458439+09:00
754003,12,신선경과 류인호 묘역,서울특별시 송파구 오금로 363 (오금동),37.5004259099,127.1316041275,11,710,HS,HS01,HS010800,2026-06-05 13:45:53+09:00,https://tong.visitkorea.or.kr/cms/resource/97/3570497_image2_1.jpg,https://tong.visitkorea.or.kr/cms/resource/97/3570497_image3_1.jpg,2026-09-05T02:12:18.458439+09:00
754052,12,석촌호수,서울특별시 송파구 잠실동,37.507916,127.098944,11,710,VE,VE03,VE030500,2026-06-19 09:32:09+09:00,https://tong.visitkorea.or.kr/cms/resource_photo/10/2907610_image2_1.jpg,https://tong.visitkorea.or.kr/cms/resource_photo/10/2907610_image3_1.jpg,2026-09-05T02:12:18.458439+09:00
754063,12,오금공원,서울특별시 송파구 오금로 363 (오금동),37.5052557863,127.1316810347,11,710,VE,VE03,VE030100,2025-08-27 16:42:00+09:00,http://tong.visitkorea.or.kr/cms/resource/89/3526789_image2_1.jpg,http://tong.visitkorea.or.kr/cms/resource/89/3526789_image3_1.jpg,2026-09-05T02:12:18.458439+09:00
814203,12,방이동 생태경관 보전지역,서울특별시 송파구 동남로 397 (방이동),37.51213191524181,127.14030245681153,11,710,NA,NA04,NA040500,2026-05-21 18:50:48+09:00,https://tong.visitkorea.or.kr/cms/resource/46/3500346_image2_1.jpg,https://tong.visitkorea.or.kr/cms/resource/46/3500346_image3_1.jpg,2026-09-05T02:12:18.458439+09:00
840629,39,미우미우참숯구이,"서울특별시 송파구 양재대로71길 2-27 (방이동, 인택 파크랜드) 2층",37.511432762,127.1269701761,11,710,FD,FD01,FD010100,2025-04-09 16:03:45+09:00,http://tong.visitkorea.or.kr/cms/resource/90/3474790_image2_1.jpg,http://tong.visitkorea.or.kr/cms/resource/90/3474790_image3_1.jpg,2026-09-05T02:12:18.458439+09:00
970460,12,잠실한강공원,서울특별시 송파구 한가람로 65 (잠실동),37.51762767968084,127.08673654260474,11,710,VE,VE03,VE030100,2026-03-09 16:19:28+09:00,https://tong.visitkorea.or.kr/cms/resource/10/3500910_image2_1.jpg,https://tong.visitkorea.or.kr/cms/resource/10/3500910_image3_1.jpg,2026-09-05T02:12:18.458439+09:00
992130,12,키자니아 서울,서울특별시 송파구 올림픽로 240 (잠실동),37.5113096112,127.0981417512,11,710,EX,EX07,EX070200,2026-08-05 09:12:55+09:00,https://tong.visitkorea.or.kr/cms/resource/27/3529027_image2_1.JPG,https://tong.visitkorea.or.kr/cms/resource/27/3529027_image3_1.JPG,2026-09-05T02:12:18.458439+09:00
