content_id,content_type_id,title,address,latitude,longitude,area_code,district_code,lcls_systm1,lcls_systm2,lcls_systm3,source_modified_at,first_image_url,thumbnail_url,list_fetched_at
1019327,14,긱 라이브하우스,서울특별시 마포구 신촌로10길 7 (동교동),37.5564379211,126.9320588728,11,440,VE,VE06,VE060100,2025-04-02 16:16:51+09:00,http://tong.visitkorea.or.kr/cms/resource/76/3401376_image2_1.JPG,http://tong.visitkorea.or.kr/cms/resource/76/3401376_image3_1.JPG,2026-09-05T02:12:08.517425+09:00
1022243,14,롤링홀,서울특별시 마포구 어울마당로 35 (서교동),37.548497883332466,126.92011886986354,11,440,VE,VE06,VE060100,2026-03-13 10:29:44+09:00,https://tong.visitkorea.or.kr/cms/resource/27/3520527_image2_1.jpg,https://tong.visitkorea.or.kr/cms/resource/27/3520527_image3_1.jpg,2026-09-05T02:12:08.517425+09:00
1029885,28,난지한강공원 익스트림장,서울특별시 마포구 한강난지로 162 (상암동),37.5630252055,126.8851546298,11,440,LS,LS01,LS011600,2025-06-10 11:37:09+09:00,http://tong.visitkorea.or.kr/cms/resource/46/3466946_image2_1.jpg,http://tong.visitkorea.or.kr/cms/resource/46/3466946_image3_1.jpg,2026-09-05T02:12:08.517425+09:00
1059638,12,망원한강공원,서울특별시 마포구 마포나루길 467,37.552398926,126.8999035848,11,440,VE,VE03,VE030100,2025-11-27 17:46:00+09:00,,,2026-09-05T02:12:08.517425+09:00
126528,12,절두산 순교성지,서울특별시 마포구 토정로 6 (합정동),37.5446417087,126.911874934,11,440,HS,HS03,HS030200,2025-11-27 11:23:28+09:00,http://tong.visitkorea.or.kr/cms/resource/76/3571776_image2_1.jpg,http://tong.visitkorea.or.kr/cms/resource/76/3571776_image3_1.jpg,2026-09-05T02:12:08.517425+09:00
126938,12,양화진외국인선교사묘원(외인묘지),서울특별시 마포구 양화진길 46,37.5465275879,126.9111804997,11,440,HS,HS01,HS010800,2025-03-17 21:13:46+09:00,http://tong.visitkorea.or.kr/cms/resource/36/3384436_image2_1.JPG,http://tong.visitkorea.or.kr/cms/resource/36/3384436_image3_1.JPG,2026-09-05T02:12:08.517425+09:00
127307,12,망원정 터,서울특별시 마포구 동교로8안길 23 (합정동),37.5499992917,126.9047532101,11,440,HS,HS01,HS011200,2025-12-23 13:17:04+09:00,http://tong.visitkorea.or.kr/cms/resource/43/720543_image2_1.jpg,http://tong.visitkorea.or.kr/cms/resource/43/720543_image3_1.jpg,2026-09-05T02:12:08.517425+09:00
127308,12,정몽주 동상,서울특별시 마포구 합정동,37.5483329084,126.9097666887,11,440,VE,VE01,VE010500,2025-04-02 16:06:11+09:00,http://tong.visitkorea.or.kr/cms/resource/92/3401392_image2_1.JPG,http://tong.visitkorea.or.kr/cms/resource/92/3401392_image3_1.JPG,2026-09-05T02:12:08.517425+09:00
127859,12,난지한강공원,서울특별시 마포구 한강난지로 162 (상암동),37.5630252055,126.8851546298,11,440,VE,VE03,VE030100,2025-11-27 11:18:54+09:00,http://tong.visitkorea.or.kr/cms/resource/63/3571763_image2_1.jpg,http://tong.visitkorea.or.kr/cms/resource/63/3571763_image3_1.jpg,2026-09-05T02:12:08.517425+09:00
128021,12,월드컵공원,서울특별시 마포구 월드컵로 243-60 (성산동),37.56352716059141,126.89843713529265,11,440,VE,VE03,VE030100,2026-03-11 10:03:40+09:00,https://tong.visitkorea.or.kr/cms/resource/91/3500991_image2_1.jpg,https://tong.visitkorea.or.kr/cms/resource/91/3500991_image3_1.jpg,2026-09-05T02:12:08.517425+09:00
129731,14,포스트극장,서울특별시 마포구 와우산로 148,37.5540670063291,126.929626569613,11,440,VE,VE06,VE060100,2026-03-04 10:04:26+09:00,https://tong.visitkorea.or.kr/cms/resource/75/1807775_image2_1.jpg,https://tong.visitkorea.or.kr/cms/resource/75/1807775_image3_1.jpg,2026-09-05T02:12:08.517425+09:00
130181,14,한국천주교순교자박물관,서울특별시 마포구 토정로 6 (합정동),37.5441354407,126.9117935753,11,440,VE,VE07,VE070100,2026-07-20 13:38:37+09:00,https://tong.visitkorea.or.kr/cms/resource/07/4089107_image2_1.jpg,https://tong.visitkorea.or.kr/cms/resource/07/4089107_image3_1.jpg,2026-09-05T02:12:08.517425+09:00
130348,14,대안공간 루프,서울특별시 마포구 와우산로29나길 20,37.554463075,126.9278315359,11,440,VE,VE07,VE070600,2025-09-24 18:00:40+09:00,http://tong.visitkorea.or.kr/cms/resource/81/3542581_image2_1.jpg,http://tong.visitkorea.or.kr/cms/resource/81/3542581_image3_1.jpg,2026-09-05T02:12:08.517425+09:00
130369,14,마포문화원,서울특별시 마포구 백범로 227 (신공덕동),37.5422844303,126.9555071358,11,440,VE,VE09,VE090100,2025-07-30 17:09:42+09:00,http://tong.visitkorea.or.kr/cms/resource/52/3476952_image2_1.JPG,http://tong.visitkorea.or.kr/cms/resource/52/3476952_image3_1.JPG,2026-09-05T02:12:08.517425+09:00
130781,14,소극장 산울림,서울특별시 마포구 와우산로 157 (서교동),37.55508496512379,126.93010979600197,11,440,VE,VE06,VE060100,2026-03-18 10:10:05+09:00,https://tong.visitkorea.or.kr/cms/resource/60/3525560_image2_1.jpg,https://tong.visitkorea.or.kr/cms/resource/60/3525560_image3_1.jpg,2026-09-05T02:12:08.517425+09:00
130933,14,서강대학교 박물관,서울특별시 마포구 백범로 35 (신수동),37.55,126.9387,11,440,VE,VE07,VE070100,2026-03-18 10:10:05+09:00,https://tong.visitkorea.or.kr/cms/resource/32/3520532_image2_1.jpg,https://tong.visitkorea.or.kr/cms/resource/32/3520532_image3_1.jpg,2026-09-05T02:12:08.517425+09:00
130961,14,이한열기념관,서울특별시 마포구 신촌로12나길 26 (노고산동),37.5550242286,126.9338531935,11,440,VE,VE07,VE070100,2025-07-11 17:41:33+09:00,http://tong.visitkorea.or.kr/cms/resource/06/3505706_image2_1.jpg,http://tong.visitkorea.or.kr/cms/resource/06/3505706_image3_1.jpg,2026-09-05T02:12:08.517425+09:00
131712,28,서울월드컵경기장,서울특별시 마포구 월드컵로 240 (성산동),37.5683414708,126.8972867075,11,440,VE,VE10,VE100100,2025-04-02 15:50:23+09:00,http://tong.visitkorea.or.kr/cms/resource/97/1805797_image2_1.jpg,http://tong.visitkorea.or.kr/cms/resource/97/1805797_image3_1.jpg,2026-09-05T02:12:08.517425+09:00
134691,39,스시겐,서울특별시 마포구 양화로7길 6-12 (서교동),37.5516854017,126.9156521692,11,440,FD,FD02,FD020200,2025-04-09 15:36:20+09:00,http://tong.visitkorea.or.kr/cms/resource/40/3474740_image2_1.jpg,http://tong.visitkorea.or.kr/cms/resource/40/3474740_image3_1.jpg,2026-09-05T02:12:08.517425+09:00
134702,39,비하인드(B-hind),서울특별시 마포구 어울마당로5길 18 1층,37.5492913074,126.9196546499,11,440,FD,FD05,FD050100,2025-07-24 15:55:13+09:00,http://tong.visitkorea.or.kr/cms/resource/25/3474725_image2_1.jpg,http://tong.visitkorea.or.kr/cms/resource/25/3474725_image3_1.jpg,2026-09-05T02:12:08.517425+09:00
1389382,14,홍대난타극장,서울특별시 마포구 양화로16길 29 (서교동) 지하2층,37.5532161579,126.9211625918,11,440,VE,VE06,VE060100,2026-07-23 18:07:37+09:00,https://tong.visitkorea.or.kr/cms/resource/40/3113640_image2_1.jpg,https://tong.visitkorea.or.kr/cms/resource/40/3113640_image3_1.jpg,2026-09-05T02:12:08.517425+09:00
1413224,14,양화진홀 전시관,서울특별시 마포구 양화진길 46,37.546477603,126.911699899,11,440,VE,VE07,VE070300,2025-11-17 15:54:11+09:00,http://tong.visitkorea.or.kr/cms/resource/21/3565321_image2_1.jpg,http://tong.visitkorea.or.kr/cms/resource/21/3565321_image3_1.jpg,2026-09-05T02:12:08.517425+09:00
142193,15,서울프린지페스티벌2026,서울특별시 마포구 월드컵북로 94 (성산동),37.5620373293,126.9150631652,11,440,EV,EV02,EV020200,2026-07-14 13:48:45+09:00,https://tong.visitkorea.or.kr/cms/resource/22/4087022_image2_1.jpg,https://tong.visitkorea.or.kr/cms/resource/22/4087022_image3_1.jpg,2026-09-05T02:12:08.517425+09:00
142722,32,서울가든호텔,서울특별시 마포구 마포대로 58,37.5408900188,126.9483050535,11,440,AC,AC01,AC010100,2025-11-06 17:40:27+09:00,http://tong.visitkorea.or.kr/cms/resource/39/3562939_image2_1.jpg,http://tong.visitkorea.or.kr/cms/resource/39/3562939_image3_1.jpg,2026-09-05T02:12:08.517425+09:00
1845410,14,서울에너지드림센터,서울특별시 마포구 증산로 14,37.5630864227,126.8914679417,11,440,VE,VE07,VE070300,2025-03-17 19:53:55+09:00,http://tong.visitkorea.or.kr/cms/resource/50/3350450_image2_1.jpg,http://tong.visitkorea.or.kr/cms/resource/50/3350450_image3_1.jpg,2026-09-05T02:12:08.517425+09:00
1907518,14,전쟁과여성인권박물관,서울특별시 마포구 월드컵북로11길 20,37.5600410112,126.9148389539,11,440,VE,VE07,VE070100,2026-08-12 11:15:04+09:00,https://tong.visitkorea.or.kr/cms/resource/08/4097108_image2_1.jpg,https://tong.visitkorea.or.kr/cms/resource/08/4097108_image3_1.jpg,2026-09-05T02:12:08.517425+09:00
1932502,39,외양간,서울특별시 마포구 성미산로 13,37.5584511741,126.9096108626,11,440,FD,FD01,FD010100,2025-12-01 16:46:14+09:00,http://tong.visitkorea.or.kr/cms/resource/72/3576872_image2_1.jpg,http://tong.visitkorea.or.kr/cms/resource/72/3576872_image3_1.jpg,2026-09-05T02:12:08.517425+09:00
1932511,39,키다리아저씨,서울특별시 마포구 성미산로 22 (성산동),37.5584399617,126.9106264734,11,440,FD,FD05,FD050100,2026-08-31 10:51:23+09:00,https://tong.visitkorea.or.kr/cms/resource/47/3474747_image2_1.jpg,https://tong.visitkorea.or.kr/cms/resource/47/3474747_image3_1.jpg,2026-09-05T02:12:08.517425+09:00
1941669,39,제비다방,서울특별시 마포구 와우산로 24,37.5466166798,126.9231099656,11,440,FD,FD05,FD050100,2025-12-12 16:11:59+09:00,,,2026-09-05T02:12:08.517425+09:00
2011782,38,메세나폴리스 몰,"서울특별시 마포구 양화로 45 (서교동, 메세나폴리스)",37.551500803,126.9139502402,11,440,SH,SH02,SH020100,2026-08-27 16:01:26+09:00,https://tong.visitkorea.or.kr/cms/resource/68/2012068_image2_1.jpg,https://tong.visitkorea.or.kr/cms/resource/68/2012068_image3_1.jpg,2026-09-05T02:12:08.517425+09:00
229057,15,서울와우북페스티벌,"서울특별시 마포구 양화로 72 (서교동, 서교동 효성 해링턴 타워) 서울생활문화센터 서교",37.5508549625,126.9167298722,11,440,EV,EV01,EV010200,2025-10-23 14:30:00+09:00,http://tong.visitkorea.or.kr/cms/resource/11/3547511_image2_1.png,http://tong.visitkorea.or.kr/cms/resource/11/3547511_image3_1.png,2026-09-05T02:12:08.517425+09:00
2373247,12,마포전차종점 3·1운동 만세 시위지,서울특별시 마포구 마포대로 20 (마포동),37.5384763513,126.9450026445,11,440,HS,HS01,HS011200,2025-04-02 16:00:06+09:00,http://tong.visitkorea.or.kr/cms/resource/62/3401362_image2_1.JPG,http://tong.visitkorea.or.kr/cms/resource/62/3401362_image3_1.JPG,2026-09-05T02:12:08.517425+09:00
2438633,39,역전회관,서울특별시 마포구 토정로37길 47 (염리동),37.5429953067,126.9470217775,11,440,FD,FD01,FD010100,2025-04-09 11:34:41+09:00,http://tong.visitkorea.or.kr/cms/resource/35/3474735_image2_1.jpg,http://tong.visitkorea.or.kr/cms/resource/35/3474735_image3_1.jpg,2026-09-05T02:12:08.517425+09:00
2488359,14,풋볼 팬타지움,서울특별시 마포구 월드컵로 240 (성산동),37.568288475535105,126.89727303907324,11,440,VE,VE07,VE070100,2026-03-12 09:08:40+09:00,https://tong.visitkorea.or.kr/cms/resource/70/3503170_image2_1.jpg,https://tong.visitkorea.or.kr/cms/resource/70/3503170_image3_1.jpg,2026-09-05T02:12:08.517425+09:00
2499807,38,망원시장,서울특별시 마포구 포은로6길 27 (망원동),37.5560222529,126.9064518912,11,440,SH,SH06,SH060200,2026-07-21 13:08:31+09:00,https://tong.visitkorea.or.kr/cms/resource/10/3509910_image2_1.jpg,https://tong.visitkorea.or.kr/cms/resource/10/3509910_image3_1.jpg,2026-09-05T02:12:08.517425+09:00
2500145,12,홍대 벽화거리,서울특별시 마포구 상수동,37.551,126.9243,11,440,VE,VE04,VE040100,2026-03-12 09:08:40+09:00,https://tong.visitkorea.or.kr/cms/resource/70/3512970_image2_1.jpg,https://tong.visitkorea.or.kr/cms/resource/70/3512970_image3_1.jpg,2026-09-05T02:12:08.517425+09:00
2500201,12,연남동 공방거리,서울특별시 마포구 성미산로28길 18,37.5623009774,126.9236205874,11,440,VE,VE04,VE040100,2025-12-18 14:36:20+09:00,http://tong.visitkorea.or.kr/cms/resource/21/3550521_image2_1.jpg,http://tong.visitkorea.or.kr/cms/resource/21/3550521_image3_1.jpg,2026-09-05T02:12:08.517425+09:00
2500207,12,상수동 카페거리,서울특별시 마포구 상수동,37.5484886553,126.9214545083,11,440,VE,VE04,VE040100,2025-12-31 10:33:48+09:00,http://tong.visitkorea.or.kr/cms/resource/77/3590377_image2_1.jpg,http://tong.visitkorea.or.kr/cms/resource/77/3590377_image3_1.jpg,2026-09-05T02:12:08.517425+09:00
2500214,12,로렌스길,서울특별시 마포구 상수동,37.5484886553,126.9214545083,11,440,VE,VE04,VE040100,2025-12-23 09:39:29+09:00,http://tong.visitkorea.or.kr/cms/resource/37/3464837_image2_1.jpg,http://tong.visitkorea.or.kr/cms/resource/37/3464837_image3_1.jpg,2026-09-05T02:12:08.517425+09:00
2500218,12,광흥당,서울특별시 마포구 독막로21길 15,37.5486359893,126.9286760682,11,440,EX,EX01,EX010100,2025-03-17 21:13:55+09:00,http://tong.visitkorea.or.kr/cms/resource/35/3393035_image2_1.JPG,http://tong.visitkorea.or.kr/cms/resource/35/3393035_image3_1.JPG,2026-09-05T02:12:08.517425+09:00
2500229,12,경의선책거리,서울특별시 마포구 와우산로37길 35,37.5564989709,126.9290369242,11,440,VE,VE04,VE040100,2025-03-17 20:39:19+09:00,http://tong.visitkorea.or.kr/cms/resource/79/3381279_image2_1.jpg,http://tong.visitkorea.or.kr/cms/resource/79/3381279_image3_1.jpg,2026-09-05T02:12:08.517425+09:00
250564,39,산띠,서울특별시 마포구 와우산로27길 70,37.555532344,126.9249762108,11,440,FD,FD02,FD020400,2025-11-17 16:15:46+09:00,http://tong.visitkorea.or.kr/cms/resource/81/3567681_image2_1.jpg,http://tong.visitkorea.or.kr/cms/resource/81/3567681_image3_1.jpg,2026-09-05T02:12:08.517425+09:00
2507433,12,삼해소주,서울특별시 마포구 월드컵북로 109 (성산동) 지하1호,37.5629646096,126.9135964825,11,440,EX,EX07,EX070200,2025-07-21 16:36:50+09:00,http://tong.visitkorea.or.kr/cms/resource/70/3506570_image2_1.jpg,http://tong.visitkorea.or.kr/cms/resource/70/3506570_image3_1.jpg,2026-09-05T02:12:08.517425+09:00
2516990,39,잇텐고,서울특별시 마포구 포은로 11,37.5491755684829,126.909228699137,11,440,FD,FD02,FD020200,2026-04-09 11:18:43+09:00,,,2026-09-05T02:12:08.517425+09:00
2548479,32,스탠포드호텔 서울,서울특별시 마포구 월드컵북로58길 15 (상암동),37.5823572257446,126.886646626981,11,440,AC,AC01,AC010100,2026-01-23 14:38:53+09:00,https://tong.visitkorea.or.kr/cms/resource/49/2548449_image2_1.jpg,https://tong.visitkorea.or.kr/cms/resource/49/2548449_image3_1.jpg,2026-09-05T02:12:08.517425+09:00
2553819,28,경의선숲길,서울특별시 마포구 연남동,37.561696,126.923056,11,440,LS,LS01,LS011900,2026-05-26 11:25:32+09:00,https://tong.visitkorea.or.kr/cms/resource/29/4067529_image2_1.jpg,https://tong.visitkorea.or.kr/cms/resource/29/4067529_image3_1.jpg,2026-09-05T02:12:08.517425+09:00
2553923,12,YTN,서울특별시 마포구 상암산로 76 (상암동),37.57919436456512,126.89231456267802,11,440,EX,EX06,EX061000,2026-03-11 10:03:40+09:00,https://tong.visitkorea.or.kr/cms/resource/97/3501197_image2_1.jpg,https://tong.visitkorea.or.kr/cms/resource/97/3501197_image3_1.jpg,2026-09-05T02:12:08.517425+09:00
2553929,14,문화비축기지,서울특별시 마포구 증산로 87,37.5699856862,126.8951646315,11,440,VE,VE07,VE070200,2025-10-27 17:03:51+09:00,http://tong.visitkorea.or.kr/cms/resource/67/3340967_image2_1.jpg,http://tong.visitkorea.or.kr/cms/resource/67/3340967_image3_1.jpg,2026-09-05T02:12:08.517425+09:00
2570447,32,애플트리(Apple tree)(애플트리게스트하우스),서울특별시 마포구 월드컵로20길 41-5 (성산동),37.5581512374,126.9111996144,11,440,AC,AC06,AC060200,2025-10-23 14:30:00+09:00,http://tong.visitkorea.or.kr/cms/resource/59/2568259_image2_1.jpg,http://tong.visitkorea.or.kr/cms/resource/59/2568259_image2_1.jpg,2026-09-05T02:12:08.517425+09:00
2576469,32,나루게스트하우스,서울특별시 마포구 양화로12길 8-12 (서교동),37.5513282401035,126.917905569013,11,440,AC,AC06,AC060200,2026-04-21 18:29:42+09:00,https://tong.visitkorea.or.kr/cms/resource/89/2576089_image2_1.jpg,https://tong.visitkorea.or.kr/cms/resource/89/2576089_image3_1.jpg,2026-09-05T02:12:08.517425+09:00
2576511,32,어반우드,서울특별시 마포구 와우산로29마길 5 (서교동) 3층,37.5557184671,126.9268538117,11,440,AC,AC06,AC060200,2025-10-23 14:30:00+09:00,http://tong.visitkorea.or.kr/cms/resource/45/2576145_image2_1.PNG,http://tong.visitkorea.or.kr/cms/resource/45/2576145_image2_1.PNG,2026-09-05T02:12:08.517425+09:00
2578284,38,카카오프렌즈 홍대 플래그십 스토어,서울특별시 마포구 양화로 162 (동교동) 1~3층,37.5564135550031,126.923881224788,11,440,SH,SH05,SH050200,2026-03-19 17:11:21+09:00,https://tong.visitkorea.or.kr/cms/resource/08/3092408_image2_1.jpg,https://tong.visitkorea.or.kr/cms/resource/08/3092408_image3_1.jpg,2026-09-05T02:12:08.517425+09:00
2604211,32,화이트테일,서울특별시 마포구 동교로38안길 8-1 (연남동),37.564950655,126.9227983656,11,440,AC,AC06,AC060200,2025-10-23 14:30:00+09:00,,,2026-09-05T02:12:08.517425+09:00
2607446,32,AT 30,서울특별시 마포구 양화로19길 22-13 (동교동),37.5589208267,126.9242872892,11,440,AC,AC06,AC060200,2025-09-15 13:08:58+09:00,,,2026-09-05T02:12:08.517425+09:00
2607806,32,나비호스텔,서울특별시 마포구 양화로 177-1 (동교동),37.5580626011,126.9247400491,11,440,AC,AC06,AC060200,2024-11-26 11:39:03+09:00,,,2026-09-05T02:12:08.517425+09:00
2609911,32,인 게스트하우스,서울특별시 마포구 성미산로1길 68 (성산동)2층,37.5608619529,126.9066971708,11,440,AC,AC06,AC060200,2025-10-23 14:30:00+09:00,,,2026-09-05T02:12:08.517425+09:00
2612196,32,서울큐브 이화,서울특별시 마포구 대흥로30길 18-10 (염리동),37.5560798947,126.9468714213,11,440,AC,AC06,AC060200,2025-10-23 14:30:00+09:00,,,2026-09-05T02:12:08.517425+09:00
2612215,32,헤이마 게스트하우스,서울특별시 마포구 와우산로29마길 15-7 (서교동),37.5553074035,126.9268482681,11,440,AC,AC06,AC060200,2025-10-23 14:30:00+09:00,,,2026-09-05T02:12:08.517425+09:00
2619938,32,brother house(artist house),서울특별시 마포구 연희로1길 55-6 (연남동),37.5614150131,126.9260787223,11,440,AC,AC06,AC060200,2025-09-19 16:20:05+09:00,,,2026-09-05T02:12:08.517425+09:00
2633907,12,마포중앙도서관,서울특별시 마포구 성산로 128 (성산동),37.5638804077566,126.90811223840495,11,440,VE,VE09,VE090300,2026-03-11 10:03:40+09:00,,,2026-09-05T02:12:08.517425+09:00
2651924,32,와이즈하우스,서울특별시 마포구 월드컵북로6길 89-9 지하1층 (연남동),37.5606011548,126.9225040709,11,440,AC,AC06,AC060200,2025-10-23 14:30:00+09:00,,,2026-09-05T02:12:08.517425+09:00
2651936,32,Y's house,"서울특별시 마포구 월드컵북로6길 89-9 2, 3층 (연남동)",37.5606011548,126.9225040709,11,440,AC,AC06,AC060200,2024-11-26 10:41:41+09:00,,,2026-09-05T02:12:08.517425+09:00
2654607,12,하늘공원,서울특별시 마포구 하늘공원로 95,37.5690977267,126.8863442556,11,440,VE,VE03,VE030100,2026-06-19 09:32:09+09:00,https://tong.visitkorea.or.kr/cms/resource_photo/23/4063023_image2_1.jpg,https://tong.visitkorea.or.kr/cms/resource_photo/23/4063023_image3_1.jpg,2026-09-05T02:12:08.517425+09:00
2661506,12,서울함공원,서울특별시 마포구 마포나루길 407,37.5558484197,126.8939818053,11,440,VE,VE03,VE030100,2025-09-12 17:05:40+09:00,,,2026-09-05T02:12:08.517425+09:00
2669165,32,미로 게스트하우스,서울특별시 마포구 동교로38길 27 (연남동) 2층,37.561787184,126.925595422,11,440,AC,AC06,AC060200,2024-11-26 13:54:52+09:00,,,2026-09-05T02:12:08.517425+09:00
2696312,32,소담스테이,서울특별시 마포구 마포대로14길 12-17 (공덕동),37.5480393261,126.9559902624,11,440,AC,AC03,AC030200,2024-11-26 15:57:51+09:00,,,2026-09-05T02:12:08.517425+09:00
2699359,32,홍대스타일 게스트하우스,서울특별시 마포구 월드컵북로4길 23-3 (동교동),37.5575487011,126.9207848692,11,440,AC,AC06,AC060200,2024-11-27 15:52:09+09:00,,,2026-09-05T02:12:08.517425+09:00
2700281,32,니트하우스,서울특별시 마포구 양화로15안길 7 (서교동),37.5543268216,126.9190017894,11,440,AC,AC06,AC060200,2024-11-26 11:53:09+09:00,,,2026-09-05T02:12:08.517425+09:00
2708666,32,신촌 시스터즈,서울특별시 마포구 백범로2길 24 (노고산동),37.5539549409,126.9356725027,11,440,AC,AC06,AC060200,2024-12-22 17:43:32+09:00,http://tong.visitkorea.or.kr/cms/resource/92/2708492_image2_1.jpg,http://tong.visitkorea.or.kr/cms/resource/92/2708492_image3_1.jpg,2026-09-05T02:12:08.517425+09:00
2709706,39,황금콩밭,서울특별시 마포구 마포대로16길 9 (아현동),37.55096613084851,126.95673318501109,11,440,FD,FD01,FD010100,2026-03-05 11:38:29+09:00,https://tong.visitkorea.or.kr/cms/resource/67/2705167_image2_1.jpg,https://tong.visitkorea.or.kr/cms/resource/67/2705167_image3_1.jpg,2026-09-05T02:12:08.517425+09:00
2720179,12,하늘공원 메타세쿼이아 숲길,서울특별시 마포구 상암동,37.5653,126.8834,11,440,VE,VE04,VE040300,2026-03-04 10:04:26+09:00,,,2026-09-05T02:12:08.517425+09:00
2733858,39,램랜드,서울특별시 마포구 토정로 255 (용강동),37.5434895483,126.9388919493,11,440,FD,FD02,FD020100,2025-01-16 16:12:35+09:00,http://tong.visitkorea.or.kr/cms/resource/21/2786821_image2_1.jpg,http://tong.visitkorea.or.kr/cms/resource/21/2786821_image3_1.jpg,2026-09-05T02:12:08.517425+09:00
2733861,39,서강팔경,서울특별시 마포구 토정로 128 (상수동),37.545008574,126.9253709158,11,440,FD,FD02,FD020300,2025-12-09 15:58:21+09:00,http://tong.visitkorea.or.kr/cms/resource/42/3580342_image2_1.jpg,http://tong.visitkorea.or.kr/cms/resource/42/3580342_image3_1.jpg,2026-09-05T02:12:08.517425+09:00
2733971,12,노을공원(서울),서울특별시 마포구 상암동,37.5740543063,126.8755135312,11,440,VE,VE03,VE030100,2025-09-12 16:55:51+09:00,,,2026-09-05T02:12:08.517425+09:00
2734894,28,노을캠핑장(서울),서울특별시 마포구 하늘공원로 108-1 (상암동),37.5695215557,126.8786300417,11,440,AC,AC05,AC050100,2025-11-20 14:01:58+09:00,http://tong.visitkorea.or.kr/cms/resource/81/3564781_image2_1.jpg,http://tong.visitkorea.or.kr/cms/resource/81/3564781_image3_1.jpg,2026-09-05T02:12:08.517425+09:00
2745582,39,진미식당,서울특별시 마포구 마포대로 186-6 (공덕동),37.5506445751,126.955817982,11,440,FD,FD01,FD010100,2025-06-26 13:18:07+09:00,http://tong.visitkorea.or.kr/cms/resource/86/2779886_image2_1.png,http://tong.visitkorea.or.kr/cms/resource/86/2779886_image3_1.png,2026-09-05T02:12:08.517425+09:00
2745725,14,서울시립 난지미술창작스튜디오,서울특별시 마포구 하늘공원로 108-1,37.5693687945,126.8785522757,11,440,VE,VE07,VE070300,2025-03-17 20:03:09+09:00,http://tong.visitkorea.or.kr/cms/resource/92/3393092_image2_1.JPG,http://tong.visitkorea.or.kr/cms/resource/92/3393092_image3_1.JPG,2026-09-05T02:12:08.517425+09:00
2750941,28,난지캠핑장,서울특별시 마포구 한강난지로 28 (상암동),37.5701840464,126.872592543,11,440,AC,AC05,AC050100,2026-08-25 09:15:18+09:00,https://tong.visitkorea.or.kr/cms/resource/80/4103680_image2_1.jpg,https://tong.visitkorea.or.kr/cms/resource/80/4103680_image3_1.jpg,2026-09-05T02:12:08.517425+09:00
2751316,14,한국영상자료원,서울특별시 마포구 월드컵북로 400 (상암동),37.5805038139,126.8899064813,11,440,VE,VE07,VE070300,2025-10-23 14:30:00+09:00,http://tong.visitkorea.or.kr/cms/resource/48/3545448_image2_1.jpg,http://tong.visitkorea.or.kr/cms/resource/48/3545448_image3_1.jpg,2026-09-05T02:12:08.517425+09:00
2751432,38,아현시장,서울특별시 마포구 굴레방로9길 11-1 (아현동),37.5567994008,126.9549928834,11,440,SH,SH06,SH060200,2025-10-23 14:30:00+09:00,http://tong.visitkorea.or.kr/cms/resource/19/2779719_image2_1.jpg,http://tong.visitkorea.or.kr/cms/resource/19/2779719_image3_1.jpg,2026-09-05T02:12:08.517425+09:00
2759900,12,평화잔디광장,서울특별시 마포구 상암동,37.5619,126.8908,11,440,VE,VE03,VE030500,2026-03-12 13:07:43+09:00,https://tong.visitkorea.or.kr/cms/resource/86/3509986_image2_1.jpg,https://tong.visitkorea.or.kr/cms/resource/86/3509986_image3_1.jpg,2026-09-05T02:12:08.517425+09:00
2761653,39,잠두봉더나인,서울특별시 마포구 마포나루길 582 (합정동),37.5450915936,126.908350243,11,440,FD,FD01,FD010100,2025-11-26 15:32:27+09:00,http://tong.visitkorea.or.kr/cms/resource/76/3574476_image2_1.jpg,http://tong.visitkorea.or.kr/cms/resource/76/3574476_image3_1.jpg,2026-09-05T02:12:08.517425+09:00
2763515,39,와이키키마켓,서울특별시 마포구 마포나루길 332 (상암동),37.5589618514,126.8886655357,11,440,FD,FD02,FD020500,2025-12-24 13:18:33+09:00,,,2026-09-05T02:12:08.517425+09:00
2764166,39,청어람 망원본점,서울특별시 마포구 망원로 97 (망원동),37.5580911169387,126.907509169123,11,440,FD,FD01,FD010100,2026-03-12 13:07:15+09:00,,,2026-09-05T02:12:08.517425+09:00
2773407,38,마포농수산물시장,서울특별시 마포구 월드컵로 235 (성산동),37.56519971293433,126.89848307522915,11,440,SH,SH06,SH060200,2026-03-12 11:19:11+09:00,https://tong.visitkorea.or.kr/cms/resource/95/3509895_image2_1.jpg,https://tong.visitkorea.or.kr/cms/resource/95/3509895_image3_1.jpg,2026-09-05T02:12:08.517425+09:00
2778422,39,송가네감자탕,서울특별시 마포구 동교로 245 (연남동),37.561836494,126.9240506888,11,440,FD,FD01,FD010100,2026-08-06 16:33:39+09:00,https://tong.visitkorea.or.kr/cms/resource/63/3576263_image2_1.jpg,https://tong.visitkorea.or.kr/cms/resource/63/3576263_image3_1.jpg,2026-09-05T02:12:08.517425+09:00
2778423,39,철길왕갈비살,서울특별시 마포구 와우산로32길 24 (창전동),37.5545422985,126.9315766716,11,440,FD,FD01,FD010100,2026-08-06 16:38:05+09:00,https://tong.visitkorea.or.kr/cms/resource/82/3576182_image2_1.jpg,https://tong.visitkorea.or.kr/cms/resource/82/3576182_image3_1.jpg,2026-09-05T02:12:08.517425+09:00
2783318,28,와이키키레저,서울특별시 마포구 마포나루길 332 (상암동),37.5589618514,126.8886655357,11,440,LS,LS02,LS020100,2025-01-14 16:19:10+09:00,http://tong.visitkorea.or.kr/cms/resource/96/2794396_image2_1.jpg,http://tong.visitkorea.or.kr/cms/resource/96/2794396_image2_1.jpg,2026-09-05T02:12:08.517425+09:00
2784016,39,얼스어스,서울특별시 마포구 성미산로 150 (연남동),37.5641951955,126.9232816761,11,440,FD,FD05,FD050100,2025-01-02 16:41:35+09:00,http://tong.visitkorea.or.kr/cms/resource/11/2796311_image2_1.jpg,http://tong.visitkorea.or.kr/cms/resource/11/2796311_image2_1.jpg,2026-09-05T02:12:08.517425+09:00
2784040,12,연남동끝자락길,서울특별시 마포구 성미산로17길 (연남동),37.5660143173,126.9170794124,11,440,VE,VE04,VE040100,2025-06-10 11:31:45+09:00,http://tong.visitkorea.or.kr/cms/resource/63/3467763_image2_1.jpg,http://tong.visitkorea.or.kr/cms/resource/63/3467763_image3_1.jpg,2026-09-05T02:12:08.517425+09:00
2784060,12,난지천공원,서울특별시 마포구 월드컵로 365 (상암동),37.5725158027,126.8870625217,11,440,VE,VE03,VE030100,2025-11-17 16:25:27+09:00,http://tong.visitkorea.or.kr/cms/resource/24/3565324_image2_1.jpg,http://tong.visitkorea.or.kr/cms/resource/24/3565324_image3_1.jpg,2026-09-05T02:12:08.517425+09:00
2784912,38,프레젠트모먼트,서울특별시 마포구 동교로 49-1,37.5531767536,126.907727849,11,440,SH,SH05,SH050200,2025-05-29 10:37:18+09:00,http://tong.visitkorea.or.kr/cms/resource/91/2785791_image2_1.JPG,http://tong.visitkorea.or.kr/cms/resource/91/2785791_image2_1.JPG,2026-09-05T02:12:08.517425+09:00
2789159,39,정대포,서울특별시 마포구 도화길 52 (도화동),37.5420343814,126.9511492065,11,440,FD,FD01,FD010100,2025-01-07 16:55:06+09:00,http://tong.visitkorea.or.kr/cms/resource/65/2789765_image2_1.jpg,http://tong.visitkorea.or.kr/cms/resource/65/2789765_image2_1.jpg,2026-09-05T02:12:08.517425+09:00
2789499,39,베이스캠프,서울특별시 마포구 잔다리로3안길 21 (서교동),37.5508383519,126.9197768169,11,440,FD,FD02,FD020500,2025-10-23 14:30:00+09:00,http://tong.visitkorea.or.kr/cms/resource/21/2795321_image2_1.jpg,http://tong.visitkorea.or.kr/cms/resource/21/2795321_image2_1.jpg,2026-09-05T02:12:08.517425+09:00
2809287,39,메종브리크,서울특별시 마포구 동교로38길 27-19,37.5620093872,126.9259842696,11,440,FD,FD02,FD020300,2025-12-11 17:22:49+09:00,,,2026-09-05T02:12:08.517425+09:00
2814649,39,온정텐동,서울특별시 마포구 양화로23길 10-10,37.5593569138,126.9257871395,11,440,FD,FD02,FD020200,2025-12-24 13:56:37+09:00,,,2026-09-05T02:12:08.517425+09:00
2815426,39,566라멘,서울특별시 마포구 연남로3길 33 1층,37.5605854984,126.9208911255,11,440,FD,FD02,FD020200,2026-07-24 08:57:21+09:00,,,2026-09-05T02:12:08.517425+09:00
2815662,39,키친숲,서울특별시 마포구 동교로 256-10,37.562454792215,126.925182320215,11,440,FD,FD02,FD020400,2026-02-13 15:19:29+09:00,,,2026-09-05T02:12:08.517425+09:00
2815891,39,브래디스커피,서울특별시 마포구 성미산로23안길 23,37.5661764848,126.9209826242,11,440,FD,FD05,FD050100,2026-07-24 08:53:43+09:00,,,2026-09-05T02:12:08.517425+09:00
2823094,39,청아라 생선구이,서울특별시 마포구 망원로 52,37.5567706887,126.9026004376,11,440,FD,FD01,FD010100,2025-12-29 17:36:19+09:00,,,2026-09-05T02:12:08.517425+09:00
2825248,14,이스포츠 명예의 전당,서울특별시 마포구 매봉산로 31 S-PLEX CENTER 시너지움 11층,37.5757247613814,126.88997149091,11,440,VE,VE07,VE070300,2026-05-15 16:00:14+09:00,https://tong.visitkorea.or.kr/cms/resource/85/4064885_image2_1.JPG,https://tong.visitkorea.or.kr/cms/resource/85/4064885_image3_1.JPG,2026-09-05T02:12:08.517425+09:00
2828431,15,한강페스티벌,서울특별시 마포구 마포나루길 407 (망원동) 망원한강공원,37.5557880617,126.8939537189,11,440,EV,EV01,EV010600,2026-08-03 09:17:56+09:00,https://tong.visitkorea.or.kr/cms/resource/50/4089550_image2_1.jpg,https://tong.visitkorea.or.kr/cms/resource/50/4089550_image3_1.jpg,2026-09-05T02:12:08.517425+09:00
2833276,39,송이네,서울특별시 마포구 포은로8길 21,37.5566929793,126.9059168042,11,440,FD,FD01,FD010100,2025-12-03 16:24:43+09:00,http://tong.visitkorea.or.kr/cms/resource/17/3578217_image2_1.jpg,http://tong.visitkorea.or.kr/cms/resource/17/3578217_image3_1.jpg,2026-09-05T02:12:08.517425+09:00
2834211,39,헤키,서울특별시 마포구 월드컵로17길 38,37.5557247462,126.9079175299,11,440,FD,FD02,FD020200,2026-07-08 10:15:45+09:00,https://tong.visitkorea.or.kr/cms/resource/31/3571831_image2_1.jpg,https://tong.visitkorea.or.kr/cms/resource/31/3571831_image3_1.jpg,2026-09-05T02:12:08.517425+09:00
2841742,39,마포양지설렁탕,서울특별시 마포구 새창로 6 (도화동),37.5420365224,126.9505091733,11,440,FD,FD01,FD010100,2026-07-21 15:53:15+09:00,https://tong.visitkorea.or.kr/cms/resource/35/2841735_image2_1.jpg,https://tong.visitkorea.or.kr/cms/resource/35/2841735_image3_1.jpg,2026-09-05T02:12:08.517425+09:00
2842851,39,망원동즉석우동 본점,서울특별시 마포구 동교로 83 (망원동),37.5543072392,126.9111663928,11,440,FD,FD02,FD020200,2025-09-17 09:54:32+09:00,http://tong.visitkorea.or.kr/cms/resource/47/2842847_image2_1.jpg,http://tong.visitkorea.or.kr/cms/resource/47/2842847_image3_1.jpg,2026-09-05T02:12:08.517425+09:00
2842903,39,원조 조박집 본관,서울특별시 마포구 토정로 313 (용강동),37.5400261497,126.9438027102,11,440,FD,FD01,FD010100,2025-09-17 09:59:06+09:00,http://tong.visitkorea.or.kr/cms/resource/99/2842899_image2_1.jpg,http://tong.visitkorea.or.kr/cms/resource/99/2842899_image3_1.jpg,2026-09-05T02:12:08.517425+09:00
2843816,39,감나무집기사식당,서울특별시 마포구 연남로 25 (연남동),37.561950988,126.9219151974,11,440,FD,FD01,FD010100,2025-09-17 10:49:46+09:00,http://tong.visitkorea.or.kr/cms/resource/14/2843814_image2_1.jpg,http://tong.visitkorea.or.kr/cms/resource/14/2843814_image3_1.jpg,2026-09-05T02:12:08.517425+09:00
2845157,39,파롤앤랑그,서울특별시 마포구 성미산로29안길 8 (연남동),37.5650367567,126.9228705788,11,440,FD,FD05,FD050100,2025-09-17 11:28:10+09:00,http://tong.visitkorea.or.kr/cms/resource/02/2844902_image2_1.jpg,http://tong.visitkorea.or.kr/cms/resource/02/2844902_image3_1.jpg,2026-09-05T02:12:08.517425+09:00
2845326,39,어글리베이커리,서울특별시 마포구 월드컵로13길 73,37.5550331304163,126.906059397529,11,440,FD,FD03,FD030100,2026-02-13 14:41:29+09:00,,,2026-09-05T02:12:08.517425+09:00
2847682,39,아소정,서울특별시 마포구 백범로25길 9,37.5465893241,126.9464911688,11,440,FD,FD01,FD010100,2025-09-18 09:29:37+09:00,http://tong.visitkorea.or.kr/cms/resource/77/2847677_image2_1.jpg,http://tong.visitkorea.or.kr/cms/resource/77/2847677_image3_1.jpg,2026-09-05T02:12:08.517425+09:00
2847752,39,바다회사랑,서울특별시 마포구 동교로27길 60 (연남동),37.5604678115,126.9210764267,11,440,FD,FD01,FD010100,2025-09-18 09:32:14+09:00,http://tong.visitkorea.or.kr/cms/resource/41/2847741_image2_1.jpg,http://tong.visitkorea.or.kr/cms/resource/41/2847741_image3_1.jpg,2026-09-05T02:12:08.517425+09:00
2847772,39,모연 마포본점,서울특별시 마포구 토정로 318 (용강동),37.5394901003,126.9437749505,11,440,FD,FD01,FD010100,2025-09-18 09:36:12+09:00,http://tong.visitkorea.or.kr/cms/resource/67/2847767_image2_1.jpg,http://tong.visitkorea.or.kr/cms/resource/67/2847767_image3_1.jpg,2026-09-05T02:12:08.517425+09:00
2847803,39,마포원조떡볶이,서울특별시 마포구 도화2길 3 (도화동),37.5403900858,126.9488105771,11,440,FD,FD01,FD010100,2025-09-18 09:38:06+09:00,http://tong.visitkorea.or.kr/cms/resource/89/2847789_image2_1.jpg,http://tong.visitkorea.or.kr/cms/resource/89/2847789_image3_1.jpg,2026-09-05T02:12:08.517425+09:00
2847839,39,덕승재 상암본점,서울특별시 마포구 월드컵북로 361 (상암동),37.5771597852,126.8914258814,11,440,FD,FD01,FD010100,2025-09-18 09:41:25+09:00,http://tong.visitkorea.or.kr/cms/resource/27/2847827_image2_1.jpg,http://tong.visitkorea.or.kr/cms/resource/27/2847827_image3_1.jpg,2026-09-05T02:12:08.517425+09:00
2848972,39,오레노라멘 본점,서울특별시 마포구 독막로6길 14,37.5475303597,126.9173521314,11,440,FD,FD02,FD020200,2025-09-18 10:08:29+09:00,http://tong.visitkorea.or.kr/cms/resource/59/2848559_image2_1.jpg,http://tong.visitkorea.or.kr/cms/resource/59/2848559_image3_1.jpg,2026-09-05T02:12:08.517425+09:00
2848973,39,피오니,서울특별시 마포구 독막로7길 51 (서교동),37.5501384332,126.9197796143,11,440,FD,FD03,FD030100,2025-09-18 10:10:33+09:00,http://tong.visitkorea.or.kr/cms/resource/74/2848574_image2_1.jpg,http://tong.visitkorea.or.kr/cms/resource/74/2848574_image3_1.jpg,2026-09-05T02:12:08.517425+09:00
2851749,39,들풀한상,서울특별시 마포구 동교로 156-5,37.5555055426267,126.919799709844,11,440,FD,FD01,FD010100,2026-02-13 14:43:16+09:00,,,2026-09-05T02:12:08.517425+09:00
2852296,12,코코넛박스,서울특별시 마포구 홍익로3길 20 (서교동) 지하 2층,37.55353690097332,126.92172606901109,11,440,EX,EX07,EX070200,2026-03-04 10:04:26+09:00,https://tong.visitkorea.or.kr/cms/resource/78/3482078_image2_1.jpg,https://tong.visitkorea.or.kr/cms/resource/78/3482078_image3_1.jpg,2026-09-05T02:12:08.517425+09:00
2853784,39,정광수의돈까스가게,서울특별시 마포구 포은로 128 (망원동) 1층,37.5583372002,126.9041169221,11,440,FD,FD02,FD020200,2025-01-15 13:12:48+09:00,http://tong.visitkorea.or.kr/cms/resource/81/2853781_image2_1.jpg,http://tong.visitkorea.or.kr/cms/resource/81/2853781_image3_1.jpg,2026-09-05T02:12:08.517425+09:00
2853793,39,우리바다수산,서울특별시 마포구 월드컵로 102 (성산동),37.5578290117,126.9089081657,11,440,FD,FD02,FD020200,2025-09-18 11:34:19+09:00,http://tong.visitkorea.or.kr/cms/resource/85/2853785_image2_1.jpg,http://tong.visitkorea.or.kr/cms/resource/85/2853785_image3_1.jpg,2026-09-05T02:12:08.517425+09:00
2853799,39,소이연남,서울특별시 마포구 동교로 267 (연남동),37.563584193,126.9253926121,11,440,FD,FD02,FD020400,2025-09-18 11:37:04+09:00,http://tong.visitkorea.or.kr/cms/resource/94/2853794_image2_1.jpg,http://tong.visitkorea.or.kr/cms/resource/94/2853794_image3_1.jpg,2026-09-05T02:12:08.517425+09:00
2853819,39,라멘트럭 상수본점,서울특별시 마포구 독막로14길 31 (상수동),37.5475526741,126.9226183177,11,440,FD,FD02,FD020200,2025-09-18 11:39:23+09:00,http://tong.visitkorea.or.kr/cms/resource/04/2853804_image2_1.jpg,http://tong.visitkorea.or.kr/cms/resource/04/2853804_image3_1.jpg,2026-09-05T02:12:08.517425+09:00
2853824,39,크레이지카츠,서울특별시 마포구 포은로2나길 44 (합정동),37.5505048774,126.9097249652,11,440,FD,FD02,FD020200,2025-09-18 11:41:49+09:00,http://tong.visitkorea.or.kr/cms/resource/15/2853815_image2_1.jpg,http://tong.visitkorea.or.kr/cms/resource/15/2853815_image3_1.jpg,2026-09-05T02:12:08.517425+09:00
2853837,39,남해바다,"서울특별시 마포구 토정로37길 46 (도화동, 정우맨션)",37.5423120561,126.9471967812,11,440,FD,FD02,FD020200,2025-09-18 11:43:55+09:00,http://tong.visitkorea.or.kr/cms/resource/27/2853827_image2_1.jpg,http://tong.visitkorea.or.kr/cms/resource/27/2853827_image3_1.jpg,2026-09-05T02:12:08.517425+09:00
2853860,39,각시보쌈,서울특별시 마포구 성지길 25 보광빌딩,37.5475858397,126.9134774828,11,440,FD,FD01,FD010100,2025-09-18 11:47:40+09:00,http://tong.visitkorea.or.kr/cms/resource/51/2853851_image2_1.jpg,http://tong.visitkorea.or.kr/cms/resource/51/2853851_image3_1.jpg,2026-09-05T02:12:08.517425+09:00
2853890,39,교다이야,서울특별시 마포구 성지길 39 (합정동),37.5469081365,126.9132191921,11,440,FD,FD02,FD020200,2025-09-18 11:54:21+09:00,http://tong.visitkorea.or.kr/cms/resource/83/2853883_image2_1.jpg,http://tong.visitkorea.or.kr/cms/resource/83/2853883_image3_1.jpg,2026-09-05T02:12:08.517425+09:00
2853913,39,괴르츠,서울특별시 마포구 토정로 136-13 (상수동),37.5449169264,126.9258347656,11,440,FD,FD02,FD020300,2025-09-18 11:59:50+09:00,http://tong.visitkorea.or.kr/cms/resource/06/2853906_image2_1.jpg,http://tong.visitkorea.or.kr/cms/resource/06/2853906_image3_1.jpg,2026-09-05T02:12:08.517425+09:00
2853997,39,김영섭초밥,서울특별시 마포구 월드컵북로 352-18 (상암동),37.5777125327,126.8933312477,11,440,FD,FD02,FD020200,2025-09-18 12:08:13+09:00,http://tong.visitkorea.or.kr/cms/resource/84/2853984_image2_1.jpg,http://tong.visitkorea.or.kr/cms/resource/84/2853984_image3_1.jpg,2026-09-05T02:12:08.517425+09:00
2854456,39,연남다방,서울특별시 마포구 연희로1길 36 1.5층,37.5605178895,126.9257509996,11,440,FD,FD05,FD050100,2025-12-15 15:51:34+09:00,,,2026-09-05T02:12:08.517425+09:00
2858244,39,사운드키친,서울특별시 마포구 백범로24길 11,37.5460032563,126.9451135334,11,440,FD,FD02,FD020300,2025-12-09 17:43:09+09:00,http://tong.visitkorea.or.kr/cms/resource/03/3580503_image2_1.jpg,http://tong.visitkorea.or.kr/cms/resource/03/3580503_image3_1.jpg,2026-09-05T02:12:08.517425+09:00
2864427,39,작당모의,서울특별시 마포구 동교로32길 19,37.5606105769337,126.925418460755,11,440,FD,FD05,FD050100,2026-03-12 17:01:44+09:00,,,2026-09-05T02:12:08.517425+09:00
2871192,39,어반플랜트 합정,서울특별시 마포구 독막로4길 3 (합정동),37.5479469753,126.9172021333,11,440,FD,FD05,FD050100,2025-09-02 15:04:20+09:00,http://tong.visitkorea.or.kr/cms/resource/83/2871183_image2_1.jpg,http://tong.visitkorea.or.kr/cms/resource/83/2871183_image3_1.jpg,2026-09-05T02:12:08.517425+09:00
2871220,39,옥동식,"서울특별시 마포구 양화로7길 44-10 (서교동, 3차신도빌라)",37.5527185954,126.9145411304,11,440,FD,FD01,FD010100,2025-09-02 15:11:13+09:00,http://tong.visitkorea.or.kr/cms/resource/08/2871208_image2_1.jpg,http://tong.visitkorea.or.kr/cms/resource/08/2871208_image3_1.jpg,2026-09-05T02:12:08.517425+09:00
2871243,39,우동 카덴,서울특별시 마포구 양화로7안길 2-1 (서교동),37.5517381638,126.9150827752,11,440,FD,FD02,FD020200,2025-09-02 15:17:25+09:00,http://tong.visitkorea.or.kr/cms/resource/26/2871226_image2_1.jpg,http://tong.visitkorea.or.kr/cms/resource/26/2871226_image3_1.jpg,2026-09-05T02:12:08.517425+09:00
2871262,39,일등식당,서울특별시 마포구 방울내로 82 (망원동),37.5606174954,126.9043612796,11,440,FD,FD01,FD010100,2025-09-24 11:24:05+09:00,http://tong.visitkorea.or.kr/cms/resource/55/2871255_image2_1.jpg,http://tong.visitkorea.or.kr/cms/resource/55/2871255_image3_1.jpg,2026-09-05T02:12:08.517425+09:00
2871291,39,진평925,서울특별시 마포구 망원로 87 (망원동),37.5579956142,126.9063972791,11,440,FD,FD01,FD010100,2025-09-02 15:19:41+09:00,http://tong.visitkorea.or.kr/cms/resource/82/2871282_image2_1.jpg,http://tong.visitkorea.or.kr/cms/resource/82/2871282_image3_1.jpg,2026-09-05T02:12:08.517425+09:00
2871345,39,핑크솔트 숯불구이,서울특별시 마포구 양화로 16 (합정동),37.5483162675,126.9110637937,11,440,FD,FD01,FD010100,2025-09-02 15:23:14+09:00,http://tong.visitkorea.or.kr/cms/resource/37/2871337_image2_1.jpg,http://tong.visitkorea.or.kr/cms/resource/37/2871337_image3_1.jpg,2026-09-05T02:12:08.517425+09:00
2871363,39,한강껍데기,서울특별시 마포구 망원로 48-1 (망원동),37.5567262442,126.902303244,11,440,FD,FD01,FD010100,2025-09-02 15:25:59+09:00,http://tong.visitkorea.or.kr/cms/resource/56/2871356_image2_1.jpg,http://tong.visitkorea.or.kr/cms/resource/56/2871356_image3_1.jpg,2026-09-05T02:12:08.517425+09:00
2871395,39,합정옥,서울특별시 마포구 양화로1길 21 (합정동),37.5496466571,126.9104721432,11,440,FD,FD01,FD010100,2025-09-19 16:02:24+09:00,http://tong.visitkorea.or.kr/cms/resource/82/2871382_image2_1.jpg,http://tong.visitkorea.or.kr/cms/resource/82/2871382_image3_1.jpg,2026-09-05T02:12:08.517425+09:00
2875964,39,빈브라더스 합정,서울특별시 마포구 토정로 35-1 (합정동),37.5457721891,126.9149968402,11,440,FD,FD05,FD050100,2025-09-19 17:16:06+09:00,http://tong.visitkorea.or.kr/cms/resource/54/2875954_image2_1.jpg,http://tong.visitkorea.or.kr/cms/resource/54/2875954_image3_1.jpg,2026-09-05T02:12:08.517425+09:00
2893650,38,홀리카홀리카 홍대점,서울특별시 마포구 와우산로23길 40 (서교동),37.5545809699853,126.923669872689,11,440,SH,SH04,SH040300,2026-03-16 10:54:17+09:00,https://tong.visitkorea.or.kr/cms/resource/11/4018411_image2_1.jpg,https://tong.visitkorea.or.kr/cms/resource/11/4018411_image3_1.jpg,2026-09-05T02:12:08.517425+09:00
2893657,38,에메필 홍대점,서울특별시 마포구 양화로 156 (동교동) 1층,37.5561130617043,126.923446601456,11,440,SH,SH04,SH040300,2026-03-16 10:54:17+09:00,https://tong.visitkorea.or.kr/cms/resource/76/4018476_image2_1.jpg,https://tong.visitkorea.or.kr/cms/resource/76/4018476_image3_1.jpg,2026-09-05T02:12:08.517425+09:00
2893937,38,에이랜드 홍대점,서울특별시 마포구 양화로16길 29 (서교동),37.5531962095623,126.921175435425,11,440,SH,SH04,SH040300,2026-03-27 09:21:50+09:00,https://tong.visitkorea.or.kr/cms/resource/77/4018477_image2_1.jpg,https://tong.visitkorea.or.kr/cms/resource/77/4018477_image3_1.jpg,2026-09-05T02:12:08.517425+09:00
2894058,38,렌즈베리 홍대놀이터길점,서울특별시 마포구 어울마당로 100 (서교동) 1층,37.5537999628014,126.922391499236,11,440,SH,SH04,SH040300,2026-04-01 03:35:23+09:00,https://tong.visitkorea.or.kr/cms/resource/16/4018416_image2_1.jpg,https://tong.visitkorea.or.kr/cms/resource/16/4018416_image3_1.jpg,2026-09-05T02:12:08.517425+09:00
2894148,38,렌즈미 상수 카페거리점,서울특별시 마포구 양화로6길 65 (서교동),37.5487465913286,126.91781430833,11,440,SH,SH04,SH040300,2026-03-16 10:54:17+09:00,https://tong.visitkorea.or.kr/cms/resource/09/4018609_image2_1.jpg,https://tong.visitkorea.or.kr/cms/resource/09/4018609_image3_1.jpg,2026-09-05T02:12:08.517425+09:00
2894251,38,롯데 프리미엄 푸드마켓 공덕점,"서울특별시 마포구 마포대로 109 (공덕동, 롯데캐슬 프레지던트)",37.5450686146253,126.950847479316,11,440,SH,SH04,SH040300,2026-03-18 10:10:05+09:00,https://tong.visitkorea.or.kr/cms/resource/05/4018605_image2_1.jpg,https://tong.visitkorea.or.kr/cms/resource/05/4018605_image3_1.jpg,2026-09-05T02:12:08.517425+09:00
2894573,38,연남약국,서울특별시 마포구 양화로21길 31 (동교동) 1층,37.5595015779604,126.924498193749,11,440,SH,SH04,SH040300,2026-03-27 09:21:50+09:00,https://tong.visitkorea.or.kr/cms/resource/31/4018531_image2_1.jpg,https://tong.visitkorea.or.kr/cms/resource/31/4018531_image3_1.jpg,2026-09-05T02:12:08.517425+09:00
2894575,38,TINTIN SHOP,서울특별시 마포구 와우산로29가길 80 (서교동),37.5538732020503,126.925164564306,11,440,SH,SH04,SH040300,2026-03-18 10:10:05+09:00,https://tong.visitkorea.or.kr/cms/resource/82/4018382_image2_1.jpg,https://tong.visitkorea.or.kr/cms/resource/82/4018382_image3_1.jpg,2026-09-05T02:12:08.517425+09:00
2899844,38,더샘 홍대점,서울특별시 마포구 어울마당로 98-1 (서교동),37.5537301117938,126.922355470206,11,440,SH,SH04,SH040300,2026-03-16 10:54:17+09:00,https://tong.visitkorea.or.kr/cms/resource/07/4018407_image2_1.jpg,https://tong.visitkorea.or.kr/cms/resource/07/4018407_image3_1.jpg,2026-09-05T02:12:08.517425+09:00
2900121,38,홀리카홀리카 홍대2호점,서울특별시 마포구 어울마당로 86 (서교동),37.5526912837224,126.921843099436,11,440,SH,SH04,SH040300,2026-03-16 10:54:17+09:00,https://tong.visitkorea.or.kr/cms/resource/73/4018473_image2_1.jpg,https://tong.visitkorea.or.kr/cms/resource/73/4018473_image3_1.jpg,2026-09-05T02:12:08.517425+09:00
2900376,39,이요이요스시 공덕1호점,"서울특별시 마포구 마포대로 167 (공덕동, 래미안 공덕5차)",37.5495113367,126.9537348706,11,440,FD,FD02,FD020200,2025-09-23 10:41:27+09:00,http://tong.visitkorea.or.kr/cms/resource/59/2900359_image2_1.jpg,http://tong.visitkorea.or.kr/cms/resource/59/2900359_image3_1.jpg,2026-09-05T02:12:08.517425+09:00
2900390,14,무대륙,서울특별시 마포구 토정로5길 12 (합정동),37.5459670676,126.9183697598,11,440,VE,VE12,VE120300,2026-07-07 13:21:36+09:00,https://tong.visitkorea.or.kr/cms/resource/36/4082636_image2_1.jpg,https://tong.visitkorea.or.kr/cms/resource/36/4082636_image3_1.jpg,2026-09-05T02:12:08.517425+09:00
2900435,39,락희옥 마포본점,"서울특별시 마포구 백범로 170 (공덕동, 공덕더샵아파트)",37.5445297458,126.9492099011,11,440,FD,FD01,FD010100,2026-07-23 16:44:20+09:00,https://tong.visitkorea.or.kr/cms/resource/31/2900431_image2_1.jpg,https://tong.visitkorea.or.kr/cms/resource/31/2900431_image3_1.jpg,2026-09-05T02:12:08.517425+09:00
2900483,38,AK PLAZA 홍대,서울특별시 마포구 양화로 188 (동교동),37.557798775,126.9265121176,11,440,SH,SH02,SH020100,2025-11-27 11:07:32+09:00,http://tong.visitkorea.or.kr/cms/resource/77/3573277_image2_1.jpg,http://tong.visitkorea.or.kr/cms/resource/77/3573277_image3_1.jpg,2026-09-05T02:12:08.517425+09:00
2900662,38,MLB 홍대직영점,서울특별시 마포구 홍익로 5-1 (서교동) 1층,37.5531134735776,126.923605730907,11,440,SH,SH04,SH040300,2026-04-01 01:26:58+09:00,https://tong.visitkorea.or.kr/cms/resource/67/4017167_image2_1.jpg,https://tong.visitkorea.or.kr/cms/resource/67/4017167_image3_1.jpg,2026-09-05T02:12:08.517425+09:00
2900777,38,로미스토리 플래그십스토어 홍대점,서울특별시 마포구 와우산로17길 23 (서교동),37.5500526465968,126.921610131671,11,440,SH,SH04,SH040300,2026-03-16 10:54:17+09:00,https://tong.visitkorea.or.kr/cms/resource/22/4018622_image2_1.jpg,https://tong.visitkorea.or.kr/cms/resource/22/4018622_image3_1.jpg,2026-09-05T02:12:08.517425+09:00
2900854,38,홍대365약국,서울특별시 마포구 와우산로27길 43 (서교동) 1층,37.5547020082202,126.926131923762,11,440,SH,SH04,SH040300,2026-03-18 10:10:05+09:00,https://tong.visitkorea.or.kr/cms/resource/81/4018381_image2_1.jpg,https://tong.visitkorea.or.kr/cms/resource/81/4018381_image3_1.jpg,2026-09-05T02:12:08.517425+09:00
2900922,38,카카오프렌즈 홍대플래그십 스토어,서울특별시 마포구 양화로 162 (동교동) 좋은사람들빌딩 1~3층,37.5564135550031,126.923881224788,11,440,SH,SH04,SH040300,2026-03-18 10:10:05+09:00,https://tong.visitkorea.or.kr/cms/resource/71/4018471_image2_1.jpg,https://tong.visitkorea.or.kr/cms/resource/71/4018471_image3_1.jpg,2026-09-05T02:12:08.517425+09:00
2901177,38,투쿨포스쿨 홍대2호점,서울특별시 마포구 어울마당로 102 (서교동) 1층,37.5539104838462,126.922480902893,11,440,SH,SH04,SH040300,2026-03-16 10:54:17+09:00,https://tong.visitkorea.or.kr/cms/resource/17/4018417_image2_1.jpg,https://tong.visitkorea.or.kr/cms/resource/17/4018417_image3_1.jpg,2026-09-05T02:12:08.517425+09:00
2901226,38,슈펜 홍대점,서울특별시 마포구 양화로 153 (동교동),37.5564943733388,126.922631917858,11,440,SH,SH04,SH040300,2026-03-27 09:21:50+09:00,https://tong.visitkorea.or.kr/cms/resource/42/4018442_image2_1.jpg,https://tong.visitkorea.or.kr/cms/resource/42/4018442_image3_1.jpg,2026-09-05T02:12:08.517425+09:00
2901422,38,젠틀몬스터 홍대 플래그십스토어,서울특별시 마포구 독막로7길 54 (서교동),37.5500570559597,126.920123023419,11,440,SH,SH04,SH040300,2026-03-18 10:10:05+09:00,https://tong.visitkorea.or.kr/cms/resource/03/4018603_image2_1.jpg,https://tong.visitkorea.or.kr/cms/resource/03/4018603_image3_1.jpg,2026-09-05T02:12:08.517425+09:00
2901519,38,이마트 마포점,"서울특별시 마포구 백범로 212 (신공덕동, 대우 월드마크 마포)",37.5424315097987,126.953365521963,11,440,SH,SH04,SH040300,2026-03-18 10:10:05+09:00,https://tong.visitkorea.or.kr/cms/resource/07/4018607_image2_1.jpg,https://tong.visitkorea.or.kr/cms/resource/07/4018607_image3_1.jpg,2026-09-05T02:12:08.517425+09:00
2901635,38,웍스아웃 홍대 라이즈점,서울특별시 마포구 양화로 130 (서교동),37.5543349117636,126.921207395382,11,440,SH,SH04,SH040300,2026-03-19 09:49:59+09:00,https://tong.visitkorea.or.kr/cms/resource/53/4019753_image2_1.jpg,https://tong.visitkorea.or.kr/cms/resource/53/4019753_image3_1.jpg,2026-09-05T02:12:08.517425+09:00
2901650,38,홈플러스 메세나폴리스점,"서울특별시 마포구 양화로 45 (서교동, 메세나폴리스) B2층",37.5515008030203,126.91395024016,11,440,SH,SH04,SH040300,2026-03-18 10:10:05+09:00,https://tong.visitkorea.or.kr/cms/resource/28/4018528_image2_1.jpg,https://tong.visitkorea.or.kr/cms/resource/28/4018528_image3_1.jpg,2026-09-05T02:12:08.517425+09:00
2901890,38,버터 홍대점,서울특별시 마포구 양화로 153 (동교동) B2층,37.5564943733388,126.922631917858,11,440,SH,SH04,SH040300,2026-03-16 10:54:17+09:00,https://tong.visitkorea.or.kr/cms/resource/28/4018428_image2_1.jpg,https://tong.visitkorea.or.kr/cms/resource/28/4018428_image3_1.jpg,2026-09-05T02:12:08.517425+09:00
2902689,38,컬러스안경,서울특별시 마포구 와우산로 127 (서교동) 1층,37.5536478896533,126.927665860163,11,440,SH,SH04,SH040300,2026-03-27 09:21:50+09:00,https://tong.visitkorea.or.kr/cms/resource/79/4018379_image2_1.jpg,https://tong.visitkorea.or.kr/cms/resource/79/4018379_image3_1.jpg,2026-09-05T02:12:08.517425+09:00
2903119,38,사뿐 홍대점,서울특별시 마포구 와우산로29길 55 (서교동),37.5557682144373,126.927091603898,11,440,SH,SH04,SH040300,2026-03-16 10:54:17+09:00,https://tong.visitkorea.or.kr/cms/resource/83/4018383_image2_1.jpg,https://tong.visitkorea.or.kr/cms/resource/83/4018383_image3_1.jpg,2026-09-05T02:12:08.517425+09:00
2903690,38,아이월드 안경,서울특별시 마포구 와우산로 93 (서교동) 1층,37.5527658366683,126.923975017598,11,440,SH,SH04,SH040300,2026-03-16 10:54:17+09:00,https://tong.visitkorea.or.kr/cms/resource/96/4018396_image2_1.jpg,https://tong.visitkorea.or.kr/cms/resource/96/4018396_image3_1.jpg,2026-09-05T02:12:08.517425+09:00
2903789,39,황금옥찹쌀순대,서울특별시 마포구 월드컵로25길 33,37.5580133192,126.9058759974,11,440,FD,FD01,FD010100,2026-06-25 17:49:35+09:00,,,2026-09-05T02:12:08.517425+09:00
2904008,38,올리브영 공덕파크팰리스점,서울특별시 마포구 마포대로 143 (공덕동),37.5474542024771,126.953094314075,11,440,SH,SH04,SH040300,2026-03-17 10:12:58+09:00,https://tong.visitkorea.or.kr/cms/resource/83/4028583_image2_1.jpg,https://tong.visitkorea.or.kr/cms/resource/83/4028583_image3_1.jpg,2026-09-05T02:12:08.517425+09:00
2904013,38,뷰라움 메세나폴리스점,"서울특별시 마포구 양화로 45 (서교동, 메세나폴리스)",37.5515008030203,126.91395024016,11,440,SH,SH04,SH040300,2026-04-01 03:52:30+09:00,https://tong.visitkorea.or.kr/cms/resource/30/4018530_image2_1.jpg,https://tong.visitkorea.or.kr/cms/resource/30/4018530_image3_1.jpg,2026-09-05T02:12:08.517425+09:00
2904573,38,올리브영 합정카페거리점,서울특별시 마포구 독막로 13 (합정동),37.548813842869,126.915065611158,11,440,SH,SH04,SH040300,2026-03-17 10:12:58+09:00,https://tong.visitkorea.or.kr/cms/resource/81/4028581_image2_1.png,https://tong.visitkorea.or.kr/cms/resource/81/4028581_image3_1.png,2026-09-05T02:12:08.517425+09:00
2905416,32,라이즈오토그래프컬렉션,서울특별시 마포구 양화로 130 (서교동),37.55433499234078,126.92120744490553,11,440,AC,AC01,AC010100,2026-04-21 15:17:09+09:00,https://tong.visitkorea.or.kr/cms/resource/15/4059515_image2_1.jpg,https://tong.visitkorea.or.kr/cms/resource/15/4059515_image3_1.jpg,2026-09-05T02:12:08.517425+09:00
2905436,38,뉴발란스 홍대점,서울특별시 마포구 홍익로 20 (서교동),37.5543825575863,126.922818684189,11,440,SH,SH04,SH040300,2026-03-16 10:54:17+09:00,https://tong.visitkorea.or.kr/cms/resource/15/4018415_image2_1.jpg,https://tong.visitkorea.or.kr/cms/resource/15/4018415_image3_1.jpg,2026-09-05T02:12:08.517425+09:00
2905466,38,오렌즈 상수역점,서울특별시 마포구 와우산로 61-1 (서교동) 1층,37.5500836992299,126.922930510955,11,440,SH,SH04,SH040300,2026-03-18 10:10:05+09:00,https://tong.visitkorea.or.kr/cms/resource/18/4018618_image2_1.jpg,https://tong.visitkorea.or.kr/cms/resource/18/4018618_image3_1.jpg,2026-09-05T02:12:08.517425+09:00
2905576,38,올리브영 공덕역점,서울특별시 마포구 백범로 199 (신공덕동) 메트로디오빌 1층,37.5434778780948,126.952779970695,11,440,SH,SH04,SH040300,2026-03-30 09:16:11+09:00,https://tong.visitkorea.or.kr/cms/resource/86/4028586_image2_1.jpg,https://tong.visitkorea.or.kr/cms/resource/86/4028586_image3_1.jpg,2026-09-05T02:12:08.517425+09:00
2905627,38,올리브영 신촌로터리점,서울특별시 마포구 서강로 133 (노고산동),37.5544113917507,126.935266304232,11,440,SH,SH04,SH040300,2026-03-17 10:12:58+09:00,https://tong.visitkorea.or.kr/cms/resource/91/4028591_image2_1.png,https://tong.visitkorea.or.kr/cms/resource/91/4028591_image3_1.png,2026-09-05T02:12:08.517425+09:00
2905705,38,조던 월드 오브 플라이트 서울 홍대,서울특별시 마포구 양화로 161 (동교동) 1층,37.5569362179065,126.923315607444,11,440,SH,SH04,SH040300,2026-03-18 10:10:05+09:00,https://tong.visitkorea.or.kr/cms/resource/23/4018523_image2_1.jpg,https://tong.visitkorea.or.kr/cms/resource/23/4018523_image3_1.jpg,2026-09-05T02:12:08.517425+09:00
2905790,38,지오지아 메세나폴리스점,"서울특별시 마포구 양화로 45 (서교동, 메세나폴리스)",37.5515008030203,126.91395024016,11,440,SH,SH04,SH040300,2026-03-27 09:21:50+09:00,https://tong.visitkorea.or.kr/cms/resource/25/4018525_image2_1.jpg,https://tong.visitkorea.or.kr/cms/resource/25/4018525_image3_1.jpg,2026-09-05T02:12:08.517425+09:00
2906207,38,KT&G 상상마당,서울특별시 마포구 어울마당로 65 (서교동),37.5509576951977,126.921063042067,11,440,SH,SH04,SH040300,2026-03-18 10:10:05+09:00,https://tong.visitkorea.or.kr/cms/resource/72/4018472_image2_1.jpg,https://tong.visitkorea.or.kr/cms/resource/72/4018472_image3_1.jpg,2026-09-05T02:12:08.517425+09:00
2906400,38,ABC-MART ST 메세나폴리스점,"서울특별시 마포구 양화로 45 (서교동, 메세나폴리스) B1층",37.5515008030203,126.91395024016,11,440,SH,SH04,SH040300,2026-03-25 09:34:32+09:00,https://tong.visitkorea.or.kr/cms/resource/09/4041909_image2_1.jpg,https://tong.visitkorea.or.kr/cms/resource/09/4041909_image3_1.jpg,2026-09-05T02:12:08.517425+09:00
2906478,38,올리브영 애오개역점,"서울특별시 마포구 마포대로 201 (아현동, 마포 트라팰리스 2차)",37.5522161008194,126.95550374204,11,440,SH,SH04,SH040300,2026-03-17 10:12:58+09:00,https://tong.visitkorea.or.kr/cms/resource/84/4028584_image2_1.jpg,https://tong.visitkorea.or.kr/cms/resource/84/4028584_image3_1.jpg,2026-09-05T02:12:08.517425+09:00
2907021,38,메드스튜디오,서울특별시 마포구 와우산로 111 (서교동) 1층,37.5534662249952,126.925741121447,11,440,SH,SH04,SH040300,2026-03-27 09:21:50+09:00,https://tong.visitkorea.or.kr/cms/resource/78/4018378_image2_1.jpg,https://tong.visitkorea.or.kr/cms/resource/78/4018378_image3_1.jpg,2026-09-05T02:12:08.517425+09:00
2907033,38,올리브영 대흥역점,서울특별시 마포구 백범로 91 (대흥동),37.5482161980568,126.941804075317,11,440,SH,SH04,SH040300,2026-03-17 10:12:58+09:00,https://tong.visitkorea.or.kr/cms/resource/87/4028587_image2_1.jpg,https://tong.visitkorea.or.kr/cms/resource/87/4028587_image3_1.jpg,2026-09-05T02:12:08.517425+09:00
2907085,38,망원월드컵시장,서울특별시 마포구 망원동 480-8,37.5576900854,126.9059167761,11,440,SH,SH06,SH060200,2025-08-07 16:00:08+09:00,http://tong.visitkorea.or.kr/cms/resource/67/2906867_image2_1.jpg,http://tong.visitkorea.or.kr/cms/resource/67/2906867_image3_1.jpg,2026-09-05T02:12:08.517425+09:00
2907094,39,성미골,서울특별시 마포구 월드컵로 137 (망원동),37.5601395957,126.9061210815,11,440,FD,FD01,FD010100,2026-07-22 15:32:58+09:00,https://tong.visitkorea.or.kr/cms/resource/76/2906876_image2_1.jpg,https://tong.visitkorea.or.kr/cms/resource/76/2906876_image3_1.jpg,2026-09-05T02:12:08.517425+09:00
2907095,39,943 킹스크로스CAFE,서울특별시 마포구 양화로16길 24 지하 1층~4층,37.5529836461,126.920805239,11,440,FD,FD05,FD050100,2026-06-29 10:06:28+09:00,https://tong.visitkorea.or.kr/cms/resource/50/4070050_image2_1.jpg,https://tong.visitkorea.or.kr/cms/resource/50/4070050_image3_1.jpg,2026-09-05T02:12:08.517425+09:00
2907099,39,소금집델리 망원,서울특별시 마포구 월드컵로19길 14 2층,37.5568218403,126.9082341344,11,440,FD,FD02,FD020300,2026-06-05 17:38:48+09:00,https://tong.visitkorea.or.kr/cms/resource/79/2906879_image2_1.jpg,https://tong.visitkorea.or.kr/cms/resource/79/2906879_image3_1.jpg,2026-09-05T02:12:08.517425+09:00
2907142,32,롯데호텔 L7홍대,서울특별시 마포구 양화로 141 롯데호텔 L7홍대,37.5558072531,126.9216848363,11,440,AC,AC01,AC010100,2025-04-03 09:58:23+09:00,http://tong.visitkorea.or.kr/cms/resource/32/2907132_image2_1.jpg,http://tong.visitkorea.or.kr/cms/resource/32/2907132_image3_1.jpg,2026-09-05T02:12:08.517425+09:00
2907163,39,딥커피,서울특별시 마포구 동교로 209 (동교동),37.5587204855,126.9233446625,11,440,FD,FD05,FD050100,2026-07-22 15:45:14+09:00,https://tong.visitkorea.or.kr/cms/resource/47/2907147_image2_1.jpg,https://tong.visitkorea.or.kr/cms/resource/47/2907147_image3_1.jpg,2026-09-05T02:12:08.517425+09:00
2907197,38,올리브영 홈플러스월드컵점,서울특별시 마포구 월드컵로 240 (성산동) 2층,37.5682884450841,126.897273034482,11,440,SH,SH04,SH040300,2026-03-17 10:12:58+09:00,https://tong.visitkorea.or.kr/cms/resource/14/4028614_image2_1.jpg,https://tong.visitkorea.or.kr/cms/resource/14/4028614_image3_1.jpg,2026-09-05T02:12:08.517425+09:00
2907205,38,다이소 신촌본점,서울특별시 마포구 신촌로 90 (노고산동),37.5553118177651,126.935539064832,11,440,SH,SH04,SH040300,2026-03-18 10:10:05+09:00,https://tong.visitkorea.or.kr/cms/resource/33/4018433_image2_1.jpg,https://tong.visitkorea.or.kr/cms/resource/33/4018433_image3_1.jpg,2026-09-05T02:12:08.517425+09:00
2907445,38,홍대참신한약국,서울특별시 마포구 어울마당로 62 (서교동) 1층,37.5506007838824,126.921429397327,11,440,SH,SH04,SH040300,2026-03-16 10:54:17+09:00,https://tong.visitkorea.or.kr/cms/resource/55/4019755_image2_1.jpg,https://tong.visitkorea.or.kr/cms/resource/55/4019755_image3_1.jpg,2026-09-05T02:12:08.517425+09:00
2907488,38,다비치안경 홍대동교동삼거리점,서울특별시 마포구 양화로 193 (동교동) 1층,37.5588409392394,126.925876242294,11,440,SH,SH04,SH040300,2026-03-16 10:54:17+09:00,https://tong.visitkorea.or.kr/cms/resource/51/4018651_image2_1.jpg,https://tong.visitkorea.or.kr/cms/resource/51/4018651_image3_1.jpg,2026-09-05T02:12:08.517425+09:00
2907558,38,코데즈컴바인이너웨어 홍대점,서울특별시 마포구 와우산로21길 36-3 (서교동),37.5525113304473,126.921806846973,11,440,SH,SH04,SH040300,2026-03-18 10:10:05+09:00,https://tong.visitkorea.or.kr/cms/resource/09/4018409_image2_1.jpg,https://tong.visitkorea.or.kr/cms/resource/09/4018409_image3_1.jpg,2026-09-05T02:12:08.517425+09:00
2910007,38,아이돌룩,서울특별시 마포구 홍익로6길 74 (동교동),37.5569478413594,126.925283945612,11,440,SH,SH04,SH040300,2026-03-16 10:54:17+09:00,https://tong.visitkorea.or.kr/cms/resource/95/4018395_image2_1.jpg,https://tong.visitkorea.or.kr/cms/resource/95/4018395_image3_1.jpg,2026-09-05T02:12:08.517425+09:00
2910017,38,타미야 홍대점,서울특별시 마포구 양화로 176 (동교동) B2층,37.5572467836494,126.924986220455,11,440,SH,SH04,SH040300,2026-03-27 09:21:50+09:00,https://tong.visitkorea.or.kr/cms/resource/70/4018470_image2_1.jpg,https://tong.visitkorea.or.kr/cms/resource/70/4018470_image3_1.jpg,2026-09-05T02:12:08.517425+09:00
2910287,38,호미화방,서울특별시 마포구 홍익로3길 20 (서교동),37.5535160625816,126.921715374089,11,440,SH,SH04,SH040300,2026-03-27 09:21:50+09:00,https://tong.visitkorea.or.kr/cms/resource/79/4018479_image2_1.jpg,https://tong.visitkorea.or.kr/cms/resource/79/4018479_image3_1.jpg,2026-09-05T02:12:08.517425+09:00
2910892,38,러너스클럽,서울특별시 마포구 신촌로 160 (대흥동) 스타힐스 1층,37.5563084215036,126.943285123977,11,440,SH,SH04,SH040300,2026-03-27 09:21:50+09:00,https://tong.visitkorea.or.kr/cms/resource/31/4018431_image2_1.jpg,https://tong.visitkorea.or.kr/cms/resource/31/4018431_image3_1.jpg,2026-09-05T02:12:08.517425+09:00
2910895,38,폴더 홍대 하이라이트점,서울특별시 마포구 양화로 152-6 (동교동),37.5557393236511,126.923024166559,11,440,SH,SH04,SH040300,2026-03-18 10:10:05+09:00,https://tong.visitkorea.or.kr/cms/resource/06/4018406_image2_1.jpg,https://tong.visitkorea.or.kr/cms/resource/06/4018406_image3_1.jpg,2026-09-05T02:12:08.517425+09:00
2910904,38,올리브영 상암MBC점,서울특별시 마포구 성암로 267 (상암동),37.5811234199086,126.890988995582,11,440,SH,SH04,SH040300,2026-03-30 09:16:11+09:00,https://tong.visitkorea.or.kr/cms/resource/94/4028594_image2_1.jpg,https://tong.visitkorea.or.kr/cms/resource/94/4028594_image3_1.jpg,2026-09-05T02:12:08.517425+09:00
2910905,38,네이처리퍼블릭 공덕역6호선점,서울특별시 마포구 백범로 지하200 (공덕동),37.543526917067,126.951947569181,11,440,SH,SH04,SH040300,2026-03-18 10:10:05+09:00,https://tong.visitkorea.or.kr/cms/resource/88/4017288_image2_1.jpg,https://tong.visitkorea.or.kr/cms/resource/88/4017288_image3_1.jpg,2026-09-05T02:12:08.517425+09:00
2910945,38,러쉬 홍대점,서울특별시 마포구 잔다리로6길 39 (서교동),37.552438063498,126.921375976802,11,440,SH,SH04,SH040300,2026-03-18 10:10:05+09:00,https://tong.visitkorea.or.kr/cms/resource/12/4018412_image2_1.jpg,https://tong.visitkorea.or.kr/cms/resource/12/4018412_image3_1.jpg,2026-09-05T02:12:08.517425+09:00
2911133,38,올리브영 홍대입구역점,서울특별시 마포구 양화로 156 (동교동) LG팰리스 1층,37.5561130617043,126.923446601456,11,440,SH,SH04,SH040300,2026-03-30 09:16:11+09:00,https://tong.visitkorea.or.kr/cms/resource/98/4028598_image2_1.png,https://tong.visitkorea.or.kr/cms/resource/98/4028598_image3_1.png,2026-09-05T02:12:08.517425+09:00
2911585,38,MUJI AK플라자 홍대,서울특별시 마포구 양화로 188 (동교동) 3층,37.5577458058734,126.926498328277,11,440,SH,SH04,SH040300,2026-03-18 10:10:05+09:00,https://tong.visitkorea.or.kr/cms/resource/69/4018469_image2_1.jpg,https://tong.visitkorea.or.kr/cms/resource/69/4018469_image3_1.jpg,2026-09-05T02:12:08.517425+09:00
2911666,38,이니스프리 홍대3호점,서울특별시 마포구 양화로18길 12 (동교동),37.5564862014973,126.92462414414,11,440,SH,SH04,SH040300,2026-03-27 09:21:50+09:00,https://tong.visitkorea.or.kr/cms/resource/81/4018481_image2_1.jpg,https://tong.visitkorea.or.kr/cms/resource/81/4018481_image3_1.jpg,2026-09-05T02:12:08.517425+09:00
2913586,38,오렌즈 상암DMC점,서울특별시 마포구 월드컵북로 396 (상암동) 1층,37.5794283422818,126.889782954548,11,440,SH,SH04,SH040300,2026-03-27 09:21:50+09:00,https://tong.visitkorea.or.kr/cms/resource/95/4019595_image2_1.jpg,https://tong.visitkorea.or.kr/cms/resource/95/4019595_image3_1.jpg,2026-09-05T02:12:08.517425+09:00
2914192,38,아이디어안경원 상수점,서울특별시 마포구 어울마당로 33 (합정동),37.548224140326,126.919968362569,11,440,SH,SH04,SH040300,2026-04-01 04:05:19+09:00,https://tong.visitkorea.or.kr/cms/resource/13/4018613_image2_1.jpg,https://tong.visitkorea.or.kr/cms/resource/13/4018613_image3_1.jpg,2026-09-05T02:12:08.517425+09:00
2914730,39,군산찜,서울특별시 마포구 새터산길 2 (성산동),37.5649719618,126.9073973487,11,440,FD,FD01,FD010100,2026-07-15 13:02:51+09:00,https://tong.visitkorea.or.kr/cms/resource/22/2914722_image2_1.jpg,https://tong.visitkorea.or.kr/cms/resource/22/2914722_image3_1.jpg,2026-09-05T02:12:08.517425+09:00
2914768,39,굴다리식당,서울특별시 마포구 새창로 8-1 (도화동),37.5421160248,126.9508117377,11,440,FD,FD01,FD010100,2026-07-24 17:27:56+09:00,https://tong.visitkorea.or.kr/cms/resource/47/2914747_image2_1.jpg,https://tong.visitkorea.or.kr/cms/resource/47/2914747_image3_1.jpg,2026-09-05T02:12:08.517425+09:00
2914789,39,배꼽집,서울특별시 마포구 월드컵북로54길 17 (상암동),37.5813786875,126.8885621347,11,440,FD,FD01,FD010100,2025-09-23 17:09:09+09:00,http://tong.visitkorea.or.kr/cms/resource/82/2914782_image2_1.jpg,http://tong.visitkorea.or.kr/cms/resource/82/2914782_image3_1.jpg,2026-09-05T02:12:08.517425+09:00
2914806,39,부영각,서울특별시 마포구 토정로 268 (용강동),37.542516920943356,126.93950722262664,11,440,FD,FD02,FD020100,2026-04-14 14:40:05+09:00,https://tong.visitkorea.or.kr/cms/resource/99/2914799_image2_1.jpg,https://tong.visitkorea.or.kr/cms/resource/99/2914799_image3_1.jpg,2026-09-05T02:12:08.517425+09:00
2914816,39,상암일미락,서울특별시 마포구 성암로13길 40 (상암동),37.576335537670715,126.89719459619225,11,440,FD,FD01,FD010100,2026-04-06 14:32:12+09:00,https://tong.visitkorea.or.kr/cms/resource/40/4055640_image2_1.jpg,https://tong.visitkorea.or.kr/cms/resource/40/4055640_image3_1.jpg,2026-09-05T02:12:08.517425+09:00
2914917,39,색동저고리,서울특별시 마포구 도화길 27 (도화동),37.5408782499,126.9489732553,11,440,FD,FD01,FD010100,2026-06-12 10:36:15+09:00,,,2026-09-05T02:12:08.517425+09:00
2914942,39,서룡,서울특별시 마포구 월드컵북로 361 DMC이안오피스텔 2단지 201호,37.5771051745,126.8914102001,11,440,FD,FD02,FD020100,2026-07-15 13:22:50+09:00,https://tong.visitkorea.or.kr/cms/resource/29/2914929_image2_1.jpg,https://tong.visitkorea.or.kr/cms/resource/29/2914929_image3_1.jpg,2026-09-05T02:12:08.517425+09:00
2914979,39,신성각,서울특별시 마포구 임정로 55-1 (신공덕동),37.54473308169167,126.9577317361078,11,440,FD,FD02,FD020100,2026-04-20 14:07:00+09:00,https://tong.visitkorea.or.kr/cms/resource/67/2914967_image2_1.jpg,https://tong.visitkorea.or.kr/cms/resource/67/2914967_image3_1.jpg,2026-09-05T02:12:08.517425+09:00
2915002,39,현래장,서울특별시 마포구 마포대로 20 다보빌딩 지하 1층,37.5384219687,126.9449866272,11,440,FD,FD02,FD020100,2026-07-07 14:32:56+09:00,https://tong.visitkorea.or.kr/cms/resource/89/2914989_image2_1.jpg,https://tong.visitkorea.or.kr/cms/resource/89/2914989_image3_1.jpg,2026-09-05T02:12:08.517425+09:00
2916067,38,글램아이웨어,서울특별시 마포구 어울마당로5길 23 (서교동) 빌딩 2층,37.5492656385434,126.919224553798,11,440,SH,SH04,SH040300,2026-03-30 09:16:11+09:00,https://tong.visitkorea.or.kr/cms/resource/01/4017201_image2_1.jpg,https://tong.visitkorea.or.kr/cms/resource/01/4017201_image3_1.jpg,2026-09-05T02:12:08.517425+09:00
2916370,38,다이소 홍대2호점,서울특별시 마포구 양화로 182 (동교동),37.5577610029874,126.925587805723,11,440,SH,SH04,SH040300,2026-03-19 09:49:59+09:00,https://tong.visitkorea.or.kr/cms/resource/72/4029372_image2_1.jpg,https://tong.visitkorea.or.kr/cms/resource/72/4029372_image3_1.jpg,2026-09-05T02:12:08.517425+09:00
2917168,38,LG전자 베스트샵 동교점,서울특별시 마포구 신촌로 6 (동교동),37.5583384220284,126.926837392465,11,440,SH,SH04,SH040300,2026-03-18 10:10:05+09:00,https://tong.visitkorea.or.kr/cms/resource/50/4018650_image2_1.jpg,https://tong.visitkorea.or.kr/cms/resource/50/4018650_image3_1.jpg,2026-09-05T02:12:08.517425+09:00
2917226,32,머큐어 앰배서더 서울 홍대,서울특별시 마포구 양화로 144 (동교동),37.5553962029,126.922409782,11,440,AC,AC01,AC010100,2025-05-20 11:05:02+09:00,http://tong.visitkorea.or.kr/cms/resource/72/2916572_image2_1.jpg,http://tong.visitkorea.or.kr/cms/resource/72/2916572_image3_1.jpg,2026-09-05T02:12:08.517425+09:00
2917245,32,아만티호텔서울,서울특별시 마포구 월드컵북로 31 (서교동),37.5571903727,126.9187184009,11,440,AC,AC01,AC010100,2025-05-20 15:25:06+09:00,http://tong.visitkorea.or.kr/cms/resource/87/2916587_image2_1.jpg,http://tong.visitkorea.or.kr/cms/resource/87/2916587_image3_1.jpg,2026-09-05T02:12:08.517425+09:00
2917294,38,정관장 서울이대역본점,서울특별시 마포구 대흥로 171 (대흥동) 1층,37.5542664592528,126.945709900899,11,440,SH,SH04,SH040300,2026-03-18 10:10:05+09:00,https://tong.visitkorea.or.kr/cms/resource/30/4018430_image2_1.jpg,https://tong.visitkorea.or.kr/cms/resource/30/4018430_image3_1.jpg,2026-09-05T02:12:08.517425+09:00
2917375,38,아프리카안경 합정교보문고점,"서울특별시 마포구 월드컵로1길 14 (합정동, 마포 한강 푸르지오) B2층",37.5500497954747,126.912061257921,11,440,SH,SH04,SH040300,2026-03-27 09:21:50+09:00,https://tong.visitkorea.or.kr/cms/resource/32/4018532_image2_1.jpg,https://tong.visitkorea.or.kr/cms/resource/32/4018532_image3_1.jpg,2026-09-05T02:12:08.517425+09:00
2918304,38,올리브영 합정교보점,"서울특별시 마포구 월드컵로1길 14 (합정동, 마포 한강 푸르지오) B2층",37.5500497954747,126.912061257921,11,440,SH,SH04,SH040300,2026-03-17 10:12:59+09:00,https://tong.visitkorea.or.kr/cms/resource/17/4028617_image2_1.png,https://tong.visitkorea.or.kr/cms/resource/17/4028617_image3_1.png,2026-09-05T02:12:08.517425+09:00
2918543,38,올리브영 마포구청역점,서울특별시 마포구 월드컵로 196 (성산동) 1층,37.5647995635391,126.902750212857,11,440,SH,SH04,SH040300,2026-03-17 10:12:59+09:00,https://tong.visitkorea.or.kr/cms/resource/13/4028613_image2_1.jpg,https://tong.visitkorea.or.kr/cms/resource/13/4028613_image3_1.jpg,2026-09-05T02:12:08.517425+09:00
2918629,38,정관장 신촌역점,서울특별시 마포구 신촌로 78 (노고산동),37.5557083973332,126.934485075757,11,440,SH,SH04,SH040300,2026-03-27 09:21:50+09:00,https://tong.visitkorea.or.kr/cms/resource/32/4018432_image2_1.jpg,https://tong.visitkorea.or.kr/cms/resource/32/4018432_image3_1.jpg,2026-09-05T02:12:08.517425+09:00
2918636,32,나인브릭호텔,서울특별시 마포구 홍익로5길 32 (서교동),37.5538352404,126.920584992,11,440,AC,AC01,AC010100,2025-05-20 11:11:50+09:00,http://tong.visitkorea.or.kr/cms/resource/56/2900456_image2_1.jpg,http://tong.visitkorea.or.kr/cms/resource/56/2900456_image3_1.jpg,2026-09-05T02:12:08.517425+09:00
2923001,38,삼성스토어 홍대,서울특별시 마포구 양화로 171 (동교동),37.5575320732465,126.924052681159,11,440,SH,SH04,SH040300,2026-04-01 03:50:24+09:00,https://tong.visitkorea.or.kr/cms/resource/22/4018522_image2_1.jpg,https://tong.visitkorea.or.kr/cms/resource/22/4018522_image3_1.jpg,2026-09-05T02:12:08.517425+09:00
2923629,38,새봄안경원,서울특별시 마포구 와우산로 150-1 (창전동) 1층,37.5543475203291,126.929916734385,11,440,SH,SH04,SH040300,2026-03-16 10:54:17+09:00,https://tong.visitkorea.or.kr/cms/resource/80/4018380_image2_1.jpg,https://tong.visitkorea.or.kr/cms/resource/80/4018380_image3_1.jpg,2026-09-05T02:12:08.517425+09:00
2924347,38,스파오 AK플라자 홍대점,서울특별시 마포구 와우산로37길 35 (동교동),37.5564381192339,126.929035860751,11,440,SH,SH04,SH040300,2026-03-18 10:10:05+09:00,https://tong.visitkorea.or.kr/cms/resource/83/4018483_image2_1.jpg,https://tong.visitkorea.or.kr/cms/resource/83/4018483_image3_1.jpg,2026-09-05T02:12:08.517425+09:00
2924490,38,올리브영 상암ENM점,서울특별시 마포구 상암산로 66 (상암동) 1층,37.5783960630744,126.891522106224,11,440,SH,SH04,SH040300,2026-03-17 10:12:59+09:00,https://tong.visitkorea.or.kr/cms/resource/89/4028589_image2_1.jpg,https://tong.visitkorea.or.kr/cms/resource/89/4028589_image3_1.jpg,2026-09-05T02:12:08.517425+09:00
2924512,38,ABC마트 SP 홍대점,서울특별시 마포구 홍익로 17 (서교동),37.5538514884057,126.92278629914,11,440,SH,SH04,SH040300,2026-03-18 10:10:05+09:00,https://tong.visitkorea.or.kr/cms/resource/13/4018413_image2_1.jpg,https://tong.visitkorea.or.kr/cms/resource/13/4018413_image3_1.jpg,2026-09-05T02:12:08.517425+09:00
2924526,38,올리브영 마포역점,서울특별시 마포구 마포대로 53 (도화동),37.5414321628548,126.947054064308,11,440,SH,SH04,SH040300,2026-03-27 09:21:50+09:00,https://tong.visitkorea.or.kr/cms/resource/20/4018620_image2_1.jpg,https://tong.visitkorea.or.kr/cms/resource/20/4018620_image3_1.jpg,2026-09-05T02:12:08.517425+09:00
2924559,38,올리브영 마포도화점,서울특별시 마포구 삼개로 20 (도화동),37.5385080351775,126.947204921199,11,440,SH,SH04,SH040300,2026-03-17 10:12:59+09:00,https://tong.visitkorea.or.kr/cms/resource/88/4028588_image2_1.PNG,https://tong.visitkorea.or.kr/cms/resource/88/4028588_image3_1.PNG,2026-09-05T02:12:08.517425+09:00
2924793,38,커버낫 플래그쉽 홍대점,서울특별시 마포구 잔다리로 24 (서교동),37.550957173838,126.920554359014,11,440,SH,SH04,SH040300,2026-04-01 03:39:44+09:00,https://tong.visitkorea.or.kr/cms/resource/97/4018497_image2_1.jpg,https://tong.visitkorea.or.kr/cms/resource/97/4018497_image3_1.jpg,2026-09-05T02:12:08.517425+09:00
2925791,38,언더스타,서울특별시 마포구 어울마당로 90 (서교동),37.5529865237,126.9219535842,11,440,SH,SH04,SH040300,2026-07-15 20:00:33+09:00,https://tong.visitkorea.or.kr/cms/resource/22/4018422_image2_1.jpg,https://tong.visitkorea.or.kr/cms/resource/22/4018422_image3_1.jpg,2026-09-05T02:12:08.517425+09:00
2926902,38,올리브영 합정메세나폴리스점,"서울특별시 마포구 양화로 45 (서교동, 메세나폴리스)",37.5515008030203,126.91395024016,11,440,SH,SH04,SH040300,2026-03-19 09:49:59+09:00,https://tong.visitkorea.or.kr/cms/resource/02/4028602_image2_1.png,https://tong.visitkorea.or.kr/cms/resource/02/4028602_image3_1.png,2026-09-05T02:12:08.517425+09:00
2928783,38,ABC마트 ST 월드컵홈플러스점,서울특별시 마포구 월드컵로 240 (성산동),37.5682884450841,126.897273034482,11,440,SH,SH04,SH040300,2026-03-19 09:49:59+09:00,https://tong.visitkorea.or.kr/cms/resource/12/4018712_image2_1.jpg,https://tong.visitkorea.or.kr/cms/resource/12/4018712_image3_1.jpg,2026-09-05T02:12:08.517425+09:00
2929179,38,칼린 홍대직영점,"서울특별시 마포구 와우산로29다길 13 (서교동) 1층, 2층",37.5548761678572,126.92772827591,11,440,SH,SH04,SH040300,2026-04-01 03:29:03+09:00,https://tong.visitkorea.or.kr/cms/resource/84/4018384_image2_1.jpg,https://tong.visitkorea.or.kr/cms/resource/84/4018384_image3_1.jpg,2026-09-05T02:12:08.517425+09:00
2929386,38,스파오 신촌점,서울특별시 마포구 신촌로 94 (노고산동),37.5549939272318,126.936001762116,11,440,SH,SH04,SH040300,2026-03-27 09:21:50+09:00,https://tong.visitkorea.or.kr/cms/resource/37/4019137_image2_1.jpg,https://tong.visitkorea.or.kr/cms/resource/37/4019137_image3_1.jpg,2026-09-05T02:12:08.517425+09:00
2929687,38,아트박스 서교동점,서울특별시 마포구 홍익로 19 (서교동),37.5540114951,126.9226325608,11,440,SH,SH04,SH040300,2026-07-15 19:45:18+09:00,https://tong.visitkorea.or.kr/cms/resource/80/4018480_image2_1.jpg,https://tong.visitkorea.or.kr/cms/resource/80/4018480_image3_1.jpg,2026-09-05T02:12:08.517425+09:00
2929752,38,렌즈타운 홍대입구점,서울특별시 마포구 와우산로23길 35 (서교동) 1층,37.5543969491085,126.923473254715,11,440,SH,SH04,SH040300,2026-03-16 10:54:17+09:00,https://tong.visitkorea.or.kr/cms/resource/10/4018410_image2_1.jpg,https://tong.visitkorea.or.kr/cms/resource/10/4018410_image3_1.jpg,2026-09-05T02:12:08.517425+09:00
2929877,38,ABC마트 GS 홍대점,서울특별시 마포구 양화로 152 (동교동),37.5558241112217,126.922891779053,11,440,SH,SH04,SH040300,2026-03-18 10:10:05+09:00,https://tong.visitkorea.or.kr/cms/resource/75/4018475_image2_1.jpg,https://tong.visitkorea.or.kr/cms/resource/75/4018475_image3_1.jpg,2026-09-05T02:12:08.517425+09:00
2929926,38,핫트랙스 합정점,"서울특별시 마포구 월드컵로1길 14 (합정동, 마포 한강 푸르지오) B2층",37.5500497954747,126.912061257921,11,440,SH,SH04,SH040300,2026-03-27 09:21:50+09:00,https://tong.visitkorea.or.kr/cms/resource/95/4018495_image2_1.jpg,https://tong.visitkorea.or.kr/cms/resource/95/4018495_image3_1.jpg,2026-09-05T02:12:08.517425+09:00
2930054,38,올리브영 망원역점,서울특별시 마포구 월드컵로 75 (망원동),37.5556322935424,126.91015440036,11,440,SH,SH04,SH040300,2026-03-17 10:12:59+09:00,https://tong.visitkorea.or.kr/cms/resource/16/4028616_image2_1.jpg,https://tong.visitkorea.or.kr/cms/resource/16/4028616_image3_1.jpg,2026-09-05T02:12:08.517425+09:00
2930443,38,유니클로 메세나폴리스점,"서울특별시 마포구 양화로 45 (서교동, 메세나폴리스) 1층",37.5515008030203,126.91395024016,11,440,SH,SH04,SH040300,2026-03-18 10:10:05+09:00,https://tong.visitkorea.or.kr/cms/resource/27/4018527_image2_1.jpg,https://tong.visitkorea.or.kr/cms/resource/27/4018527_image3_1.jpg,2026-09-05T02:12:08.517425+09:00
2930619,38,올리브영 상수역점,서울특별시 마포구 와우산로 49 (상수동),37.5489912003068,126.922733825897,11,440,SH,SH04,SH040300,2026-03-17 10:12:59+09:00,https://tong.visitkorea.or.kr/cms/resource/06/4028606_image2_1.jpg,https://tong.visitkorea.or.kr/cms/resource/06/4028606_image3_1.jpg,2026-09-05T02:12:08.517425+09:00
2930878,38,ABC마트 GS 홍대홍익로점,서울특별시 마포구 홍익로5길 13 (서교동),37.5541549567875,126.921574712791,11,440,SH,SH04,SH040300,2026-04-07 00:05:25+09:00,https://tong.visitkorea.or.kr/cms/resource/78/4018478_image2_1.jpg,https://tong.visitkorea.or.kr/cms/resource/78/4018478_image3_1.jpg,2026-09-05T02:12:08.517425+09:00
2930884,38,TROUBADOUR 홍대점,"서울특별시 마포구 어울마당로 137 (동교동) 1층,2층",37.5564567137259,126.925151115991,11,440,SH,SH04,SH040300,2026-03-16 10:54:17+09:00,https://tong.visitkorea.or.kr/cms/resource/86/4018386_image2_1.jpg,https://tong.visitkorea.or.kr/cms/resource/86/4018386_image3_1.jpg,2026-09-05T02:12:08.517425+09:00
2930988,38,올리브영 동교동점,서울특별시 마포구 동교로 207 (동교동),37.5585958809292,126.923217592056,11,440,SH,SH04,SH040300,2026-03-17 10:12:59+09:00,https://tong.visitkorea.or.kr/cms/resource/82/4028582_image2_1.jpg,https://tong.visitkorea.or.kr/cms/resource/82/4028582_image3_1.jpg,2026-09-05T02:12:08.517425+09:00
2931229,38,미즈노 홍대직영점,서울특별시 마포구 홍익로 3 (서교동) 1층 미즈노,37.5529529279418,126.923903643897,11,440,SH,SH04,SH040300,2026-03-18 10:10:05+09:00,https://tong.visitkorea.or.kr/cms/resource/94/4018394_image2_1.jpg,https://tong.visitkorea.or.kr/cms/resource/94/4018394_image3_1.jpg,2026-09-05T02:12:08.517425+09:00
2931704,38,오렌즈 합정점,서울특별시 마포구 독막로 9 (합정동) 1층,37.5488926252306,126.914614565555,11,440,SH,SH04,SH040300,2026-03-27 09:21:50+09:00,https://tong.visitkorea.or.kr/cms/resource/99/4018599_image2_1.jpg,https://tong.visitkorea.or.kr/cms/resource/99/4018599_image3_1.jpg,2026-09-05T02:12:08.517425+09:00
2931711,38,디자인스킨 AK플라자 홍대점,서울특별시 마포구 양화로 188 (동교동) 2층,37.5577458058734,126.926498328277,11,440,SH,SH04,SH040300,2026-03-18 10:10:05+09:00,https://tong.visitkorea.or.kr/cms/resource/66/4018466_image2_1.jpg,https://tong.visitkorea.or.kr/cms/resource/66/4018466_image3_1.jpg,2026-09-05T02:12:08.517425+09:00
2931713,38,렌즈미 홍대점,서울특별시 마포구 어울마당로 110-1 (서교동) 1층,37.5546257024372,126.92304206148,11,440,SH,SH04,SH040300,2026-03-16 10:54:17+09:00,https://tong.visitkorea.or.kr/cms/resource/99/4018399_image2_1.jpg,https://tong.visitkorea.or.kr/cms/resource/99/4018399_image3_1.jpg,2026-09-05T02:12:08.517425+09:00
2931714,38,스컬프스토어 서교점,서울특별시 마포구 양화로8길 16-16 (서교동) 1층,37.5496483029677,126.915631845063,11,440,SH,SH04,SH040300,2026-03-18 10:10:05+09:00,https://tong.visitkorea.or.kr/cms/resource/11/4018611_image2_1.jpg,https://tong.visitkorea.or.kr/cms/resource/11/4018611_image3_1.jpg,2026-09-05T02:12:08.517425+09:00
2931861,39,베이스이즈나이스,서울특별시 마포구 도화2길 20,37.5396274516436,126.949108413074,11,440,FD,FD01,FD010100,2026-04-06 13:26:25+09:00,https://tong.visitkorea.or.kr/cms/resource/00/4055600_image2_1.jpg,https://tong.visitkorea.or.kr/cms/resource/00/4055600_image3_1.jpg,2026-09-05T02:12:08.517425+09:00
2932740,39,동경,서울특별시 마포구 마포대로 49 성우빌딩,37.5408689270156,126.946894704804,11,440,FD,FD02,FD020200,2026-06-02 17:46:36+09:00,,,2026-09-05T02:12:08.517425+09:00
2932753,39,카와카츠 본점,서울특별시 마포구 동교로 126 광남벨라스아파트 102호,37.5547277946,126.9161889732,11,440,FD,FD02,FD020200,2026-06-05 10:02:55+09:00,,,2026-09-05T02:12:08.517425+09:00
2932882,39,정애쿠키,서울특별시 마포구 동교로46길 33 (연남동),37.5622905805,126.9265898434,11,440,FD,FD05,FD050100,2026-06-17 15:41:25+09:00,,,2026-09-05T02:12:08.517425+09:00
2940925,38,종이잡지클럽,서울특별시 마포구 양화로8길 32-15,37.5494134455,126.9157661119,11,440,SH,SH07,SH070100,2025-05-27 18:24:31+09:00,,,2026-09-05T02:12:08.517425+09:00
2940991,39,마뽀즈,서울특별시 마포구 양화로6길 60,37.5485507919,126.9174029192,11,440,FD,FD05,FD050100,2026-06-16 18:16:22+09:00,,,2026-09-05T02:12:08.517425+09:00
2946079,39,조선화로구이,서울특별시 마포구 월드컵북로 5 (서교동),37.5555473236,126.9208474721,11,440,FD,FD01,FD010100,2026-06-08 11:37:34+09:00,https://tong.visitkorea.or.kr/cms/resource/43/2947343_image2_1.jpg,https://tong.visitkorea.or.kr/cms/resource/43/2947343_image3_1.jpg,2026-09-05T02:12:08.517425+09:00
2946096,39,하하&김종국의 401정육식당,서울특별시 마포구 서교동 395-17,37.5507422424,126.9202331363,11,440,FD,FD01,FD010100,2026-06-08 11:33:05+09:00,https://tong.visitkorea.or.kr/cms/resource/52/2947452_image2_1.jpg,https://tong.visitkorea.or.kr/cms/resource/52/2947452_image3_1.jpg,2026-09-05T02:12:08.517425+09:00
2946229,38,리슬 홍대점,서울특별시 마포구 와우산로29길 37 (서교동),37.5553408014,126.9278578632,11,440,SH,SH05,SH050200,2026-06-05 09:23:47+09:00,https://tong.visitkorea.or.kr/cms/resource/39/4007339_image2_1.jpg,https://tong.visitkorea.or.kr/cms/resource/39/4007339_image3_1.jpg,2026-09-05T02:12:08.517425+09:00
2946238,38,도자기카페 줄,서울특별시 마포구 동교동 179-38 세광빌딩 3층,37.5573821924,126.9285063921,11,440,SH,SH05,SH050100,2025-11-17 19:57:24+09:00,http://tong.visitkorea.or.kr/cms/resource/43/2947643_image2_1.jpg,http://tong.visitkorea.or.kr/cms/resource/43/2947643_image3_1.jpg,2026-09-05T02:12:08.517425+09:00
2946242,12,내맘대로폰케이스 홍대점,서울특별시 마포구 와우산로19길 21 (서교동),37.5512466761,126.9218988345,11,440,EX,EX07,EX070200,2025-12-18 13:45:55+09:00,http://tong.visitkorea.or.kr/cms/resource/69/2947669_image2_1.jpg,http://tong.visitkorea.or.kr/cms/resource/69/2947669_image3_1.jpg,2026-09-05T02:12:08.517425+09:00
2946527,12,리얼 이스케이프 챌린지,서울특별시 마포구 와우산로27길 21 (서교동),37.5542047587,126.9271149424,11,440,EX,EX07,EX070200,2025-11-18 09:52:50+09:00,http://tong.visitkorea.or.kr/cms/resource/75/2945575_image2_1.jpg,http://tong.visitkorea.or.kr/cms/resource/75/2945575_image3_1.jpg,2026-09-05T02:12:08.517425+09:00
2946571,39,언플러그드,서울특별시 마포구 와우산로33길 26 (서교동),37.5555813524,126.9292580882,11,440,FD,FD05,FD050100,2026-07-07 09:53:08+09:00,,,2026-09-05T02:12:08.517425+09:00
2946704,39,테이스티버거,서울특별시 마포구 독막로 67-11 (상수동) 행운빌딩 1층,37.5482502235,126.9207018537,11,440,FD,FD03,FD030200,2026-06-08 11:15:44+09:00,https://tong.visitkorea.or.kr/cms/resource/64/2947464_image2_1.jpg,https://tong.visitkorea.or.kr/cms/resource/64/2947464_image3_1.jpg,2026-09-05T02:12:08.517425+09:00
2989022,39,필로베이커리,서울특별시 마포구 홍익로2길 27-22,37.5555574973,126.924471399,11,440,FD,FD05,FD050100,2026-08-13 09:46:35+09:00,,,2026-09-05T02:12:08.517425+09:00
2989027,38,간격 드로잉스페이스,서울특별시 마포구 월드컵로23길 20 망원빌 4층,37.5570179737,126.9077277407,11,440,SH,SH07,SH070100,2025-06-09 11:31:02+09:00,http://tong.visitkorea.or.kr/cms/resource/16/2989016_image2_1.jpg,http://tong.visitkorea.or.kr/cms/resource/16/2989016_image3_1.jpg,2026-09-05T02:12:08.517425+09:00
2989028,39,제로카페,서울특별시 마포구 와우산로27길 17,37.5540739421,126.9273126614,11,440,FD,FD05,FD050100,2026-06-16 17:57:41+09:00,,,2026-09-05T02:12:08.517425+09:00
3023167,32,브라운스위트 신촌센트럴,서울특별시 마포구 서강로 137 (노고산동) 14층,37.5547215174,126.9356085978,11,440,AC,AC04,AC040100,2025-05-20 15:31:37+09:00,http://tong.visitkorea.or.kr/cms/resource/04/3023104_image2_1.jpg,http://tong.visitkorea.or.kr/cms/resource/04/3023104_image3_1.jpg,2026-09-05T02:12:08.517425+09:00
3057076,28,난지한강공원물놀이장,서울특별시 마포구 마포나루길 216 (상암동),37.56483060789235,126.87901825097974,11,440,LS,LS02,LS020700,2026-04-01 10:49:00+09:00,https://tong.visitkorea.or.kr/cms/resource/39/3536939_image2_1.jpg,https://tong.visitkorea.or.kr/cms/resource/39/3536939_image3_1.jpg,2026-09-05T02:12:08.517425+09:00
3058015,12,월드컵공원 유아숲체험원,서울특별시 마포구 월드컵로 365 (상암동),37.567449,126.891123,11,440,NA,NA05,NA050100,2026-04-01 13:38:24+09:00,https://tong.visitkorea.or.kr/cms/resource/90/3057990_image2_1.jpg,https://tong.visitkorea.or.kr/cms/resource/90/3057990_image3_1.jpg,2026-09-05T02:12:08.517425+09:00
3062089,12,망원유수지체육공원,서울특별시 마포구 월드컵로25길 190 (망원동),37.557908,126.897254,11,440,VE,VE03,VE030100,2026-04-06 09:42:39+09:00,https://tong.visitkorea.or.kr/cms/resource/29/3062029_image2_1.jpg,https://tong.visitkorea.or.kr/cms/resource/29/3062029_image3_1.jpg,2026-09-05T02:12:08.517425+09:00
3076199,14,NOL 씨어터 합정,"서울특별시 마포구 양화로 45 (서교동, 메세나폴리스) 2층",37.551127,126.914294,11,440,VE,VE06,VE060100,2026-04-15 09:34:28+09:00,https://tong.visitkorea.or.kr/cms/resource/73/4057973_image2_1.jpg,https://tong.visitkorea.or.kr/cms/resource/73/4057973_image3_1.jpg,2026-09-05T02:12:08.517425+09:00
3076217,12,홍익문화공원,서울특별시 마포구 와우산로21길 19-3 (서교동),37.5522,126.9233,11,440,VE,VE03,VE030100,2026-04-01 13:02:42+09:00,https://tong.visitkorea.or.kr/cms/resource/53/3589653_image2_1.jpg,https://tong.visitkorea.or.kr/cms/resource/53/3589653_image3_1.jpg,2026-09-05T02:12:08.517425+09:00
3076726,32,홀리데이 인 익스프레스 서울 홍대,서울특별시 마포구 양화로 188 (동교동),37.557798775,126.9265121176,11,440,AC,AC01,AC010100,2025-11-06 15:12:35+09:00,http://tong.visitkorea.or.kr/cms/resource/29/3562729_image2_1.jpg,http://tong.visitkorea.or.kr/cms/resource/29/3562729_image3_1.jpg,2026-09-05T02:12:08.517425+09:00
3082405,12,홍대걷고싶은거리,서울특별시 마포구 서교동,37.555999,126.924307,11,440,VE,VE04,VE040100,2026-04-06 09:42:39+09:00,https://tong.visitkorea.or.kr/cms/resource/99/3082399_image2_1.JPG,https://tong.visitkorea.or.kr/cms/resource/99/3082399_image3_1.JPG,2026-09-05T02:12:08.517425+09:00
3082411,28,더클라임 클라이밍 홍대B점,서울특별시 마포구 양화로 125 (서교동),37.554749308184554,126.92030969921481,11,440,LS,LS01,LS011300,2026-04-01 09:24:06+09:00,https://tong.visitkorea.or.kr/cms/resource/08/3082408_image2_1.jpg,https://tong.visitkorea.or.kr/cms/resource/08/3082408_image3_1.jpg,2026-09-05T02:12:08.517425+09:00
3082423,14,구름아래소극장,서울특별시 마포구 와우산로29가길 15 (서교동),37.5541134639437,126.92859896324232,11,440,VE,VE06,VE060100,2026-04-20 09:20:47+09:00,https://tong.visitkorea.or.kr/cms/resource/21/3082421_image2_1.JPG,https://tong.visitkorea.or.kr/cms/resource/21/3082421_image3_1.JPG,2026-09-05T02:12:08.517425+09:00
3082429,14,웨스트브릿지 라이브홀,서울특별시 마포구 와우산로25길 6 (서교동),37.5536430698,126.9261650618,11,440,VE,VE06,VE060100,2026-07-28 09:50:25+09:00,https://tong.visitkorea.or.kr/cms/resource/24/3082424_image2_1.JPG,https://tong.visitkorea.or.kr/cms/resource/24/3082424_image3_1.JPG,2026-09-05T02:12:08.517425+09:00
3082435,14,CJ아지트 광흥창,서울특별시 마포구 창전로 14 (신정동),37.5443004123,126.9303482605,11,440,VE,VE06,VE060100,2025-10-31 13:54:56+09:00,http://tong.visitkorea.or.kr/cms/resource/30/3082430_image2_1.JPG,http://tong.visitkorea.or.kr/cms/resource/30/3082430_image3_1.JPG,2026-09-05T02:12:08.517425+09:00
3082465,12,탈영역우정국,서울특별시 마포구 독막로20길 42 (창전동),37.5470083819,126.9276400976,11,440,VE,VE12,VE120300,2025-11-03 13:38:32+09:00,http://tong.visitkorea.or.kr/cms/resource/61/3082461_image2_1.JPG,http://tong.visitkorea.or.kr/cms/resource/61/3082461_image3_1.JPG,2026-09-05T02:12:08.517425+09:00
3083146,14,홍대카페(ㅎㄷ 카페),서울특별시 마포구 어울마당로 68 (서교동),37.55109891443096,126.92148977352355,11,440,VE,VE12,VE120300,2026-03-12 10:54:53+09:00,https://tong.visitkorea.or.kr/cms/resource/96/3509996_image2_1.jpg,https://tong.visitkorea.or.kr/cms/resource/96/3509996_image3_1.jpg,2026-09-05T02:12:08.517425+09:00
3106562,12,산악문화체험센터,서울특별시 마포구 하늘공원로 112,37.56937577557545,126.87994164121513,11,440,EX,EX07,EX070200,2026-04-06 09:42:39+09:00,https://tong.visitkorea.or.kr/cms/resource/72/3095672_image2_1.jpg,https://tong.visitkorea.or.kr/cms/resource/72/3095672_image3_1.jpg,2026-09-05T02:12:08.517425+09:00
3305376,38,컨버스 EXIT홍대점,서울특별시 마포구 양화로 161 (동교동) B1층,37.5569362179065,126.923315607444,11,440,SH,SH04,SH040300,2026-03-27 09:21:50+09:00,https://tong.visitkorea.or.kr/cms/resource/24/4018524_image2_1.jpg,https://tong.visitkorea.or.kr/cms/resource/24/4018524_image3_1.jpg,2026-09-05T02:12:08.517425+09:00
3305392,38,홍익약국,서울특별시 마포구 양화로18길 7 (동교동) 1층,37.5568600167809,126.924610865605,11,440,SH,SH04,SH040300,2026-03-16 10:54:17+09:00,https://tong.visitkorea.or.kr/cms/resource/90/4017290_image2_1.jpg,https://tong.visitkorea.or.kr/cms/resource/90/4017290_image3_1.jpg,2026-09-05T02:12:08.517425+09:00
3305433,38,씨샵 홍대 플래그쉽,서울특별시 마포구 어울마당로 50 (서교동) 1층,37.5494432964804,126.921061696874,11,440,SH,SH04,SH040300,2026-04-12 02:45:41+09:00,https://tong.visitkorea.or.kr/cms/resource/15/4018615_image2_1.jpg,https://tong.visitkorea.or.kr/cms/resource/15/4018615_image3_1.jpg,2026-09-05T02:12:08.517425+09:00
3305537,38,올리브영 홍대사거리점,서울특별시 마포구 양화로 140 (동교동),37.5551017281586,126.922123966823,11,440,SH,SH04,SH040300,2026-03-17 10:12:59+09:00,https://tong.visitkorea.or.kr/cms/resource/97/4028597_image2_1.jpg,https://tong.visitkorea.or.kr/cms/resource/97/4028597_image3_1.jpg,2026-09-05T02:12:08.517425+09:00
3305576,38,안경진정성 이마트 신촌점,서울특별시 마포구 신촌로 94 (노고산동) B2층,37.5549939272318,126.936001762116,11,440,SH,SH04,SH040300,2026-03-16 10:54:17+09:00,https://tong.visitkorea.or.kr/cms/resource/29/4018429_image2_1.jpg,https://tong.visitkorea.or.kr/cms/resource/29/4018429_image3_1.jpg,2026-09-05T02:12:08.517425+09:00
3305622,38,정관장 홍대입구역점,서울특별시 마포구 양화로 120 (서교동),37.5539248663458,126.92039933326,11,440,SH,SH04,SH040300,2026-03-27 09:21:50+09:00,https://tong.visitkorea.or.kr/cms/resource/74/4018474_image2_1.jpg,https://tong.visitkorea.or.kr/cms/resource/74/4018474_image3_1.jpg,2026-09-05T02:12:08.517425+09:00
3305677,38,올리브영 광흥창역점,"서울특별시 마포구 서강로 75-16 (창전동, 이랜드 PEER 신촌) PEER 1층",37.5496213115505,126.931255709052,11,440,SH,SH04,SH040300,2026-03-17 10:12:59+09:00,https://tong.visitkorea.or.kr/cms/resource/93/4028593_image2_1.jpg,https://tong.visitkorea.or.kr/cms/resource/93/4028593_image3_1.jpg,2026-09-05T02:12:08.517425+09:00
3305768,38,올리브영 홍대정문점,서울특별시 마포구 홍익로 4 (서교동),37.5531698637772,126.924145720057,11,440,SH,SH04,SH040300,2026-03-17 10:12:59+09:00,https://tong.visitkorea.or.kr/cms/resource/18/4028618_image2_1.png,https://tong.visitkorea.or.kr/cms/resource/18/4028618_image3_1.png,2026-09-05T02:12:08.517425+09:00
3305860,38,GS25 노고산본점,서울특별시 마포구 신촌로16길 8 (노고산동),37.5553631405313,126.934820483896,11,440,SH,SH04,SH040300,2026-03-27 09:21:50+09:00,https://tong.visitkorea.or.kr/cms/resource/34/4018434_image2_1.jpg,https://tong.visitkorea.or.kr/cms/resource/34/4018434_image3_1.jpg,2026-09-05T02:12:08.517425+09:00
3306218,38,CU 마포아이비점,서울특별시 마포구 서강로 136 (노고산동) B1층,37.5540455131893,126.93579173517,11,440,SH,SH04,SH040300,2026-03-27 09:21:50+09:00,https://tong.visitkorea.or.kr/cms/resource/43/4018443_image2_1.jpg,https://tong.visitkorea.or.kr/cms/resource/43/4018443_image3_1.jpg,2026-09-05T02:12:08.517425+09:00
3306249,38,케이팝 스퀘어 홍대,서울특별시 마포구 양화로 141 (동교동),37.5557534793508,126.921669461673,11,440,SH,SH04,SH040300,2026-03-18 10:10:05+09:00,https://tong.visitkorea.or.kr/cms/resource/82/4018482_image2_1.jpg,https://tong.visitkorea.or.kr/cms/resource/82/4018482_image3_1.jpg,2026-09-05T02:12:08.517425+09:00
3306265,38,안경진정성 홍대점,서울특별시 마포구 독막로15길 13-5 (상수동) 1층,37.5483243720185,126.921913067176,11,440,SH,SH04,SH040300,2026-03-27 09:21:50+09:00,https://tong.visitkorea.or.kr/cms/resource/01/4018601_image2_1.jpg,https://tong.visitkorea.or.kr/cms/resource/01/4018601_image3_1.jpg,2026-09-05T02:12:08.517425+09:00
3306577,38,올리브영 홍대공항철도역점,서울특별시 마포구 양화로 183 (동교동),37.5583675467575,126.925148412411,11,440,SH,SH04,SH040300,2026-03-17 10:12:59+09:00,https://tong.visitkorea.or.kr/cms/resource/01/4028601_image2_1.jpeg,https://tong.visitkorea.or.kr/cms/resource/01/4028601_image3_1.jpeg,2026-09-05T02:12:08.517425+09:00
3307449,38,CU 창전숲길점,서울특별시 마포구 와우산로32길 25 (동교동) 1층,37.5547674599926,126.93158042676,11,440,SH,SH04,SH040300,2026-03-16 10:54:17+09:00,https://tong.visitkorea.or.kr/cms/resource/85/4018385_image2_1.jpg,https://tong.visitkorea.or.kr/cms/resource/85/4018385_image3_1.jpg,2026-09-05T02:12:08.517425+09:00
3307566,38,홍대 닥터쁘띠의원,서울특별시 마포구 양화로 151 (동교동) 8층,37.5562674192411,126.922368229397,11,440,SH,SH04,SH040300,2026-03-25 09:34:32+09:00,https://tong.visitkorea.or.kr/cms/resource/07/4041907_image2_1.jpg,https://tong.visitkorea.or.kr/cms/resource/07/4041907_image3_1.jpg,2026-09-05T02:12:08.517425+09:00
3307585,38,이기대안경 홍대점,서울특별시 마포구 독막로 56 (합정동) 1층,37.5475077309865,126.919665629833,11,440,SH,SH04,SH040300,2026-03-27 09:21:50+09:00,https://tong.visitkorea.or.kr/cms/resource/97/4018597_image2_1.jpg,https://tong.visitkorea.or.kr/cms/resource/97/4018597_image3_1.jpg,2026-09-05T02:12:08.517425+09:00
3307608,38,아트박스 홍대점,서울특별시 마포구 홍익로6길 15 (동교동) 1층,37.5553579057749,126.922709032013,11,440,SH,SH04,SH040300,2026-03-16 10:54:17+09:00,https://tong.visitkorea.or.kr/cms/resource/14/4018414_image2_1.jpg,https://tong.visitkorea.or.kr/cms/resource/14/4018414_image3_1.jpg,2026-09-05T02:12:08.517425+09:00
3307694,38,아카이브 볼드,서울특별시 마포구 잔다리로2길 7 (서교동) 1층,37.5514841265861,126.920359717698,11,440,SH,SH04,SH040300,2026-03-27 09:21:50+09:00,https://tong.visitkorea.or.kr/cms/resource/84/4018484_image2_1.jpg,https://tong.visitkorea.or.kr/cms/resource/84/4018484_image3_1.jpg,2026-09-05T02:12:08.517425+09:00
3336831,32,호텔 나루 서울 엠갤러리,서울특별시 마포구 마포대로 8 (마포동),37.5373235807,126.9442548935,11,440,AC,AC01,AC010100,2026-06-10 11:02:04+09:00,https://tong.visitkorea.or.kr/cms/resource/80/3336780_image2_1.jpg,https://tong.visitkorea.or.kr/cms/resource/80/3336780_image3_1.jpg,2026-09-05T02:12:08.517425+09:00
3353969,38,엠플레이그라운드 홍대본점 (Tax Refund Shop),서울특별시 마포구 어울마당로 94 (서교동),37.553335712977926,126.92209963530294,11,440,SH,SH05,SH050200,2026-04-02 15:53:16+09:00,https://tong.visitkorea.or.kr/cms/resource/54/3353954_image2_1.jpg,https://tong.visitkorea.or.kr/cms/resource/54/3353954_image3_1.jpg,2026-09-05T02:12:08.517425+09:00
3357819,12,아이아이 연남,서울특별시 마포구 연남로 86 (연남동),37.566555931198494,126.91871008437266,11,440,EX,EX07,EX070200,2026-04-02 14:08:39+09:00,https://tong.visitkorea.or.kr/cms/resource/23/3526623_image2_1.jpg,https://tong.visitkorea.or.kr/cms/resource/23/3526623_image3_1.jpg,2026-09-05T02:12:08.517425+09:00
3368863,15,연남동 주민화합 대축제,"서울특별시 마포구 동교로 233 (연남동, 이트라이브연남빌딩) 일대",37.561012246,126.9240400306,11,440,EV,EV01,EV010600,2025-09-23 14:31:58+09:00,http://tong.visitkorea.or.kr/cms/resource/86/3542886_image2_1.jpg,http://tong.visitkorea.or.kr/cms/resource/86/3542886_image3_1.jpg,2026-09-05T02:12:08.517425+09:00
3385841,12,마포음식문화거리,서울특별시 마포구 용강동,37.5418,126.9408,11,440,VE,VE04,VE040100,2026-04-14 10:17:51+09:00,https://tong.visitkorea.or.kr/cms/resource/63/3383063_image2_1.JPG,https://tong.visitkorea.or.kr/cms/resource/63/3383063_image3_1.JPG,2026-09-05T02:12:08.517425+09:00
3390048,14,굽네 플레이타운,서울특별시 마포구 잔다리로2길 23 (서교동),37.55170823394939,126.9211979385375,11,440,VE,VE07,VE070300,2026-04-10 13:36:57+09:00,https://tong.visitkorea.or.kr/cms/resource/61/3390061_image2_1.jpg,https://tong.visitkorea.or.kr/cms/resource/61/3390061_image3_1.jpg,2026-09-05T02:12:08.517425+09:00
3397897,39,더블유오앤,"서울특별시 마포구 잔다리로6길 20-9 (서교동) B1층, 1층",37.55188066923754,126.92065529068083,11,440,FD,FD05,FD050100,2026-06-02 17:45:05+09:00,https://tong.visitkorea.or.kr/cms/resource/42/4069842_image2_1.jpg,https://tong.visitkorea.or.kr/cms/resource/42/4069842_image3_1.jpg,2026-09-05T02:12:08.517425+09:00
3425093,12,서울 인디스페이스,"서울특별시 마포구 양화로 176 (동교동) (동교동, 와이즈파크) 8층",37.5572849188,126.9250122694,11,440,VE,VE12,VE120300,2025-07-25 09:34:35+09:00,http://tong.visitkorea.or.kr/cms/resource/40/3430640_image2_1.JPG,http://tong.visitkorea.or.kr/cms/resource/40/3430640_image3_1.JPG,2026-09-05T02:12:08.517425+09:00
3433029,12,어깨동무스토리움,"서울특별시 마포구 월드컵로 386 (상암동) 상암동, 박정희 대통령 기념도서관",37.5750349409,126.8863069637,11,440,EX,EX07,EX070200,2024-12-27 10:19:29+09:00,,,2026-09-05T02:12:08.517425+09:00
3438351,32,관숙,서울특별시 마포구 백범로15길 27 (대흥동),37.5488806651,126.9431719619,11,440,AC,AC06,AC060200,2025-01-20 11:51:41+09:00,,,2026-09-05T02:12:08.517425+09:00
3443159,39,도락,서울특별시 마포구 월드컵북로54길 17 (상암동) 지하 1층 B-132A 도락,37.5813786875,126.8885621347,11,440,FD,FD01,FD010100,2024-12-12 13:59:10+09:00,http://tong.visitkorea.or.kr/cms/resource/61/3442861_image2_1.JPG,http://tong.visitkorea.or.kr/cms/resource/61/3442861_image3_1.JPG,2026-09-05T02:12:08.517425+09:00
3449373,14,어깨동무도서관,서울특별시 마포구 월드컵로 386 (상암동),37.5750349409,126.8863069637,11,440,VE,VE09,VE090300,2025-07-31 11:08:22+09:00,http://tong.visitkorea.or.kr/cms/resource/70/3449270_image2_1.jpg,http://tong.visitkorea.or.kr/cms/resource/70/3449270_image3_1.jpg,2026-09-05T02:12:08.517425+09:00
3452628,39,하밀베이글,"서울특별시 마포구 월드컵북로 402 (상암동) 103호, 104호",37.5801982781,126.8890565676,11,440,FD,FD03,FD030100,2025-07-28 10:28:49+09:00,http://tong.visitkorea.or.kr/cms/resource/07/3452307_image2_1.JPG,http://tong.visitkorea.or.kr/cms/resource/07/3452307_image3_1.JPG,2026-09-05T02:12:08.517425+09:00
3453614,39,대한제빵소,서울특별시 마포구 월드컵북로 402 (상암동),37.5801982781,126.8890565676,11,440,FD,FD02,FD020400,2025-07-30 16:12:34+09:00,http://tong.visitkorea.or.kr/cms/resource/18/3453518_image2_1.JPG,http://tong.visitkorea.or.kr/cms/resource/18/3453518_image3_1.JPG,2026-09-05T02:12:08.517425+09:00
3453656,39,포포브레드,서울특별시 마포구 동교로18길 13 (서교동),37.5546100886,126.9171325072,11,440,FD,FD03,FD030100,2025-07-28 12:00:43+09:00,http://tong.visitkorea.or.kr/cms/resource/57/3453557_image2_1.JPG,http://tong.visitkorea.or.kr/cms/resource/57/3453557_image3_1.JPG,2026-09-05T02:12:08.517425+09:00
3465927,32,글래드 마포,서울특별시 마포구 마포대로 92 (도화동),37.5433286707,126.9508880827,11,440,AC,AC01,AC010100,2025-04-09 09:03:00+09:00,,,2026-09-05T02:12:08.517425+09:00
3485523,32,더휴식 아늑호텔 홍대점,서울특별시 마포구 동교로 162-7 (서교동),37.555559358401226,126.92037316486987,11,440,AC,AC04,AC040100,2026-03-05 14:54:32+09:00,https://tong.visitkorea.or.kr/cms/resource/80/3485480_image2_1.jpg,https://tong.visitkorea.or.kr/cms/resource/80/3485480_image3_1.jpg,2026-09-05T02:12:08.517425+09:00
3519019,14,4233마음센터 연남점,서울특별시 마포구 월드컵북로4길 43 (동교동) 지하1층,37.55820815682734,126.92157239454679,11,440,VE,VE07,VE070300,2026-04-09 08:56:39+09:00,https://tong.visitkorea.or.kr/cms/resource/97/3518997_image2_1.jpg,https://tong.visitkorea.or.kr/cms/resource/97/3518997_image3_1.jpg,2026-09-05T02:12:08.517425+09:00
3521741,15,서울 바비큐 페스티벌,서울특별시 마포구 한강난지로 28 (상암동),37.5701840498,126.8725925464,11,440,EV,EV01,EV010600,2026-09-03 14:11:49+09:00,https://tong.visitkorea.or.kr/cms/resource/47/4107447_image2_1.jpg,https://tong.visitkorea.or.kr/cms/resource/47/4107447_image3_1.jpg,2026-09-05T02:12:08.517425+09:00
3532697,32,지구하임 홍대점,서울특별시 마포구 동교로 224 (동교동) 지층 01호,37.5599318162,126.9240678359,11,440,AC,AC03,AC030400,2025-09-21 22:14:17+09:00,,,2026-09-05T02:12:08.517425+09:00
3532896,32,도화스테이,서울특별시 마포구 새창로4가길 9 (도화동) 101호,37.5417816542,126.9523296616,11,440,AC,AC06,AC060200,2025-09-22 12:05:29+09:00,,,2026-09-05T02:12:08.517425+09:00
3533142,32,앤드류 게스트하우스,"서울특별시 마포구 와우산로29길 56-9 (서교동, 홍익예림빌라) 홍익예림빌라 202호",37.5564489442,126.927212092,11,440,AC,AC06,AC060200,2025-09-22 12:54:39+09:00,,,2026-09-05T02:12:08.517425+09:00
3533144,32,준하우스1,서울특별시 마포구 동교로 211-9 (동교동),37.5592568765,126.9230318384,11,440,AC,AC06,AC060200,2025-09-22 12:57:22+09:00,,,2026-09-05T02:12:08.517425+09:00
3533145,32,준하우스2,서울특별시 마포구 동교로 211-9 (동교동),37.5592568765,126.9230318384,11,440,AC,AC06,AC060200,2025-09-22 12:57:30+09:00,,,2026-09-05T02:12:08.517425+09:00
3533146,32,준하우스3,서울특별시 마포구 월드컵북로6길 84 (동교동) 5층,37.5600345566,126.9226346304,11,440,AC,AC06,AC060200,2025-09-22 18:50:23+09:00,,,2026-09-05T02:12:08.517425+09:00
3533163,32,퀸하우스,서울특별시 마포구 동교로 153-5 (서교동),37.5558905261,126.9188489813,11,440,AC,AC06,AC060200,2025-10-23 14:30:00+09:00,,,2026-09-05T02:12:08.517425+09:00
3533164,32,스테이콘티고,서울특별시 마포구 동교로38길 26-7 (연남동),37.5616816357,126.9253287829,11,440,AC,AC06,AC060200,2025-09-21 23:02:22+09:00,,,2026-09-05T02:12:08.517425+09:00
3535136,38,케이팝 스퀘어 홍대,서울특별시 마포구 양화로 141 (동교동),37.555753471635484,126.92166950466186,11,440,SH,SH05,SH050200,2026-04-15 17:21:41+09:00,https://tong.visitkorea.or.kr/cms/resource/17/3535117_image2_1.jpg,https://tong.visitkorea.or.kr/cms/resource/17/3535117_image3_1.jpg,2026-09-05T02:12:08.517425+09:00
3548994,15,그린칩스 페스티벌,서울특별시 마포구 성미산로 151-1 (연남동),37.5645590416,126.9232288927,11,440,EV,EV03,EV030400,2025-10-23 14:30:00+09:00,http://tong.visitkorea.or.kr/cms/resource/93/3548993_image2_1.png,http://tong.visitkorea.or.kr/cms/resource/93/3548993_image3_1.png,2026-09-05T02:12:08.517425+09:00
3572222,28,서울수상레포츠센터,서울특별시 마포구 한강난지로 162 (상암동),37.56297119158025,126.88514123269421,11,440,LS,LS02,LS020100,2026-03-09 17:09:58+09:00,https://tong.visitkorea.or.kr/cms/resource/65/3572165_image2_1.jpg,https://tong.visitkorea.or.kr/cms/resource/65/3572165_image3_1.jpg,2026-09-05T02:12:08.517425+09:00
397572,14,KT&G 상상마당 홍대,서울특별시 마포구 어울마당로 65,37.5509355861,126.9210433658,11,440,VE,VE06,VE060100,2025-09-04 10:25:16+09:00,http://tong.visitkorea.or.kr/cms/resource/17/3526617_image2_1.jpg,http://tong.visitkorea.or.kr/cms/resource/17/3526617_image3_1.jpg,2026-09-05T02:12:08.517425+09:00
4008882,38,올리브영 망원동점,서울특별시 마포구 망원로 71 (망원동),37.5574979153855,126.904772998268,11,440,SH,SH04,SH040300,2026-03-09 09:36:31+09:00,https://tong.visitkorea.or.kr/cms/resource/85/4028585_image2_1.jpeg,https://tong.visitkorea.or.kr/cms/resource/85/4028585_image3_1.jpeg,2026-09-05T02:12:08.517425+09:00
4008889,38,올리브영 디지털미디어시티역점,서울특별시 마포구 성암로 지하184 (상암동) B1층,37.5768239035855,126.899020186183,11,440,SH,SH04,SH040300,2026-03-09 09:36:31+09:00,https://tong.visitkorea.or.kr/cms/resource/96/4028596_image2_1.jpg,https://tong.visitkorea.or.kr/cms/resource/96/4028596_image3_1.jpg,2026-09-05T02:12:08.517425+09:00
4008903,38,하모니마트 홍대입구점,서울특별시 마포구 양화로18안길 7 (동교동),37.5568275244158,126.92508838544,11,440,SH,SH04,SH040300,2026-03-16 10:54:17+09:00,https://tong.visitkorea.or.kr/cms/resource/30/4022230_image2_1.jpg,https://tong.visitkorea.or.kr/cms/resource/30/4022230_image3_1.jpg,2026-09-05T02:12:08.517425+09:00
4008904,38,피규어프렌즈,서울특별시 마포구 양화로18안길 8 (동교동),37.5566038842571,126.925068464153,11,440,SH,SH04,SH040300,2026-03-16 10:54:17+09:00,https://tong.visitkorea.or.kr/cms/resource/31/4022231_image2_1.jpg,https://tong.visitkorea.or.kr/cms/resource/31/4022231_image3_1.jpg,2026-09-05T02:12:08.517425+09:00
4008911,38,홍대어울림약국,서울특별시 마포구 어울마당로 128 (서교동) 1층,37.5557196028769,126.924295467517,11,440,SH,SH04,SH040300,2026-03-16 10:54:17+09:00,https://tong.visitkorea.or.kr/cms/resource/32/4022232_image2_1.jpg,https://tong.visitkorea.or.kr/cms/resource/32/4022232_image3_1.jpg,2026-09-05T02:12:08.517425+09:00
4008922,38,키키러브,서울특별시 마포구 어울마당로 88 (서교동) B1층,37.5528427770738,126.921896923035,11,440,SH,SH04,SH040300,2026-03-16 10:54:17+09:00,https://tong.visitkorea.or.kr/cms/resource/33/4022233_image2_1.jpg,https://tong.visitkorea.or.kr/cms/resource/33/4022233_image3_1.jpg,2026-09-05T02:12:08.517425+09:00
4008923,38,이목동그릇,서울특별시 마포구 와우산로 111 (서교동) 태화프라자 1층,37.5534662249952,126.925741121447,11,440,SH,SH04,SH040300,2026-03-16 10:54:17+09:00,https://tong.visitkorea.or.kr/cms/resource/34/4022234_image2_1.jpg,https://tong.visitkorea.or.kr/cms/resource/34/4022234_image3_1.jpg,2026-09-05T02:12:08.517425+09:00
4008932,38,아르케스파 홍대점,서울특별시 마포구 와우산로18길 34 (서교동),37.551694390298,126.924006661208,11,440,SH,SH04,SH040300,2026-03-16 10:54:17+09:00,https://tong.visitkorea.or.kr/cms/resource/35/4022235_image2_1.jpg,https://tong.visitkorea.or.kr/cms/resource/35/4022235_image3_1.jpg,2026-09-05T02:12:08.517425+09:00
4008933,38,빈티지 어반,서울특별시 마포구 와우산로21길 24 (서교동) B1층,37.5524506726356,126.922733536484,11,440,SH,SH04,SH040300,2026-03-16 10:54:17+09:00,https://tong.visitkorea.or.kr/cms/resource/36/4022236_image2_1.jpg,https://tong.visitkorea.or.kr/cms/resource/36/4022236_image3_1.jpg,2026-09-05T02:12:08.517425+09:00
4008934,38,올리브영 홍대놀이터점,서울특별시 마포구 와우산로21길 29 (서교동) 석전빌딩 1층-3층,37.5521866201932,126.92236725663,11,440,SH,SH04,SH040300,2026-04-01 05:43:38+09:00,https://tong.visitkorea.or.kr/cms/resource/07/4028607_image2_1.png,https://tong.visitkorea.or.kr/cms/resource/07/4028607_image3_1.png,2026-09-05T02:12:08.517425+09:00
4008935,38,올리브영 트렌드팟 바이 홍대점,서울특별시 마포구 와우산로21길 37 (서교동),37.5522793172045,126.921797356875,11,440,SH,SH04,SH040300,2026-04-01 05:47:40+09:00,https://tong.visitkorea.or.kr/cms/resource/12/4028612_image2_1.png,https://tong.visitkorea.or.kr/cms/resource/12/4028612_image3_1.png,2026-09-05T02:12:08.517425+09:00
4008938,38,스포티에이드,서울특별시 마포구 와우산로23길 38 (서교동) B1층,37.5544528670127,126.923699088506,11,440,SH,SH04,SH040300,2026-03-16 10:54:17+09:00,https://tong.visitkorea.or.kr/cms/resource/37/4022237_image2_1.jpg,https://tong.visitkorea.or.kr/cms/resource/37/4022237_image3_1.jpg,2026-09-05T02:12:08.517425+09:00
4008944,38,뜻밖의즐거움 홍대점,서울특별시 마포구 와우산로23길 42 (서교동) 1층,37.5546824346067,126.923688895298,11,440,SH,SH04,SH040300,2026-03-16 10:54:17+09:00,https://tong.visitkorea.or.kr/cms/resource/38/4022238_image2_1.jpg,https://tong.visitkorea.or.kr/cms/resource/38/4022238_image3_1.jpg,2026-09-05T02:12:08.517425+09:00
4008950,38,키라키라,서울특별시 마포구 와우산로23길 50 (서교동),37.5550254656396,126.923721818282,11,440,SH,SH04,SH040300,2026-03-16 10:54:17+09:00,https://tong.visitkorea.or.kr/cms/resource/39/4022239_image2_1.jpg,https://tong.visitkorea.or.kr/cms/resource/39/4022239_image3_1.jpg,2026-09-05T02:12:08.517425+09:00
4008956,38,로크 홍대점,"서울특별시 마포구 와우산로27길 50 (서교동) 1층, 2층",37.5550532501778,126.925897196326,11,440,SH,SH04,SH040300,2026-03-16 10:54:17+09:00,https://tong.visitkorea.or.kr/cms/resource/26/4022226_image2_1.jpg,https://tong.visitkorea.or.kr/cms/resource/26/4022226_image3_1.jpg,2026-09-05T02:12:08.517425+09:00
4008957,38,륀느,서울특별시 마포구 와우산로27길 70 (서교동) 1층,37.555546530915,126.92501655769,11,440,SH,SH04,SH040300,2026-03-16 10:54:17+09:00,https://tong.visitkorea.or.kr/cms/resource/40/4022240_image2_1.jpg,https://tong.visitkorea.or.kr/cms/resource/40/4022240_image3_1.jpg,2026-09-05T02:12:08.517425+09:00
4008958,38,파이브리터,서울특별시 마포구 와우산로27길 75 (서교동) 오복빌딩 1층,37.5555411519741,126.924634489426,11,440,SH,SH04,SH040300,2026-03-16 10:54:17+09:00,https://tong.visitkorea.or.kr/cms/resource/41/4022241_image2_1.jpg,https://tong.visitkorea.or.kr/cms/resource/41/4022241_image3_1.jpg,2026-09-05T02:12:08.517425+09:00
4008959,38,지니인어스,서울특별시 마포구 와우산로29가길 54-10 (서교동) 1층,37.5541732641241,126.926647941413,11,440,SH,SH04,SH040300,2026-04-12 02:48:15+09:00,https://tong.visitkorea.or.kr/cms/resource/42/4022242_image2_1.jpg,https://tong.visitkorea.or.kr/cms/resource/42/4022242_image3_1.jpg,2026-09-05T02:12:08.517425+09:00
4008965,38,프레시플러시,서울특별시 마포구 와우산로29다길 13 (서교동) 3층,37.5548761678572,126.92772827591,11,440,SH,SH04,SH040300,2026-03-16 10:54:17+09:00,https://tong.visitkorea.or.kr/cms/resource/86/4022386_image2_1.jpg,https://tong.visitkorea.or.kr/cms/resource/86/4022386_image3_1.jpg,2026-09-05T02:12:08.517425+09:00
4008993,38,슈퍼드라이 홍대직영점,서울특별시 마포구 홍익로 13 (서교동) 1층,37.5536139569169,126.923156951447,11,440,SH,SH04,SH040300,2026-03-16 10:54:17+09:00,https://tong.visitkorea.or.kr/cms/resource/45/4022245_image2_1.jpg,https://tong.visitkorea.or.kr/cms/resource/45/4022245_image3_1.jpg,2026-09-05T02:12:08.517425+09:00
4009011,38,으뜸50안경 홍대점,서울특별시 마포구 홍익로 9 (서교동) 2층,37.5533450108064,126.923436984207,11,440,SH,SH04,SH040300,2026-03-16 10:54:17+09:00,https://tong.visitkorea.or.kr/cms/resource/46/4022246_image2_1.jpg,https://tong.visitkorea.or.kr/cms/resource/46/4022246_image3_1.jpg,2026-09-05T02:12:08.517425+09:00
4009012,38,비비씨어스 홍대직영점,서울특별시 마포구 홍익로 9-1 (서교동),37.5534209202297,126.923368099028,11,440,SH,SH04,SH040300,2026-03-16 10:54:17+09:00,https://tong.visitkorea.or.kr/cms/resource/47/4022247_image2_1.jpg,https://tong.visitkorea.or.kr/cms/resource/47/4022247_image3_1.jpg,2026-09-05T02:12:08.517425+09:00
4009013,38,렌즈미 홍대거리점,서울특별시 마포구 홍익로3길 1 (서교동),37.554264810969,126.92242723208,11,440,SH,SH04,SH040300,2026-03-16 10:54:17+09:00,https://tong.visitkorea.or.kr/cms/resource/49/4022249_image2_1.jpg,https://tong.visitkorea.or.kr/cms/resource/49/4022249_image3_1.jpg,2026-09-05T02:12:08.517425+09:00
4009014,38,서교동귀걸이,서울특별시 마포구 홍익로3길 7 (서교동),37.5539791630059,126.92224204071,11,440,SH,SH04,SH040300,2026-03-16 10:54:17+09:00,https://tong.visitkorea.or.kr/cms/resource/51/4022251_image2_1.jpg,https://tong.visitkorea.or.kr/cms/resource/51/4022251_image3_1.jpg,2026-09-05T02:12:08.517425+09:00
4009015,38,올리브영 홍대 타운,서울특별시 마포구 홍익로6길 57 (동교동),37.5566180233646,126.924351712061,11,440,SH,SH04,SH040300,2026-04-01 05:50:11+09:00,https://tong.visitkorea.or.kr/cms/resource/20/4028620_image2_1.jpg,https://tong.visitkorea.or.kr/cms/resource/20/4028620_image3_1.jpg,2026-09-05T02:12:08.517425+09:00
4009606,38,아르카디아,서울특별시 마포구 홍익로2길 43 (서교동) 1층,37.5554443503692,126.924580490062,11,440,SH,SH04,SH040300,2026-03-16 10:54:17+09:00,https://tong.visitkorea.or.kr/cms/resource/48/4022248_image2_1.jpg,https://tong.visitkorea.or.kr/cms/resource/48/4022248_image3_1.jpg,2026-09-05T02:12:08.517425+09:00
4012409,38,프린세스,서울특별시 마포구 홍익로3길 15 (서교동),37.5536769314629,126.922049398759,11,440,SH,SH04,SH040300,2026-03-16 10:54:17+09:00,https://tong.visitkorea.or.kr/cms/resource/50/4022250_image2_1.jpg,https://tong.visitkorea.or.kr/cms/resource/50/4022250_image3_1.jpg,2026-09-05T02:12:08.517425+09:00
4012493,38,광실약국,서울특별시 마포구 도화길 32 (도화동) 삼성프라자상가 1층,37.5408411321685,126.949581942072,11,440,SH,SH04,SH040300,2026-03-17 10:12:59+09:00,https://tong.visitkorea.or.kr/cms/resource/26/4022526_image2_1.jpg,https://tong.visitkorea.or.kr/cms/resource/26/4022526_image3_1.jpg,2026-09-05T02:12:08.517425+09:00
4012494,38,마포삼성약국,서울특별시 마포구 도화길 33 (도화동) 1층,37.5411322820991,126.949457505448,11,440,SH,SH04,SH040300,2026-03-17 10:12:59+09:00,https://tong.visitkorea.or.kr/cms/resource/56/4024656_image2_1.jpeg,https://tong.visitkorea.or.kr/cms/resource/56/4024656_image3_1.jpeg,2026-09-05T02:12:08.517425+09:00
4012495,38,합정365약국,서울특별시 마포구 독막로 14 (합정동) 1층,37.5484287443146,126.914924028909,11,440,SH,SH04,SH040300,2026-03-17 10:12:59+09:00,https://tong.visitkorea.or.kr/cms/resource/28/4022528_image2_1.jpg,https://tong.visitkorea.or.kr/cms/resource/28/4022528_image3_1.jpg,2026-09-05T02:12:08.517425+09:00
4012496,38,미뉴엣,"서울특별시 마포구 독막로 23-4 (합정동, 이삼사 빌딩)",37.5486684410189,126.916227734617,11,440,SH,SH04,SH040300,2026-03-17 10:12:59+09:00,https://tong.visitkorea.or.kr/cms/resource/30/4022530_image2_1.jpg,https://tong.visitkorea.or.kr/cms/resource/30/4022530_image3_1.jpg,2026-09-05T02:12:08.517425+09:00
4012497,38,배드블러드,서울특별시 마포구 독막로 31-1 (합정동),37.5484278035792,126.91689249538,11,440,SH,SH04,SH040300,2026-03-17 10:12:59+09:00,https://tong.visitkorea.or.kr/cms/resource/76/4024576_image2_1.jpeg,https://tong.visitkorea.or.kr/cms/resource/76/4024576_image3_1.jpeg,2026-09-05T02:12:08.517425+09:00
4012498,38,오아시스약국 합정동,서울특별시 마포구 독막로 4 (합정동) 1층,37.5486353245372,126.913903742602,11,440,SH,SH04,SH040300,2026-03-17 10:12:59+09:00,https://tong.visitkorea.or.kr/cms/resource/32/4022532_image2_1.jpg,https://tong.visitkorea.or.kr/cms/resource/32/4022532_image3_1.jpg,2026-09-05T02:12:08.517425+09:00
4012499,38,GS25 합정성산점,서울특별시 마포구 독막로2길 13 (합정동),37.5479892417139,126.914805255621,11,440,SH,SH04,SH040300,2026-03-17 10:12:59+09:00,https://tong.visitkorea.or.kr/cms/resource/34/4022534_image2_1.jpg,https://tong.visitkorea.or.kr/cms/resource/34/4022534_image3_1.jpg,2026-09-05T02:12:08.517425+09:00
4012500,38,제일자수정,서울특별시 마포구 독막로8길 49 (합정동) 유니타워 1층,37.5456333118646,126.917729915308,11,440,SH,SH04,SH040300,2026-03-17 10:12:59+09:00,https://tong.visitkorea.or.kr/cms/resource/36/4022536_image2_1.jpg,https://tong.visitkorea.or.kr/cms/resource/36/4022536_image3_1.jpg,2026-09-05T02:12:08.517425+09:00
4012501,38,CU 홍대동교로점,서울특별시 마포구 동교로 190 (동교동),37.5570753577831,126.922527195449,11,440,SH,SH04,SH040300,2026-03-17 10:12:59+09:00,https://tong.visitkorea.or.kr/cms/resource/00/4022400_image2_1.jpg,https://tong.visitkorea.or.kr/cms/resource/00/4022400_image3_1.jpg,2026-09-05T02:12:08.517425+09:00
4012502,38,마담피봇,서울특별시 마포구 동교로 205 (동교동),37.5584174249541,126.923127572449,11,440,SH,SH04,SH040300,2026-03-17 10:12:59+09:00,https://tong.visitkorea.or.kr/cms/resource/01/4022401_image2_1.jpg,https://tong.visitkorea.or.kr/cms/resource/01/4022401_image3_1.jpg,2026-09-05T02:12:08.517425+09:00
4012503,38,하바티,서울특별시 마포구 동교로 209-4 (동교동),37.5588815816396,126.923209263212,11,440,SH,SH04,SH040300,2026-03-17 10:12:59+09:00,https://tong.visitkorea.or.kr/cms/resource/20/4024520_image2_1.jpeg,https://tong.visitkorea.or.kr/cms/resource/20/4024520_image3_1.jpeg,2026-09-05T02:12:08.517425+09:00
4012504,38,영웨이브 전자담배 연남점,서울특별시 마포구 동교로 230 (동교동) 1층,37.5604280520518,126.924465568225,11,440,SH,SH04,SH040300,2026-03-17 10:12:59+09:00,https://tong.visitkorea.or.kr/cms/resource/68/4022568_image2_1.jpg,https://tong.visitkorea.or.kr/cms/resource/68/4022568_image3_1.jpg,2026-09-05T02:12:08.517425+09:00
4012505,38,별빛약국,서울특별시 마포구 동교로27길 8 (동교동) 1층,37.5587808318798,126.92304276804,11,440,SH,SH04,SH040300,2026-03-17 10:12:59+09:00,https://tong.visitkorea.or.kr/cms/resource/03/4022403_image2_1.jpg,https://tong.visitkorea.or.kr/cms/resource/03/4022403_image3_1.jpg,2026-09-05T02:12:08.517425+09:00
4012506,38,디옵튼,서울특별시 마포구 동교로29길 64 (연남동) 1층,37.5631791538548,126.922243685084,11,440,SH,SH04,SH040300,2026-03-17 10:12:59+09:00,https://tong.visitkorea.or.kr/cms/resource/41/4022641_image2_1.jpg,https://tong.visitkorea.or.kr/cms/resource/41/4022641_image3_1.jpg,2026-09-05T02:12:08.517425+09:00
4012507,38,옴니포턴트,서울특별시 마포구 동교로41길 4 (연남동),37.5626959444732,126.924315686285,11,440,SH,SH04,SH040300,2026-03-17 10:12:59+09:00,https://tong.visitkorea.or.kr/cms/resource/70/4022570_image2_1.jpg,https://tong.visitkorea.or.kr/cms/resource/70/4022570_image3_1.jpg,2026-09-05T02:12:08.517425+09:00
4012508,38,마리약국 마포점,"서울특별시 마포구 마포대로 109 (공덕동, 롯데캐슬 프레지던트) 2층",37.5450686146253,126.950847479316,11,440,SH,SH04,SH040300,2026-03-17 10:12:59+09:00,https://tong.visitkorea.or.kr/cms/resource/61/4022761_image2_1.jpeg,https://tong.visitkorea.or.kr/cms/resource/61/4022761_image3_1.jpeg,2026-09-05T02:12:08.517425+09:00
4012509,38,베니스안경,"서울특별시 마포구 마포대로 109 (공덕동, 롯데캐슬 프레지던트) B1층",37.5450686146253,126.950847479316,11,440,SH,SH04,SH040300,2026-03-17 10:12:59+09:00,https://tong.visitkorea.or.kr/cms/resource/08/4022608_image2_1.jpg,https://tong.visitkorea.or.kr/cms/resource/08/4022608_image3_1.jpg,2026-09-05T02:12:08.517425+09:00
4012510,38,세레니끄 공덕점,"서울특별시 마포구 마포대로 109 (공덕동, 롯데캐슬 프레지던트) B1층",37.5450686146253,126.950847479316,11,440,SH,SH04,SH040300,2026-04-01 06:44:27+09:00,https://tong.visitkorea.or.kr/cms/resource/38/4022538_image2_1.jpg,https://tong.visitkorea.or.kr/cms/resource/38/4022538_image3_1.jpg,2026-09-05T02:12:08.517425+09:00
4012511,38,CU 마포SK점,서울특별시 마포구 마포대로 73 (도화동) 1층,37.5423231972151,126.948977496421,11,440,SH,SH04,SH040300,2026-03-17 10:12:59+09:00,https://tong.visitkorea.or.kr/cms/resource/39/4022539_image2_1.jpg,https://tong.visitkorea.or.kr/cms/resource/39/4022539_image3_1.jpg,2026-09-05T02:12:08.517425+09:00
4012512,38,글라스타안경 공덕점,서울특별시 마포구 마포대로 92 (도화동) 1층,37.5429309787932,126.951246054763,11,440,SH,SH04,SH040300,2026-03-17 10:12:59+09:00,https://tong.visitkorea.or.kr/cms/resource/41/4022541_image2_1.jpg,https://tong.visitkorea.or.kr/cms/resource/41/4022541_image3_1.jpg,2026-09-05T02:12:08.517425+09:00
4012513,38,LG전자 베스트샵 염리점,서울특별시 마포구 백범로 130 (염리동),37.5461578782207,126.94521912574,11,440,SH,SH04,SH040300,2026-03-27 09:21:50+09:00,https://tong.visitkorea.or.kr/cms/resource/91/4043991_image2_1.png,https://tong.visitkorea.or.kr/cms/resource/91/4043991_image3_1.png,2026-09-05T02:12:08.517425+09:00
4012514,38,오렌즈 공덕점,"서울특별시 마포구 백범로 152 (공덕동, 공덕파크자이) 1층",37.5447477438441,126.948258201287,11,440,SH,SH04,SH040300,2026-03-11 10:03:40+09:00,https://tong.visitkorea.or.kr/cms/resource/43/4022543_image2_1.jpg,https://tong.visitkorea.or.kr/cms/resource/43/4022543_image3_1.jpg,2026-09-05T02:12:08.517425+09:00
4012515,38,공덕나은약국,서울특별시 마포구 새창로 11 (도화동) 1층,37.5424670890441,126.951330656363,11,440,SH,SH04,SH040300,2026-03-17 10:12:59+09:00,https://tong.visitkorea.or.kr/cms/resource/44/4022544_image2_1.jpg,https://tong.visitkorea.or.kr/cms/resource/44/4022544_image3_1.jpg,2026-09-05T02:12:08.517425+09:00
4012516,38,프리모안경,서울특별시 마포구 새창로 15 (도화동),37.5422675944115,126.951737233139,11,440,SH,SH04,SH040300,2026-03-17 10:12:59+09:00,https://tong.visitkorea.or.kr/cms/resource/46/4022546_image2_1.jpg,https://tong.visitkorea.or.kr/cms/resource/46/4022546_image3_1.jpg,2026-09-05T02:12:08.517425+09:00
4012517,38,CU 신촌까사빌점,서울특별시 마포구 서강로 135 (노고산동) 1층,37.5545167136847,126.935422277226,11,440,SH,SH04,SH040300,2026-03-17 10:12:59+09:00,https://tong.visitkorea.or.kr/cms/resource/69/4022269_image2_1.jpg,https://tong.visitkorea.or.kr/cms/resource/69/4022269_image3_1.jpg,2026-09-05T02:12:08.517425+09:00
4012518,38,화이트리퍼블릭,서울특별시 마포구 성미산로 196 (연남동),37.5625700568455,126.926569309216,11,440,SH,SH04,SH040300,2026-03-17 10:12:59+09:00,https://tong.visitkorea.or.kr/cms/resource/74/4022574_image2_1.jpg,https://tong.visitkorea.or.kr/cms/resource/74/4022574_image3_1.jpg,2026-09-05T02:12:08.517425+09:00
4012519,38,사운즈굿,서울특별시 마포구 성미산로29길 26 (연남동),37.5651526439725,126.922301963104,11,440,SH,SH04,SH040300,2026-03-17 10:12:59+09:00,https://tong.visitkorea.or.kr/cms/resource/43/4022643_image2_1.jpg,https://tong.visitkorea.or.kr/cms/resource/43/4022643_image3_1.jpg,2026-09-05T02:12:08.517425+09:00
4012520,38,플로팅,서울특별시 마포구 성미산로29길 40-16 (연남동) 1층,37.5653442973042,126.922456492459,11,440,SH,SH04,SH040300,2026-03-17 10:12:59+09:00,https://tong.visitkorea.or.kr/cms/resource/57/4024657_image2_1.jpeg,https://tong.visitkorea.or.kr/cms/resource/57/4024657_image3_1.jpeg,2026-09-05T02:12:08.517425+09:00
4012521,38,치치포유,서울특별시 마포구 성미산로29길 40-18 (연남동) 2층,37.5654110593473,126.922591117457,11,440,SH,SH04,SH040300,2026-03-17 10:12:59+09:00,https://tong.visitkorea.or.kr/cms/resource/46/4022646_image2_1.jpg,https://tong.visitkorea.or.kr/cms/resource/46/4022646_image3_1.jpg,2026-09-05T02:12:08.517425+09:00
4012522,38,테켓,서울특별시 마포구 성지1길 39 (합정동) 1층,37.5480093204824,126.915665038255,11,440,SH,SH04,SH040300,2026-03-17 10:12:59+09:00,https://tong.visitkorea.or.kr/cms/resource/75/4024575_image2_1.jpeg,https://tong.visitkorea.or.kr/cms/resource/75/4024575_image3_1.jpeg,2026-09-05T02:12:08.517425+09:00
4012523,38,용약국,서울특별시 마포구 신촌로 102-1 (노고산동),37.5546237294451,126.937387418317,11,440,SH,SH04,SH040300,2026-03-17 10:12:59+09:00,https://tong.visitkorea.or.kr/cms/resource/59/4022259_image2_1.jpg,https://tong.visitkorea.or.kr/cms/resource/59/4022259_image3_1.jpg,2026-09-05T02:12:08.517425+09:00
4012524,38,밀리의원 신촌,서울특별시 마포구 신촌로 104 (노고산동) 2층,37.5547107580337,126.937542844145,11,440,SH,SH04,SH040300,2026-03-17 10:12:59+09:00,https://tong.visitkorea.or.kr/cms/resource/60/4022260_image2_1.jpg,https://tong.visitkorea.or.kr/cms/resource/60/4022260_image3_1.jpg,2026-09-05T02:12:08.517425+09:00
4012525,38,신명약국,서울특별시 마포구 신촌로 170 (대흥동) 1층,37.5563578579418,126.944361830813,11,440,SH,SH04,SH040300,2026-03-17 10:12:59+09:00,https://tong.visitkorea.or.kr/cms/resource/62/4022262_image2_1.jpg,https://tong.visitkorea.or.kr/cms/resource/62/4022262_image3_1.jpg,2026-09-05T02:12:08.517425+09:00
4012526,38,올리브약국,서울특별시 마포구 신촌로 88 (노고산동) 1층,37.5553097221974,126.935331733458,11,440,SH,SH04,SH040300,2026-03-17 10:12:59+09:00,https://tong.visitkorea.or.kr/cms/resource/63/4022263_image2_1.jpg,https://tong.visitkorea.or.kr/cms/resource/63/4022263_image3_1.jpg,2026-09-05T02:12:08.517425+09:00
4012527,38,벨루가뮤직,서울특별시 마포구 신촌로2안길 42 (동교동),37.5567428579938,126.929221745125,11,440,SH,SH04,SH040300,2026-03-17 10:12:59+09:00,https://tong.visitkorea.or.kr/cms/resource/51/4024551_image2_1.jpg,https://tong.visitkorea.or.kr/cms/resource/51/4024551_image3_1.jpg,2026-09-05T02:12:08.517425+09:00
4012528,38,GS25 경의선책거리점,서울특별시 마포구 신촌로4길 18 (동교동),37.5571751741972,126.928206487486,11,440,SH,SH04,SH040300,2026-03-17 10:12:59+09:00,https://tong.visitkorea.or.kr/cms/resource/76/4022576_image2_1.jpg,https://tong.visitkorea.or.kr/cms/resource/76/4022576_image3_1.jpg,2026-09-05T02:12:08.517425+09:00
4012529,38,루트홍대,서울특별시 마포구 양화로 140 (동교동),37.5551017281586,126.922123966823,11,440,SH,SH04,SH040300,2026-03-17 10:12:59+09:00,https://tong.visitkorea.or.kr/cms/resource/78/4022378_image2_1.jpg,https://tong.visitkorea.or.kr/cms/resource/78/4022378_image3_1.jpg,2026-09-05T02:12:08.517425+09:00
4012530,38,아디다스 홍대 브랜드 센터,서울특별시 마포구 양화로 148 (동교동),37.5556179021829,126.922661004229,11,440,SH,SH04,SH040300,2026-03-12 13:33:20+09:00,https://tong.visitkorea.or.kr/cms/resource/58/4024658_image2_1.jpeg,https://tong.visitkorea.or.kr/cms/resource/58/4024658_image3_1.jpeg,2026-09-05T02:12:08.517425+09:00
4012531,38,스파오 홍대점,서울특별시 마포구 양화로 153 (동교동) 2층,37.5564943733388,126.922631917858,11,440,SH,SH04,SH040300,2026-03-12 09:08:40+09:00,https://tong.visitkorea.or.kr/cms/resource/60/4024360_image2_1.jpeg,https://tong.visitkorea.or.kr/cms/resource/60/4024360_image3_1.jpeg,2026-09-05T02:12:08.517425+09:00
4012532,38,오렌즈 홍대입구역점,서울특별시 마포구 양화로 156 (동교동),37.5561130617043,126.923446601456,11,440,SH,SH04,SH040300,2026-03-12 14:40:09+09:00,https://tong.visitkorea.or.kr/cms/resource/81/4024681_image2_1.jpeg,https://tong.visitkorea.or.kr/cms/resource/81/4024681_image3_1.jpeg,2026-09-05T02:12:08.517425+09:00
4012533,38,아티스안경원,서울특별시 마포구 양화로 176 (동교동) 2층,37.5572467836494,126.924986220455,11,440,SH,SH04,SH040300,2026-03-17 10:12:59+09:00,https://tong.visitkorea.or.kr/cms/resource/80/4022380_image2_1.jpg,https://tong.visitkorea.or.kr/cms/resource/80/4022380_image3_1.jpg,2026-09-05T02:12:08.517425+09:00
4012534,38,4층빈티지,서울특별시 마포구 양화로 177 (동교동),37.5578789564736,126.924755271507,11,440,SH,SH04,SH040300,2026-03-17 10:12:59+09:00,https://tong.visitkorea.or.kr/cms/resource/04/4022404_image2_1.jpg,https://tong.visitkorea.or.kr/cms/resource/04/4022404_image3_1.jpg,2026-09-05T02:12:08.517425+09:00
4012535,38,별꼴상회,서울특별시 마포구 양화로 177-7 (동교동),37.5581672026246,126.924782257422,11,440,SH,SH04,SH040300,2026-03-17 10:12:59+09:00,https://tong.visitkorea.or.kr/cms/resource/05/4022405_image2_1.jpg,https://tong.visitkorea.or.kr/cms/resource/05/4022405_image3_1.jpg,2026-09-05T02:12:08.517425+09:00
4012536,38,CU 홍익인간점,서울특별시 마포구 양화로 183 (동교동),37.5583675467575,126.925148412411,11,440,SH,SH04,SH040300,2026-03-17 10:12:59+09:00,https://tong.visitkorea.or.kr/cms/resource/06/4022406_image2_1.jpg,https://tong.visitkorea.or.kr/cms/resource/06/4022406_image3_1.jpg,2026-09-05T02:12:08.517425+09:00
4012537,38,탑텐 홍대점,서울특별시 마포구 양화로 186 (동교동) 2층,37.5576684824211,126.92589313527,11,440,SH,SH04,SH040300,2026-03-11 10:03:40+09:00,https://tong.visitkorea.or.kr/cms/resource/81/4022381_image2_1.jpg,https://tong.visitkorea.or.kr/cms/resource/81/4022381_image3_1.jpg,2026-09-05T02:12:08.517425+09:00
4012538,38,프래프 AK플라자 홍대,서울특별시 마포구 양화로 188 (동교동) 3층,37.5577458058734,126.926498328277,11,440,SH,SH04,SH040300,2026-03-19 01:33:38+09:00,https://tong.visitkorea.or.kr/cms/resource/07/4022407_image2_1.jpg,https://tong.visitkorea.or.kr/cms/resource/07/4022407_image3_1.jpg,2026-09-05T02:12:08.517425+09:00
4012539,38,버터 AK플라자 홍대,서울특별시 마포구 양화로 188 (동교동) 2층,37.5577458058734,126.926498328277,11,440,SH,SH04,SH040300,2026-03-19 01:31:15+09:00,https://tong.visitkorea.or.kr/cms/resource/75/4022375_image2_1.jpg,https://tong.visitkorea.or.kr/cms/resource/75/4022375_image3_1.jpg,2026-09-05T02:12:08.517425+09:00
4012540,38,광명약국 마포점,서울특별시 마포구 양화로 191 (동교동) 1층,37.5586787803059,126.925765488273,11,440,SH,SH04,SH040300,2026-03-17 10:12:59+09:00,https://tong.visitkorea.or.kr/cms/resource/61/4024361_image2_1.jpeg,https://tong.visitkorea.or.kr/cms/resource/61/4024361_image3_1.jpeg,2026-09-05T02:12:08.517425+09:00
4012541,38,홍익플라자약국,서울특별시 마포구 양화로 192 (동교동) 1층,37.5583280533329,126.926246501876,11,440,SH,SH04,SH040300,2026-03-17 10:12:59+09:00,https://tong.visitkorea.or.kr/cms/resource/78/4022578_image2_1.jpg,https://tong.visitkorea.or.kr/cms/resource/78/4022578_image3_1.jpg,2026-09-05T02:12:08.517425+09:00
4012542,38,플레이덕,서울특별시 마포구 양화로 193 (동교동) B1층,37.5588409392394,126.925876242294,11,440,SH,SH04,SH040300,2026-03-17 10:12:59+09:00,https://tong.visitkorea.or.kr/cms/resource/80/4022580_image2_1.jpg,https://tong.visitkorea.or.kr/cms/resource/80/4022580_image3_1.jpg,2026-09-05T02:12:08.517425+09:00
4012543,38,한국금거래소 골드쉘 마포점,"서울특별시 마포구 양화로 45 (서교동, 메세나폴리스) B1층",37.5515008030203,126.91395024016,11,440,SH,SH04,SH040300,2026-03-19 07:18:38+09:00,https://tong.visitkorea.or.kr/cms/resource/30/4024730_image2_1.jpeg,https://tong.visitkorea.or.kr/cms/resource/30/4024730_image3_1.jpeg,2026-09-05T02:12:08.517425+09:00
4012544,38,MUJI 메세나폴리스점,"서울특별시 마포구 양화로 45 (서교동, 메세나폴리스) 1층",37.5515008030203,126.91395024016,11,440,SH,SH04,SH040300,2026-03-19 01:36:00+09:00,https://tong.visitkorea.or.kr/cms/resource/08/4022408_image2_1.jpg,https://tong.visitkorea.or.kr/cms/resource/08/4022408_image3_1.jpg,2026-09-05T02:12:08.517425+09:00
4012545,38,이화메세나약국 메세나폴리스점,"서울특별시 마포구 양화로 45 (서교동, 메세나폴리스) B1층",37.5515008030203,126.91395024016,11,440,SH,SH04,SH040300,2026-03-19 01:38:23+09:00,https://tong.visitkorea.or.kr/cms/resource/09/4022409_image2_1.jpg,https://tong.visitkorea.or.kr/cms/resource/09/4022409_image3_1.jpg,2026-09-05T02:12:08.517425+09:00
4012546,38,나이키 메세나폴리스점,"서울특별시 마포구 양화로 45 (서교동, 메세나폴리스) B1층",37.5515008030203,126.91395024016,11,440,SH,SH04,SH040300,2026-03-30 09:16:11+09:00,https://tong.visitkorea.or.kr/cms/resource/10/4022410_image2_1.jpg,https://tong.visitkorea.or.kr/cms/resource/10/4022410_image3_1.jpg,2026-09-05T02:12:08.517425+09:00
4012547,38,하파크리스틴 올리브영 메세나폴리스점,"서울특별시 마포구 양화로 45 (서교동, 메세나폴리스) B1층",37.5515008030203,126.91395024016,11,440,SH,SH04,SH040300,2026-03-19 01:40:47+09:00,https://tong.visitkorea.or.kr/cms/resource/11/4022411_image2_1.jpg,https://tong.visitkorea.or.kr/cms/resource/11/4022411_image3_1.jpg,2026-09-05T02:12:08.517425+09:00
4012548,38,합정스타약국 메세나폴리스점,"서울특별시 마포구 양화로 45 (서교동, 메세나폴리스) B1층",37.5515008030203,126.91395024016,11,440,SH,SH04,SH040300,2026-03-19 01:43:10+09:00,https://tong.visitkorea.or.kr/cms/resource/12/4022412_image2_1.jpg,https://tong.visitkorea.or.kr/cms/resource/12/4022412_image3_1.jpg,2026-09-05T02:12:08.517425+09:00
4012549,38,힘찬약국,서울특별시 마포구 양화로 66 (서교동) 1층,37.5506045791194,126.916076754399,11,440,SH,SH04,SH040300,2026-03-17 10:12:59+09:00,https://tong.visitkorea.or.kr/cms/resource/48/4022548_image2_1.jpg,https://tong.visitkorea.or.kr/cms/resource/48/4022548_image3_1.jpg,2026-09-05T02:12:08.517425+09:00
4012550,38,포터리 합정,서울특별시 마포구 양화로 73 (서교동) 3층,37.5514444977379,126.915961626849,11,440,SH,SH04,SH040300,2026-03-27 09:21:50+09:00,https://tong.visitkorea.or.kr/cms/resource/88/4043988_image2_1.png,https://tong.visitkorea.or.kr/cms/resource/88/4043988_image3_1.png,2026-09-05T02:12:08.517425+09:00
4012551,38,포비디지털,서울특별시 마포구 양화로11길 60 (서교동) 서교빌딩 2층,37.5522242529034,126.913509862137,11,440,SH,SH04,SH040300,2026-03-17 10:12:59+09:00,https://tong.visitkorea.or.kr/cms/resource/86/4024486_image2_1.jpeg,https://tong.visitkorea.or.kr/cms/resource/86/4024486_image3_1.jpeg,2026-09-05T02:12:08.517425+09:00
4012552,38,하이츠스토어,서울특별시 마포구 양화로12길 16-8 (서교동) 1층,37.5515560877832,126.91833926272,11,440,SH,SH04,SH040300,2026-03-17 10:12:59+09:00,https://tong.visitkorea.or.kr/cms/resource/79/4022579_image2_1.jpeg,https://tong.visitkorea.or.kr/cms/resource/79/4022579_image3_1.jpeg,2026-09-05T02:12:08.517425+09:00
4012553,38,오렌즈 비젼센터홍대점,서울특별시 마포구 양화로18길 15 (동교동) 1층,37.5565914537,126.9249316479,11,440,SH,SH04,SH040300,2026-07-15 19:44:33+09:00,https://tong.visitkorea.or.kr/cms/resource/82/4024682_image2_1.jpeg,https://tong.visitkorea.or.kr/cms/resource/82/4024682_image3_1.jpeg,2026-09-05T02:12:08.517425+09:00
4012554,38,디오디너리 연남,서울특별시 마포구 양화로21길 31 (동교동) 1층,37.5595015779604,126.924498193749,11,440,SH,SH04,SH040300,2026-03-17 10:12:59+09:00,https://tong.visitkorea.or.kr/cms/resource/68/4024768_image2_1.jpeg,https://tong.visitkorea.or.kr/cms/resource/68/4024768_image3_1.jpeg,2026-09-05T02:12:08.517425+09:00
4012555,38,라임썸 연남점,서울특별시 마포구 양화로23길 40 (동교동) 1층,37.5600818865747,126.924743775426,11,440,SH,SH04,SH040300,2026-03-17 10:12:59+09:00,https://tong.visitkorea.or.kr/cms/resource/81/4022581_image2_1.jpg,https://tong.visitkorea.or.kr/cms/resource/81/4022581_image3_1.jpg,2026-09-05T02:12:08.517425+09:00
4012556,38,라이딩베이스,서울특별시 마포구 양화진4길 7 (합정동) 1층,37.547259698454,126.911973554281,11,440,SH,SH04,SH040300,2026-03-17 10:12:59+09:00,https://tong.visitkorea.or.kr/cms/resource/50/4022550_image2_1.jpg,https://tong.visitkorea.or.kr/cms/resource/50/4022550_image3_1.jpg,2026-09-05T02:12:08.517425+09:00
4012557,38,엠플레이그라운드 홍대3호점,서울특별시 마포구 어울마당로 132 (서교동),37.5558321050108,126.924667356366,11,440,SH,SH04,SH040300,2026-03-27 09:21:50+09:00,https://tong.visitkorea.or.kr/cms/resource/19/4043819_image2_1.png,https://tong.visitkorea.or.kr/cms/resource/19/4043819_image3_1.png,2026-09-05T02:12:08.517425+09:00
4012558,38,뉴에라 홍대점,서울특별시 마포구 어울마당로 48 (서교동),37.5492991894842,126.921005832651,11,440,SH,SH04,SH040300,2026-03-12 09:08:40+09:00,https://tong.visitkorea.or.kr/cms/resource/36/4024436_image2_1.jpeg,https://tong.visitkorea.or.kr/cms/resource/36/4024436_image3_1.jpeg,2026-09-05T02:12:08.517425+09:00
4012559,38,닥터마틴 홍대점,서울특별시 마포구 어울마당로 62 (서교동),37.5506007838824,126.921429397327,11,440,SH,SH04,SH040300,2026-03-27 09:21:50+09:00,https://tong.visitkorea.or.kr/cms/resource/23/4043723_image2_1.png,https://tong.visitkorea.or.kr/cms/resource/23/4043723_image3_1.png,2026-09-05T02:12:08.517425+09:00
4012560,38,클로 스튜디오 홍대점,서울특별시 마포구 어울마당로 70 (서교동),37.5513852765591,126.921555321059,11,440,SH,SH04,SH040300,2026-03-17 10:12:59+09:00,https://tong.visitkorea.or.kr/cms/resource/85/4022385_image2_1.jpg,https://tong.visitkorea.or.kr/cms/resource/85/4022385_image3_1.jpg,2026-09-05T02:12:08.517425+09:00
4012561,38,디팍스 홍대1호점,서울특별시 마포구 어울마당로 75 (서교동),37.5518637234167,126.921309924243,11,440,SH,SH04,SH040300,2026-03-17 10:12:59+09:00,https://tong.visitkorea.or.kr/cms/resource/82/4022382_image2_1.jpg,https://tong.visitkorea.or.kr/cms/resource/82/4022382_image3_1.jpg,2026-09-05T02:12:08.517425+09:00
4012562,38,영웨이브 전자담배 홍대점,서울특별시 마포구 어울마당로 76 (서교동) 1층,37.5517388678434,126.921615042527,11,440,SH,SH04,SH040300,2026-03-17 10:12:59+09:00,https://tong.visitkorea.or.kr/cms/resource/83/4022383_image2_1.jpg,https://tong.visitkorea.or.kr/cms/resource/83/4022383_image3_1.jpg,2026-09-05T02:12:08.517425+09:00
4012563,38,하파크리스틴 홍대점,서울특별시 마포구 어울마당로 76-1 (서교동) 1층,37.5518321491599,126.921657269616,11,440,SH,SH04,SH040300,2026-03-17 10:12:59+09:00,https://tong.visitkorea.or.kr/cms/resource/84/4022384_image2_1.jpg,https://tong.visitkorea.or.kr/cms/resource/84/4022384_image3_1.jpg,2026-09-05T02:12:08.517425+09:00
4012564,38,엠플레이그라운드 홍대2호점,서울특별시 마포구 어울마당로 94 (서교동),37.5533357567964,126.922099662141,11,440,SH,SH04,SH040300,2026-03-17 10:12:59+09:00,https://tong.visitkorea.or.kr/cms/resource/60/4024560_image2_1.jpeg,https://tong.visitkorea.or.kr/cms/resource/60/4024560_image3_1.jpeg,2026-09-05T02:12:08.517425+09:00
4012565,38,엔컴10지점,서울특별시 마포구 어울마당로 98 (서교동),37.5536589801656,126.922290244551,11,440,SH,SH04,SH040300,2026-03-26 09:20:41+09:00,https://tong.visitkorea.or.kr/cms/resource/41/4042341_image2_1.jpg,https://tong.visitkorea.or.kr/cms/resource/41/4042341_image3_1.jpg,2026-09-05T02:12:08.517425+09:00
4012566,38,뷰맵 연남스토어,서울특별시 마포구 연남로 1 (동교동),37.5600488456815,126.923521801036,11,440,SH,SH04,SH040300,2026-03-17 10:12:59+09:00,https://tong.visitkorea.or.kr/cms/resource/84/4024484_image2_1.jpeg,https://tong.visitkorea.or.kr/cms/resource/84/4024484_image3_1.jpeg,2026-09-05T02:12:08.517425+09:00
4012567,38,CU 연남PMK점,서울특별시 마포구 연남로 10 (연남동),37.5607277485694,126.923385742246,11,440,SH,SH04,SH040300,2026-03-17 10:12:59+09:00,https://tong.visitkorea.or.kr/cms/resource/13/4022413_image2_1.jpg,https://tong.visitkorea.or.kr/cms/resource/13/4022413_image3_1.jpg,2026-09-05T02:12:08.517425+09:00
4012568,38,비주얼에이드,서울특별시 마포구 연희로 25-1 (동교동) B1층,37.5612680228642,126.926562890712,11,440,SH,SH04,SH040300,2026-03-17 10:12:59+09:00,https://tong.visitkorea.or.kr/cms/resource/43/4024543_image2_1.jpeg,https://tong.visitkorea.or.kr/cms/resource/43/4024543_image3_1.jpeg,2026-09-05T02:12:08.517425+09:00
4012569,38,유쏘풀 연남점,서울특별시 마포구 연희로1길 28 (동교동),37.5602142282649,126.925573368883,11,440,SH,SH04,SH040300,2026-03-17 10:12:59+09:00,https://tong.visitkorea.or.kr/cms/resource/19/4023019_image2_1.jpg,https://tong.visitkorea.or.kr/cms/resource/19/4023019_image3_1.jpg,2026-09-05T02:12:08.517425+09:00
4012570,38,TZM 연남점,서울특별시 마포구 연희로1길 29 (동교동) 1층,37.5603271273448,126.925437213362,11,440,SH,SH04,SH040300,2026-03-17 10:12:59+09:00,https://tong.visitkorea.or.kr/cms/resource/21/4023021_image2_1.jpg,https://tong.visitkorea.or.kr/cms/resource/21/4023021_image3_1.jpg,2026-09-05T02:12:08.517425+09:00
4012571,38,피조물빈티지,서울특별시 마포구 와우산로 53 (상수동) 3층,37.5492542889396,126.922867200971,11,440,SH,SH04,SH040300,2026-04-01 06:46:40+09:00,https://tong.visitkorea.or.kr/cms/resource/52/4022552_image2_1.jpg,https://tong.visitkorea.or.kr/cms/resource/52/4022552_image3_1.jpg,2026-09-05T02:12:08.517425+09:00
4012572,38,나이키 스타일 홍대,서울특별시 마포구 와우산로 78 (서교동),37.5514563969873,126.923665703446,11,440,SH,SH04,SH040300,2026-03-12 09:08:40+09:00,https://tong.visitkorea.or.kr/cms/resource/02/4024902_image2_1.jpg,https://tong.visitkorea.or.kr/cms/resource/02/4024902_image3_1.jpg,2026-09-05T02:12:08.517425+09:00
4012573,38,르브와,서울특별시 마포구 와우산로 91 (서교동),37.5527268383311,126.923858266579,11,440,SH,SH04,SH040300,2026-03-17 10:12:59+09:00,https://tong.visitkorea.or.kr/cms/resource/33/4024533_image2_1.jpeg,https://tong.visitkorea.or.kr/cms/resource/33/4024533_image3_1.jpeg,2026-09-05T02:12:08.517425+09:00
4012574,38,위얼드월드,서울특별시 마포구 와우산로15길 19 (서교동),37.5495554466831,126.922247541748,11,440,SH,SH04,SH040300,2026-03-17 10:12:59+09:00,https://tong.visitkorea.or.kr/cms/resource/54/4022554_image2_1.jpg,https://tong.visitkorea.or.kr/cms/resource/54/4022554_image3_1.jpg,2026-09-05T02:12:08.517425+09:00
4012575,38,팝마트 홍대 플래그십 스토어,서울특별시 마포구 와우산로23길 56 (서교동),37.5552669754859,126.923787665186,11,440,SH,SH04,SH040300,2026-03-17 10:12:59+09:00,https://tong.visitkorea.or.kr/cms/resource/62/4024362_image2_1.jpeg,https://tong.visitkorea.or.kr/cms/resource/62/4024362_image3_1.jpeg,2026-09-05T02:12:08.517425+09:00
4012576,38,나나피어싱 홍대점,서울특별시 마포구 와우산로27길 79 (서교동) 1층,37.5556510948901,126.924385849387,11,440,SH,SH04,SH040300,2026-03-17 10:12:59+09:00,https://tong.visitkorea.or.kr/cms/resource/63/4024363_image2_1.jpeg,https://tong.visitkorea.or.kr/cms/resource/63/4024363_image3_1.jpeg,2026-09-05T02:12:08.517425+09:00
4012577,38,CU 홍대서교점,서울특별시 마포구 와우산로29길 70 (서교동),37.5563657191815,126.926596108697,11,440,SH,SH04,SH040300,2026-03-17 10:12:59+09:00,https://tong.visitkorea.or.kr/cms/resource/43/4022243_image2_1.jpg,https://tong.visitkorea.or.kr/cms/resource/43/4022243_image3_1.jpg,2026-09-05T02:12:08.517425+09:00
4012578,38,아이돌스토어 홍대점,서울특별시 마포구 와우산로29다길 20 (서교동),37.5547958809484,126.92727498501,11,440,SH,SH04,SH040300,2026-03-17 10:12:59+09:00,https://tong.visitkorea.or.kr/cms/resource/52/4024552_image2_1.jpeg,https://tong.visitkorea.or.kr/cms/resource/52/4024552_image3_1.jpeg,2026-09-05T02:12:08.517425+09:00
4012579,38,착한구두 홍대 플래그쉽 스토어,서울특별시 마포구 와우산로29바길 25 (서교동) 1층,37.555243201697,126.92578756992,11,440,SH,SH04,SH040300,2026-03-27 09:21:50+09:00,https://tong.visitkorea.or.kr/cms/resource/92/4043992_image2_1.png,https://tong.visitkorea.or.kr/cms/resource/92/4043992_image3_1.png,2026-09-05T02:12:08.517425+09:00
4012580,38,오브젝트 서교점,서울특별시 마포구 와우산로35길 13 (서교동),37.5557150814061,126.929810541616,11,440,SH,SH04,SH040300,2026-03-17 10:12:59+09:00,https://tong.visitkorea.or.kr/cms/resource/61/4024561_image2_1.jpeg,https://tong.visitkorea.or.kr/cms/resource/61/4024561_image3_1.jpeg,2026-09-05T02:12:08.517425+09:00
4012581,38,옵티마 상원약국,서울특별시 마포구 월드컵로 75 (망원동) 대흥빌딩 1층,37.5556322935424,126.91015440036,11,440,SH,SH04,SH040300,2026-03-17 10:12:59+09:00,https://tong.visitkorea.or.kr/cms/resource/28/4022628_image2_1.jpg,https://tong.visitkorea.or.kr/cms/resource/28/4022628_image3_1.jpg,2026-09-05T02:12:08.517425+09:00
4012582,38,홀리카홀리카 망원점,서울특별시 마포구 월드컵로13길 50 (망원동) 1층,37.5554544871422,126.907420572464,11,440,SH,SH04,SH040300,2026-03-17 10:12:59+09:00,https://tong.visitkorea.or.kr/cms/resource/30/4022630_image2_1.jpg,https://tong.visitkorea.or.kr/cms/resource/30/4022630_image3_1.jpg,2026-09-05T02:12:08.517425+09:00
4012583,38,망원시장약국,서울특별시 마포구 월드컵로13길 56 (망원동),37.5553763502947,126.90705059272,11,440,SH,SH04,SH040300,2026-03-17 10:12:59+09:00,https://tong.visitkorea.or.kr/cms/resource/32/4022632_image2_1.jpg,https://tong.visitkorea.or.kr/cms/resource/32/4022632_image3_1.jpg,2026-09-05T02:12:08.517425+09:00
4012811,38,메르시브라운 두타몰점,서울특별시 마포구 독막로9길 14 (서교동) 1층,37.5489594085,126.9199142764,11,440,SH,SH04,SH040300,2026-06-17 15:44:51+09:00,https://tong.visitkorea.or.kr/cms/resource/23/4023823_image2_1.jpg,https://tong.visitkorea.or.kr/cms/resource/23/4023823_image3_1.jpg,2026-09-05T02:12:08.517425+09:00
4013006,38,낫아워스,서울특별시 마포구 월드컵로8길 25 (서교동) 1층,37.5532263626896,126.913660351823,11,440,SH,SH04,SH040300,2026-03-17 10:12:59+09:00,https://tong.visitkorea.or.kr/cms/resource/17/4022417_image2_1.jpg,https://tong.visitkorea.or.kr/cms/resource/17/4022417_image3_1.jpg,2026-09-05T02:12:08.517425+09:00
4013010,38,다미한송원,서울특별시 마포구 월드컵북로 136 (성산동),37.5650251234037,126.9124736579,11,440,SH,SH04,SH040300,2026-03-25 09:34:32+09:00,https://tong.visitkorea.or.kr/cms/resource/16/4041916_image2_1.jpg,https://tong.visitkorea.or.kr/cms/resource/16/4041916_image3_1.jpg,2026-09-05T02:12:08.517425+09:00
4013011,38,지유명차 서교점,서울특별시 마포구 잔다리로 128 (서교동) 1층,37.5582503635302,126.913345580493,11,440,SH,SH04,SH040300,2026-03-17 10:12:59+09:00,https://tong.visitkorea.or.kr/cms/resource/39/4022639_image2_1.jpg,https://tong.visitkorea.or.kr/cms/resource/39/4022639_image3_1.jpg,2026-09-05T02:12:08.517425+09:00
4013012,38,페넥 홍대 쇼룸,서울특별시 마포구 잔다리로 19 (서교동) 1층,37.5506378015082,126.920869639143,11,440,SH,SH04,SH040300,2026-03-27 09:21:50+09:00,https://tong.visitkorea.or.kr/cms/resource/57/4044257_image2_1.png,https://tong.visitkorea.or.kr/cms/resource/57/4044257_image3_1.png,2026-09-05T02:12:08.517425+09:00
4013013,38,CU 홍대상상점,서울특별시 마포구 잔다리로 25 (서교동) 1층,37.5508444814666,126.92005371744,11,440,SH,SH04,SH040300,2026-03-17 10:12:59+09:00,https://tong.visitkorea.or.kr/cms/resource/87/4022387_image2_1.jpg,https://tong.visitkorea.or.kr/cms/resource/87/4022387_image3_1.jpg,2026-09-05T02:12:08.517425+09:00
4013014,38,마리떼프랑소와저버 홍대점,서울특별시 마포구 잔다리로 27 (서교동) 2층,37.551038719625,126.919895642474,11,440,SH,SH04,SH040300,2026-03-27 09:21:50+09:00,https://tong.visitkorea.or.kr/cms/resource/18/4043718_image2_1.jpg,https://tong.visitkorea.or.kr/cms/resource/18/4043718_image3_1.jpg,2026-09-05T02:12:08.517425+09:00
4013015,38,고려호간단,서울특별시 마포구 잔다리로 76 (서교동),37.5543713310541,126.916642463254,11,440,SH,SH04,SH040300,2026-03-17 10:12:59+09:00,https://tong.visitkorea.or.kr/cms/resource/14/4022414_image2_1.jpg,https://tong.visitkorea.or.kr/cms/resource/14/4022414_image3_1.jpg,2026-09-05T02:12:08.517425+09:00
4013016,38,오와이,서울특별시 마포구 잔다리로2길 20 (서교동),37.5515431813543,126.920954689192,11,440,SH,SH04,SH040300,2026-03-17 10:12:59+09:00,https://tong.visitkorea.or.kr/cms/resource/64/4024364_image2_1.jpeg,https://tong.visitkorea.or.kr/cms/resource/64/4024364_image3_1.jpeg,2026-09-05T02:12:08.517425+09:00
4013017,38,오렌즈 홍대점,서울특별시 마포구 잔다리로2길 24 (서교동) 1층,37.5515538172261,126.92123046702,11,440,SH,SH04,SH040300,2026-03-11 10:03:40+09:00,https://tong.visitkorea.or.kr/cms/resource/44/4022244_image2_1.jpg,https://tong.visitkorea.or.kr/cms/resource/44/4022244_image3_1.jpg,2026-09-05T02:12:08.517425+09:00
4013018,38,아에이오우,서울특별시 마포구 잔다리로7안길 4 (서교동) 3층,37.5529631676677,126.917034579851,11,440,SH,SH04,SH040300,2026-03-17 10:12:59+09:00,https://tong.visitkorea.or.kr/cms/resource/15/4022415_image2_1.jpg,https://tong.visitkorea.or.kr/cms/resource/15/4022415_image3_1.jpg,2026-09-05T02:12:08.517425+09:00
4013019,38,삼성스토어 마포,서울특별시 마포구 토정로 299 (용강동),37.54098578125,126.942749305484,11,440,SH,SH04,SH040300,2026-03-17 10:12:59+09:00,https://tong.visitkorea.or.kr/cms/resource/85/4024785_image2_1.jpeg,https://tong.visitkorea.or.kr/cms/resource/85/4024785_image3_1.jpeg,2026-09-05T02:12:08.517425+09:00
4013020,38,CU 마포양화공원점,서울특별시 마포구 포은로 29 (합정동),37.5503393937457,126.907946669165,11,440,SH,SH04,SH040300,2026-03-17 10:12:59+09:00,https://tong.visitkorea.or.kr/cms/resource/89/4022389_image2_1.jpg,https://tong.visitkorea.or.kr/cms/resource/89/4022389_image3_1.jpg,2026-09-05T02:12:08.517425+09:00
4013021,38,블링크안경 망원점,서울특별시 마포구 포은로 93-1 (망원동),37.5553997483151,126.904866206811,11,440,SH,SH04,SH040300,2026-03-17 10:12:59+09:00,https://tong.visitkorea.or.kr/cms/resource/59/4024659_image2_1.jpeg,https://tong.visitkorea.or.kr/cms/resource/59/4024659_image3_1.jpeg,2026-09-05T02:12:08.517425+09:00
4013022,38,웜그레이테일,서울특별시 마포구 포은로 94 (망원동) 2층,37.555420276267,126.905183858106,11,440,SH,SH04,SH040300,2026-03-17 10:12:59+09:00,https://tong.visitkorea.or.kr/cms/resource/34/4022634_image2_1.jpg,https://tong.visitkorea.or.kr/cms/resource/34/4022634_image3_1.jpg,2026-09-05T02:12:08.517425+09:00
4013023,38,떠블유떠블유,서울특별시 마포구 포은로5길 15 (망원동) 2층,37.5553553466915,126.904108229303,11,440,SH,SH04,SH040300,2026-03-17 10:12:59+09:00,https://tong.visitkorea.or.kr/cms/resource/65/4024365_image2_1.jpeg,https://tong.visitkorea.or.kr/cms/resource/65/4024365_image3_1.jpeg,2026-09-05T02:12:08.517425+09:00
4013024,38,헤메코 홍대점,서울특별시 마포구 홍익로 25 (서교동) B1층,37.5544056031357,126.921965798065,11,440,SH,SH04,SH040300,2026-03-27 09:21:50+09:00,https://tong.visitkorea.or.kr/cms/resource/60/4044260_image2_1.png,https://tong.visitkorea.or.kr/cms/resource/60/4044260_image3_1.png,2026-09-05T02:12:08.517425+09:00
4013025,38,레디영약국,서울특별시 마포구 홍익로6길 8 (동교동),37.5549069151987,126.922508503408,11,440,SH,SH04,SH040300,2026-03-17 10:12:59+09:00,https://tong.visitkorea.or.kr/cms/resource/66/4024366_image2_1.jpeg,https://tong.visitkorea.or.kr/cms/resource/66/4024366_image3_1.jpeg,2026-09-05T02:12:08.517425+09:00
4013354,38,홍대옵티마약국,서울특별시 마포구 양화로 156 (동교동) 1층,37.5561130617043,126.923446601456,11,440,SH,SH04,SH040300,2026-03-17 10:12:59+09:00,https://tong.visitkorea.or.kr/cms/resource/02/4022602_image2_1.jpeg,https://tong.visitkorea.or.kr/cms/resource/02/4022602_image3_1.jpeg,2026-09-05T02:12:08.517425+09:00
4013355,38,참사랑이화약국,서울특별시 마포구 연남로 42 (연남동),37.5630866997552,126.921544751313,11,440,SH,SH04,SH040300,2026-03-17 10:12:59+09:00,https://tong.visitkorea.or.kr/cms/resource/57/4022657_image2_1.jpg,https://tong.visitkorea.or.kr/cms/resource/57/4022657_image3_1.jpg,2026-09-05T02:12:08.517425+09:00
4025538,38,세븐일레븐 동교다온점,서울특별시 마포구 월드컵북로4길 12 (동교동),37.5569655118762,126.920740831893,11,440,SH,SH04,SH040300,2026-03-27 09:21:50+09:00,https://tong.visitkorea.or.kr/cms/resource/09/4043909_image2_1.png,https://tong.visitkorea.or.kr/cms/resource/09/4043909_image3_1.png,2026-09-05T02:12:08.517425+09:00
4025539,38,노매뉴얼 플래그십 스토어,서울특별시 마포구 잔다리로 20 (서교동),37.5509446559189,126.920831517114,11,440,SH,SH04,SH040300,2026-03-27 09:21:50+09:00,https://tong.visitkorea.or.kr/cms/resource/72/4045472_image2_1.jpg,https://tong.visitkorea.or.kr/cms/resource/72/4045472_image3_1.jpg,2026-09-05T02:12:08.517425+09:00
4025540,38,팔렛 홍대플래그십스토어,서울특별시 마포구 잔다리로 24 (서교동) 2층,37.550957173838,126.920554359014,11,440,SH,SH04,SH040300,2026-03-27 09:21:50+09:00,https://tong.visitkorea.or.kr/cms/resource/70/4044270_image2_1.png,https://tong.visitkorea.or.kr/cms/resource/70/4044270_image3_1.png,2026-09-05T02:12:08.517425+09:00
4025541,38,와키윌리 홍대 플래그십,서울특별시 마포구 잔다리로 26 (서교동),37.5510736703163,126.920416737799,11,440,SH,SH04,SH040300,2026-03-27 09:21:50+09:00,https://tong.visitkorea.or.kr/cms/resource/14/4043814_image2_1.png,https://tong.visitkorea.or.kr/cms/resource/14/4043814_image3_1.png,2026-09-05T02:12:08.517425+09:00
4025542,38,디스이즈네버댓,서울특별시 마포구 잔다리로 32 (서교동) 1층,37.5515788223247,126.919828408783,11,440,SH,SH04,SH040300,2026-03-26 09:20:41+09:00,https://tong.visitkorea.or.kr/cms/resource/60/4042560_image2_1.jpg,https://tong.visitkorea.or.kr/cms/resource/60/4042560_image3_1.jpg,2026-09-05T02:12:08.517425+09:00
4025548,38,나이키 홍대점,서울특별시 마포구 홍익로 23 (서교동),37.554292619718,126.922241488683,11,440,SH,SH04,SH040300,2026-03-30 09:16:11+09:00,https://tong.visitkorea.or.kr/cms/resource/39/4045639_image2_1.jpg,https://tong.visitkorea.or.kr/cms/resource/39/4045639_image3_1.jpg,2026-09-05T02:12:08.517425+09:00
4025557,38,다이소 홍대입구점,서울특별시 마포구 홍익로 25 (서교동) 서교빌딩 B2층,37.5544056031357,126.921965798065,11,440,SH,SH04,SH040300,2026-03-19 09:49:59+09:00,https://tong.visitkorea.or.kr/cms/resource/76/4029376_image2_1.jpg,https://tong.visitkorea.or.kr/cms/resource/76/4029376_image3_1.jpg,2026-09-05T02:12:08.517425+09:00
4025558,38,루프 홍대점,서울특별시 마포구 홍익로3길 20 (서교동) B1층,37.5535160625816,126.921715374089,11,440,SH,SH04,SH040300,2026-03-27 09:21:50+09:00,https://tong.visitkorea.or.kr/cms/resource/45/4045945_image2_1.png,https://tong.visitkorea.or.kr/cms/resource/45/4045945_image3_1.png,2026-09-05T02:12:08.517425+09:00
4025559,38,미니골드 홍대점,서울특별시 마포구 홍익로6길 30 (동교동) 1층,37.5556332026348,126.923465313288,11,440,SH,SH04,SH040300,2026-03-27 09:21:50+09:00,https://tong.visitkorea.or.kr/cms/resource/30/4043730_image2_1.png,https://tong.visitkorea.or.kr/cms/resource/30/4043730_image3_1.png,2026-09-05T02:12:08.517425+09:00
4027115,38,드파운드 합정 쇼룸,서울특별시 마포구 독막로 19 (합정동),37.5486596927406,126.915709231248,11,440,SH,SH04,SH040300,2026-03-27 09:21:50+09:00,https://tong.visitkorea.or.kr/cms/resource/17/4043717_image2_1.png,https://tong.visitkorea.or.kr/cms/resource/17/4043717_image3_1.png,2026-09-05T02:12:08.517425+09:00
4027116,38,다이소 합정동점,서울특별시 마포구 독막로 33-1 (합정동),37.5483807257248,126.917340784878,11,440,SH,SH04,SH040300,2026-03-19 09:49:59+09:00,https://tong.visitkorea.or.kr/cms/resource/63/4029363_image2_1.jpg,https://tong.visitkorea.or.kr/cms/resource/63/4029363_image3_1.jpg,2026-09-05T02:12:08.517425+09:00
4027117,38,EPT 홍대점,서울특별시 마포구 독막로7길 62 (서교동),37.5504385365108,126.92038674519,11,440,SH,SH04,SH040300,2026-03-27 09:21:50+09:00,https://tong.visitkorea.or.kr/cms/resource/03/4043603_image2_1.jpg,https://tong.visitkorea.or.kr/cms/resource/03/4043603_image3_1.jpg,2026-09-05T02:12:08.517425+09:00
4027118,38,기어라운지,서울특별시 마포구 독막로8길 24 (합정동),37.5469396754181,126.917737645624,11,440,SH,SH04,SH040300,2026-03-27 09:21:50+09:00,https://tong.visitkorea.or.kr/cms/resource/12/4043512_image2_1.jpg,https://tong.visitkorea.or.kr/cms/resource/12/4043512_image3_1.jpg,2026-09-05T02:12:08.517425+09:00
4027119,38,에스쁘아 연남,서울특별시 마포구 동교로30길 19 (동교동),37.5600044043169,126.925174504117,11,440,SH,SH04,SH040300,2026-03-27 09:21:50+09:00,https://tong.visitkorea.or.kr/cms/resource/07/4043807_image2_1.png,https://tong.visitkorea.or.kr/cms/resource/07/4043807_image3_1.png,2026-09-05T02:12:08.517425+09:00
4027120,38,신만,서울특별시 마포구 방울내로 83 (망원동),37.5611783057296,126.904214741156,11,440,SH,SH04,SH040300,2026-03-27 09:21:50+09:00,https://tong.visitkorea.or.kr/cms/resource/43/4043543_image2_1.jpg,https://tong.visitkorea.or.kr/cms/resource/43/4043543_image3_1.jpg,2026-09-05T02:12:08.517425+09:00
4027121,38,365열린약국 마포점,서울특별시 마포구 백범로 199 (신공덕동),37.5434778780948,126.952779970695,11,440,SH,SH04,SH040300,2026-03-26 09:20:41+09:00,https://tong.visitkorea.or.kr/cms/resource/27/4042527_image2_1.jpg,https://tong.visitkorea.or.kr/cms/resource/27/4042527_image3_1.jpg,2026-09-05T02:12:08.517425+09:00
4027122,38,라이커샵,서울특별시 마포구 성미산로 146 (연남동) 1층,37.5638254787798,126.922716809951,11,440,SH,SH04,SH040300,2026-03-26 09:20:41+09:00,https://tong.visitkorea.or.kr/cms/resource/20/4045820_image2_1.png,https://tong.visitkorea.or.kr/cms/resource/20/4045820_image3_1.png,2026-09-05T02:12:08.517425+09:00
4027406,38,다이소 홈플러스 월드컵점,서울특별시 마포구 월드컵로 240 (성산동),37.5682884450841,126.897273034482,11,440,SH,SH04,SH040300,2026-03-19 09:49:59+09:00,https://tong.visitkorea.or.kr/cms/resource/67/4029367_image2_1.jpg,https://tong.visitkorea.or.kr/cms/resource/67/4029367_image3_1.jpg,2026-09-05T02:12:08.517425+09:00
4027407,38,라임약국 신촌점,서울특별시 마포구 신촌로 170 (대흥동) 3층,37.5563578579418,126.944361830813,11,440,SH,SH04,SH040300,2026-03-26 09:20:41+09:00,https://tong.visitkorea.or.kr/cms/resource/28/4042528_image2_1.jpg,https://tong.visitkorea.or.kr/cms/resource/28/4042528_image3_1.jpg,2026-09-05T02:12:08.517425+09:00
4027408,38,반스 바이 웍스아웃,서울특별시 마포구 양화로 130 (서교동) 1층,37.5543349117636,126.921207395382,11,440,SH,SH04,SH040300,2026-03-27 09:21:50+09:00,https://tong.visitkorea.or.kr/cms/resource/58/4045058_image2_1.JPG,https://tong.visitkorea.or.kr/cms/resource/58/4045058_image3_1.JPG,2026-09-05T02:12:08.517425+09:00
4027409,38,원더플레이스 서울홍대점,서울특별시 마포구 양화로 176 (동교동) 1층,37.5572467836494,126.924986220455,11,440,SH,SH04,SH040300,2026-03-27 09:21:50+09:00,https://tong.visitkorea.or.kr/cms/resource/16/4043816_image2_1.png,https://tong.visitkorea.or.kr/cms/resource/16/4043816_image3_1.png,2026-09-05T02:12:08.517425+09:00
4027410,38,시코르 AK플라자 홍대점,서울특별시 마포구 양화로 188 (동교동) 1층,37.5577458058734,126.926498328277,11,440,SH,SH04,SH040300,2026-03-30 09:16:11+09:00,https://tong.visitkorea.or.kr/cms/resource/19/4045319_image2_1.jpg,https://tong.visitkorea.or.kr/cms/resource/19/4045319_image3_1.jpg,2026-09-05T02:12:08.517425+09:00
4027411,38,아트박스 AK플라자 홍대점,서울특별시 마포구 양화로 188 (동교동) 1층,37.5577458058734,126.926498328277,11,440,SH,SH04,SH040300,2026-03-30 09:16:11+09:00,https://tong.visitkorea.or.kr/cms/resource/44/4045344_image2_1.jpg,https://tong.visitkorea.or.kr/cms/resource/44/4045344_image3_1.jpg,2026-09-05T02:12:08.517425+09:00
4027412,38,아엘,서울특별시 마포구 와우산로 110 (창전동) 1층,37.5531343931185,126.925606891761,11,440,SH,SH04,SH040300,2026-03-26 09:20:41+09:00,https://tong.visitkorea.or.kr/cms/resource/56/4042556_image2_1.jpg,https://tong.visitkorea.or.kr/cms/resource/56/4042556_image3_1.jpg,2026-09-05T02:12:08.517425+09:00
4027413,38,아더에러 홍대 스페이스,서울특별시 마포구 와우산로21길 19-18 (서교동),37.551726957752,126.922407907948,11,440,SH,SH04,SH040300,2026-03-27 09:21:50+09:00,https://tong.visitkorea.or.kr/cms/resource/72/4045072_image2_1.JPG,https://tong.visitkorea.or.kr/cms/resource/72/4045072_image3_1.JPG,2026-09-05T02:12:08.517425+09:00
4027414,38,CU 홍대한벗점,"서울특별시 마포구 와우산로23길 14 (서교동, 오즈빌딩) 1층",37.5537108027926,126.924536289756,11,440,SH,SH04,SH040300,2026-03-26 09:20:41+09:00,https://tong.visitkorea.or.kr/cms/resource/75/4042775_image2_1.jpg,https://tong.visitkorea.or.kr/cms/resource/75/4042775_image3_1.jpg,2026-09-05T02:12:08.517425+09:00
403305,39,그릭조이,서울특별시 마포구 성지1길 6,37.5482552117,126.913774659,11,440,FD,FD02,FD020300,2025-12-31 13:14:16+09:00,,,2026-09-05T02:12:08.517425+09:00
4054297,38,한국다원호간보[면세점(TAX REFUND SHOP)],서울특별시 마포구 월드컵북로 46 (연남동),37.5586298989127,126.918194597934,11,440,SH,SH04,SH040300,2026-03-31 01:00:45+09:00,https://tong.visitkorea.or.kr/cms/resource/89/4024489_image2_1.jpeg,https://tong.visitkorea.or.kr/cms/resource/89/4024489_image3_1.jpeg,2026-09-05T02:12:08.517425+09:00
4070216,15,2026 글로벌 크리에이터 아트페어,서울특별시 마포구 동교동,37.556896,126.924142,11,440,EV,EV03,EV030400,2026-06-02 17:54:02+09:00,https://tong.visitkorea.or.kr/cms/resource/48/4070348_image2_1.jpg,https://tong.visitkorea.or.kr/cms/resource/48/4070348_image3_1.jpg,2026-09-05T02:12:08.517425+09:00
4076365,39,진청유점,서울특별시 마포구 동교로46길 27 (연남동) 1층,37.5622769734,126.926297277,11,440,FD,FD01,FD010100,2026-06-17 13:48:07+09:00,https://tong.visitkorea.or.kr/cms/resource/33/4076433_image2_1.jpg,https://tong.visitkorea.or.kr/cms/resource/33/4076433_image3_1.jpg,2026-09-05T02:12:08.517425+09:00
4091320,12,코코리색채연구소(홍대점) (외국어사이트용),서울특별시 마포구 홍익로 11 (서교동) 타입일레븐 3층,37.553503939,126.9232861918,11,440,EX,EX07,EX070200,2026-07-27 14:09:51+09:00,https://tong.visitkorea.or.kr/cms/resource/11/4091311_image2_1.jpg,https://tong.visitkorea.or.kr/cms/resource/11/4091311_image3_1.jpg,2026-09-05T02:12:08.517425+09:00
4095956,39,헤이티 홍대점,서울특별시 마포구 어울마당로 122-1 (서교동) 1층,37.5554374461,126.9239303163,11,440,FD,FD05,FD050200,2026-08-14 01:30:00+09:00,,,2026-09-05T02:12:08.517425+09:00
4097339,15,"요즘 청년, 요즘 문화",서울특별시 마포구 어울마당로 68 (서교동),37.5510972768,126.921493947,11,440,EV,EV03,EV030400,2026-08-14 08:58:42+09:00,https://tong.visitkorea.or.kr/cms/resource/92/4097492_image2_1.jpg,https://tong.visitkorea.or.kr/cms/resource/92/4097492_image3_1.jpg,2026-09-05T02:12:08.517425+09:00
4099133,15,2026 로컬 그라운드 연남,서울특별시 마포구 동교로 264 (연남동),37.5630499816,126.9253625142,11,440,EV,EV03,EV030400,2026-08-14 16:28:32+09:00,https://tong.visitkorea.or.kr/cms/resource/35/4099135_image2_1.png,https://tong.visitkorea.or.kr/cms/resource/35/4099135_image3_1.png,2026-09-05T02:12:08.517425+09:00
4107315,39,채그로,서울특별시 마포구 마포대로4다길 31 (마포동) 8층,37.5356518665,126.9442689395,11,440,FD,FD05,FD050100,2026-09-03 10:50:23+09:00,https://tong.visitkorea.or.kr/cms/resource/25/4107325_image2_1.jpg,https://tong.visitkorea.or.kr/cms/resource/25/4107325_image3_1.jpg,2026-09-05T02:12:08.517425+09:00
626944,15,서울억새축제,서울특별시 마포구 하늘공원로 95 (상암동),37.569152288,126.8861432556,11,440,EV,EV01,EV010200,2025-10-23 14:30:00+09:00,http://tong.visitkorea.or.kr/cms/resource/81/3544281_image2_1.JPG,http://tong.visitkorea.or.kr/cms/resource/81/3544281_image3_1.JPG,2026-09-05T02:12:08.517425+09:00
681230,39,홍원,서울특별시 마포구 백범로 23 터틀프라자 지하1층 E호,37.5551669768,126.9354287499,11,440,FD,FD02,FD020100,2026-06-23 09:07:37+09:00,https://tong.visitkorea.or.kr/cms/resource/89/3569489_image2_1.jpg,https://tong.visitkorea.or.kr/cms/resource/89/3569489_image3_1.jpg,2026-09-05T02:12:08.517425+09:00
699241,14,김대중도서관,서울특별시 마포구 신촌로4길 5-26,37.5569933677,126.9295757507,11,440,VE,VE09,VE090300,2025-03-17 20:04:43+09:00,http://tong.visitkorea.or.kr/cms/resource/53/3393053_image2_1.JPG,http://tong.visitkorea.or.kr/cms/resource/53/3393053_image3_1.JPG,2026-09-05T02:12:08.517425+09:00
737480,39,마포소문난원조족발,서울특별시 마포구 만리재로 19,37.544772989,126.953229495,11,440,FD,FD01,FD010100,2025-12-11 16:57:41+09:00,,,2026-09-05T02:12:08.517425+09:00
737570,39,오향족발,서울특별시 마포구 만리재로 19 공덕시장,37.544524153,126.9533273066,11,440,FD,FD01,FD010100,2026-06-18 15:04:15+09:00,https://tong.visitkorea.or.kr/cms/resource/03/3572303_image2_1.jpg,https://tong.visitkorea.or.kr/cms/resource/03/3572303_image3_1.jpg,2026-09-05T02:12:08.517425+09:00
737674,39,한방족발,서울특별시 마포구 만리재로 19,37.5447185717037,126.9532134233,11,440,FD,FD01,FD010100,2026-04-09 16:40:51+09:00,,,2026-09-05T02:12:08.517425+09:00
737695,39,마포유가궁중족발,서울특별시 마포구 만리재로 19,37.5447185717,126.9532134233,11,440,FD,FD01,FD010100,2026-06-18 15:00:47+09:00,https://tong.visitkorea.or.kr/cms/resource/80/3568680_image2_1.jpg,https://tong.visitkorea.or.kr/cms/resource/80/3568680_image3_1.jpg,2026-09-05T02:12:08.517425+09:00
738596,39,늘푸른식당,서울특별시 마포구 굴레방로9길 3,37.5567782541,126.9555211881,11,440,FD,FD01,FD010100,2026-06-18 14:37:43+09:00,https://tong.visitkorea.or.kr/cms/resource/48/3568548_image2_1.jpg,https://tong.visitkorea.or.kr/cms/resource/48/3568548_image3_1.jpg,2026-09-05T02:12:08.517425+09:00
749192,12,공덕동 족발골목,서울특별시 마포구 만리재로 19 (공덕동),37.5445785695,126.953343379,11,440,VE,VE04,VE040100,2025-03-17 21:13:37+09:00,http://tong.visitkorea.or.kr/cms/resource/23/3384423_image2_1.JPG,http://tong.visitkorea.or.kr/cms/resource/23/3384423_image3_1.JPG,2026-09-05T02:12:08.517425+09:00
749280,12,아현동 전골목,서울특별시 마포구 굴레방로9길 15 (아현동),37.5568021757,126.9548484519,11,440,VE,VE04,VE040100,2025-11-26 14:29:46+09:00,http://tong.visitkorea.or.kr/cms/resource/98/3465898_image2_1.jpg,http://tong.visitkorea.or.kr/cms/resource/98/3465898_image3_1.jpg,2026-09-05T02:12:08.517425+09:00
781031,12,홍대,서울특별시 마포구 서교동,37.555,126.9231,11,440,EX,EX07,EX070200,2026-03-19 17:41:17+09:00,https://tong.visitkorea.or.kr/cms/resource/69/3092369_image2_1.jpg,https://tong.visitkorea.or.kr/cms/resource/69/3092369_image3_1.jpg,2026-09-05T02:12:08.517425+09:00
990208,32,롯데시티호텔 마포,"서울특별시 마포구 마포대로 109 (공덕동, 롯데캐슬 프레지던트)",37.5450686146,126.9508474793,11,440,AC,AC01,AC010100,2026-08-19 10:03:55+09:00,https://tong.visitkorea.or.kr/cms/resource/21/3592521_image2_1.jpg,https://tong.visitkorea.or.kr/cms/resource/21/3592521_image3_1.jpg,2026-09-05T02:12:08.517425+09:00
