content_id,content_type_id,title,address,latitude,longitude,area_code,district_code,lcls_systm1,lcls_systm2,lcls_systm3,source_modified_at,first_image_url,thumbnail_url,list_fetched_at
1019182,12,이태원 앤틱 가구거리,서울특별시 용산구 보광로 109-1,37.533517,126.994334,11,170,VE,VE04,VE040100,2026-03-13 16:08:53+09:00,https://tong.visitkorea.or.kr/cms/resource/18/3520218_image2_1.jpg,https://tong.visitkorea.or.kr/cms/resource/18/3520218_image3_1.jpg,2026-09-05T02:11:58.738602+09:00
1142774,39,패션5(Passion 5),서울특별시 용산구 이태원로 272 (한남동),37.538711799813875,127.00207535217628,11,170,FD,FD05,FD050100,2026-04-09 15:50:43+09:00,,,2026-09-05T02:11:58.738602+09:00
1177980,14,국립중앙박물관 어린이박물관,서울특별시 용산구 서빙고로 137,37.5240132521997,126.980344700031,11,170,VE,VE07,VE070100,2026-01-23 13:35:49+09:00,https://tong.visitkorea.or.kr/cms/resource/10/3505410_image2_1.jpg,https://tong.visitkorea.or.kr/cms/resource/10/3505410_image3_1.jpg,2026-09-05T02:11:58.738602+09:00
1253279,38,이태원시장,서울특별시 용산구 이태원로14길 6 (이태원동),37.5338832483,126.9900792234,11,170,SH,SH06,SH060200,2025-12-01 17:03:39+09:00,http://tong.visitkorea.or.kr/cms/resource/63/3568563_image2_1.jpg,http://tong.visitkorea.or.kr/cms/resource/63/3568563_image3_1.jpg,2026-09-05T02:11:58.738602+09:00
126499,12,용산가족공원,서울특별시 용산구 서빙고로 185 (용산동6가),37.5200458446,126.9832663463,11,170,VE,VE03,VE030500,2025-07-18 09:00:00+09:00,http://tong.visitkorea.or.kr/cms/resource/49/3507949_image2_1.jpg,http://tong.visitkorea.or.kr/cms/resource/49/3507949_image3_1.jpg,2026-09-05T02:11:58.738602+09:00
126529,12,새남터기념성당,서울특별시 용산구 이촌로 80-8,37.5249043834336,126.956702535672,11,170,HS,HS03,HS030200,2026-02-05 13:26:40+09:00,,,2026-09-05T02:11:58.738602+09:00
126535,12,남산서울타워,서울특별시 용산구 남산공원길 105,37.5510545366352,126.987882083295,11,170,VE,VE01,VE010200,2026-05-20 09:14:26+09:00,,,2026-09-05T02:11:58.738602+09:00
126803,12,당고개순교성지,서울특별시 용산구 청파로 139-26,37.5355770817,126.9669951674,11,170,HS,HS03,HS030200,2025-11-18 13:07:00+09:00,http://tong.visitkorea.or.kr/cms/resource/19/3568219_image2_1.jpg,http://tong.visitkorea.or.kr/cms/resource/19/3568219_image3_1.jpg,2026-09-05T02:11:58.738602+09:00
126999,12,이태원 관광특구,서울 용산구 이태원로 150,37.53392419699384,126.99065548030292,11,170,VE,VE05,VE050100,2026-03-18 10:10:05+09:00,https://tong.visitkorea.or.kr/cms/resource/49/3517449_image2_1.jpg,https://tong.visitkorea.or.kr/cms/resource/49/3517449_image3_1.jpg,2026-09-05T02:11:58.738602+09:00
127016,12,옛 용산신학교와 원효로 예수성심성당,서울특별시 용산구 원효로19길 49 (원효로4가),37.5334771025,126.9544963652,11,170,HS,HS03,HS030200,2025-09-15 13:33:47+09:00,http://tong.visitkorea.or.kr/cms/resource/76/3536976_image2_1.jpg,http://tong.visitkorea.or.kr/cms/resource/76/3536976_image3_1.jpg,2026-09-05T02:11:58.738602+09:00
127643,12,서울 효창공원,서울특별시 용산구 효창원로 177-18 (효창동),37.544508997192324,126.96187719473903,11,170,VE,VE03,VE030500,2026-03-11 10:03:40+09:00,https://tong.visitkorea.or.kr/cms/resource/87/3505687_image2_1.jpg,https://tong.visitkorea.or.kr/cms/resource/87/3505687_image3_1.jpg,2026-09-05T02:11:58.738602+09:00
129703,14,국립중앙박물관,서울특별시 용산구 서빙고로 137 (용산동6가),37.521116788705534,126.97911242871115,11,170,VE,VE07,VE070100,2026-05-22 16:03:07+09:00,https://tong.visitkorea.or.kr/cms/resource/12/3495012_image2_1.jpg,https://tong.visitkorea.or.kr/cms/resource/12/3495012_image3_1.jpg,2026-09-05T02:11:58.738602+09:00
129856,14,숙명여자대학교 박물관,서울특별시 용산구 청파로47길 100,37.5458825232764,126.964545618063,11,170,VE,VE07,VE070100,2026-03-12 09:08:40+09:00,https://tong.visitkorea.or.kr/cms/resource/89/3515289_image2_1.jpg,https://tong.visitkorea.or.kr/cms/resource/89/3515289_image3_1.jpg,2026-09-05T02:11:58.738602+09:00
130352,14,서울특별시교육청 남산도서관,서울특별시 용산구 소월로 109 (후암동),37.5524531569,126.9813656031,11,170,VE,VE09,VE090300,2025-07-03 10:43:16+09:00,http://tong.visitkorea.or.kr/cms/resource/73/3466473_image2_1.JPG,http://tong.visitkorea.or.kr/cms/resource/73/3466473_image3_1.JPG,2026-09-05T02:11:58.738602+09:00
130355,14,서울특별시교육청 용산도서관,서울특별시 용산구 두텁바위로 160 (후암동),37.5519892991,126.9801268407,11,170,VE,VE09,VE090300,2025-07-30 11:08:47+09:00,http://tong.visitkorea.or.kr/cms/resource/01/3514601_image2_1.jpg,http://tong.visitkorea.or.kr/cms/resource/01/3514601_image3_1.jpg,2026-09-05T02:11:58.738602+09:00
130372,14,용산문화원,서울특별시 용산구 효창원로8길 28 (원효로4가),37.5334548409,126.9521854653,11,170,VE,VE09,VE090100,2025-07-30 17:12:32+09:00,http://tong.visitkorea.or.kr/cms/resource/87/3476987_image2_1.JPG,http://tong.visitkorea.or.kr/cms/resource/87/3476987_image3_1.JPG,2026-09-05T02:11:58.738602+09:00
130431,14,전쟁기념관,서울특별시 용산구 이태원로 29,37.5373270838,126.9784385198,11,170,VE,VE07,VE070200,2025-11-26 13:28:25+09:00,http://tong.visitkorea.or.kr/cms/resource/29/3465929_image2_1.JPG,http://tong.visitkorea.or.kr/cms/resource/29/3465929_image3_1.JPG,2026-09-05T02:11:58.738602+09:00
130473,14,백범김구기념관,서울특별시 용산구 임정로 26 (효창동),37.5443314817,126.9592678461,11,170,VE,VE07,VE070200,2025-11-21 15:08:40+09:00,http://tong.visitkorea.or.kr/cms/resource/98/3521598_image2_1.jpg,http://tong.visitkorea.or.kr/cms/resource/98/3521598_image3_1.jpg,2026-09-05T02:11:58.738602+09:00
130525,14,리움미술관,서울특별시 용산구 이태원로55길 60-16 (한남동),37.5385491411,126.998492766,11,170,VE,VE07,VE070600,2026-08-26 16:26:17+09:00,https://tong.visitkorea.or.kr/cms/resource/43/4104643_image2_1.jpg,https://tong.visitkorea.or.kr/cms/resource/43/4104643_image3_1.jpg,2026-09-05T02:11:58.738602+09:00
130573,14,갤러리에스피,서울특별시 용산구 회나무로44가길 30,37.5383633594,126.9943120449,11,170,VE,VE07,VE070600,2025-12-30 13:55:19+09:00,http://tong.visitkorea.or.kr/cms/resource/03/3589603_image2_1.jpg,http://tong.visitkorea.or.kr/cms/resource/03/3589603_image3_1.jpg,2026-09-05T02:11:58.738602+09:00
130628,14,박여숙화랑,서울특별시 용산구 소월로38길 30-34,37.544151503,126.9902678047,11,170,VE,VE07,VE070600,2025-09-24 16:08:46+09:00,http://tong.visitkorea.or.kr/cms/resource/08/3542608_image2_1.jpg,http://tong.visitkorea.or.kr/cms/resource/08/3542608_image3_1.jpg,2026-09-05T02:11:58.738602+09:00
130630,14,백해영갤러리,서울특별시 용산구 이태원로27길 77,37.5364564420112,126.994842931809,11,170,VE,VE07,VE070600,2026-03-04 10:04:26+09:00,https://tong.visitkorea.or.kr/cms/resource/39/1865339_image2_1.jpg,https://tong.visitkorea.or.kr/cms/resource/39/1865339_image3_1.jpg,2026-09-05T02:11:58.738602+09:00
130637,14,어반아트,서울특별시 용산구 소월로44길 7 어반아트,37.5424878528,126.9927953989,11,170,VE,VE07,VE070600,2025-09-24 16:14:56+09:00,http://tong.visitkorea.or.kr/cms/resource/24/3542624_image2_1.jpg,http://tong.visitkorea.or.kr/cms/resource/24/3542624_image3_1.jpg,2026-09-05T02:11:58.738602+09:00
130968,14,주한독일문화원,서울특별시 용산구 소월로 132 독일문화원,37.550718372662,126.982690932547,11,170,VE,VE09,VE090200,2026-03-12 09:08:40+09:00,https://tong.visitkorea.or.kr/cms/resource/62/3507362_image2_1.jpg,https://tong.visitkorea.or.kr/cms/resource/62/3507362_image3_1.jpg,2026-09-05T02:11:58.738602+09:00
131519,28,그랜드하얏트 서울 아이스링크,서울특별시 용산구 소월로 322 (한남동),37.54042995537658,126.99686296041813,11,170,LS,LS01,LS010900,2026-03-12 10:07:36+09:00,,,2026-09-05T02:11:58.738602+09:00
132229,38,용산전자랜드,서울특별시 용산구 청파로 74 (한강로3가),37.5327661657,126.9596403612,11,170,SH,SH05,SH050200,2026-01-05 11:41:45+09:00,http://tong.visitkorea.or.kr/cms/resource/37/3589437_image2_1.jpg,http://tong.visitkorea.or.kr/cms/resource/37/3589437_image3_1.jpg,2026-09-05T02:11:58.738602+09:00
132580,38,해밀톤 쇼핑센터,서울특별시 용산구 이태원로 179 (이태원동),37.5346860011,126.9938927421,11,170,SH,SH02,SH020100,2025-07-03 10:26:14+09:00,http://tong.visitkorea.or.kr/cms/resource/30/3467130_image2_1.jpg,http://tong.visitkorea.or.kr/cms/resource/30/3467130_image3_1.jpg,2026-09-05T02:11:58.738602+09:00
132832,39,유진막국수,서울특별시 용산구 장문로 18,37.5284339228,126.9923708355,11,170,FD,FD01,FD010100,2025-12-24 12:42:21+09:00,,,2026-09-05T02:11:58.738602+09:00
135131,39,한쿡 N서울타워,서울특별시 용산구 남산공원길 105,37.5510545366352,126.987882083295,11,170,FD,FD01,FD010100,2026-04-10 10:42:33+09:00,,,2026-09-05T02:11:58.738602+09:00
135317,39,챠크라,서울특별시 용산구 독서당로 83 (한남동),37.53448994546451,127.00968614538513,11,170,FD,FD02,FD020400,2026-04-10 09:29:57+09:00,,,2026-09-05T02:11:58.738602+09:00
135423,39,니와,서울특별시 용산구 이촌로75길 22 (이촌동),37.5207107709851,126.974478699341,11,170,FD,FD02,FD020200,2026-02-06 16:32:01+09:00,,,2026-09-05T02:11:58.738602+09:00
135683,39,더플레이스다이닝,서울특별시 용산구 남산공원길 105,37.5511089858,126.9878983791,11,170,FD,FD02,FD020300,2025-12-12 16:58:01+09:00,,,2026-09-05T02:11:58.738602+09:00
135684,39,엔그릴,서울특별시 용산구 남산공원길 105 (용산동2가) 7층,37.55111614648555,126.98785960003548,11,170,FD,FD02,FD020300,2026-04-10 09:22:22+09:00,,,2026-09-05T02:11:58.738602+09:00
142733,32,그랜드 하얏트 서울,서울특별시 용산구 소월로 322,37.5396005504,126.9974509212,11,170,AC,AC01,AC010100,2026-08-06 16:12:38+09:00,https://tong.visitkorea.or.kr/cms/resource/66/4096566_image2_1.jpg,https://tong.visitkorea.or.kr/cms/resource/66/4096566_image3_1.jpg,2026-09-05T02:11:58.738602+09:00
142767,32,해밀톤 호텔,서울특별시 용산구 이태원로 179,37.5347399645297,126.993734755467,11,170,AC,AC01,AC010100,2026-04-27 16:00:16+09:00,https://tong.visitkorea.or.kr/cms/resource/58/4010858_image2_1.jpg,https://tong.visitkorea.or.kr/cms/resource/58/4010858_image3_1.jpg,2026-09-05T02:11:58.738602+09:00
142771,32,임피리얼 팰리스 부티크 호텔,서울특별시 용산구 이태원로 221 임피리얼 팰리스  부티크 호텔,37.5354165502,126.998245103,11,170,AC,AC01,AC010100,2026-01-05 16:33:34+09:00,http://tong.visitkorea.or.kr/cms/resource/74/3592274_image2_1.jpg,http://tong.visitkorea.or.kr/cms/resource/74/3592274_image3_1.jpg,2026-09-05T02:11:58.738602+09:00
1439094,14,블루스퀘어,서울특별시 용산구 이태원로 294 (한남동),37.5408717094,127.0024870993,11,170,VE,VE06,VE060100,2026-07-28 11:27:25+09:00,https://tong.visitkorea.or.kr/cms/resource/53/4093453_image2_1.jpg,https://tong.visitkorea.or.kr/cms/resource/53/4093453_image3_1.jpg,2026-09-05T02:11:58.738602+09:00
1603296,12,서빙고동 부군당,서울특별시 용산구 서빙고로59길 3-6 (서빙고동),37.5205209674,126.9931932063,11,170,HS,HS03,HS030400,2025-09-24 16:35:20+09:00,http://tong.visitkorea.or.kr/cms/resource/78/3542778_image2_1.jpg,http://tong.visitkorea.or.kr/cms/resource/78/3542778_image3_1.jpg,2026-09-05T02:11:58.738602+09:00
1603482,12,남산 야외식물원,서울특별시 용산구 이태원동 259-16,37.5426,126.9949,11,170,NA,NA04,NA040700,2026-05-27 16:52:03+09:00,https://tong.visitkorea.or.kr/cms/resource/19/4062319_image2_1.jpg,https://tong.visitkorea.or.kr/cms/resource/19/4062319_image3_1.jpg,2026-09-05T02:11:58.738602+09:00
1604580,12,국립중앙박물관 전통염료식물원,서울특별시 용산구 서빙고로 137 (용산동6가),37.5211706397,126.9791278024,11,170,NA,NA04,NA040700,2025-07-11 16:36:27+09:00,http://tong.visitkorea.or.kr/cms/resource/52/3505552_image2_1.jpg,http://tong.visitkorea.or.kr/cms/resource/52/3505552_image3_1.jpg,2026-09-05T02:11:58.738602+09:00
1829573,12,서울학도병참전기념비,서울특별시 용산구 두텁바위로 60 (용산동2가),37.545909426,126.9787771355,11,170,HS,HS02,HS020100,2025-07-03 11:01:59+09:00,http://tong.visitkorea.or.kr/cms/resource/99/3465699_image2_1.jpg,http://tong.visitkorea.or.kr/cms/resource/99/3465699_image3_1.jpg,2026-09-05T02:11:58.738602+09:00
1829827,12,의열사(용산),서울특별시 용산구 효창원로 177-18,37.5452647296,126.9605427036,11,170,HS,HS01,HS010900,2025-10-23 14:30:00+09:00,http://tong.visitkorea.or.kr/cms/resource/79/3550679_image2_1.jpg,http://tong.visitkorea.or.kr/cms/resource/79/3550679_image3_1.jpg,2026-09-05T02:11:58.738602+09:00
1834542,32,레인보우호텔,서울특별시 용산구 한강대로71길 48 (갈월동),37.5414392143142,126.972140688434,11,170,AC,AC04,AC040100,2026-02-25 14:48:12+09:00,https://tong.visitkorea.or.kr/cms/resource/71/1834571_image2_1.JPG,https://tong.visitkorea.or.kr/cms/resource/71/1834571_image3_1.JPG,2026-09-05T02:11:58.738602+09:00
1835181,12,이봉창 의사 동상,서울특별시 용산구 효창원로 177-18 (효창동),37.544671,126.960576,11,170,VE,VE01,VE010500,2026-03-12 14:07:38+09:00,https://tong.visitkorea.or.kr/cms/resource/97/3502997_image2_1.jpg,https://tong.visitkorea.or.kr/cms/resource/97/3502997_image3_1.jpg,2026-09-05T02:11:58.738602+09:00
1835201,12,이원등 상사상,서울특별시 용산구 양녕로 446 (이촌동),37.5174179428,126.9592824935,11,170,VE,VE01,VE010500,2025-08-06 09:32:15+09:00,http://tong.visitkorea.or.kr/cms/resource/72/3517372_image2_1.jpg,http://tong.visitkorea.or.kr/cms/resource/72/3517372_image3_1.jpg,2026-09-05T02:11:58.738602+09:00
1887839,39,케르반 레스토랑,서울특별시 용산구 이태원로 192,37.5343622626667,126.995387382863,11,170,FD,FD02,FD020400,2026-04-09 14:54:44+09:00,,,2026-09-05T02:11:58.738602+09:00
1985351,39,문배동 육칼,서울특별시 용산구 백범로90길 50,37.5365964678,126.970328168,11,170,FD,FD01,FD010100,2025-04-09 16:39:01+09:00,http://tong.visitkorea.or.kr/cms/resource/01/3474801_image2_1.jpg,http://tong.visitkorea.or.kr/cms/resource/01/3474801_image3_1.jpg,2026-09-05T02:11:58.738602+09:00
1987566,12,서해금빛열차,서울특별시 용산구 한강대로23길 55 (한강로3가),37.5297718412,126.964741468,11,170,EX,EX07,EX070200,2026-06-10 11:59:51+09:00,https://tong.visitkorea.or.kr/cms/resource/84/4070284_image2_1.jpg,https://tong.visitkorea.or.kr/cms/resource/84/4070284_image3_1.jpg,2026-09-05T02:11:58.738602+09:00
2022481,32,포포인츠 바이 쉐라톤 조선 서울역,서울특별시 용산구 한강대로 366,37.5511237020675,126.972911319366,11,170,AC,AC01,AC010100,2026-02-12 09:25:24+09:00,https://tong.visitkorea.or.kr/cms/resource/71/2022471_image2_1.jpg,https://tong.visitkorea.or.kr/cms/resource/71/2022471_image3_1.jpg,2026-09-05T02:11:58.738602+09:00
2024964,39,플랜트,서울특별시 용산구 보광로 117 2층,37.5332139565,126.9942483066,11,170,FD,FD02,FD020500,2025-12-24 12:28:00+09:00,,,2026-09-05T02:11:58.738602+09:00
2029960,39,기와,서울특별시 용산구 한강대로21나길 40 (한강로3가),37.5277557163,126.9640706549,11,170,FD,FD01,FD010100,2025-12-31 14:39:41+09:00,,,2026-09-05T02:11:58.738602+09:00
2366967,14,숙명여자대학교 정영양자수박물관,서울특별시 용산구 청파로47길 99 (청파동3가) 르네상스플라자 1층,37.54503856914029,126.96479495755686,11,170,VE,VE07,VE070100,2026-03-12 09:08:40+09:00,https://tong.visitkorea.or.kr/cms/resource/75/3505375_image2_1.jpg,https://tong.visitkorea.or.kr/cms/resource/75/3505375_image3_1.jpg,2026-09-05T02:11:58.738602+09:00
2378251,39,카사블랑카,서울특별시 용산구 신흥로 35 (용산동2가),37.54164249492243,126.98711348865513,11,170,FD,FD02,FD020400,2026-02-06 15:54:08+09:00,https://tong.visitkorea.or.kr/cms/resource/60/2377960_image2_1.jpg,https://tong.visitkorea.or.kr/cms/resource/60/2377960_image3_1.jpg,2026-09-05T02:11:58.738602+09:00
2384290,14,스토리지북앤필름,서울특별시 용산구 신흥로 115-1 (용산동2가),37.54472649468837,126.98314082438343,11,170,VE,VE12,VE120100,2026-04-09 13:46:42+09:00,,,2026-09-05T02:11:58.738602+09:00
2401910,12,이태원 이슬람거리,서울특별시 용산구 우사단로 일대,37.5333457578628,126.99748720709,11,170,EX,EX07,EX070200,2026-03-18 10:10:05+09:00,https://tong.visitkorea.or.kr/cms/resource/97/3520197_image2_1.jpg,https://tong.visitkorea.or.kr/cms/resource/97/3520197_image3_1.jpg,2026-09-05T02:11:58.738602+09:00
2440925,12,레일크루즈 해랑열차,서울특별시 용산구 한강대로 405,37.5547732352305,126.971700222375,11,170,EX,EX07,EX070200,2026-03-12 13:58:41+09:00,https://tong.visitkorea.or.kr/cms/resource/78/3505778_image2_1.jpg,https://tong.visitkorea.or.kr/cms/resource/78/3505778_image3_1.jpg,2026-09-05T02:11:58.738602+09:00
2451912,12,크라운해태 키즈뮤지엄,서울특별시 용산구 한강대로72길 3 (남영동) 지하1층,37.5407599328,126.973658303,11,170,EX,EX06,EX060800,2025-04-08 14:39:51+09:00,http://tong.visitkorea.or.kr/cms/resource/30/3399730_image2_1.JPG,http://tong.visitkorea.or.kr/cms/resource/30/3399730_image3_1.JPG,2026-09-05T02:11:58.738602+09:00
2495404,39,텅앤그루브조인트,서울특별시 용산구 보광로60길 7 1층,37.5340749723,126.9945371451,11,170,FD,FD01,FD010100,2025-12-31 13:46:48+09:00,,,2026-09-05T02:11:58.738602+09:00
2495561,12,서울로 7017,서울특별시 중구 한강대로 405,37.5545193912,126.9706609645,11,170,VE,VE03,VE030100,2025-10-24 10:19:30+09:00,http://tong.visitkorea.or.kr/cms/resource/09/3081409_image2_1.jpg,http://tong.visitkorea.or.kr/cms/resource/09/3081409_image3_1.jpg,2026-09-05T02:11:58.738602+09:00
2535455,39,아르모니움,서울특별시 용산구 대사관로 33,37.5338279082,127.0017364966,11,170,FD,FD02,FD020300,2025-12-11 16:42:12+09:00,,,2026-09-05T02:11:58.738602+09:00
2545035,12,챔피언1250X 아이파크몰 용산점,서울특별시 용산구 한강대로23길 55 (한강로3가) 아이파크몰 리빙파크 6층,37.5297718412,126.964741468,11,170,EX,EX07,EX070200,2026-08-21 11:39:12+09:00,https://tong.visitkorea.or.kr/cms/resource/52/4102652_image2_1.jpg,https://tong.visitkorea.or.kr/cms/resource/52/4102652_image3_1.jpg,2026-09-05T02:11:58.738602+09:00
2568938,32,Jeong's family(정스패밀리),"서울특별시 용산구 효창원로8길 16 (원효로4가,한성 한강수 아파트) 101동 903호",37.5335103739,126.9512744357,11,170,AC,AC06,AC060200,2025-09-15 13:28:59+09:00,,,2026-09-05T02:11:58.738602+09:00
2572829,32,큐브 게스트하우스,"서울특별시 용산구 이태원로23길 28-4 (이태원동) 1, 2층",37.5357636211,126.9920595457,11,170,AC,AC06,AC060200,2025-10-23 14:30:00+09:00,http://tong.visitkorea.or.kr/cms/resource/55/2571555_image2_1.jpg,http://tong.visitkorea.or.kr/cms/resource/55/2571555_image3_1.jpg,2026-09-05T02:11:58.738602+09:00
2605803,14,식민지역사박물관,서울특별시 용산구 청파로47다길 27 (청파동2가),37.5457942414,126.9668546326,11,170,VE,VE07,VE070100,2026-08-12 11:35:17+09:00,https://tong.visitkorea.or.kr/cms/resource/25/4097125_image2_1.jpg,https://tong.visitkorea.or.kr/cms/resource/25/4097125_image3_1.jpg,2026-09-05T02:11:58.738602+09:00
2608909,39,[백년가게]창성옥,서울특별시 용산구 새창로 124-10,37.5364601949,126.9604179636,11,170,FD,FD01,FD010100,2025-12-09 17:07:51+09:00,http://tong.visitkorea.or.kr/cms/resource/70/3580470_image2_1.jpg,http://tong.visitkorea.or.kr/cms/resource/70/3580470_image3_1.jpg,2026-09-05T02:11:58.738602+09:00
2638475,12,노들섬,서울특별시 용산구 양녕로 445 (이촌동),37.5176638138,126.9580364655,11,170,VE,VE12,VE120300,2026-06-23 16:11:15+09:00,https://tong.visitkorea.or.kr/cms/resource/07/4078207_image2_1.jpg,https://tong.visitkorea.or.kr/cms/resource/07/4078207_image3_1.jpg,2026-09-05T02:11:58.738602+09:00
2650771,12,이태원 우사단길,서울특별시 용산구 한남동 763-7,37.5326085465,126.9984451642,11,170,VE,VE04,VE040100,2025-10-23 14:30:00+09:00,http://tong.visitkorea.or.kr/cms/resource/39/3467539_image2_1.jpg,http://tong.visitkorea.or.kr/cms/resource/39/3467539_image3_1.jpg,2026-09-05T02:11:58.738602+09:00
2663306,32,casa cielo,서울특별시 용산구 청파로63길 18 (청파동1가),37.5484006303,126.9691196115,11,170,AC,AC06,AC060200,2025-09-19 16:24:06+09:00,,,2026-09-05T02:11:58.738602+09:00
2706777,32,정스패밀리,"서울특별시 용산구 효창원로8길 16 (원효로4가,한성 한강수 아파트)",37.5338797749,126.9512744253,11,170,AC,AC06,AC060200,2024-12-22 17:44:36+09:00,http://tong.visitkorea.or.kr/cms/resource/26/2566826_image2_1.jpg,http://tong.visitkorea.or.kr/cms/resource/26/2566826_image2_1.jpg,2026-09-05T02:11:58.738602+09:00
2711768,38,현대카드 바이닐앤플라스틱,서울특별시 용산구 이태원로 248 현대카드 바이닐앤플라스틱,37.5368803162,127.0008837102,11,170,SH,SH05,SH050200,2025-12-31 11:46:17+09:00,,,2026-09-05T02:11:58.738602+09:00
2714028,14,쾨닉 서울,서울특별시 용산구 소월로38길 30-34 (이태원동) B1F,37.544151503,126.9902678047,11,170,VE,VE07,VE070600,2025-12-23 13:07:13+09:00,http://tong.visitkorea.or.kr/cms/resource/06/3463106_image2_1.jpg,http://tong.visitkorea.or.kr/cms/resource/06/3463106_image3_1.jpg,2026-09-05T02:11:58.738602+09:00
2714284,14,용산도시기억전시관,"서울특별시 용산구 서빙고로 17 (한강로3가) 용산센트럴파크 해링턴스퀘어 공공시설동 1, 2층",37.525656008,126.9667565805,11,170,VE,VE07,VE070300,2025-08-08 15:36:52+09:00,http://tong.visitkorea.or.kr/cms/resource/81/3437081_image2_1.jpg,http://tong.visitkorea.or.kr/cms/resource/81/3437081_image3_1.jpg,2026-09-05T02:11:58.738602+09:00
2717322,39,꾸에바마테라,서울특별시 용산구 소월로20길 28-1 (용산동2가),37.5453318316,126.9852293414,11,170,FD,FD05,FD050100,2025-10-27 18:24:54+09:00,,,2026-09-05T02:11:58.738602+09:00
2733960,39,맥심플랜트,서울특별시 용산구 이태원로 250 (한남동),37.5370148181292,127.000972873706,11,170,FD,FD05,FD050100,2026-03-12 11:28:23+09:00,,,2026-09-05T02:11:58.738602+09:00
2740116,39,해방촌 혼고,서울특별시 용산구 신흥로 89,37.545731789,126.9854654198,11,170,FD,FD01,FD010100,2025-10-29 11:00:11+09:00,,,2026-09-05T02:11:58.738602+09:00
2745550,39,오근내닭갈비,서울특별시 용산구 이촌로29길 15 (한강로3가),37.5245239287817,126.959724474013,11,170,FD,FD01,FD010100,2026-02-13 15:14:41+09:00,https://tong.visitkorea.or.kr/cms/resource/63/2780463_image2_1.png,https://tong.visitkorea.or.kr/cms/resource/63/2780463_image3_1.png,2026-09-05T02:11:58.738602+09:00
2758116,39,메종 한남,서울특별시 용산구 유엔빌리지3길 24,37.5343086091,127.0129521277,11,170,FD,FD02,FD020300,2025-07-25 14:16:33+09:00,http://tong.visitkorea.or.kr/cms/resource/58/3045758_image2_1.jpg,http://tong.visitkorea.or.kr/cms/resource/58/3045758_image3_1.jpg,2026-09-05T02:11:58.738602+09:00
2758125,12,왜고개,서울특별시 용산구 한강대로40길 46 (용산동5가),37.5300444768,126.9717476685,11,170,HS,HS03,HS030200,2025-10-23 14:30:00+09:00,http://tong.visitkorea.or.kr/cms/resource/07/3542807_image2_1.jpg,http://tong.visitkorea.or.kr/cms/resource/07/3542807_image3_1.jpg,2026-09-05T02:11:58.738602+09:00
2758130,39,오만지아,서울특별시 용산구 유엔빌리지길 14 (한남동),37.5340335862,127.0098635282,11,170,FD,FD02,FD020300,2025-12-30 13:25:57+09:00,http://tong.visitkorea.or.kr/cms/resource/89/2789789_image2_1.jpg,http://tong.visitkorea.or.kr/cms/resource/89/2789789_image2_1.jpg,2026-09-05T02:11:58.738602+09:00
2758150,12,용산역광장,서울특별시 용산구 한강대로23길 55 (한강로3가),37.5298249324,126.9647566449,11,170,VE,VE03,VE030500,2025-07-03 10:21:44+09:00,http://tong.visitkorea.or.kr/cms/resource/04/3467504_image2_1.jpg,http://tong.visitkorea.or.kr/cms/resource/04/3467504_image3_1.jpg,2026-09-05T02:11:58.738602+09:00
2758834,39,IOU,서울특별시 용산구 원효로1길 16 (청암동),37.5351695990857,126.945633878814,11,170,FD,FD02,FD020300,2026-03-12 11:39:58+09:00,,,2026-09-05T02:11:58.738602+09:00
2758868,12,거북선나루터(이촌 수상훈련장),서울 용산구 이촌동 302-20,37.517195,126.969158,11,170,NA,NA02,NA020100,2026-04-28 11:20:43+09:00,https://tong.visitkorea.or.kr/cms/resource/02/3446702_image2_1.jpg,https://tong.visitkorea.or.kr/cms/resource/02/3446702_image3_1.jpg,2026-09-05T02:11:58.738602+09:00
2760240,38,후암시장,서울특별시 용산구 후암로35길 24 (후암동),37.5505143975,126.9760189231,11,170,SH,SH06,SH060200,2025-08-12 09:23:53+09:00,http://tong.visitkorea.or.kr/cms/resource/69/3520069_image2_1.jpg,http://tong.visitkorea.or.kr/cms/resource/69/3520069_image3_1.jpg,2026-09-05T02:11:58.738602+09:00
2760249,12,성촌공원,서울특별시 용산구 이촌로 124 (이촌동),19.69442748,117.9925662504,11,170,VE,VE03,VE030100,2025-07-03 10:15:00+09:00,http://tong.visitkorea.or.kr/cms/resource/93/3468093_image2_1.jpg,http://tong.visitkorea.or.kr/cms/resource/93/3468093_image3_1.jpg,2026-09-05T02:11:58.738602+09:00
2761474,38,만리시장,서울특별시 용산구 효창원로 276,37.5516390373,126.9632283903,11,170,SH,SH06,SH060200,2025-11-18 16:10:48+09:00,http://tong.visitkorea.or.kr/cms/resource/74/3564974_image2_1.jpg,http://tong.visitkorea.or.kr/cms/resource/74/3564974_image3_1.jpg,2026-09-05T02:11:58.738602+09:00
2761544,12,해방촌마을,서울특별시 용산구 신흥로3가길 66 (용산동2가),37.5427821054,126.9840128576,11,170,VE,VE04,VE040200,2025-11-18 11:37:02+09:00,http://tong.visitkorea.or.kr/cms/resource/10/3568210_image2_1.jpg,http://tong.visitkorea.or.kr/cms/resource/10/3568210_image3_1.jpg,2026-09-05T02:11:58.738602+09:00
2767753,12,후암거실,서울특별시 용산구 두텁바위로1가길 47 (후암동),37.5484924136,126.9762495143,11,170,VE,VE12,VE120300,2025-09-24 16:29:12+09:00,http://tong.visitkorea.or.kr/cms/resource/59/3542759_image2_1.jpg,http://tong.visitkorea.or.kr/cms/resource/59/3542759_image3_1.jpg,2026-09-05T02:11:58.738602+09:00
2773303,14,아모레퍼시픽미술관,서울특별시 용산구 한강대로 100 (한강로2가),37.5288445615,126.9686896475,11,170,VE,VE07,VE070600,2025-07-31 13:23:16+09:00,http://tong.visitkorea.or.kr/cms/resource/57/2780457_image2_1.jpg,http://tong.visitkorea.or.kr/cms/resource/57/2780457_image3_1.jpg,2026-09-05T02:11:58.738602+09:00
2775505,14,민주화운동기념관,서울특별시 용산구 한강대로71길 37 (갈월동),37.54097938677357,126.97203406059829,11,170,VE,VE07,VE070200,2026-06-01 17:34:53+09:00,https://tong.visitkorea.or.kr/cms/resource/92/4069392_image2_1.jpg,https://tong.visitkorea.or.kr/cms/resource/92/4069392_image3_1.jpg,2026-09-05T02:11:58.738602+09:00
2779128,39,공기(Gongi),서울특별시 용산구 이태원로45길 4 (한남동),37.536252584,126.9993644218,11,170,FD,FD01,FD010100,2025-11-24 11:30:46+09:00,http://tong.visitkorea.or.kr/cms/resource/18/3572218_image2_1.jpg,http://tong.visitkorea.or.kr/cms/resource/18/3572218_image3_1.jpg,2026-09-05T02:11:58.738602+09:00
2779136,39,리틀넥한남,서울특별시 용산구 한남대로27길 66 (한남동),37.5396006509257,127.00301149006,11,170,FD,FD02,FD020300,2026-03-12 15:41:22+09:00,https://tong.visitkorea.or.kr/cms/resource/97/3580497_image2_1.jpg,https://tong.visitkorea.or.kr/cms/resource/97/3580497_image3_1.jpg,2026-09-05T02:11:58.738602+09:00
2782572,39,챔프커피 이태원,서울특별시 용산구 녹사평대로26가길 24 (이태원동),37.5324985542425,126.99280435452,11,170,FD,FD05,FD050100,2026-02-11 09:57:22+09:00,,,2026-09-05T02:11:58.738602+09:00
2783317,12,용산공원 부분개방부지,서울특별시 용산구 서빙고로 221 (용산동6가),37.5230097734,126.9891846341,11,170,VE,VE03,VE030500,2026-06-08 13:57:28+09:00,https://tong.visitkorea.or.kr/cms/resource/27/3535027_image2_1.jpg,https://tong.visitkorea.or.kr/cms/resource/27/3535027_image3_1.jpg,2026-09-05T02:11:58.738602+09:00
2783339,14,별책부록,서울특별시 용산구 신흥로16길 7 (용산동2가),37.5449846812,126.9870125224,11,170,VE,VE12,VE120100,2025-03-07 13:44:04+09:00,http://tong.visitkorea.or.kr/cms/resource/61/2794361_image2_1.jpg,http://tong.visitkorea.or.kr/cms/resource/61/2794361_image3_1.jpg,2026-09-05T02:11:58.738602+09:00
2783403,39,르몽블랑,서울특별시 용산구 신흥로 99-4 (용산동2가),37.5449107862,126.9848436659,11,170,FD,FD05,FD050100,2026-07-24 09:18:13+09:00,https://tong.visitkorea.or.kr/cms/resource/13/3587013_image2_1.jpg,https://tong.visitkorea.or.kr/cms/resource/13/3587013_image3_1.jpg,2026-09-05T02:11:58.738602+09:00
2783540,14,알부스갤러리,서울특별시 용산구 한남대로28길 26 (한남동),37.538199953,127.0059048436,11,170,VE,VE07,VE070600,2026-08-05 13:30:41+09:00,https://tong.visitkorea.or.kr/cms/resource/97/3562097_image2_1.jpg,https://tong.visitkorea.or.kr/cms/resource/97/3562097_image3_1.jpg,2026-09-05T02:11:58.738602+09:00
2787221,39,케냐키암부,서울특별시 용산구 회나무로44길 36 (이태원동),37.5398754830078,126.995578873673,11,170,FD,FD05,FD050100,2026-03-12 15:51:26+09:00,,,2026-09-05T02:11:58.738602+09:00
2787228,39,일미장어,서울특별시 용산구 후암로57길 35-15 (동자동),37.5521975063,126.9744412414,11,170,FD,FD01,FD010100,2025-09-24 13:47:00+09:00,http://tong.visitkorea.or.kr/cms/resource/92/2789792_image2_1.jpg,http://tong.visitkorea.or.kr/cms/resource/92/2789792_image2_1.jpg,2026-09-05T02:11:58.738602+09:00
2804387,32,린다픽,서울특별시 용산구 이태원로23길 26-5 (이태원동),37.5358052852,126.9922206404,11,170,AC,AC06,AC060200,2024-11-26 13:29:57+09:00,http://tong.visitkorea.or.kr/cms/resource/10/2803310_image2_1.jpg,http://tong.visitkorea.or.kr/cms/resource/10/2803310_image3_1.jpg,2026-09-05T02:11:58.738602+09:00
2804988,39,자코비버거,서울특별시 용산구 용산동2가 신흥로 (38),37.5418056558006,126.987421280842,11,170,FD,FD03,FD030200,2026-02-13 13:45:37+09:00,,,2026-09-05T02:11:58.738602+09:00
2806716,39,미미옥,서울특별시 용산구 한강로3가 한강대로15길 (27),37.5262765521337,126.963004659824,11,170,FD,FD02,FD020400,2026-03-12 16:15:07+09:00,https://tong.visitkorea.or.kr/cms/resource/15/4006515_image2_1.jpeg,https://tong.visitkorea.or.kr/cms/resource/15/4006515_image3_1.jpeg,2026-09-05T02:11:58.738602+09:00
2807589,39,효뜨,서울특별시 용산구 한강대로40가길 6,37.5303512054,126.971306512,11,170,FD,FD02,FD020400,2026-07-24 09:05:47+09:00,https://tong.visitkorea.or.kr/cms/resource/73/3572373_image2_1.jpg,https://tong.visitkorea.or.kr/cms/resource/73/3572373_image3_1.jpg,2026-09-05T02:11:58.738602+09:00
2808041,39,후암편백,서울특별시 용산구 후암로 57-1,37.5510643493,126.9769049376,11,170,FD,FD02,FD020400,2025-12-03 15:51:07+09:00,http://tong.visitkorea.or.kr/cms/resource/96/3578196_image2_1.jpg,http://tong.visitkorea.or.kr/cms/resource/96/3578196_image3_1.jpg,2026-09-05T02:11:58.738602+09:00
2809941,39,알페도,서울특별시 용산구 이태원로 174 (이태원동),37.5343332526,126.9932483664,11,170,FD,FD02,FD020400,2025-09-23 18:10:06+09:00,http://tong.visitkorea.or.kr/cms/resource/82/2809082_image2_1.jpg,http://tong.visitkorea.or.kr/cms/resource/82/2809082_image3_1.jpg,2026-09-05T02:11:58.738602+09:00
2809943,39,도깨비코티지,서울특별시 용산구 소월로2나길 6-1,37.5532707374065,126.97705529838,11,170,FD,FD02,FD020300,2026-03-12 16:35:59+09:00,,,2026-09-05T02:11:58.738602+09:00
2814836,39,다과상사,서울특별시 용산구 백범로 291,37.53942654,126.9617010969,11,170,FD,FD05,FD050100,2025-12-09 17:19:08+09:00,http://tong.visitkorea.or.kr/cms/resource/76/3580476_image2_1.jpg,http://tong.visitkorea.or.kr/cms/resource/76/3580476_image3_1.jpg,2026-09-05T02:11:58.738602+09:00
2815118,39,몽탄,서울특별시 용산구 백범로99길 50,37.5359949787481,126.972242371179,11,170,FD,FD01,FD010100,2026-03-12 16:39:42+09:00,,,2026-09-05T02:11:58.738602+09:00
2816502,15,서울서커스페스티벌,서울특별시 용산구 양녕로 445 (이촌동) 노들섬,37.51766381377982,126.9580364654902,11,170,EV,EV03,EV030400,2026-04-06 14:03:49+09:00,https://tong.visitkorea.or.kr/cms/resource/23/4055623_image2_1.png,https://tong.visitkorea.or.kr/cms/resource/23/4055623_image3_1.png,2026-09-05T02:11:58.738602+09:00
2816970,39,보니스피자펍,서울특별시 용산구 신흥로3길 2,37.5411890554616,126.986932457202,11,170,FD,FD02,FD020300,2026-02-11 10:04:03+09:00,,,2026-09-05T02:11:58.738602+09:00
2818501,15,제132주년 동학농민혁명 기념식,서울특별시 용산구 서빙고로 137 (용산동6가),37.5247022357875,126.977740246542,11,170,EV,EV03,EV030400,2026-04-17 14:14:04+09:00,https://tong.visitkorea.or.kr/cms/resource/50/4058750_image2_1.jpg,https://tong.visitkorea.or.kr/cms/resource/50/4058750_image3_1.jpg,2026-09-05T02:11:58.738602+09:00
2823949,39,고두리 용산점,서울특별시 용산구 한강대로39길 10,37.5308748789,126.9686007095,11,170,FD,FD01,FD010100,2025-12-11 17:10:02+09:00,,,2026-09-05T02:11:58.738602+09:00
2836064,39,남영돈,서울특별시 용산구 한강대로80길 17,37.5428013647,126.9737915663,11,170,FD,FD01,FD010100,2025-09-02 15:32:30+09:00,http://tong.visitkorea.or.kr/cms/resource/53/2836053_image2_1.jpg,http://tong.visitkorea.or.kr/cms/resource/53/2836053_image3_1.jpg,2026-09-05T02:11:58.738602+09:00
2836098,39,쥬에,서울특별시 용산구 독서당로 124-7 (한남동),37.5375526745,127.0128214929,11,170,FD,FD02,FD020100,2025-09-02 15:42:59+09:00,http://tong.visitkorea.or.kr/cms/resource/93/2836093_image2_1.jpg,http://tong.visitkorea.or.kr/cms/resource/93/2836093_image3_1.jpg,2026-09-05T02:11:58.738602+09:00
2836432,39,태향,서울특별시 용산구 후암로57길 3-10,37.5532012577657,126.974638869409,11,170,FD,FD02,FD020100,2026-03-12 16:48:40+09:00,,,2026-09-05T02:11:58.738602+09:00
2837902,39,돈까스잔치 동빙고점,서울특별시 용산구 서빙고로 297,37.5213070453,126.9964290009,11,170,FD,FD01,FD010100,2025-09-04 13:24:52+09:00,http://tong.visitkorea.or.kr/cms/resource/00/2837900_image2_1.jpg,http://tong.visitkorea.or.kr/cms/resource/00/2837900_image3_1.jpg,2026-09-05T02:11:58.738602+09:00
2837921,39,이촌동면옥,서울특별시 용산구 이촌로54길 17,37.5206399391,126.9675899794,11,170,FD,FD01,FD010100,2025-03-13 14:46:59+09:00,http://tong.visitkorea.or.kr/cms/resource/11/2837911_image2_1.jpg,http://tong.visitkorea.or.kr/cms/resource/11/2837911_image3_1.jpg,2026-09-05T02:11:58.738602+09:00
2837937,39,평양집,서울특별시 용산구 한강대로 186,37.5349133954,126.9739889933,11,170,FD,FD01,FD010100,2025-09-04 13:35:42+09:00,http://tong.visitkorea.or.kr/cms/resource/32/2837932_image2_1.jpg,http://tong.visitkorea.or.kr/cms/resource/32/2837932_image3_1.jpg,2026-09-05T02:11:58.738602+09:00
2841097,39,쏭타이 본점,서울특별시 용산구 이태원로20가길 7-2,37.5337777517,126.9926956553,11,170,FD,FD02,FD020400,2025-12-11 15:53:12+09:00,,,2026-09-05T02:11:58.738602+09:00
2849386,39,나리의 집,서울특별시 용산구 이태원로 245 (한남동),37.5369083075,127.0000400534,11,170,FD,FD01,FD010100,2026-08-05 08:21:03+09:00,https://tong.visitkorea.or.kr/cms/resource/58/3568658_image2_1.jpg,https://tong.visitkorea.or.kr/cms/resource/58/3568658_image3_1.jpg,2026-09-05T02:11:58.738602+09:00
2849404,39,동빙고 본점,서울특별시 용산구 이촌로 319 현대아파트,37.5180155081,126.9823414879,11,170,FD,FD05,FD050100,2025-01-16 14:32:14+09:00,http://tong.visitkorea.or.kr/cms/resource/95/2849395_image2_1.jpg,http://tong.visitkorea.or.kr/cms/resource/95/2849395_image3_1.jpg,2026-09-05T02:11:58.738602+09:00
2849540,39,오스테리아 오르조,서울특별시 용산구 한남대로20길 47 (한남동),37.5349473617,127.0095079795,11,170,FD,FD02,FD020300,2025-09-18 10:30:52+09:00,http://tong.visitkorea.or.kr/cms/resource/23/2849523_image2_1.jpg,http://tong.visitkorea.or.kr/cms/resource/23/2849523_image3_1.jpg,2026-09-05T02:11:58.738602+09:00
2849620,39,Summer Lane,서울특별시 용산구 이태원로55가길 49 1층,37.5364108974,126.9992783141,11,170,FD,FD05,FD050100,2025-01-16 15:11:23+09:00,http://tong.visitkorea.or.kr/cms/resource/17/2849617_image2_1.jpg,http://tong.visitkorea.or.kr/cms/resource/17/2849617_image3_1.jpg,2026-09-05T02:11:58.738602+09:00
2851009,39,한입소반,서울특별시 용산구 청파로45길 3 1층,37.5441567006,126.9703362871,11,170,FD,FD03,FD030400,2025-01-10 16:35:58+09:00,http://tong.visitkorea.or.kr/cms/resource/02/2851002_image2_1.jpg,http://tong.visitkorea.or.kr/cms/resource/02/2851002_image3_1.jpg,2026-09-05T02:11:58.738602+09:00
2851114,39,종점숯불갈비,서울특별시 용산구 장문로 112,37.5264482142,127.0019755724,11,170,FD,FD01,FD010100,2025-01-14 16:10:49+09:00,http://tong.visitkorea.or.kr/cms/resource/87/2851087_image2_1.jpg,http://tong.visitkorea.or.kr/cms/resource/87/2851087_image3_1.jpg,2026-09-05T02:11:58.738602+09:00
2851970,39,뇨끼바,서울특별시 용산구 한남대로20길 41-4 1층,37.5350667926,127.0095190865,11,170,FD,FD02,FD020300,2025-01-20 17:44:35+09:00,http://tong.visitkorea.or.kr/cms/resource/54/2851954_image2_1.jpg,http://tong.visitkorea.or.kr/cms/resource/54/2851954_image3_1.jpg,2026-09-05T02:11:58.738602+09:00
2851986,39,단박왕돈까스,"서울특별시 용산구 백범로90길 74 (문배동, 이안용산)",37.5372602669,126.9696226583,11,170,FD,FD02,FD020300,2025-09-18 11:08:53+09:00,http://tong.visitkorea.or.kr/cms/resource/77/2851977_image2_1.jpg,http://tong.visitkorea.or.kr/cms/resource/77/2851977_image3_1.jpg,2026-09-05T02:11:58.738602+09:00
2852009,39,단비,서울특별시 용산구 한남대로20길 21-12 (한남동),37.5352723121,127.0088135891,11,170,FD,FD01,FD010100,2025-09-18 11:11:00+09:00,http://tong.visitkorea.or.kr/cms/resource/96/2851996_image2_1.jpg,http://tong.visitkorea.or.kr/cms/resource/96/2851996_image3_1.jpg,2026-09-05T02:11:58.738602+09:00
2852021,39,부첼리하우스,서울특별시 용산구 독서당로 122-1 포트힐(Fort Hill) 빌딩,37.5368999735,127.0128715069,11,170,FD,FD02,FD020300,2025-09-18 11:18:00+09:00,http://tong.visitkorea.or.kr/cms/resource/13/2852013_image2_1.jpg,http://tong.visitkorea.or.kr/cms/resource/13/2852013_image3_1.jpg,2026-09-05T02:11:58.738602+09:00
2853672,39,카페미우,서울특별시 용산구 새창로14길 7 1층,37.5391804537427,126.958518619005,11,170,FD,FD05,FD050100,2026-03-12 16:54:22+09:00,,,2026-09-05T02:11:58.738602+09:00
2854888,39,한강회관,서울특별시 용산구 이촌로75길 10-3,37.520396918,126.974350943,11,170,FD,FD01,FD010100,2026-08-04 11:20:34+09:00,,,2026-09-05T02:11:58.738602+09:00
2855434,39,한남동감자탕,서울특별시 용산구 대사관로 73 (한남동),37.5334391449,127.0061833246,11,170,FD,FD01,FD010100,2025-09-24 10:58:21+09:00,http://tong.visitkorea.or.kr/cms/resource/27/2855427_image2_1.jpg,http://tong.visitkorea.or.kr/cms/resource/27/2855427_image3_1.jpg,2026-09-05T02:11:58.738602+09:00
2855454,39,mtl 효창,서울특별시 용산구 효창원로69길 25 송원빌딩,37.5420845501,126.9609177589,11,170,FD,FD05,FD050100,2025-01-21 16:10:25+09:00,http://tong.visitkorea.or.kr/cms/resource/42/2855442_image2_1.jpg,http://tong.visitkorea.or.kr/cms/resource/42/2855442_image3_1.jpg,2026-09-05T02:11:58.738602+09:00
2855483,39,로코스 비비큐 경리단길본점,서울특별시 용산구 회나무로 83 (이태원동),37.541038071,126.9955535221,11,170,FD,FD02,FD020300,2025-09-19 09:36:55+09:00,http://tong.visitkorea.or.kr/cms/resource/64/2855464_image2_1.jpg,http://tong.visitkorea.or.kr/cms/resource/64/2855464_image3_1.jpg,2026-09-05T02:11:58.738602+09:00
2855507,39,셰프테이너,서울특별시 용산구 이태원로27길 101 (한남동),37.5377523303,126.9949314501,11,170,FD,FD02,FD020300,2025-09-19 10:02:17+09:00,http://tong.visitkorea.or.kr/cms/resource/99/2855499_image2_1.jpg,http://tong.visitkorea.or.kr/cms/resource/99/2855499_image3_1.jpg,2026-09-05T02:11:58.738602+09:00
2855553,39,쌍대포소금구이 본점,서울특별시 용산구 청파로 291 (청파동2가),37.5456481921,126.9702140337,11,170,FD,FD01,FD010100,2025-09-19 10:06:01+09:00,http://tong.visitkorea.or.kr/cms/resource/48/2855548_image2_1.jpg,http://tong.visitkorea.or.kr/cms/resource/48/2855548_image3_1.jpg,2026-09-05T02:11:58.738602+09:00
2855577,39,오츠커피 용산점,서울특별시 용산구 원효로89길 13-12 (원효로1가),37.5404681946,126.9677782911,11,170,FD,FD05,FD050100,2025-09-19 10:08:33+09:00,http://tong.visitkorea.or.kr/cms/resource/64/2855564_image2_1.jpg,http://tong.visitkorea.or.kr/cms/resource/64/2855564_image3_1.jpg,2026-09-05T02:11:58.738602+09:00
2855668,39,중식당 청 한남점,서울특별시 용산구 한남대로20길 47-24 (한남동),37.5354195394,127.0100690263,11,170,FD,FD02,FD020100,2025-09-19 10:11:05+09:00,http://tong.visitkorea.or.kr/cms/resource/57/2855657_image2_1.jpg,http://tong.visitkorea.or.kr/cms/resource/57/2855657_image3_1.jpg,2026-09-05T02:11:58.738602+09:00
2855723,39,휴135,서울특별시 용산구 이태원로55나길 6 (한남동),37.536719192,126.9991116538,11,170,FD,FD01,FD010100,2025-09-19 10:14:00+09:00,http://tong.visitkorea.or.kr/cms/resource/04/2855704_image2_1.jpg,http://tong.visitkorea.or.kr/cms/resource/04/2855704_image3_1.jpg,2026-09-05T02:11:58.738602+09:00
2856413,39,마구로센 한남점,서울특별시 용산구 대사관로31길 24 (한남동),37.534338033,127.0060448911,11,170,FD,FD02,FD020200,2026-08-04 11:01:18+09:00,https://tong.visitkorea.or.kr/cms/resource/32/3572032_image2_1.jpg,https://tong.visitkorea.or.kr/cms/resource/32/3572032_image3_1.jpg,2026-09-05T02:11:58.738602+09:00
2856443,39,백년손님,서울특별시 용산구 독서당로 23 (한남동),37.5306617077,127.0071833128,11,170,FD,FD01,FD010100,2025-09-22 14:06:02+09:00,http://tong.visitkorea.or.kr/cms/resource/52/3542052_image2_1.jpg,http://tong.visitkorea.or.kr/cms/resource/52/3542052_image3_1.jpg,2026-09-05T02:11:58.738602+09:00
2856474,39,스즈란테이,"서울특별시 용산구 이촌로 245 (이촌동, 로얄상가)",37.5200012472,126.9744421514,11,170,FD,FD02,FD020200,2025-09-19 11:10:11+09:00,http://tong.visitkorea.or.kr/cms/resource/48/2856448_image2_1.jpg,http://tong.visitkorea.or.kr/cms/resource/48/2856448_image3_1.jpg,2026-09-05T02:11:58.738602+09:00
2856484,39,오복함흥냉면,서울특별시 용산구 한강대로84길 4 (남영동),37.5435234866,126.9728971826,11,170,FD,FD01,FD010100,2025-09-19 11:14:29+09:00,http://tong.visitkorea.or.kr/cms/resource/80/2856480_image2_1.jpg,http://tong.visitkorea.or.kr/cms/resource/80/2856480_image3_1.jpg,2026-09-05T02:11:58.738602+09:00
2856514,39,초원,서울특별시 용산구 한강대로80길 7,37.5426386327246,126.973317077125,11,170,FD,FD01,FD010100,2026-02-06 16:26:11+09:00,,,2026-09-05T02:11:58.738602+09:00
2859916,39,꾸띠자르당,서울특별시 용산구 보광로 120 (이태원동),37.5335000407,126.9946177098,11,170,FD,FD02,FD020300,2025-09-19 16:00:01+09:00,http://tong.visitkorea.or.kr/cms/resource/03/2859903_image2_1.jpg,http://tong.visitkorea.or.kr/cms/resource/03/2859903_image3_1.jpg,2026-09-05T02:11:58.738602+09:00
2859951,39,댓잎갈비 본점,서울특별시 용산구 서빙고로91길 2 댓잎갈비,37.5247441069,127.0018259181,11,170,FD,FD01,FD010100,2026-07-31 10:28:15+09:00,,,2026-09-05T02:11:58.738602+09:00
2859974,39,보광기사식당,서울특별시 용산구 장문로6길 97 (동빙고동),37.526112042,126.9963760925,11,170,FD,FD01,FD010100,2025-10-31 09:53:58+09:00,http://tong.visitkorea.or.kr/cms/resource/68/2859968_image2_1.jpg,http://tong.visitkorea.or.kr/cms/resource/68/2859968_image3_1.jpg,2026-09-05T02:11:58.738602+09:00
2859999,39,양인환대,서울특별시 용산구 한강대로40길 14 (한강로2가),37.5301944282,126.9699922687,11,170,FD,FD01,FD010100,2025-09-02 13:07:18+09:00,http://tong.visitkorea.or.kr/cms/resource/82/2859982_image2_1.jpg,http://tong.visitkorea.or.kr/cms/resource/82/2859982_image3_1.jpg,2026-09-05T02:11:58.738602+09:00
2860024,39,열정도쭈꾸미,서울특별시 용산구 백범로87길 40 (원효로1가),37.5391211499,126.9689587772,11,170,FD,FD01,FD010100,2025-09-02 13:11:48+09:00,http://tong.visitkorea.or.kr/cms/resource/11/2860011_image2_1.jpg,http://tong.visitkorea.or.kr/cms/resource/11/2860011_image3_1.jpg,2026-09-05T02:11:58.738602+09:00
2860052,39,치즈플로,서울특별시 용산구 이태원로49길 19 (한남동),37.5370330506,126.9994588355,11,170,FD,FD02,FD020300,2025-09-02 13:22:27+09:00,http://tong.visitkorea.or.kr/cms/resource/31/2860031_image2_1.jpg,http://tong.visitkorea.or.kr/cms/resource/31/2860031_image3_1.jpg,2026-09-05T02:11:58.738602+09:00
2860077,39,크레이트커피,서울특별시 용산구 독서당로 97,37.5353695584,127.0108078492,11,170,FD,FD05,FD050100,2025-01-14 15:20:22+09:00,http://tong.visitkorea.or.kr/cms/resource/59/2860059_image2_1.jpg,http://tong.visitkorea.or.kr/cms/resource/59/2860059_image3_1.jpg,2026-09-05T02:11:58.738602+09:00
2860101,39,한남작업실,서울특별시 용산구 이태원로55나길 7 (한남동),37.53652756379467,126.99873591190052,11,170,FD,FD05,FD050100,2026-03-12 16:59:37+09:00,,,2026-09-05T02:11:58.738602+09:00
2860187,39,테이블포포,서울특별시 용산구 대사관로31길 25-12 (한남동),37.5347306443,127.0052583723,11,170,FD,FD02,FD020300,2025-09-02 13:34:43+09:00,http://tong.visitkorea.or.kr/cms/resource/65/2860165_image2_1.jpg,http://tong.visitkorea.or.kr/cms/resource/65/2860165_image3_1.jpg,2026-09-05T02:11:58.738602+09:00
2860400,39,베라 한남점,서울특별시 용산구 이태원로 272 (한남동),37.5387634524,127.0020891025,11,170,FD,FD02,FD020300,2025-09-02 13:41:41+09:00,http://tong.visitkorea.or.kr/cms/resource/73/2860373_image2_1.jpg,http://tong.visitkorea.or.kr/cms/resource/73/2860373_image3_1.jpg,2026-09-05T02:11:58.738602+09:00
2860408,39,하나일식,서울특별시 용산구 이촌로64길 61 장미아파트,37.5202273741,126.9676960411,11,170,FD,FD02,FD020200,2026-07-31 09:56:28+09:00,https://tong.visitkorea.or.kr/cms/resource/49/3570549_image2_1.jpg,https://tong.visitkorea.or.kr/cms/resource/49/3570549_image3_1.jpg,2026-09-05T02:11:58.738602+09:00
2867135,39,용호야채곱창,서울특별시 용산구 원효로71길 70,37.5386389039,126.9613322489,11,170,FD,FD01,FD010100,2026-06-08 14:39:31+09:00,https://tong.visitkorea.or.kr/cms/resource/95/3578595_image2_1.jpg,https://tong.visitkorea.or.kr/cms/resource/95/3578595_image3_1.jpg,2026-09-05T02:11:58.738602+09:00
2871082,39,꺼거,서울특별시 용산구 한강대로48길 10,37.5315510558,126.9711259399,11,170,FD,FD02,FD020100,2026-08-04 09:44:19+09:00,https://tong.visitkorea.or.kr/cms/resource/09/3587009_image2_1.jpg,https://tong.visitkorea.or.kr/cms/resource/09/3587009_image3_1.jpg,2026-09-05T02:11:58.738602+09:00
2894065,38,먼데이에디션,서울특별시 용산구 대사관로11길 57 (한남동),37.5358597166801,127.001228967424,11,170,SH,SH04,SH040300,2026-04-12 02:54:34+09:00,https://tong.visitkorea.or.kr/cms/resource/73/4018173_image2_1.jpg,https://tong.visitkorea.or.kr/cms/resource/73/4018173_image3_1.jpg,2026-09-05T02:11:58.738602+09:00
2894073,38,클로체쥬얼리,서울특별시 용산구 청파로20길 95 (한강로3가) 서울드래곤시티 1층,37.5321681514111,126.960884174116,11,170,SH,SH04,SH040300,2026-03-18 10:10:05+09:00,https://tong.visitkorea.or.kr/cms/resource/98/4017498_image2_1.jpg,https://tong.visitkorea.or.kr/cms/resource/98/4017498_image3_1.jpg,2026-09-05T02:11:58.738602+09:00
2894099,38,나이스클랍 롯데아울렛 서울역점,서울특별시 용산구 한강대로 405 (동자동) 3층,37.5548375992165,126.971732581232,11,170,SH,SH04,SH040300,2026-03-17 10:12:58+09:00,https://tong.visitkorea.or.kr/cms/resource/54/4021054_image2_1.jpg,https://tong.visitkorea.or.kr/cms/resource/54/4021054_image3_1.jpg,2026-09-05T02:11:58.738602+09:00
2894226,38,린 롯데아울렛 서울역,서울특별시 용산구 한강대로 405 (동자동) 3층,37.5548375992165,126.971732581232,11,170,SH,SH04,SH040300,2026-03-18 10:10:05+09:00,https://tong.visitkorea.or.kr/cms/resource/06/4021406_image2_1.jpg,https://tong.visitkorea.or.kr/cms/resource/06/4021406_image3_1.jpg,2026-09-05T02:11:58.738602+09:00
2894933,38,ZIP739 한남점,서울특별시 용산구 이태원로 253 (한남동),37.5374186327609,127.000578742334,11,170,SH,SH04,SH040300,2026-03-18 10:10:05+09:00,https://tong.visitkorea.or.kr/cms/resource/52/4017652_image2_1.jpg,https://tong.visitkorea.or.kr/cms/resource/52/4017652_image3_1.jpg,2026-09-05T02:11:58.738602+09:00
2899584,39,페트라,서울특별시 용산구 녹사평대로40길 33 2층,37.5347053328,126.9877377467,11,170,FD,FD02,FD020400,2025-12-11 15:32:52+09:00,,,2026-09-05T02:11:58.738602+09:00
2900419,39,주사부,서울특별시 용산구 이태원로 10,37.5348884143,126.9748805792,11,170,FD,FD02,FD020100,2025-12-29 16:55:12+09:00,,,2026-09-05T02:11:58.738602+09:00
2900816,38,지오송지오 롯데아울렛 서울역점,서울특별시 용산구 한강대로 405 (동자동) 3층,37.5548375992165,126.971732581232,11,170,SH,SH04,SH040300,2026-03-17 10:12:58+09:00,https://tong.visitkorea.or.kr/cms/resource/55/4021055_image2_1.jpg,https://tong.visitkorea.or.kr/cms/resource/55/4021055_image3_1.jpg,2026-09-05T02:11:58.738602+09:00
2901201,38,N기프트,서울특별시 용산구 남산공원길 105 (용산동2가),37.5511225714939,126.987867837993,11,170,SH,SH04,SH040300,2026-04-01 03:58:54+09:00,https://tong.visitkorea.or.kr/cms/resource/90/4018590_image2_1.jpg,https://tong.visitkorea.or.kr/cms/resource/90/4018590_image3_1.jpg,2026-09-05T02:11:58.738602+09:00
2901445,38,띠어리 복합 한남점,서울특별시 용산구 이태원로 251 (한남동),37.5372989804158,127.000463219419,11,170,SH,SH04,SH040300,2026-03-18 10:10:05+09:00,https://tong.visitkorea.or.kr/cms/resource/71/4017171_image2_1.jpeg,https://tong.visitkorea.or.kr/cms/resource/71/4017171_image3_1.jpeg,2026-09-05T02:11:58.738602+09:00
2901495,38,몽벨 용산직영점,서울특별시 용산구 한강대로 92 (한강로2가) B1층,37.5281759339792,126.96752270323,11,170,SH,SH04,SH040300,2026-03-18 10:10:05+09:00,https://tong.visitkorea.or.kr/cms/resource/99/4017999_image2_1.jpg,https://tong.visitkorea.or.kr/cms/resource/99/4017999_image3_1.jpg,2026-09-05T02:11:58.738602+09:00
2902471,38,금강제화 상설아울렛 남영점,서울특별시 용산구 한강대로 283-8 (갈월동),37.5437204162694,126.971599182004,11,170,SH,SH04,SH040300,2026-04-01 01:55:40+09:00,https://tong.visitkorea.or.kr/cms/resource/35/4017435_image2_1.jpg,https://tong.visitkorea.or.kr/cms/resource/35/4017435_image3_1.jpg,2026-09-05T02:11:58.738602+09:00
2902648,38,나이키골프 아이파크몰 용산점,서울특별시 용산구 한강대로23길 55 (한강로3가) 5층,37.5297718014452,126.964741503485,11,170,SH,SH04,SH040300,2026-03-18 10:10:05+09:00,https://tong.visitkorea.or.kr/cms/resource/97/4017997_image2_1.jpg,https://tong.visitkorea.or.kr/cms/resource/97/4017997_image3_1.jpg,2026-09-05T02:11:58.738602+09:00
2902784,38,올리브영 숙대점,서울특별시 용산구 청파로45길 19 (청파동3가),37.5442766793662,126.969380312147,11,170,SH,SH04,SH040300,2026-03-17 10:12:58+09:00,https://tong.visitkorea.or.kr/cms/resource/72/4028772_image2_1.png,https://tong.visitkorea.or.kr/cms/resource/72/4028772_image3_1.png,2026-09-05T02:11:58.738602+09:00
2903045,38,수트서플라이 한남점,서울특별시 용산구 회나무로 89 (이태원동),37.5410520386137,126.996274370526,11,170,SH,SH04,SH040300,2026-03-27 09:21:50+09:00,https://tong.visitkorea.or.kr/cms/resource/24/4018624_image2_1.jpg,https://tong.visitkorea.or.kr/cms/resource/24/4018624_image3_1.jpg,2026-09-05T02:11:58.738602+09:00
2903070,38,파라부트,서울특별시 용산구 이태원로 228-1 (한남동),37.5354455305221,126.999224969592,11,170,SH,SH04,SH040300,2026-03-18 10:10:05+09:00,https://tong.visitkorea.or.kr/cms/resource/50/4017650_image2_1.jpg,https://tong.visitkorea.or.kr/cms/resource/50/4017650_image3_1.jpg,2026-09-05T02:11:58.738602+09:00
2903811,38,아이파크몰의원,서울특별시 용산구 한강대로23길 55 (한강로3가) 6층,37.5297718014452,126.964741503485,11,170,SH,SH04,SH040300,2026-03-16 10:54:17+09:00,https://tong.visitkorea.or.kr/cms/resource/94/4017994_image2_1.jpg,https://tong.visitkorea.or.kr/cms/resource/94/4017994_image3_1.jpg,2026-09-05T02:11:58.738602+09:00
2904949,38,롯데마트 제타플렉스 롯데아울렛 서울역점,서울특별시 중구 한강대로 405 (봉래동2가),37.5547278494914,126.969526329341,11,170,SH,SH04,SH040300,2026-03-19 09:49:59+09:00,https://tong.visitkorea.or.kr/cms/resource/45/4020145_image2_1.jpg,https://tong.visitkorea.or.kr/cms/resource/45/4020145_image3_1.jpg,2026-09-05T02:11:58.738602+09:00
2905086,38,센츄럴팜약국 서울역점,서울특별시 중구 한강대로 405 (봉래동2가),37.5547278494914,126.969526329341,11,170,SH,SH04,SH040300,2026-03-27 09:21:50+09:00,https://tong.visitkorea.or.kr/cms/resource/40/4045940_image2_1.png,https://tong.visitkorea.or.kr/cms/resource/40/4045940_image3_1.png,2026-09-05T02:11:58.738602+09:00
2905287,38,멘드의원,서울특별시 용산구 독서당로 70 (한남동) 현대리버티하우스,37.533599152103,127.008698229017,11,170,SH,SH04,SH040300,2026-03-30 09:16:11+09:00,https://tong.visitkorea.or.kr/cms/resource/72/4018172_image2_1.jpg,https://tong.visitkorea.or.kr/cms/resource/72/4018172_image3_1.jpg,2026-09-05T02:11:58.738602+09:00
2905647,38,킨키로봇 한남점,서울특별시 용산구 이태원로54길 16-3 (한남동),37.5375272697546,127.00243343684,11,170,SH,SH04,SH040300,2026-04-01 03:02:54+09:00,https://tong.visitkorea.or.kr/cms/resource/86/4018086_image2_1.jpg,https://tong.visitkorea.or.kr/cms/resource/86/4018086_image3_1.jpg,2026-09-05T02:11:58.738602+09:00
2906022,38,ABC마트 ST 이태원점,서울특별시 용산구 이태원로 159-1 (이태원동),37.5345445987917,126.991668353633,11,170,SH,SH04,SH040300,2026-03-16 10:35:59+09:00,https://tong.visitkorea.or.kr/cms/resource/56/4017656_image2_1.jpg,https://tong.visitkorea.or.kr/cms/resource/56/4017656_image3_1.jpg,2026-09-05T02:11:58.738602+09:00
2906141,38,나이키 이태원BB타운점,서울특별시 용산구 이태원로 163 (이태원동),37.5345753562491,126.992154973138,11,170,SH,SH04,SH040300,2026-03-18 10:10:05+09:00,https://tong.visitkorea.or.kr/cms/resource/59/4017659_image2_1.jpg,https://tong.visitkorea.or.kr/cms/resource/59/4017659_image3_1.jpg,2026-09-05T02:11:58.738602+09:00
2906408,38,나이키 롯데아울렛 서울역점,서울특별시 용산구 한강대로 405 (동자동) 2층,37.5548375992165,126.971732581232,11,170,SH,SH04,SH040300,2026-03-17 10:12:58+09:00,https://tong.visitkorea.or.kr/cms/resource/24/4021024_image2_1.jpg,https://tong.visitkorea.or.kr/cms/resource/24/4021024_image3_1.jpg,2026-09-05T02:11:58.738602+09:00
2906472,38,닥스구두 롯데아울렛 서울역점,서울특별시 용산구 한강대로 405 (동자동) 3층,37.5548375992165,126.971732581232,11,170,SH,SH04,SH040300,2026-03-17 10:12:58+09:00,https://tong.visitkorea.or.kr/cms/resource/27/4021027_image2_1.jpg,https://tong.visitkorea.or.kr/cms/resource/27/4021027_image3_1.jpg,2026-09-05T02:11:58.738602+09:00
2907220,38,정관장 한강로점,서울특별시 용산구 한강대로 159-1 (한강로1가),37.5334425316261,126.971619145806,11,170,SH,SH04,SH040300,2026-03-16 10:35:59+09:00,https://tong.visitkorea.or.kr/cms/resource/34/4017434_image2_1.jpg,https://tong.visitkorea.or.kr/cms/resource/34/4017434_image3_1.jpg,2026-09-05T02:11:58.738602+09:00
2907646,38,올리브영 숙대입구역점,서울특별시 용산구 한강대로 285 (갈월동),37.5437279731126,126.971927669953,11,170,SH,SH04,SH040300,2026-03-17 10:12:58+09:00,https://tong.visitkorea.or.kr/cms/resource/73/4028773_image2_1.jpg,https://tong.visitkorea.or.kr/cms/resource/73/4028773_image3_1.jpg,2026-09-05T02:11:58.738602+09:00
2908961,38,정관장 한남점,"서울특별시 용산구 한남대로 60 (한남동, 금호리첸시아) 금호리첸시아",37.5344843315796,127.008192362263,11,170,SH,SH04,SH040300,2026-03-30 09:16:11+09:00,https://tong.visitkorea.or.kr/cms/resource/88/4018088_image2_1.jpg,https://tong.visitkorea.or.kr/cms/resource/88/4018088_image3_1.jpg,2026-09-05T02:11:58.738602+09:00
2909052,38,한스양복,서울특별시 용산구 이태원로 134 (이태원동),37.5338843799527,126.988815922078,11,170,SH,SH04,SH040300,2026-04-01 02:23:00+09:00,https://tong.visitkorea.or.kr/cms/resource/62/4017662_image2_1.jpg,https://tong.visitkorea.or.kr/cms/resource/62/4017662_image3_1.jpg,2026-09-05T02:11:58.738602+09:00
2909803,38,리버클래시 롯데아울렛 서울역점,서울특별시 용산구 한강대로 405 (동자동) 3층,37.5548375992165,126.971732581232,11,170,SH,SH04,SH040300,2026-03-17 10:12:58+09:00,https://tong.visitkorea.or.kr/cms/resource/42/4021042_image2_1.jpg,https://tong.visitkorea.or.kr/cms/resource/42/4021042_image3_1.jpg,2026-09-05T02:11:58.738602+09:00
2909834,38,뉴발란스 롯데아울렛 서울역점,서울특별시 용산구 한강대로 405 (동자동) 2층,37.5548375992165,126.971732581232,11,170,SH,SH04,SH040300,2026-03-17 10:12:58+09:00,https://tong.visitkorea.or.kr/cms/resource/28/4021028_image2_1.jpg,https://tong.visitkorea.or.kr/cms/resource/28/4021028_image3_1.jpg,2026-09-05T02:11:58.738602+09:00
2910114,38,비너스 롯데아울렛 서울역점,서울특별시 용산구 한강대로 405 (동자동) 3층,37.5548375992165,126.971732581232,11,170,SH,SH04,SH040300,2026-03-17 10:12:58+09:00,https://tong.visitkorea.or.kr/cms/resource/37/4021037_image2_1.jpg,https://tong.visitkorea.or.kr/cms/resource/37/4021037_image3_1.jpg,2026-09-05T02:11:58.738602+09:00
2910145,38,이태원포스트,서울특별시 용산구 이태원로 169-1 (이태원동),37.534603243432,126.992885300875,11,170,SH,SH04,SH040300,2026-04-01 02:58:38+09:00,https://tong.visitkorea.or.kr/cms/resource/82/4018082_image2_1.jpg,https://tong.visitkorea.or.kr/cms/resource/82/4018082_image3_1.jpg,2026-09-05T02:11:58.738602+09:00
2910439,38,뉴패션양복점,서울특별시 용산구 이태원로 169-1 (이태원동) 1층,37.534603243432,126.992885300875,11,170,SH,SH04,SH040300,2026-03-16 10:54:17+09:00,https://tong.visitkorea.or.kr/cms/resource/99/4017199_image2_1.jpg,https://tong.visitkorea.or.kr/cms/resource/99/4017199_image3_1.jpg,2026-09-05T02:11:58.738602+09:00
2910593,38,러쉬 이태원역점,서울특별시 용산구 이태원로 179 (이태원동),37.5348143960679,126.993735204809,11,170,SH,SH04,SH040300,2026-03-16 10:54:17+09:00,https://tong.visitkorea.or.kr/cms/resource/58/4017658_image2_1.jpg,https://tong.visitkorea.or.kr/cms/resource/58/4017658_image3_1.jpg,2026-09-05T02:11:58.738602+09:00
2910618,38,ZARA 아이파크몰 용산점,서울특별시 용산구 한강대로23길 55 (한강로3가),37.5297718014452,126.964741503485,11,170,SH,SH04,SH040300,2026-03-30 09:16:11+09:00,https://tong.visitkorea.or.kr/cms/resource/95/4017995_image2_1.jpg,https://tong.visitkorea.or.kr/cms/resource/95/4017995_image3_1.jpg,2026-09-05T02:11:58.738602+09:00
2911353,38,올리브영 신용산역점,"서울특별시 용산구 한강대로 95 (한강로2가, 래미안용산 더 센트럴)",37.5288173852679,126.966653789116,11,170,SH,SH04,SH040300,2026-03-17 10:12:58+09:00,https://tong.visitkorea.or.kr/cms/resource/76/4028776_image2_1.jpg,https://tong.visitkorea.or.kr/cms/resource/76/4028776_image3_1.jpg,2026-09-05T02:11:58.738602+09:00
2911409,38,올젠 롯데아울렛 서울역점,서울특별시 용산구 한강대로 405 (동자동) 3층,37.5548375992165,126.971732581232,11,170,SH,SH04,SH040300,2026-03-17 10:12:58+09:00,https://tong.visitkorea.or.kr/cms/resource/43/4021043_image2_1.jpg,https://tong.visitkorea.or.kr/cms/resource/43/4021043_image3_1.jpg,2026-09-05T02:11:58.738602+09:00
2911521,38,ZARA 롯데아울렛 서울역점,서울특별시 용산구 한강대로 405 (동자동) 2층,37.5548375992165,126.971732581232,11,170,SH,SH04,SH040300,2026-03-17 10:12:58+09:00,https://tong.visitkorea.or.kr/cms/resource/25/4021025_image2_1.jpg,https://tong.visitkorea.or.kr/cms/resource/25/4021025_image3_1.jpg,2026-09-05T02:11:58.738602+09:00
2912473,38,이태원 블링크 안경,서울특별시 용산구 이태원로20가길 9-5 (이태원동),37.533842610526,126.992754469339,11,170,SH,SH04,SH040300,2026-04-01 03:00:47+09:00,https://tong.visitkorea.or.kr/cms/resource/83/4018083_image2_1.jpg,https://tong.visitkorea.or.kr/cms/resource/83/4018083_image3_1.jpg,2026-09-05T02:11:58.738602+09:00
2912911,38,디젤,서울특별시 용산구 이태원로 244 (한남동) 1층,37.5364813223241,127.00050055211,11,170,SH,SH04,SH040300,2026-04-01 06:20:23+09:00,https://tong.visitkorea.or.kr/cms/resource/56/4022056_image2_1.jpg,https://tong.visitkorea.or.kr/cms/resource/56/4022056_image3_1.jpg,2026-09-05T02:11:58.738602+09:00
2913582,38,소다 롯데아울렛 서울역점,서울특별시 중구 한강대로 405 (봉래동2가) 3층,37.5547278494914,126.969526329341,11,170,SH,SH04,SH040300,2026-03-27 09:21:50+09:00,https://tong.visitkorea.or.kr/cms/resource/49/4023249_image2_1.jpg,https://tong.visitkorea.or.kr/cms/resource/49/4023249_image3_1.jpg,2026-09-05T02:11:58.738602+09:00
2913749,38,올리브영 동부이촌점,"서울특별시 용산구 이촌로75길 16 (이촌동, 한동아파트)",37.5205919956484,126.974398977485,11,170,SH,SH04,SH040300,2026-03-17 10:12:59+09:00,https://tong.visitkorea.or.kr/cms/resource/68/4028768_image2_1.jpeg,https://tong.visitkorea.or.kr/cms/resource/68/4028768_image3_1.jpeg,2026-09-05T02:11:58.738602+09:00
2914231,38,정관장 동부이촌점,"서울특별시 용산구 이촌로 245 (이촌동, 로얄상가)",37.5199466139347,126.974430079669,11,170,SH,SH04,SH040300,2026-03-18 10:10:05+09:00,https://tong.visitkorea.or.kr/cms/resource/26/4018526_image2_1.jpg,https://tong.visitkorea.or.kr/cms/resource/26/4018526_image3_1.jpg,2026-09-05T02:11:58.738602+09:00
2915315,38,테일러블,서울특별시 용산구 대사관로7길 2 (한남동),37.5342179170176,127.000762119599,11,170,SH,SH04,SH040300,2026-03-18 10:10:05+09:00,https://tong.visitkorea.or.kr/cms/resource/71/4018171_image2_1.jpg,https://tong.visitkorea.or.kr/cms/resource/71/4018171_image3_1.jpg,2026-09-05T02:11:58.738602+09:00
2915669,38,아디다스 퍼포먼스 롯데아울렛 서울역점,서울특별시 용산구 한강대로 405 (동자동) 2층,37.5548375992165,126.971732581232,11,170,SH,SH04,SH040300,2026-03-19 09:49:59+09:00,https://tong.visitkorea.or.kr/cms/resource/30/4021030_image2_1.jpg,https://tong.visitkorea.or.kr/cms/resource/30/4021030_image3_1.jpg,2026-09-05T02:11:58.738602+09:00
2915690,38,K2 롯데아울렛 서울역점,서울특별시 용산구 한강대로 405 (동자동) 4층,37.5548375992165,126.971732581232,11,170,SH,SH04,SH040300,2026-03-17 10:12:59+09:00,https://tong.visitkorea.or.kr/cms/resource/47/4021047_image2_1.jpg,https://tong.visitkorea.or.kr/cms/resource/47/4021047_image3_1.jpg,2026-09-05T02:11:58.738602+09:00
2915693,38,비비안 롯데아울렛 서울역점,서울특별시 용산구 한강대로 405 (동자동) 3층,37.5548375992165,126.971732581232,11,170,SH,SH04,SH040300,2026-03-17 10:12:59+09:00,https://tong.visitkorea.or.kr/cms/resource/36/4021036_image2_1.jpg,https://tong.visitkorea.or.kr/cms/resource/36/4021036_image3_1.jpg,2026-09-05T02:11:58.738602+09:00
2915706,38,리스트 롯데아울렛 서울역점,서울특별시 중구 한강대로 405 (봉래동2가) 3층,37.5547278494914,126.969526329341,11,170,SH,SH04,SH040300,2026-03-27 09:21:50+09:00,https://tong.visitkorea.or.kr/cms/resource/46/4023246_image2_1.jpg,https://tong.visitkorea.or.kr/cms/resource/46/4023246_image3_1.jpg,2026-09-05T02:11:58.738602+09:00
2915847,38,크록스 롯데아울렛 서울역점,서울특별시 용산구 한강대로 405 (동자동) 4층,37.5548375992165,126.971732581232,11,170,SH,SH04,SH040300,2026-03-17 10:12:59+09:00,https://tong.visitkorea.or.kr/cms/resource/58/4021058_image2_1.jpg,https://tong.visitkorea.or.kr/cms/resource/58/4021058_image3_1.jpg,2026-09-05T02:11:58.738602+09:00
2915870,38,쌤소나이트 롯데아울렛 서울역점,서울특별시 용산구 한강대로 405 (동자동) 2층,37.5548375992165,126.971732581232,11,170,SH,SH04,SH040300,2026-03-17 10:12:59+09:00,https://tong.visitkorea.or.kr/cms/resource/35/4021035_image2_1.jpg,https://tong.visitkorea.or.kr/cms/resource/35/4021035_image3_1.jpg,2026-09-05T02:11:58.738602+09:00
2915907,38,폴햄 롯데아울렛 서울역점,서울특별시 용산구 한강대로 405 (동자동) 4층,37.5548375992165,126.971732581232,11,170,SH,SH04,SH040300,2026-03-18 10:10:05+09:00,https://tong.visitkorea.or.kr/cms/resource/07/4021407_image2_1.jpg,https://tong.visitkorea.or.kr/cms/resource/07/4021407_image3_1.jpg,2026-09-05T02:11:58.738602+09:00
2915919,38,SJSJ 롯데아울렛 서울역점,서울특별시 중구 한강대로 405 (봉래동2가) 3층,37.5547278494914,126.969526329341,11,170,SH,SH04,SH040300,2026-03-27 09:21:50+09:00,https://tong.visitkorea.or.kr/cms/resource/48/4023248_image2_1.jpg,https://tong.visitkorea.or.kr/cms/resource/48/4023248_image3_1.jpg,2026-09-05T02:11:58.738602+09:00
2915934,38,블랙야크 롯데아울렛 서울역점,서울특별시 용산구 한강대로 405 (동자동) 4층,37.5548375992165,126.971732581232,11,170,SH,SH04,SH040300,2026-03-17 10:12:59+09:00,https://tong.visitkorea.or.kr/cms/resource/62/4021062_image2_1.jpg,https://tong.visitkorea.or.kr/cms/resource/62/4021062_image3_1.jpg,2026-09-05T02:11:58.738602+09:00
2916032,38,파이너스뮤지엄 롯데아울렛 서울역점,서울특별시 용산구 한강대로 405 (동자동) 2층,37.5548375992165,126.971732581232,11,170,SH,SH04,SH040300,2026-03-17 10:12:59+09:00,https://tong.visitkorea.or.kr/cms/resource/39/4021039_image2_1.jpg,https://tong.visitkorea.or.kr/cms/resource/39/4021039_image3_1.jpg,2026-09-05T02:11:58.738602+09:00
2916113,38,롯데아울렛 서울역점,서울특별시 용산구 한강대로 405 (동자동),37.554837739161556,126.97173241326743,11,170,SH,SH04,SH040300,2026-03-30 14:14:43+09:00,https://tong.visitkorea.or.kr/cms/resource/80/3003480_image2_1.jpg,https://tong.visitkorea.or.kr/cms/resource/80/3003480_image3_1.jpg,2026-09-05T02:11:58.738602+09:00
2916212,38,노스페이스 롯데아울렛 서울역점,서울특별시 용산구 한강대로 405 (동자동) 4층,37.5548375992165,126.971732581232,11,170,SH,SH04,SH040300,2026-03-17 10:12:59+09:00,https://tong.visitkorea.or.kr/cms/resource/59/4021059_image2_1.jpg,https://tong.visitkorea.or.kr/cms/resource/59/4021059_image3_1.jpg,2026-09-05T02:11:58.738602+09:00
2916220,38,시슬리 롯데아울렛 서울역점,서울특별시 용산구 한강대로 405 (동자동) 3층,37.5548375992165,126.971732581232,11,170,SH,SH04,SH040300,2026-03-17 10:12:59+09:00,https://tong.visitkorea.or.kr/cms/resource/50/4021050_image2_1.jpg,https://tong.visitkorea.or.kr/cms/resource/50/4021050_image3_1.jpg,2026-09-05T02:11:58.738602+09:00
2916223,38,베네통 롯데아울렛 서울역점,서울특별시 용산구 한강대로 405 (동자동) 3층,37.5548375992165,126.971732581232,11,170,SH,SH04,SH040300,2026-03-17 10:12:59+09:00,https://tong.visitkorea.or.kr/cms/resource/26/4021026_image2_1.jpg,https://tong.visitkorea.or.kr/cms/resource/26/4021026_image3_1.jpg,2026-09-05T02:11:58.738602+09:00
2916536,38,엔포토,서울특별시 용산구 남산공원길 103 (용산동2가),37.5511821048725,126.98764975571,11,170,SH,SH04,SH040300,2026-04-01 04:03:06+09:00,https://tong.visitkorea.or.kr/cms/resource/92/4018592_image2_1.jpg,https://tong.visitkorea.or.kr/cms/resource/92/4018592_image3_1.jpg,2026-09-05T02:11:58.738602+09:00
2918550,38,지이크 롯데아울렛 서울역점,서울특별시 용산구 한강대로 405 (동자동) 3층,37.5548375992165,126.971732581232,11,170,SH,SH04,SH040300,2026-03-17 10:12:59+09:00,https://tong.visitkorea.or.kr/cms/resource/52/4021052_image2_1.jpg,https://tong.visitkorea.or.kr/cms/resource/52/4021052_image3_1.jpg,2026-09-05T02:11:58.738602+09:00
2918577,38,네파 롯데아울렛 서울역점,서울특별시 용산구 한강대로 405 (동자동) 4층,37.5548375992165,126.971732581232,11,170,SH,SH04,SH040300,2026-03-17 10:12:59+09:00,https://tong.visitkorea.or.kr/cms/resource/48/4021048_image2_1.jpg,https://tong.visitkorea.or.kr/cms/resource/48/4021048_image3_1.jpg,2026-09-05T02:11:58.738602+09:00
2922408,38,비이커 한남점,서울특별시 용산구 이태원로 241 (한남동),37.5366378271487,126.999917064769,11,170,SH,SH04,SH040300,2026-03-16 10:54:17+09:00,https://tong.visitkorea.or.kr/cms/resource/60/4017660_image2_1.jpg,https://tong.visitkorea.or.kr/cms/resource/60/4017660_image3_1.jpg,2026-09-05T02:11:58.738602+09:00
2922409,38,란스미어 한남점,서울특별시 용산구 이태원로 267 (한남동) B1층,37.5384987479277,127.001133061453,11,170,SH,SH04,SH040300,2026-03-25 09:34:32+09:00,https://tong.visitkorea.or.kr/cms/resource/87/4041887_image2_1.jpg,https://tong.visitkorea.or.kr/cms/resource/87/4041887_image3_1.jpg,2026-09-05T02:11:58.738602+09:00
2922511,38,중소기업명품마루 서울역점,서울특별시 용산구 한강대로 405 (동자동) 2층,37.5548375992165,126.971732581232,11,170,SH,SH04,SH040300,2026-03-16 10:54:17+09:00,https://tong.visitkorea.or.kr/cms/resource/38/4017438_image2_1.jpg,https://tong.visitkorea.or.kr/cms/resource/38/4017438_image3_1.jpg,2026-09-05T02:11:58.738602+09:00
2922899,38,미샤 롯데마트 서울역점,서울특별시 중구 한강대로 405 (봉래동2가) 2층,37.5547278494914,126.969526329341,11,170,SH,SH04,SH040300,2026-03-27 09:21:50+09:00,https://tong.visitkorea.or.kr/cms/resource/42/4023242_image2_1.jpg,https://tong.visitkorea.or.kr/cms/resource/42/4023242_image3_1.jpg,2026-09-05T02:11:58.738602+09:00
2922906,38,오디오파크,서울특별시 용산구 청파로 74 (한강로3가),37.5327888550584,126.959558538475,11,170,SH,SH04,SH040300,2026-03-16 10:54:17+09:00,https://tong.visitkorea.or.kr/cms/resource/00/4017500_image2_1.jpg,https://tong.visitkorea.or.kr/cms/resource/00/4017500_image3_1.jpg,2026-09-05T02:11:58.738602+09:00
2923984,38,핑 팬텀 롯데아울렛 서울역점,서울특별시 중구 한강대로 405 (봉래동2가) 4층,37.5547278494914,126.969526329341,11,170,SH,SH04,SH040300,2026-03-19 04:13:49+09:00,https://tong.visitkorea.or.kr/cms/resource/45/4023245_image2_1.jpg,https://tong.visitkorea.or.kr/cms/resource/45/4023245_image3_1.jpg,2026-09-05T02:11:58.738602+09:00
2924012,38,탠디 롯데아울렛 서울역점,서울특별시 용산구 한강대로 405 (동자동) 3층,37.5548375992165,126.971732581232,11,170,SH,SH04,SH040300,2026-03-17 10:12:59+09:00,https://tong.visitkorea.or.kr/cms/resource/44/4021044_image2_1.jpg,https://tong.visitkorea.or.kr/cms/resource/44/4021044_image3_1.jpg,2026-09-05T02:11:58.738602+09:00
2924014,38,컬럼비아 롯데아울렛 서울역점,서울특별시 용산구 한강대로 405 (동자동) 4층,37.5548375992165,126.971732581232,11,170,SH,SH04,SH040300,2026-03-17 10:12:59+09:00,https://tong.visitkorea.or.kr/cms/resource/60/4021060_image2_1.jpg,https://tong.visitkorea.or.kr/cms/resource/60/4021060_image3_1.jpg,2026-09-05T02:11:58.738602+09:00
2924042,38,아이더 롯데아울렛 서울역점,서울특별시 용산구 한강대로 405 (동자동) 4층,37.5548375992165,126.971732581232,11,170,SH,SH04,SH040300,2026-03-26 09:20:41+09:00,https://tong.visitkorea.or.kr/cms/resource/18/4022418_image2_1.jpg,https://tong.visitkorea.or.kr/cms/resource/18/4022418_image3_1.jpg,2026-09-05T02:11:58.738602+09:00
2924173,38,올리브영 이태원입구점,서울특별시 용산구 이태원로 145 (이태원동),37.5345885203978,126.989907748728,11,170,SH,SH04,SH040300,2026-03-17 10:12:59+09:00,https://tong.visitkorea.or.kr/cms/resource/69/4028769_image2_1.jpg,https://tong.visitkorea.or.kr/cms/resource/69/4028769_image3_1.jpg,2026-09-05T02:11:58.738602+09:00
2924238,38,르 라보 이태원점,서울특별시 용산구 이태원로 259 (한남동),37.5378119164348,127.0010202438,11,170,SH,SH04,SH040300,2026-03-16 10:54:17+09:00,https://tong.visitkorea.or.kr/cms/resource/49/4017649_image2_1.jpg,https://tong.visitkorea.or.kr/cms/resource/49/4017649_image3_1.jpg,2026-09-05T02:11:58.738602+09:00
2924472,38,이니스프리 이태원점,서울특별시 용산구 이태원로 160-1 (이태원동),37.5341706003243,126.991768072636,11,170,SH,SH04,SH040300,2026-03-16 10:35:59+09:00,https://tong.visitkorea.or.kr/cms/resource/55/4017655_image2_1.jpg,https://tong.visitkorea.or.kr/cms/resource/55/4017655_image3_1.jpg,2026-09-05T02:11:58.738602+09:00
2925162,38,초이컴,서울특별시 용산구 청파로 74 (한강로3가),37.5327888550584,126.959558538475,11,170,SH,SH04,SH040300,2026-03-16 10:54:17+09:00,https://tong.visitkorea.or.kr/cms/resource/99/4017499_image2_1.jpg,https://tong.visitkorea.or.kr/cms/resource/99/4017499_image3_1.jpg,2026-09-05T02:11:58.738602+09:00
2925613,38,이태원맨인블랙안경원,서울특별시 용산구 이태원로54가길 4 (한남동) 1층,37.5376640510556,127.001921227183,11,170,SH,SH04,SH040300,2026-03-18 10:10:05+09:00,https://tong.visitkorea.or.kr/cms/resource/84/4018084_image2_1.jpg,https://tong.visitkorea.or.kr/cms/resource/84/4018084_image3_1.jpg,2026-09-05T02:11:58.738602+09:00
2925704,38,기념품더방,서울특별시 용산구 남산공원길 105 (용산동2가),37.5511225714939,126.987867837993,11,170,SH,SH04,SH040300,2026-04-01 04:01:00+09:00,https://tong.visitkorea.or.kr/cms/resource/91/4018591_image2_1.jpg,https://tong.visitkorea.or.kr/cms/resource/91/4018591_image3_1.jpg,2026-09-05T02:11:58.738602+09:00
2925726,38,레노마정장 롯데아울렛 서울역점,서울특별시 중구 한강대로 405 (봉래동2가) 3층,37.5547278494914,126.969526329341,11,170,SH,SH04,SH040300,2026-03-19 04:11:30+09:00,https://tong.visitkorea.or.kr/cms/resource/44/4023244_image2_1.jpg,https://tong.visitkorea.or.kr/cms/resource/44/4023244_image3_1.jpg,2026-09-05T02:11:58.738602+09:00
2925811,38,듀엘 롯데아울렛 서울역점,서울특별시 용산구 한강대로 405 (동자동),37.5548375992165,126.971732581232,11,170,SH,SH04,SH040300,2026-03-17 10:12:59+09:00,https://tong.visitkorea.or.kr/cms/resource/51/4021051_image2_1.jpg,https://tong.visitkorea.or.kr/cms/resource/51/4021051_image3_1.jpg,2026-09-05T02:11:58.738602+09:00
2926586,38,헬리녹스 크리에이티브 센터 서울,서울특별시 용산구 한남대로 39 (한남동),37.5323448249396,127.008041540973,11,170,SH,SH04,SH040300,2026-03-16 10:54:17+09:00,https://tong.visitkorea.or.kr/cms/resource/87/4018087_image2_1.jpg,https://tong.visitkorea.or.kr/cms/resource/87/4018087_image3_1.jpg,2026-09-05T02:11:58.738602+09:00
2927355,38,LAP 아이파크몰 용산점,서울특별시 용산구 한강대로23길 55 (한강로3가),37.5297718014452,126.964741503485,11,170,SH,SH04,SH040300,2026-03-30 09:16:11+09:00,https://tong.visitkorea.or.kr/cms/resource/98/4017998_image2_1.jpg,https://tong.visitkorea.or.kr/cms/resource/98/4017998_image3_1.jpg,2026-09-05T02:11:58.738602+09:00
2928619,38,카시나 한남점,서울특별시 용산구 이태원로 266 (한남동),37.5382046529897,127.001811148736,11,170,SH,SH04,SH040300,2026-03-18 10:10:05+09:00,https://tong.visitkorea.or.kr/cms/resource/54/4017654_image2_1.jpg,https://tong.visitkorea.or.kr/cms/resource/54/4017654_image3_1.jpg,2026-09-05T02:11:58.738602+09:00
2928676,38,온더스팟 한남점,서울특별시 용산구 이태원로 238-1 (한남동),37.5360073970769,127.000018668756,11,170,SH,SH04,SH040300,2026-03-18 10:10:05+09:00,https://tong.visitkorea.or.kr/cms/resource/51/4017651_image2_1.jpg,https://tong.visitkorea.or.kr/cms/resource/51/4017651_image3_1.jpg,2026-09-05T02:11:58.738602+09:00
2929099,38,컨버스 이태원점,서울특별시 용산구 이태원로 142 (이태원동),37.5340467207817,126.989587632675,11,170,SH,SH04,SH040300,2026-03-18 10:10:05+09:00,https://tong.visitkorea.or.kr/cms/resource/61/4017661_image2_1.jpg,https://tong.visitkorea.or.kr/cms/resource/61/4017661_image3_1.jpg,2026-09-05T02:11:58.738602+09:00
2929180,38,올리브영 순천향입구점,서울특별시 용산구 대사관로 71 (한남동),37.5334010992212,127.006011243289,11,170,SH,SH04,SH040300,2026-03-17 10:12:59+09:00,https://tong.visitkorea.or.kr/cms/resource/65/4028765_image2_1.jpeg,https://tong.visitkorea.or.kr/cms/resource/65/4028765_image3_1.jpeg,2026-09-05T02:11:58.738602+09:00
2929206,38,꼼데가르송 한남점,서울특별시 용산구 이태원로 261 (한남동),37.5381415904062,127.001234435939,11,170,SH,SH04,SH040300,2026-03-18 10:10:05+09:00,https://tong.visitkorea.or.kr/cms/resource/53/4017653_image2_1.jpg,https://tong.visitkorea.or.kr/cms/resource/53/4017653_image3_1.jpg,2026-09-05T02:11:58.738602+09:00
2929353,38,협진컴퓨터,서울특별시 용산구 청파로 74 (한강로3가) 3층,37.5327888550584,126.959558538475,11,170,SH,SH04,SH040300,2026-03-16 10:54:17+09:00,https://tong.visitkorea.or.kr/cms/resource/02/4017502_image2_1.jpg,https://tong.visitkorea.or.kr/cms/resource/02/4017502_image3_1.jpg,2026-09-05T02:11:58.738602+09:00
2929513,38,반월음향,서울특별시 용산구 청파로 74 (한강로3가) 2층,37.5327888550584,126.959558538475,11,170,SH,SH04,SH040300,2026-03-16 10:54:17+09:00,https://tong.visitkorea.or.kr/cms/resource/01/4017501_image2_1.jpg,https://tong.visitkorea.or.kr/cms/resource/01/4017501_image3_1.jpg,2026-09-05T02:11:58.738602+09:00
2929516,38,아이파크몰 용산점,서울특별시 용산구 한강대로23길 55 (한강로3가),37.5297718014452,126.964741503485,11,170,SH,SH04,SH040300,2026-03-18 10:10:05+09:00,https://tong.visitkorea.or.kr/cms/resource/91/4017991_image2_1.jpg,https://tong.visitkorea.or.kr/cms/resource/91/4017991_image3_1.jpg,2026-09-05T02:11:58.738602+09:00
2930451,38,커버낫 롯데아울렛 서울역점,서울특별시 용산구 한강대로 405 (동자동) 2층,37.5548375992165,126.971732581232,11,170,SH,SH04,SH040300,2026-03-19 09:49:59+09:00,https://tong.visitkorea.or.kr/cms/resource/33/4021033_image2_1.jpg,https://tong.visitkorea.or.kr/cms/resource/33/4021033_image3_1.jpg,2026-09-05T02:11:58.738602+09:00
2930559,38,올리브영 트윈시티점,서울특별시 용산구 한강대로 366 (동자동) B1층,37.5510861198751,126.972911385084,11,170,SH,SH04,SH040300,2026-03-17 10:12:59+09:00,https://tong.visitkorea.or.kr/cms/resource/74/4028774_image2_1.jpg,https://tong.visitkorea.or.kr/cms/resource/74/4028774_image3_1.jpg,2026-09-05T02:11:58.738602+09:00
2930831,38,MUJI 아이파크몰 용산점,서울특별시 용산구 한강대로23길 55 (한강로3가) 6층,37.5297718014452,126.964741503485,11,170,SH,SH04,SH040300,2026-03-30 09:16:11+09:00,https://tong.visitkorea.or.kr/cms/resource/92/4017992_image2_1.jpg,https://tong.visitkorea.or.kr/cms/resource/92/4017992_image3_1.jpg,2026-09-05T02:11:58.738602+09:00
2930839,12,경리단길,서울특별시 용산구 이태원동 210-65,37.538452116,126.987515439,11,170,EX,EX07,EX070200,2025-11-18 11:26:50+09:00,http://tong.visitkorea.or.kr/cms/resource/85/3568185_image2_1.jpg,http://tong.visitkorea.or.kr/cms/resource/85/3568185_image3_1.jpg,2026-09-05T02:11:58.738602+09:00
2930853,38,로이드 롯데아울렛 서울역점,서울특별시 용산구 한강대로 405 (동자동) 2층,37.5548375992165,126.971732581232,11,170,SH,SH04,SH040300,2026-03-17 10:12:59+09:00,https://tong.visitkorea.or.kr/cms/resource/34/4021034_image2_1.jpg,https://tong.visitkorea.or.kr/cms/resource/34/4021034_image3_1.jpg,2026-09-05T02:11:58.738602+09:00
2930902,38,유니클로 용산 아이파크몰 용산점,서울특별시 용산구 한강대로23길 55 (한강로3가) 2층,37.5297718014452,126.964741503485,11,170,SH,SH04,SH040300,2026-03-30 09:16:11+09:00,https://tong.visitkorea.or.kr/cms/resource/96/4017996_image2_1.jpg,https://tong.visitkorea.or.kr/cms/resource/96/4017996_image3_1.jpg,2026-09-05T02:11:58.738602+09:00
2930949,38,지고트 롯데아울렛 서울역점,서울특별시 용산구 한강대로 405 (동자동) 3층,37.5548375992165,126.971732581232,11,170,SH,SH04,SH040300,2026-03-17 10:12:59+09:00,https://tong.visitkorea.or.kr/cms/resource/45/4021045_image2_1.jpg,https://tong.visitkorea.or.kr/cms/resource/45/4021045_image3_1.jpg,2026-09-05T02:11:58.738602+09:00
2930992,38,올리브영 이태원중앙점,서울특별시 용산구 이태원로 179 (이태원동),37.5348143960679,126.993735204809,11,170,SH,SH04,SH040300,2026-03-17 10:12:59+09:00,https://tong.visitkorea.or.kr/cms/resource/71/4028771_image2_1.jpeg,https://tong.visitkorea.or.kr/cms/resource/71/4028771_image3_1.jpeg,2026-09-05T02:11:58.738602+09:00
2931478,38,올리브영 한남오거리점,서울특별시 용산구 독서당로 65-1 (한남동),37.5338318568374,127.007746177161,11,170,SH,SH04,SH040300,2026-03-17 10:12:59+09:00,https://tong.visitkorea.or.kr/cms/resource/66/4028766_image2_1.jpg,https://tong.visitkorea.or.kr/cms/resource/66/4028766_image3_1.jpg,2026-09-05T02:11:58.738602+09:00
2931720,38,오브제 롯데아울렛 서울역점,서울특별시 용산구 한강대로 405 (동자동) 3층,37.5548375992165,126.971732581232,11,170,SH,SH04,SH040300,2026-03-17 10:12:59+09:00,https://tong.visitkorea.or.kr/cms/resource/41/4021041_image2_1.jpg,https://tong.visitkorea.or.kr/cms/resource/41/4021041_image3_1.jpg,2026-09-05T02:11:58.738602+09:00
2931808,38,올리브영 용산리첸시아점,"서울특별시 용산구 백범로 341 (원효로1가, 리첸시아용산A)",37.5379811146025,126.967987897826,11,170,SH,SH04,SH040300,2026-03-17 10:12:59+09:00,https://tong.visitkorea.or.kr/cms/resource/67/4028767_image2_1.jpeg,https://tong.visitkorea.or.kr/cms/resource/67/4028767_image3_1.jpeg,2026-09-05T02:11:58.738602+09:00
2931876,38,잇미샤 롯데아울렛 서울역점,서울특별시 용산구 한강대로 405 (동자동) 3층,37.5548375992165,126.971732581232,11,170,SH,SH04,SH040300,2026-03-17 10:12:59+09:00,https://tong.visitkorea.or.kr/cms/resource/53/4021053_image2_1.jpg,https://tong.visitkorea.or.kr/cms/resource/53/4021053_image3_1.jpg,2026-09-05T02:11:58.738602+09:00
2932122,12,후암별채,서울특별시 용산구 후암로35길 39,37.5497617088,126.9761522655,11,170,EX,EX05,EX050400,2025-09-24 17:36:32+09:00,http://tong.visitkorea.or.kr/cms/resource/15/3542815_image2_1.jpg,http://tong.visitkorea.or.kr/cms/resource/15/3542815_image3_1.jpg,2026-09-05T02:11:58.738602+09:00
2932405,39,여인숙,서울특별시 용산구 녹사평대로42길 19,37.5368840388822,126.98771861435,11,170,FD,FD04,FD040100,2026-03-12 17:18:37+09:00,https://tong.visitkorea.or.kr/cms/resource/03/4009203_image2_1.jpg,https://tong.visitkorea.or.kr/cms/resource/03/4009203_image3_1.jpg,2026-09-05T02:11:58.738602+09:00
2946494,39,힐즈앤유로파,서울특별시 용산구 신흥로 35 (용산동2가) 2층,37.5416434416,126.9871173627,11,170,FD,FD05,FD050100,2026-06-05 09:21:40+09:00,https://tong.visitkorea.or.kr/cms/resource/56/2947556_image2_1.jpg,https://tong.visitkorea.or.kr/cms/resource/56/2947556_image3_1.jpg,2026-09-05T02:11:58.738602+09:00
2996458,39,레인리포트 경리단,서울특별시 용산구 소월로40길 85 (이태원동),37.541774881,126.9936715321,11,170,FD,FD05,FD050100,2026-06-16 17:44:35+09:00,,,2026-09-05T02:11:58.738602+09:00
3012809,14,대원뮤지엄,서울특별시 용산구 한강대로23길 55 (한강로3가),37.529771841165385,126.96474146803835,11,170,VE,VE07,VE070300,2026-04-29 13:47:33+09:00,https://tong.visitkorea.or.kr/cms/resource/91/3012791_image2_1.jpg,https://tong.visitkorea.or.kr/cms/resource/91/3012791_image3_1.jpg,2026-09-05T02:11:58.738602+09:00
3013134,14,노들섬 라이브하우스,서울특별시 용산구 양녕로 445 (이촌동),37.5182,126.9583,11,170,VE,VE06,VE060100,2026-06-24 10:14:35+09:00,https://tong.visitkorea.or.kr/cms/resource/42/3012842_image2_1.JPG,https://tong.visitkorea.or.kr/cms/resource/42/3012842_image3_1.JPG,2026-09-05T02:11:58.738602+09:00
3013173,14,일신홀,서울특별시 용산구 한남대로 98 (한남동),37.537167006445245,127.0055166356082,11,170,VE,VE06,VE060100,2026-04-30 10:43:28+09:00,https://tong.visitkorea.or.kr/cms/resource/84/3012884_image2_1.jpg,https://tong.visitkorea.or.kr/cms/resource/84/3012884_image3_1.jpg,2026-09-05T02:11:58.738602+09:00
3013174,14,용산아트홀,서울특별시 용산구 녹사평대로 150 (이태원동),37.53247887949786,126.99048249119389,11,170,VE,VE06,VE060100,2026-05-14 17:01:17+09:00,https://tong.visitkorea.or.kr/cms/resource/60/3012860_image2_1.JPG,https://tong.visitkorea.or.kr/cms/resource/60/3012860_image3_1.JPG,2026-09-05T02:11:58.738602+09:00
3044306,14,파운드리 서울,"서울특별시 용산구 이태원로 223 (한남동) 지하 1, 2층",37.53546561464113,126.99853429755753,11,170,VE,VE07,VE070600,2026-03-12 09:08:40+09:00,https://tong.visitkorea.or.kr/cms/resource/43/3503143_image2_1.jpg,https://tong.visitkorea.or.kr/cms/resource/43/3503143_image3_1.jpg,2026-09-05T02:11:58.738602+09:00
3046985,39,데이블러,서울특별시 용산구 한강대로 290-1 (남영동),37.5442033961,126.9725734866,11,170,FD,FD05,FD050100,2026-06-12 17:44:41+09:00,,,2026-09-05T02:11:58.738602+09:00
3060939,38,사운즈한남,서울특별시 용산구 대사관로 35 (한남동),37.5337501903567,127.00214819989,11,170,SH,SH07,SH070100,2026-03-30 14:08:32+09:00,https://tong.visitkorea.or.kr/cms/resource/47/3054347_image2_1.JPG,https://tong.visitkorea.or.kr/cms/resource/47/3054347_image3_1.JPG,2026-09-05T02:11:58.738602+09:00
3060941,12,후암동108계단,서울특별시 용산구 후암동,37.5464,126.982,11,170,VE,VE04,VE040200,2026-03-30 13:32:35+09:00,https://tong.visitkorea.or.kr/cms/resource/63/3054463_image2_1.JPG,https://tong.visitkorea.or.kr/cms/resource/63/3054463_image3_1.JPG,2026-09-05T02:11:58.738602+09:00
3075429,14,용산역사박물관,서울특별시 용산구 한강대로14길 35-29 (한강로3가),37.52566806921638,126.96576935748953,11,170,VE,VE07,VE070100,2026-04-20 09:20:02+09:00,https://tong.visitkorea.or.kr/cms/resource/27/3075427_image2_1.JPG,https://tong.visitkorea.or.kr/cms/resource/27/3075427_image3_1.JPG,2026-09-05T02:11:58.738602+09:00
3076518,32,나인트리 프리미어 로카우스 호텔 서울 용산,서울특별시 용산구 한강대로23길 25 (한강로3가),37.5276397334571,126.964349149383,11,170,AC,AC01,AC010100,2026-02-24 18:36:36+09:00,,,2026-09-05T02:11:58.738602+09:00
3080209,32,호텔더디자이너스 서울역점,서울특별시 용산구 한강대로 305 (갈월동),37.545552072657365,126.97157717811068,11,170,AC,AC01,AC010100,2026-02-12 09:37:10+09:00,,,2026-09-05T02:11:58.738602+09:00
3080721,14,김세중미술관,서울특별시 용산구 효창원로70길 35 (효창동),37.5420707165,126.9638980442,11,170,VE,VE07,VE070600,2025-12-24 13:08:47+09:00,,,2026-09-05T02:11:58.738602+09:00
3081190,14,팝콘D스퀘어,서울특별시 용산구 한강대로23길 55 (한강로3가) 아이파크몰 테마파크6층 1-1호,37.528861,126.963177,11,170,VE,VE07,VE070300,2026-04-06 09:42:39+09:00,https://tong.visitkorea.or.kr/cms/resource/89/3081189_image2_1.jpg,https://tong.visitkorea.or.kr/cms/resource/89/3081189_image3_1.jpg,2026-09-05T02:11:58.738602+09:00
3082679,38,그래픽,서울특별시 용산구 회나무로39길 33 (이태원동),37.5408948786,126.9935801313,11,170,SH,SH07,SH070100,2026-07-20 16:22:21+09:00,https://tong.visitkorea.or.kr/cms/resource/48/3082648_image2_1.jpg,https://tong.visitkorea.or.kr/cms/resource/48/3082648_image3_1.jpg,2026-09-05T02:11:58.738602+09:00
3102095,32,보라보라,서울특별시 용산구 이태원로26길 25-12 (이태원동),37.5333861525,126.9939205548,11,170,AC,AC06,AC060200,2024-12-05 11:16:44+09:00,,,2026-09-05T02:11:58.738602+09:00
3305316,38,파리게이츠 롯데아울렛 서울역점,서울특별시 중구 한강대로 405 (봉래동2가) 4층,37.5547278494914,126.969526329341,11,170,SH,SH04,SH040300,2026-03-19 04:09:21+09:00,https://tong.visitkorea.or.kr/cms/resource/43/4023243_image2_1.jpg,https://tong.visitkorea.or.kr/cms/resource/43/4023243_image3_1.jpg,2026-09-05T02:11:58.738602+09:00
3305472,38,골프존마켓 롯데아울렛 서울역점,서울특별시 중구 한강대로 405 (봉래동2가) 4층,37.5547278494914,126.969526329341,11,170,SH,SH04,SH040300,2026-03-27 09:21:50+09:00,https://tong.visitkorea.or.kr/cms/resource/47/4023247_image2_1.jpg,https://tong.visitkorea.or.kr/cms/resource/47/4023247_image3_1.jpg,2026-09-05T02:11:58.738602+09:00
3305573,38,라이프워크 롯데아울렛 서울역점,서울특별시 용산구 한강대로 405 (동자동) 4층,37.5548375992165,126.971732581232,11,170,SH,SH04,SH040300,2026-03-18 10:10:05+09:00,https://tong.visitkorea.or.kr/cms/resource/08/4021408_image2_1.jpg,https://tong.visitkorea.or.kr/cms/resource/08/4021408_image3_1.jpg,2026-09-05T02:11:58.738602+09:00
3305718,38,CU 중앙박물관점,서울특별시 용산구 서빙고로 137 (용산동6가) 1층,37.5247022357875,126.977740246542,11,170,SH,SH04,SH040300,2026-03-18 10:10:05+09:00,https://tong.visitkorea.or.kr/cms/resource/21/4018521_image2_1.jpg,https://tong.visitkorea.or.kr/cms/resource/21/4018521_image3_1.jpg,2026-09-05T02:11:58.738602+09:00
3305751,38,럭셔리에비뉴 롯데아울렛 서울역점,서울특별시 용산구 한강대로 405 (동자동) 3층,37.5548375992165,126.971732581232,11,170,SH,SH04,SH040300,2026-03-17 10:12:59+09:00,https://tong.visitkorea.or.kr/cms/resource/49/4021049_image2_1.jpg,https://tong.visitkorea.or.kr/cms/resource/49/4021049_image3_1.jpg,2026-09-05T02:11:58.738602+09:00
3305814,38,게스 롯데아울렛 서울역점,서울특별시 용산구 한강대로 405 (동자동) 3층,37.5548375992165,126.971732581232,11,170,SH,SH04,SH040300,2026-03-17 10:12:59+09:00,https://tong.visitkorea.or.kr/cms/resource/38/4021038_image2_1.jpg,https://tong.visitkorea.or.kr/cms/resource/38/4021038_image3_1.jpg,2026-09-05T02:11:58.738602+09:00
3305833,38,젝시믹스 롯데아울렛 서울역점,서울특별시 용산구 한강대로 405 (동자동) 2층,37.5548375992165,126.971732581232,11,170,SH,SH04,SH040300,2026-03-17 10:12:59+09:00,https://tong.visitkorea.or.kr/cms/resource/32/4021032_image2_1.jpg,https://tong.visitkorea.or.kr/cms/resource/32/4021032_image3_1.jpg,2026-09-05T02:11:58.738602+09:00
3306182,38,테일러메이드 롯데아울렛 서울역점,서울특별시 용산구 한강대로 405 (동자동) 4층,37.5548375992165,126.971732581232,11,170,SH,SH04,SH040300,2026-03-18 10:10:05+09:00,https://tong.visitkorea.or.kr/cms/resource/09/4021409_image2_1.jpg,https://tong.visitkorea.or.kr/cms/resource/09/4021409_image3_1.jpg,2026-09-05T02:11:58.738602+09:00
3306266,38,광주요 한남점,서울특별시 용산구 한남대로20길 28 (한남동) 1층,37.5348842693933,127.008426157956,11,170,SH,SH04,SH040300,2026-03-16 10:54:17+09:00,https://tong.visitkorea.or.kr/cms/resource/62/4017162_image2_1.jpg,https://tong.visitkorea.or.kr/cms/resource/62/4017162_image3_1.jpg,2026-09-05T02:11:58.738602+09:00
3306281,38,스케쳐스 롯데아울렛 서울역점,서울특별시 용산구 한강대로 405 (동자동) 4층,37.5548375992165,126.971732581232,11,170,SH,SH04,SH040300,2026-03-17 10:12:59+09:00,https://tong.visitkorea.or.kr/cms/resource/57/4021057_image2_1.jpg,https://tong.visitkorea.or.kr/cms/resource/57/4021057_image3_1.jpg,2026-09-05T02:11:58.738602+09:00
3306348,38,시코르 아이파크몰 용산점,서울특별시 용산구 한강대로23길 55 (한강로3가) 3층,37.5297718014452,126.964741503485,11,170,SH,SH04,SH040300,2026-03-30 09:16:11+09:00,https://tong.visitkorea.or.kr/cms/resource/93/4017993_image2_1.jpg,https://tong.visitkorea.or.kr/cms/resource/93/4017993_image3_1.jpg,2026-09-05T02:11:58.738602+09:00
3306386,38,보나파이드 주얼리,서울특별시 용산구 이태원로54가길 29 (한남동) 1층,37.536492758753,127.001316551816,11,170,SH,SH04,SH040300,2026-03-16 10:54:17+09:00,https://tong.visitkorea.or.kr/cms/resource/85/4018085_image2_1.jpg,https://tong.visitkorea.or.kr/cms/resource/85/4018085_image3_1.jpg,2026-09-05T02:11:58.738602+09:00
3306520,38,휠라 롯데아울렛 서울역점,서울특별시 용산구 한강대로 405 (동자동) 2층,37.5548375992165,126.971732581232,11,170,SH,SH04,SH040300,2026-03-17 10:12:59+09:00,https://tong.visitkorea.or.kr/cms/resource/31/4021031_image2_1.jpg,https://tong.visitkorea.or.kr/cms/resource/31/4021031_image3_1.jpg,2026-09-05T02:11:58.738602+09:00
3306523,38,올리브영 플러스점,"서울특별시 용산구 한강대로 372 (동자동, 센트레빌아스테리움서울) KDB생명타워",37.5516315844006,126.972912206176,11,170,SH,SH04,SH040300,2026-03-17 10:12:59+09:00,https://tong.visitkorea.or.kr/cms/resource/75/4028775_image2_1.jpg,https://tong.visitkorea.or.kr/cms/resource/75/4028775_image3_1.jpg,2026-09-05T02:11:58.738602+09:00
3306529,38,볼빅 롯데아울렛 서울역점,서울특별시 용산구 한강대로 405 (동자동) 4층,37.5548375992165,126.971732581232,11,170,SH,SH04,SH040300,2026-03-27 09:21:50+09:00,https://tong.visitkorea.or.kr/cms/resource/56/4021056_image2_1.jpg,https://tong.visitkorea.or.kr/cms/resource/56/4021056_image3_1.jpg,2026-09-05T02:11:58.738602+09:00
3306656,38,올리브영 아이파크몰 용산점,서울특별시 용산구 한강대로23길 55 (한강로3가) 4층,37.5297718014452,126.964741503485,11,170,SH,SH04,SH040300,2026-03-17 10:12:59+09:00,https://tong.visitkorea.or.kr/cms/resource/77/4028777_image2_1.png,https://tong.visitkorea.or.kr/cms/resource/77/4028777_image3_1.png,2026-09-05T02:11:58.738602+09:00
3306760,38,페라라코리아,서울특별시 용산구 이태원로 169 (이태원동) 1층,37.5346528763568,126.992685261232,11,170,SH,SH04,SH040300,2026-03-16 10:54:17+09:00,https://tong.visitkorea.or.kr/cms/resource/57/4017657_image2_1.jpg,https://tong.visitkorea.or.kr/cms/resource/57/4017657_image3_1.jpg,2026-09-05T02:11:58.738602+09:00
3306968,38,올리브영 서울역점,서울특별시 중구 한강대로 405 (봉래동2가) B1층,37.5547278494914,126.969526329341,11,170,SH,SH04,SH040300,2026-03-17 10:12:59+09:00,https://tong.visitkorea.or.kr/cms/resource/47/4028847_image2_1.png,https://tong.visitkorea.or.kr/cms/resource/47/4028847_image3_1.png,2026-09-05T02:11:58.738602+09:00
3307085,38,컨버스 롯데아울렛 서울역점,서울특별시 용산구 한강대로 405 (동자동) 2층,37.5548375992165,126.971732581232,11,170,SH,SH04,SH040300,2026-03-17 10:12:59+09:00,https://tong.visitkorea.or.kr/cms/resource/29/4021029_image2_1.jpg,https://tong.visitkorea.or.kr/cms/resource/29/4021029_image3_1.jpg,2026-09-05T02:11:58.738602+09:00
3307260,38,캉골 롯데아울렛 서울역점,서울특별시 용산구 한강대로 405 (동자동) 4층,37.5548375992165,126.971732581232,11,170,SH,SH04,SH040300,2026-03-17 10:12:59+09:00,https://tong.visitkorea.or.kr/cms/resource/61/4021061_image2_1.jpg,https://tong.visitkorea.or.kr/cms/resource/61/4021061_image3_1.jpg,2026-09-05T02:11:58.738602+09:00
3307440,38,ABC마트 ST 롯데아울렛 서울역점,서울특별시 용산구 한강대로 405 (동자동) 4층,37.5548375992165,126.971732581232,11,170,SH,SH04,SH040300,2026-03-19 09:49:59+09:00,https://tong.visitkorea.or.kr/cms/resource/63/4021063_image2_1.jpg,https://tong.visitkorea.or.kr/cms/resource/63/4021063_image3_1.jpg,2026-09-05T02:11:58.738602+09:00
3307472,38,시스템 롯데아울렛 서울역점,서울특별시 용산구 한강대로 405 (동자동) 3층,37.5548375992165,126.971732581232,11,170,SH,SH04,SH040300,2026-03-17 10:12:59+09:00,https://tong.visitkorea.or.kr/cms/resource/40/4021040_image2_1.jpg,https://tong.visitkorea.or.kr/cms/resource/40/4021040_image3_1.jpg,2026-09-05T02:11:58.738602+09:00
3307627,38,앤드지 롯데아울렛 서울역점,서울특별시 용산구 한강대로 405 (동자동) 3층,37.5548375992165,126.971732581232,11,170,SH,SH04,SH040300,2026-03-17 10:12:59+09:00,https://tong.visitkorea.or.kr/cms/resource/46/4021046_image2_1.jpg,https://tong.visitkorea.or.kr/cms/resource/46/4021046_image3_1.jpg,2026-09-05T02:11:58.738602+09:00
3307692,38,넘버링 플래그십스토어 한남점,서울특별시 용산구 대사관로5길 11 (한남동) 1층,37.5348260030621,127.000667425775,11,170,SH,SH04,SH040300,2026-03-16 10:54:17+09:00,https://tong.visitkorea.or.kr/cms/resource/46/4017246_image2_1.jpg,https://tong.visitkorea.or.kr/cms/resource/46/4017246_image3_1.jpg,2026-09-05T02:11:58.738602+09:00
3338761,14,이봉창 역사울림관,서울특별시 용산구 백범로 281-9 (효창동),37.5401026858,126.960876937,11,170,VE,VE07,VE070300,2026-06-19 10:28:41+09:00,https://tong.visitkorea.or.kr/cms/resource/36/3338736_image2_1.jpg,https://tong.visitkorea.or.kr/cms/resource/36/3338736_image3_1.jpg,2026-09-05T02:11:58.738602+09:00
3339374,14,북파크라운지,서울특별시 용산구 이태원로 294 (한남동) 블루스퀘어 3층,37.5408694386,127.0024852556,11,170,VE,VE12,VE120300,2026-07-07 11:39:31+09:00,https://tong.visitkorea.or.kr/cms/resource/41/3339341_image2_1.jpg,https://tong.visitkorea.or.kr/cms/resource/41/3339341_image3_1.jpg,2026-09-05T02:11:58.738602+09:00
3359119,39,고라니커피클럽,서울특별시 용산구 한강대로 262 (남영동),37.5416693479,126.9731996719,11,170,FD,FD05,FD050100,2026-06-12 17:19:56+09:00,,,2026-09-05T02:11:58.738602+09:00
3359144,15,용산청년축제,서울특별시 용산구 서빙고로 221 (용산동6가),37.520662531,126.9883603092,11,170,EV,EV01,EV010600,2025-09-12 15:20:14+09:00,http://tong.visitkorea.or.kr/cms/resource/31/3536331_image2_1.png,http://tong.visitkorea.or.kr/cms/resource/31/3536331_image3_1.png,2026-09-05T02:11:58.738602+09:00
3387114,32,노보텔 앰배서더 서울 용산,서울특별시 용산구 청파로20길 95 (한강로3가),37.5320052033,126.9630345182,11,170,AC,AC01,AC010100,2025-04-03 11:17:04+09:00,,,2026-09-05T02:11:58.738602+09:00
3387475,32,노보텔 스위트 앰배서더 서울 용산,서울특별시 용산구 청파로20길 95 (한강로3가),37.5320052033,126.9630345182,11,170,AC,AC01,AC010100,2025-03-06 15:03:39+09:00,,,2026-09-05T02:11:58.738602+09:00
3387804,32,이비스 스타일 앰배서더 서울 용산,서울특별시 용산구 청파로20길 95 (한강로3가),37.5320052033,126.9630345182,11,170,AC,AC01,AC010100,2025-04-03 11:18:42+09:00,,,2026-09-05T02:11:58.738602+09:00
3387829,32,그랜드 머큐어 앰버서더 서울 용산,서울특별시 용산구 청파로20길 95 (한강로3가),37.5320052033,126.9630345182,11,170,AC,AC01,AC010100,2025-03-06 15:06:18+09:00,,,2026-09-05T02:11:58.738602+09:00
3400843,12,용산어린이정원,서울특별시 용산구 용산동5가 2-1,37.5277,126.9709,11,170,VE,VE03,VE030400,2026-04-20 09:27:28+09:00,https://tong.visitkorea.or.kr/cms/resource/25/3400825_image2_1.png,https://tong.visitkorea.or.kr/cms/resource/25/3400825_image3_1.png,2026-09-05T02:11:58.738602+09:00
3407517,14,화이트스톤갤러리,서울특별시 용산구 소월로 70 (후암동),37.55418586361435,126.97821641169034,11,170,VE,VE07,VE070600,2026-04-06 09:42:39+09:00,https://tong.visitkorea.or.kr/cms/resource/51/3407351_image2_1.png,https://tong.visitkorea.or.kr/cms/resource/51/3407351_image3_1.png,2026-09-05T02:11:58.738602+09:00
3417988,39,콤포트,서울특별시 용산구 후암동 358-144,37.5494,126.9835,11,170,FD,FD05,FD050100,2026-03-12 17:37:47+09:00,,,2026-09-05T02:11:58.738602+09:00
3428325,14,현대카드 뮤직 라이브러리,서울특별시 용산구 이태원로 246 (한남동),37.5366886688,127.000717064,11,170,VE,VE09,VE090300,2025-08-08 16:23:53+09:00,http://tong.visitkorea.or.kr/cms/resource/57/3432157_image2_1.JPEG,http://tong.visitkorea.or.kr/cms/resource/57/3432157_image3_1.JPEG,2026-09-05T02:11:58.738602+09:00
3443017,39,식물학 아이파크몰점,서울특별시 용산구 한강대로23길 55 (한강로3가) 4층,37.5298249324,126.9647566449,11,170,FD,FD05,FD050100,2025-07-31 14:10:47+09:00,http://tong.visitkorea.or.kr/cms/resource/40/3443040_image2_1.jpg,http://tong.visitkorea.or.kr/cms/resource/40/3443040_image3_1.jpg,2026-09-05T02:11:58.738602+09:00
3444607,39,남산도서관 구내식당,서울특별시 용산구 소월로 109 (후암동) 1층 구내식당,37.5524531569,126.9813656031,11,170,FD,FD01,FD010100,2025-07-30 16:33:06+09:00,http://tong.visitkorea.or.kr/cms/resource/49/3444449_image2_1.png,http://tong.visitkorea.or.kr/cms/resource/49/3444449_image3_1.png,2026-09-05T02:11:58.738602+09:00
3446770,39,고카페 용산아이파크몰점,서울특별시 용산구 한강대로23길 55 (한강로3가) 더 센터5층,37.5298249324,126.9647566449,11,170,FD,FD05,FD050100,2024-12-30 11:00:06+09:00,http://tong.visitkorea.or.kr/cms/resource/60/3446560_image2_1.jpg,http://tong.visitkorea.or.kr/cms/resource/60/3446560_image3_1.jpg,2026-09-05T02:11:58.738602+09:00
3446973,39,장독대김치찜김치찌개_용산점,서울특별시 용산구 한강대로23길 55 (한강로3가) 테이스티파크 4층,37.5298249324,126.9647566449,11,170,FD,FD01,FD010100,2025-07-30 09:22:18+09:00,http://tong.visitkorea.or.kr/cms/resource/32/3446832_image2_1.jpg,http://tong.visitkorea.or.kr/cms/resource/32/3446832_image3_1.jpg,2026-09-05T02:11:58.738602+09:00
3458416,12,용산공원 부분개방부지,서울특별시 용산구 서빙고로 238 (서빙고동),37.5200070821,126.9900629507,11,170,NA,NA05,NA050100,2024-12-24 10:58:54+09:00,http://tong.visitkorea.or.kr/cms/resource/53/3458353_image2_1.jpg,http://tong.visitkorea.or.kr/cms/resource/53/3458353_image3_1.jpg,2026-09-05T02:11:58.738602+09:00
3483874,32,더휴식 누베르 서울 이태원점,서울특별시 용산구 우사단로14길 11 (이태원동),37.53426408288743,126.99633392515841,11,170,AC,AC04,AC040100,2026-03-05 16:01:24+09:00,https://tong.visitkorea.or.kr/cms/resource/67/3483867_image2_1.jpg,https://tong.visitkorea.or.kr/cms/resource/67/3483867_image3_1.jpg,2026-09-05T02:11:58.738602+09:00
3492118,14,페즈 (FEZH),서울특별시 용산구 대사관로11길 41 (한남동),37.535574170517975,127.00165831138821,11,170,VE,VE12,VE120300,2026-04-06 09:42:39+09:00,https://tong.visitkorea.or.kr/cms/resource/06/3492106_image2_1.jpg,https://tong.visitkorea.or.kr/cms/resource/06/3492106_image3_1.jpg,2026-09-05T02:11:58.738602+09:00
3523287,12,아티스푼(ARTEASPOON),서울특별시 용산구 신흥로36길 7 (후암동) 2층,37.54641342211355,126.98211028971234,11,170,EX,EX02,EX020400,2026-04-27 09:12:15+09:00,https://tong.visitkorea.or.kr/cms/resource/82/3523282_image2_1.jpg,https://tong.visitkorea.or.kr/cms/resource/82/3523282_image3_1.jpg,2026-09-05T02:11:58.738602+09:00
3532628,32,던하우스,서울특별시 용산구 청파로85가길 10-4 (서계동) B동 402호,37.5523307075,126.9679446073,11,170,AC,AC03,AC030400,2025-09-21 21:44:48+09:00,,,2026-09-05T02:11:58.738602+09:00
3532629,32,단밤하우스,서울특별시 용산구 청파로85가길 10-4 (서계동) B동 403호,37.5523307075,126.9679446073,11,170,AC,AC06,AC060200,2025-09-21 21:45:44+09:00,,,2026-09-05T02:11:58.738602+09:00
3533112,32,스윗미1949,서울특별시 용산구 청파로83길 27-2 (서계동),37.5517918792,126.9678113012,11,170,AC,AC06,AC060200,2025-09-22 12:36:30+09:00,,,2026-09-05T02:11:58.738602+09:00
3533118,32,엘하우스,서울특별시 용산구 청파로85가길 19-4 (서계동),37.55201407,126.9675085447,11,170,AC,AC06,AC060200,2025-09-22 12:39:07+09:00,,,2026-09-05T02:11:58.738602+09:00
3533136,32,모드하우스,서울특별시 용산구 회나무로39가길 18 (이태원동) 1층,37.5404519981,126.9938981342,11,170,AC,AC06,AC060200,2025-10-23 14:30:00+09:00,,,2026-09-05T02:11:58.738602+09:00
3551526,15,용마루 숲길 축제,서울특별시 용산구 효창원로55길 8 (용문동),37.5388210345,126.9605734386,11,170,EV,EV01,EV010200,2025-10-23 14:30:00+09:00,http://tong.visitkorea.or.kr/cms/resource/93/3551493_image2_1.jpg,http://tong.visitkorea.or.kr/cms/resource/93/3551493_image3_1.jpg,2026-09-05T02:11:58.738602+09:00
3582492,39,바이두부,서울특별시 용산구 소월로20길 10 (용산동2가),37.54608495286114,126.98520791132738,11,170,FD,FD01,FD010100,2026-04-06 09:42:39+09:00,https://tong.visitkorea.or.kr/cms/resource/22/3583122_image2_1.jpg,https://tong.visitkorea.or.kr/cms/resource/22/3583122_image3_1.jpg,2026-09-05T02:11:58.738602+09:00
4009398,38,Atelier de Cemoment,서울특별시 용산구 대사관로 25 (한남동) 3층,37.5338955353175,127.001193522127,11,170,SH,SH04,SH040300,2026-04-12 02:52:35+09:00,https://tong.visitkorea.or.kr/cms/resource/73/4022073_image2_1.jpg,https://tong.visitkorea.or.kr/cms/resource/73/4022073_image3_1.jpg,2026-09-05T02:11:58.738602+09:00
4009399,38,용산대학약국,서울특별시 용산구 대사관로 58 (한남동),37.5332611466956,127.004609429622,11,170,SH,SH04,SH040300,2026-03-16 10:54:17+09:00,https://tong.visitkorea.or.kr/cms/resource/80/4022080_image2_1.jpg,https://tong.visitkorea.or.kr/cms/resource/80/4022080_image3_1.jpg,2026-09-05T02:11:58.738602+09:00
4009400,38,슈퍼드라이 한남점,서울특별시 용산구 대사관로11길 57 (한남동) 1층,37.5358597166801,127.001228967424,11,170,SH,SH04,SH040300,2026-03-16 10:54:17+09:00,https://tong.visitkorea.or.kr/cms/resource/89/4022089_image2_1.jpg,https://tong.visitkorea.or.kr/cms/resource/89/4022089_image3_1.jpg,2026-09-05T02:11:58.738602+09:00
4009401,38,코지모지 서울,서울특별시 용산구 대사관로5길 11 (한남동) 2층,37.5348260030621,127.000667425775,11,170,SH,SH04,SH040300,2026-03-16 10:54:17+09:00,https://tong.visitkorea.or.kr/cms/resource/94/4022094_image2_1.jpg,https://tong.visitkorea.or.kr/cms/resource/94/4022094_image3_1.jpg,2026-09-05T02:11:58.738602+09:00
4009402,38,오호 안경원,"서울특별시 용산구 독서당로 39 (한남동, 신성미소시티) 1층",37.5315958889326,127.007000144767,11,170,SH,SH04,SH040300,2026-03-16 10:54:17+09:00,https://tong.visitkorea.or.kr/cms/resource/99/4022099_image2_1.jpg,https://tong.visitkorea.or.kr/cms/resource/99/4022099_image3_1.jpg,2026-09-05T02:11:58.738602+09:00
4009403,38,와인앤모어 한남점,서울특별시 용산구 독서당로 84 (한남동),37.5341620973533,127.009847469424,11,170,SH,SH04,SH040300,2026-03-16 10:54:17+09:00,https://tong.visitkorea.or.kr/cms/resource/00/4022100_image2_1.jpg,https://tong.visitkorea.or.kr/cms/resource/00/4022100_image3_1.jpg,2026-09-05T02:11:58.738602+09:00
4009404,38,바운스코리아,서울특별시 용산구 이태원로 154-1 (이태원동),37.5341605483881,126.991068634943,11,170,SH,SH04,SH040300,2026-03-25 09:34:32+09:00,https://tong.visitkorea.or.kr/cms/resource/88/4041888_image2_1.jpg,https://tong.visitkorea.or.kr/cms/resource/88/4041888_image3_1.jpg,2026-09-05T02:11:58.738602+09:00
4009405,38,썬스타양복점,서울특별시 용산구 이태원로 164 (이태원동),37.5341972938251,126.992118015555,11,170,SH,SH04,SH040300,2026-03-16 10:54:17+09:00,https://tong.visitkorea.or.kr/cms/resource/62/4022062_image2_1.jpg,https://tong.visitkorea.or.kr/cms/resource/62/4022062_image3_1.jpg,2026-09-05T02:11:58.738602+09:00
4009406,38,노스페이스 한남점,서울특별시 용산구 이태원로 227 (한남동) 1층,37.5356435675709,126.998865850313,11,170,SH,SH04,SH040300,2026-03-09 10:08:14+09:00,https://tong.visitkorea.or.kr/cms/resource/61/4022061_image2_1.jpg,https://tong.visitkorea.or.kr/cms/resource/61/4022061_image3_1.jpg,2026-09-05T02:11:58.738602+09:00
4009407,38,썬번프로젝트,서울특별시 용산구 이태원로 228 (한남동),37.535412283254,126.999174508124,11,170,SH,SH04,SH040300,2026-03-16 10:54:17+09:00,https://tong.visitkorea.or.kr/cms/resource/60/4022060_image2_1.jpg,https://tong.visitkorea.or.kr/cms/resource/60/4022060_image3_1.jpg,2026-09-05T02:11:58.738602+09:00
4009408,38,아누드서울,서울특별시 용산구 이태원로 228-1 (한남동) B1층,37.5354455305221,126.999224969592,11,170,SH,SH04,SH040300,2026-03-16 10:54:17+09:00,https://tong.visitkorea.or.kr/cms/resource/58/4022058_image2_1.jpg,https://tong.visitkorea.or.kr/cms/resource/58/4022058_image3_1.jpg,2026-09-05T02:11:58.738602+09:00
4009409,38,히말라야아이즈,서울특별시 용산구 이태원로14길 19 (이태원동) 1층,37.5335466747814,126.99078664949,11,170,SH,SH04,SH040300,2026-03-16 10:54:17+09:00,https://tong.visitkorea.or.kr/cms/resource/59/4022059_image2_1.jpg,https://tong.visitkorea.or.kr/cms/resource/59/4022059_image3_1.jpg,2026-09-05T02:11:58.738602+09:00
4009410,38,아노에틱 한남점,서울특별시 용산구 이태원로42길 20 (한남동) 1층,37.5356660980082,126.999922383587,11,170,SH,SH04,SH040300,2026-03-16 10:54:17+09:00,https://tong.visitkorea.or.kr/cms/resource/49/4022049_image2_1.jpg,https://tong.visitkorea.or.kr/cms/resource/49/4022049_image3_1.jpg,2026-09-05T02:11:58.738602+09:00
4009411,38,TAV 타브,서울특별시 용산구 이태원로42길 46-14 (한남동) 1층,37.5363826581696,127.001155658343,11,170,SH,SH04,SH040300,2026-04-12 02:56:36+09:00,https://tong.visitkorea.or.kr/cms/resource/33/4022033_image2_1.jpg,https://tong.visitkorea.or.kr/cms/resource/33/4022033_image3_1.jpg,2026-09-05T02:11:58.738602+09:00
4009412,38,아뜰리에 드 루멘,서울특별시 용산구 이태원로45길 16 (한남동) 1층,37.53641311042,126.998693858886,11,170,SH,SH04,SH040300,2026-03-16 10:54:17+09:00,https://tong.visitkorea.or.kr/cms/resource/34/4022034_image2_1.jpg,https://tong.visitkorea.or.kr/cms/resource/34/4022034_image3_1.jpg,2026-09-05T02:11:58.738602+09:00
4009413,38,글로니 플래그쉽 스토어 한남,서울특별시 용산구 이태원로45길 7 (한남동) 2층,37.5360874916269,126.998979892838,11,170,SH,SH04,SH040300,2026-03-16 10:54:17+09:00,https://tong.visitkorea.or.kr/cms/resource/35/4022035_image2_1.jpg,https://tong.visitkorea.or.kr/cms/resource/35/4022035_image3_1.jpg,2026-09-05T02:11:58.738602+09:00
4009414,38,아수라 HANNAM FLAGSHIP STORE,서울특별시 용산구 이태원로45길 8 (한남동) 2층,37.5362766132002,126.999178571795,11,170,SH,SH04,SH040300,2026-03-16 10:54:17+09:00,https://tong.visitkorea.or.kr/cms/resource/36/4022036_image2_1.jpg,https://tong.visitkorea.or.kr/cms/resource/36/4022036_image3_1.jpg,2026-09-05T02:11:58.738602+09:00
4009415,38,세르지오타키니 한남플래그십스토어,서울특별시 용산구 이태원로49길 8 (한남동) 1층,37.5372191526027,127.000140413944,11,170,SH,SH04,SH040300,2026-03-16 10:54:17+09:00,https://tong.visitkorea.or.kr/cms/resource/37/4022037_image2_1.jpg,https://tong.visitkorea.or.kr/cms/resource/37/4022037_image3_1.jpg,2026-09-05T02:11:58.738602+09:00
4009416,38,뭍 한남점,서울특별시 용산구 이태원로54가길 16 (한남동) B1층,37.5370501151095,127.001528596375,11,170,SH,SH04,SH040300,2026-03-16 10:54:17+09:00,https://tong.visitkorea.or.kr/cms/resource/46/4021946_image2_1.jpg,https://tong.visitkorea.or.kr/cms/resource/46/4021946_image3_1.jpg,2026-09-05T02:11:58.738602+09:00
4009417,38,비앤디 한남점,서울특별시 용산구 이태원로54가길 4 (한남동) 1층,37.5376640510556,127.001921227183,11,170,SH,SH04,SH040300,2026-04-12 02:58:43+09:00,https://tong.visitkorea.or.kr/cms/resource/43/4021943_image2_1.jpg,https://tong.visitkorea.or.kr/cms/resource/43/4021943_image3_1.jpg,2026-09-05T02:11:58.738602+09:00
4009418,38,포쉬빈티지,서울특별시 용산구 이태원로54가길 9 (한남동) 1층,37.5372683328978,127.001844956708,11,170,SH,SH04,SH040300,2026-04-12 03:01:13+09:00,https://tong.visitkorea.or.kr/cms/resource/32/4022032_image2_1.jpg,https://tong.visitkorea.or.kr/cms/resource/32/4022032_image3_1.jpg,2026-09-05T02:11:58.738602+09:00
4009419,38,언더스탠딩,서울특별시 용산구 이태원로54길 42 (한남동) B1층,37.5365630351268,127.001458549793,11,170,SH,SH04,SH040300,2026-03-16 10:54:17+09:00,https://tong.visitkorea.or.kr/cms/resource/48/4021948_image2_1.jpg,https://tong.visitkorea.or.kr/cms/resource/48/4021948_image3_1.jpg,2026-09-05T02:11:58.738602+09:00
4009420,38,휴스타드,서울특별시 용산구 이태원로54길 58-20 (한남동),37.5358074633366,127.000633830851,11,170,SH,SH04,SH040300,2026-03-16 10:54:17+09:00,https://tong.visitkorea.or.kr/cms/resource/44/4021944_image2_1.jpg,https://tong.visitkorea.or.kr/cms/resource/44/4021944_image3_1.jpg,2026-09-05T02:11:58.738602+09:00
4009421,38,아크바인,서울특별시 용산구 이태원로54길 62 (한남동) 1층,37.5356845645316,127.000973939131,11,170,SH,SH04,SH040300,2026-04-12 03:03:43+09:00,https://tong.visitkorea.or.kr/cms/resource/45/4021945_image2_1.jpg,https://tong.visitkorea.or.kr/cms/resource/45/4021945_image3_1.jpg,2026-09-05T02:11:58.738602+09:00
4009422,38,젤라또 피케 그랑 메종 한남,서울특별시 용산구 이태원로54길 63 (한남동),37.5357105109191,127.001234056434,11,170,SH,SH04,SH040300,2026-03-16 10:54:17+09:00,https://tong.visitkorea.or.kr/cms/resource/49/4021949_image2_1.jpg,https://tong.visitkorea.or.kr/cms/resource/49/4021949_image3_1.jpg,2026-09-05T02:11:58.738602+09:00
4009423,38,퍼퓨머리 블뤼떼,서울특별시 용산구 이태원로54길 78 (한남동),37.5351945114274,127.000818474625,11,170,SH,SH04,SH040300,2026-04-12 03:06:03+09:00,https://tong.visitkorea.or.kr/cms/resource/47/4021947_image2_1.jpg,https://tong.visitkorea.or.kr/cms/resource/47/4021947_image3_1.jpg,2026-09-05T02:11:58.738602+09:00
4009424,38,스포트캐주얼 이태원점,"서울특별시 용산구 이태원로54길 82 (한남동) 1층, 2층",37.5352061354158,127.000644234896,11,170,SH,SH04,SH040300,2026-03-16 10:54:17+09:00,https://tong.visitkorea.or.kr/cms/resource/38/4022038_image2_1.jpg,https://tong.visitkorea.or.kr/cms/resource/38/4022038_image3_1.jpg,2026-09-05T02:11:58.738602+09:00
4009425,38,폴리테루 스토어,서울특별시 용산구 이태원로54길 9 (한남동),37.5379330883667,127.002004962779,11,170,SH,SH04,SH040300,2026-03-16 10:54:17+09:00,https://tong.visitkorea.or.kr/cms/resource/39/4022039_image2_1.jpg,https://tong.visitkorea.or.kr/cms/resource/39/4022039_image3_1.jpg,2026-09-05T02:11:58.738602+09:00
4009426,38,뮤제드 한남 쇼룸,서울특별시 용산구 이태원로55가길 9 (한남동) 1층,37.5378637267347,127.000619818055,11,170,SH,SH04,SH040300,2026-03-16 10:54:17+09:00,https://tong.visitkorea.or.kr/cms/resource/40/4022040_image2_1.jpg,https://tong.visitkorea.or.kr/cms/resource/40/4022040_image3_1.jpg,2026-09-05T02:11:58.738602+09:00
4009427,38,스컬프스토어 아울렛H559,서울특별시 용산구 이태원로55가길 9 (한남동) 2층,37.5378637267347,127.000619818055,11,170,SH,SH04,SH040300,2026-03-16 10:54:17+09:00,https://tong.visitkorea.or.kr/cms/resource/41/4022041_image2_1.jpg,https://tong.visitkorea.or.kr/cms/resource/41/4022041_image3_1.jpg,2026-09-05T02:11:58.738602+09:00
4009428,38,에크루 한남점,서울특별시 용산구 이태원로55나길 22 (한남동) 1층,37.536858195974,126.99806046396,11,170,SH,SH04,SH040300,2026-03-16 10:54:17+09:00,https://tong.visitkorea.or.kr/cms/resource/43/4022043_image2_1.jpg,https://tong.visitkorea.or.kr/cms/resource/43/4022043_image3_1.jpg,2026-09-05T02:11:58.738602+09:00
4009429,38,복순도가 서울역점,서울특별시 용산구 청파로 378 (동자동) 1층,37.549118478341,126.970484281315,11,170,SH,SH04,SH040300,2026-03-16 10:54:17+09:00,https://tong.visitkorea.or.kr/cms/resource/93/4021893_image2_1.jpg,https://tong.visitkorea.or.kr/cms/resource/93/4021893_image3_1.jpg,2026-09-05T02:11:58.738602+09:00
4009430,38,한양하이하이,서울특별시 용산구 청파로 74 (한강로3가),37.5327888550584,126.959558538475,11,170,SH,SH04,SH040300,2026-03-16 10:54:17+09:00,https://tong.visitkorea.or.kr/cms/resource/80/4021880_image2_1.jpg,https://tong.visitkorea.or.kr/cms/resource/80/4021880_image3_1.jpg,2026-09-05T02:11:58.738602+09:00
4009431,38,국제에이브이 본사,서울특별시 용산구 청파로 74 (한강로3가) 1층,37.5327888550584,126.959558538475,11,170,SH,SH04,SH040300,2026-03-16 10:54:17+09:00,https://tong.visitkorea.or.kr/cms/resource/90/4021890_image2_1.jpg,https://tong.visitkorea.or.kr/cms/resource/90/4021890_image3_1.jpg,2026-09-05T02:11:58.738602+09:00
4009432,38,아프리카안경 롯데아울렛 서울역점,서울특별시 용산구 한강대로 405 (동자동) 2층,37.5548375992165,126.971732581232,11,170,SH,SH04,SH040300,2026-03-30 09:16:11+09:00,https://tong.visitkorea.or.kr/cms/resource/76/4021876_image2_1.jpg,https://tong.visitkorea.or.kr/cms/resource/76/4021876_image3_1.jpg,2026-09-05T02:11:58.738602+09:00
4009433,38,아디다스골프 롯데아울렛 서울역점,서울특별시 용산구 한강대로 405 (동자동) 4층,37.5548375992165,126.971732581232,11,170,SH,SH04,SH040300,2026-03-30 09:16:11+09:00,https://tong.visitkorea.or.kr/cms/resource/77/4021877_image2_1.jpg,https://tong.visitkorea.or.kr/cms/resource/77/4021877_image3_1.jpg,2026-09-05T02:11:58.738602+09:00
4009434,38,한국금거래소 아이파크몰 용산점,서울특별시 용산구 한강대로23길 55 (한강로3가) 5층,37.5297718014452,126.964741503485,11,170,SH,SH04,SH040300,2026-03-19 00:11:24+09:00,https://tong.visitkorea.or.kr/cms/resource/45/4021845_image2_1.jpg,https://tong.visitkorea.or.kr/cms/resource/45/4021845_image3_1.jpg,2026-09-05T02:11:58.738602+09:00
4009435,38,올리브영 용산아이파크몰더센터점,서울특별시 용산구 한강대로23길 55 (한강로3가) B1층,37.5297718014452,126.964741503485,11,170,SH,SH04,SH040300,2026-03-09 09:36:31+09:00,https://tong.visitkorea.or.kr/cms/resource/79/4028779_image2_1.jpg,https://tong.visitkorea.or.kr/cms/resource/79/4028779_image3_1.jpg,2026-09-05T02:11:58.738602+09:00
4009436,38,엔드피스안경,"서울특별시 용산구 한남대로 60 (한남동, 금호리첸시아) 리첸시아 1층",37.5344843315796,127.008192362263,11,170,SH,SH04,SH040300,2026-03-16 10:54:17+09:00,https://tong.visitkorea.or.kr/cms/resource/54/4021954_image2_1.jpg,https://tong.visitkorea.or.kr/cms/resource/54/4021954_image3_1.jpg,2026-09-05T02:11:58.738602+09:00
4009437,38,한남파피루스안경,"서울특별시 용산구 한남대로 91 (한남동, 나인원 한남) 나인원한남 상가 1층",37.5365601416483,127.002134137393,11,170,SH,SH04,SH040300,2026-03-16 10:54:17+09:00,https://tong.visitkorea.or.kr/cms/resource/53/4021953_image2_1.jpg,https://tong.visitkorea.or.kr/cms/resource/53/4021953_image3_1.jpg,2026-09-05T02:11:58.738602+09:00
4009438,38,와츠스포츠,서울특별시 용산구 한남대로20길 13 (한남동) 1층,37.5349219834753,127.007658944032,11,170,SH,SH04,SH040300,2026-03-16 10:54:17+09:00,https://tong.visitkorea.or.kr/cms/resource/55/4021955_image2_1.jpg,https://tong.visitkorea.or.kr/cms/resource/55/4021955_image3_1.jpg,2026-09-05T02:11:58.738602+09:00
4009439,38,맥클래즈,서울특별시 용산구 한남대로27가길 14 (한남동),37.5375455478898,127.002965903913,11,170,SH,SH04,SH040300,2026-03-16 10:54:17+09:00,https://tong.visitkorea.or.kr/cms/resource/01/4022101_image2_1.jpg,https://tong.visitkorea.or.kr/cms/resource/01/4022101_image3_1.jpg,2026-09-05T02:11:58.738602+09:00
4009440,38,어쏠티드 에이,서울특별시 용산구 한남대로27가길 8-3 (한남동) 2층,37.537698174013,127.003096028466,11,170,SH,SH04,SH040300,2026-03-16 10:54:17+09:00,https://tong.visitkorea.or.kr/cms/resource/02/4022102_image2_1.jpg,https://tong.visitkorea.or.kr/cms/resource/02/4022102_image3_1.jpg,2026-09-05T02:11:58.738602+09:00
4009441,38,스포트캐주얼 한남점 헤리티지플로스,서울특별시 용산구 한남대로36길 7 (한남동) 1/2층,37.541487212363,127.004005476653,11,170,SH,SH04,SH040300,2026-03-16 10:54:17+09:00,https://tong.visitkorea.or.kr/cms/resource/63/4022063_image2_1.jpg,https://tong.visitkorea.or.kr/cms/resource/63/4022063_image3_1.jpg,2026-09-05T02:11:58.738602+09:00
4009608,38,문달,서울특별시 용산구 이태원로 242 (한남동) 2층,37.5362571539484,127.000342374808,11,170,SH,SH04,SH040300,2026-03-16 10:54:17+09:00,https://tong.visitkorea.or.kr/cms/resource/57/4022057_image2_1.jpg,https://tong.visitkorea.or.kr/cms/resource/57/4022057_image3_1.jpg,2026-09-05T02:11:58.738602+09:00
4012412,38,베스티,서울특별시 용산구 대사관로5길 25 (한남동) 1층,37.5353159688044,127.000290890472,11,170,SH,SH04,SH040300,2026-03-16 10:54:17+09:00,https://tong.visitkorea.or.kr/cms/resource/98/4022098_image2_1.jpg,https://tong.visitkorea.or.kr/cms/resource/98/4022098_image3_1.jpg,2026-09-05T02:11:58.738602+09:00
4012633,38,GS25 남산서울타워점,서울특별시 용산구 남산공원길 103 (용산동2가),37.5511821048725,126.98764975571,11,170,SH,SH04,SH040300,2026-03-18 10:10:05+09:00,https://tong.visitkorea.or.kr/cms/resource/21/4022521_image2_1.jpg,https://tong.visitkorea.or.kr/cms/resource/21/4022521_image3_1.jpg,2026-09-05T02:11:58.738602+09:00
4012634,38,아모멘토 한남 스토어,서울특별시 용산구 대사관로 25 (한남동) 1층,37.5338955353175,127.001193522127,11,170,SH,SH04,SH040300,2026-03-27 09:21:50+09:00,https://tong.visitkorea.or.kr/cms/resource/62/4043262_image2_1.png,https://tong.visitkorea.or.kr/cms/resource/62/4043262_image3_1.png,2026-09-05T02:11:58.738602+09:00
4012635,38,이미스 플래그십 스토어 한남,서울특별시 용산구 대사관로 36 (한남동),37.5334388973647,127.001985382367,11,170,SH,SH04,SH040300,2026-03-27 09:21:50+09:00,https://tong.visitkorea.or.kr/cms/resource/78/4043278_image2_1.png,https://tong.visitkorea.or.kr/cms/resource/78/4043278_image3_1.png,2026-09-05T02:11:58.738602+09:00
4012636,38,벳우먼 한남 스토어,서울특별시 용산구 대사관로 41 (한남동) 1층,37.533714046953,127.002783482814,11,170,SH,SH04,SH040300,2026-03-18 10:10:05+09:00,https://tong.visitkorea.or.kr/cms/resource/64/4024664_image2_1.jpeg,https://tong.visitkorea.or.kr/cms/resource/64/4024664_image3_1.jpeg,2026-09-05T02:11:58.738602+09:00
4012637,38,MSMR,서울특별시 용산구 대사관로11길 49 (한남동) 3층,37.5357074426239,127.001636621031,11,170,SH,SH04,SH040300,2026-04-01 08:18:53+09:00,https://tong.visitkorea.or.kr/cms/resource/59/4024559_image2_1.jpeg,https://tong.visitkorea.or.kr/cms/resource/59/4024559_image3_1.jpeg,2026-09-05T02:11:58.738602+09:00
4012638,38,드파운드 한남 쇼룸,서울특별시 용산구 대사관로5길 14 (한남동),37.5349443933091,127.000861579134,11,170,SH,SH04,SH040300,2026-03-18 10:10:05+09:00,https://tong.visitkorea.or.kr/cms/resource/70/4024770_image2_1.jpeg,https://tong.visitkorea.or.kr/cms/resource/70/4024770_image3_1.jpeg,2026-09-05T02:11:58.738602+09:00
4012639,38,아틀리에 나인 한남 플래그십 스토어,서울특별시 용산구 대사관로5길 22 (한남동),37.535270196924,127.000575331445,11,170,SH,SH04,SH040300,2026-03-18 10:10:05+09:00,https://tong.visitkorea.or.kr/cms/resource/47/4024347_image2_1.jpeg,https://tong.visitkorea.or.kr/cms/resource/47/4024347_image3_1.jpeg,2026-09-05T02:11:58.738602+09:00
4012640,38,트리니티와인앤컬처,서울특별시 용산구 독서당로 82 (한남동) 1층,37.5341240019419,127.009642339549,11,170,SH,SH04,SH040300,2026-03-18 10:10:05+09:00,https://tong.visitkorea.or.kr/cms/resource/79/4024579_image2_1.jpeg,https://tong.visitkorea.or.kr/cms/resource/79/4024579_image3_1.jpeg,2026-09-05T02:11:58.738602+09:00
4012641,38,힐튼종합상사힐튼양복점,"서울특별시 용산구 두텁바위로75길 21 (후암동, 스위스빌라) 3층",37.5520957112215,126.979251159859,11,170,SH,SH04,SH040300,2026-03-25 09:34:32+09:00,https://tong.visitkorea.or.kr/cms/resource/10/4041910_image2_1.jpg,https://tong.visitkorea.or.kr/cms/resource/10/4041910_image3_1.jpg,2026-09-05T02:11:58.738602+09:00
4012642,38,오르디오르,서울특별시 용산구 소월로20길 32-1 (용산동2가),37.5451199932431,126.985196251219,11,170,SH,SH04,SH040300,2026-03-18 10:10:05+09:00,https://tong.visitkorea.or.kr/cms/resource/20/4022520_image2_1.jpg,https://tong.visitkorea.or.kr/cms/resource/20/4022520_image3_1.jpg,2026-09-05T02:11:58.738602+09:00
4012643,38,소명약국,서울특별시 용산구 우사단로 43 (이태원동),37.5341174599335,126.995439847203,11,170,SH,SH04,SH040300,2026-03-18 10:10:05+09:00,https://tong.visitkorea.or.kr/cms/resource/65/4024665_image2_1.jpeg,https://tong.visitkorea.or.kr/cms/resource/65/4024665_image3_1.jpeg,2026-09-05T02:11:58.738602+09:00
4012644,38,나이키 이태원점,서울특별시 용산구 이태원로 159 (이태원동),37.5345266603533,126.991548425388,11,170,SH,SH04,SH040300,2026-03-12 09:08:40+09:00,https://tong.visitkorea.or.kr/cms/resource/81/4024481_image2_1.jpeg,https://tong.visitkorea.or.kr/cms/resource/81/4024481_image3_1.jpeg,2026-09-05T02:11:58.738602+09:00
4012645,38,무지개공예,서울특별시 용산구 이태원로 173 (이태원동),37.5346565148264,126.993264660716,11,170,SH,SH04,SH040300,2026-04-01 06:32:38+09:00,https://tong.visitkorea.or.kr/cms/resource/07/4022307_image2_1.jpeg,https://tong.visitkorea.or.kr/cms/resource/07/4022307_image3_1.jpeg,2026-09-05T02:11:58.738602+09:00
4012646,38,스컬프스토어 한남점,서울특별시 용산구 이태원로 211 (한남동) 1층,37.5349863516194,126.997273719969,11,170,SH,SH04,SH040300,2026-04-01 08:10:24+09:00,https://tong.visitkorea.or.kr/cms/resource/94/4024394_image2_1.jpeg,https://tong.visitkorea.or.kr/cms/resource/94/4024394_image3_1.jpeg,2026-09-05T02:11:58.738602+09:00
4012647,38,까렐 한남점,서울특별시 용산구 이태원로 218 (한남동) 1층,37.5348015764199,126.998358646795,11,170,SH,SH04,SH040300,2026-03-25 09:34:32+09:00,https://tong.visitkorea.or.kr/cms/resource/68/4041968_image2_1.png,https://tong.visitkorea.or.kr/cms/resource/68/4041968_image3_1.png,2026-09-05T02:11:58.738602+09:00
4012648,38,레이브 한남플래그십,서울특별시 용산구 이태원로 237 (한남동) 1층,37.5362639109443,126.999512913523,11,170,SH,SH04,SH040300,2026-03-27 09:21:50+09:00,https://tong.visitkorea.or.kr/cms/resource/47/4043247_image2_1.png,https://tong.visitkorea.or.kr/cms/resource/47/4043247_image3_1.png,2026-09-05T02:11:58.738602+09:00
4012649,38,COS 한남점,서울특별시 용산구 이태원로 257 (한남동),37.5378316500293,127.000801531439,11,170,SH,SH04,SH040300,2026-03-27 09:21:50+09:00,https://tong.visitkorea.or.kr/cms/resource/42/4043242_image2_1.png,https://tong.visitkorea.or.kr/cms/resource/42/4043242_image3_1.png,2026-09-05T02:11:58.738602+09:00
4012650,38,이솝 한남,서울특별시 용산구 이태원로 259-1 (한남동),37.5378876001397,127.001057017546,11,170,SH,SH04,SH040300,2026-03-27 09:21:50+09:00,https://tong.visitkorea.or.kr/cms/resource/48/4043248_image2_1.png,https://tong.visitkorea.or.kr/cms/resource/48/4043248_image3_1.png,2026-09-05T02:11:58.738602+09:00
4012651,38,MLB 한남플래그십스토어,서울특별시 용산구 이태원로 270 (한남동),37.538462245293,127.002036545151,11,170,SH,SH04,SH040300,2026-03-12 09:08:40+09:00,https://tong.visitkorea.or.kr/cms/resource/95/4024395_image2_1.jpg,https://tong.visitkorea.or.kr/cms/resource/95/4024395_image3_1.jpg,2026-09-05T02:11:58.738602+09:00
4012652,38,다이너스티 양복점,서울특별시 용산구 이태원로14길 14 (이태원동),37.5336412525132,126.990442238481,11,170,SH,SH04,SH040300,2026-03-27 09:21:50+09:00,https://tong.visitkorea.or.kr/cms/resource/01/4043101_image2_1.png,https://tong.visitkorea.or.kr/cms/resource/01/4043101_image3_1.png,2026-09-05T02:11:58.738602+09:00
4012653,38,OPEN YY Flagship Store HANNAM,서울특별시 용산구 이태원로36길 16 (한남동) 1층,37.5344953357522,126.999331332613,11,170,SH,SH04,SH040300,2026-03-18 10:10:05+09:00,https://tong.visitkorea.or.kr/cms/resource/11/4024611_image2_1.jpeg,https://tong.visitkorea.or.kr/cms/resource/11/4024611_image3_1.jpeg,2026-09-05T02:11:58.738602+09:00
4012654,38,브라운야드 플래그십스토어 한남점,서울특별시 용산구 이태원로42길 54 (한남동) 3층,37.5368269410124,127.001207372562,11,170,SH,SH04,SH040300,2026-03-18 10:10:05+09:00,https://tong.visitkorea.or.kr/cms/resource/49/4024549_image2_1.jpg,https://tong.visitkorea.or.kr/cms/resource/49/4024549_image3_1.jpg,2026-09-05T02:11:58.738602+09:00
4012655,38,레스트앤레크레이션 한남,서울특별시 용산구 이태원로42길 56 (한남동),37.5369571346384,127.001296420098,11,170,SH,SH04,SH040300,2026-03-27 09:21:50+09:00,https://tong.visitkorea.or.kr/cms/resource/72/4043272_image2_1.png,https://tong.visitkorea.or.kr/cms/resource/72/4043272_image3_1.png,2026-09-05T02:11:58.738602+09:00
4012656,38,닥터마틴 한남,서울특별시 용산구 이태원로54가길 18 (한남동),37.5369916407522,127.001483676433,11,170,SH,SH04,SH040300,2026-03-18 10:10:05+09:00,https://tong.visitkorea.or.kr/cms/resource/31/4024831_image2_1.jpeg,https://tong.visitkorea.or.kr/cms/resource/31/4024831_image3_1.jpeg,2026-09-05T02:11:58.738602+09:00
4012657,38,락피쉬웨더웨어 한남점,서울특별시 용산구 이태원로54길 58-26 (한남동),37.5357037585621,127.000554063795,11,170,SH,SH04,SH040300,2026-03-27 09:21:50+09:00,https://tong.visitkorea.or.kr/cms/resource/02/4043102_image2_1.png,https://tong.visitkorea.or.kr/cms/resource/02/4043102_image3_1.png,2026-09-05T02:11:58.738602+09:00
4012658,38,오디크,서울특별시 용산구 이태원로54길 58-3 (한남동),37.5357683576,127.0009729219,11,170,SH,SH04,SH040300,2026-07-15 19:46:49+09:00,https://tong.visitkorea.or.kr/cms/resource/23/4022623_image2_1.jpeg,https://tong.visitkorea.or.kr/cms/resource/23/4022623_image3_1.jpeg,2026-09-05T02:11:58.738602+09:00
4012659,38,러브이즈트루 플래그쉽 스토어,서울특별시 용산구 이태원로54길 58-34 (한남동) 2층,37.5356178038171,127.000370318301,11,170,SH,SH04,SH040300,2026-03-27 09:21:50+09:00,https://tong.visitkorea.or.kr/cms/resource/70/4043270_image2_1.png,https://tong.visitkorea.or.kr/cms/resource/70/4043270_image3_1.png,2026-09-05T02:11:58.738602+09:00
4012660,38,헬로선라이즈 한남,서울특별시 용산구 이태원로54길 58-5 (한남동) 1층,37.5357148391553,127.000843824463,11,170,SH,SH04,SH040300,2026-03-27 09:21:50+09:00,https://tong.visitkorea.or.kr/cms/resource/81/4043281_image2_1.png,https://tong.visitkorea.or.kr/cms/resource/81/4043281_image3_1.png,2026-09-05T02:11:58.738602+09:00
4012661,38,UNLESS,서울특별시 용산구 이태원로54길 62-9 (한남동) 1층,37.5354587754,127.0007421059,11,170,SH,SH04,SH040300,2026-07-15 19:47:36+09:00,https://tong.visitkorea.or.kr/cms/resource/60/4023060_image2_1.jpg,https://tong.visitkorea.or.kr/cms/resource/60/4023060_image3_1.jpg,2026-09-05T02:11:58.738602+09:00
4012662,38,본투스탠드아웃 플래그십 한남,서울특별시 용산구 이태원로55길 43-1 (한남동) 1층,37.5377711931566,126.999236260186,11,170,SH,SH04,SH040300,2026-03-18 10:10:05+09:00,https://tong.visitkorea.or.kr/cms/resource/86/4024586_image2_1.jpeg,https://tong.visitkorea.or.kr/cms/resource/86/4024586_image3_1.jpeg,2026-09-05T02:11:58.738602+09:00
4012663,38,엘비비 쇼룸,서울특별시 용산구 이태원로55길 45 (한남동),37.5378635432395,126.998921824346,11,170,SH,SH04,SH040300,2026-03-25 09:34:32+09:00,https://tong.visitkorea.or.kr/cms/resource/25/4041925_image2_1.jpg,https://tong.visitkorea.or.kr/cms/resource/25/4041925_image3_1.jpg,2026-09-05T02:11:58.738602+09:00
4012664,38,세븐일레븐 캐피탈점,서울특별시 용산구 장문로 14 (동빙고동) 우성빌딩,37.5286815474116,126.992169732044,11,170,SH,SH04,SH040300,2026-03-18 10:10:05+09:00,https://tong.visitkorea.or.kr/cms/resource/99/4022399_image2_1.jpg,https://tong.visitkorea.or.kr/cms/resource/99/4022399_image3_1.jpg,2026-09-05T02:11:58.738602+09:00
4012665,38,아모레 용산,서울특별시 용산구 한강대로 100 (한강로2가) 2층,37.5287911785354,126.968673565462,11,170,SH,SH04,SH040300,2026-03-27 09:21:50+09:00,https://tong.visitkorea.or.kr/cms/resource/59/4043059_image2_1.png,https://tong.visitkorea.or.kr/cms/resource/59/4043059_image3_1.png,2026-09-05T02:11:58.738602+09:00
4012666,38,스노우피크 롯데아울렛 서울역점,서울특별시 용산구 한강대로 100 (한강로2가) 2층,37.5287911785354,126.968673565462,11,170,SH,SH04,SH040300,2026-03-27 09:21:50+09:00,https://tong.visitkorea.or.kr/cms/resource/39/4043039_image2_1.png,https://tong.visitkorea.or.kr/cms/resource/39/4043039_image3_1.png,2026-09-05T02:11:58.738602+09:00
4012667,38,모조에스핀 롯데아울렛 서울역점,서울특별시 용산구 한강대로 405 (동자동) 3층,37.5548375992165,126.971732581232,11,170,SH,SH04,SH040300,2026-03-27 09:21:50+09:00,https://tong.visitkorea.or.kr/cms/resource/41/4043041_image2_1.png,https://tong.visitkorea.or.kr/cms/resource/41/4043041_image3_1.png,2026-09-05T02:11:58.738602+09:00
4012668,38,온앤온 롯데아울렛 서울역점,서울특별시 용산구 한강대로 405 (동자동) 3층,37.5548375992165,126.971732581232,11,170,SH,SH04,SH040300,2026-03-27 09:21:50+09:00,https://tong.visitkorea.or.kr/cms/resource/56/4043056_image2_1.png,https://tong.visitkorea.or.kr/cms/resource/56/4043056_image3_1.png,2026-09-05T02:11:58.738602+09:00
4012669,38,비스킷샵,서울특별시 용산구 한강대로102길 11-24 (동자동) 3층,37.5501183095088,126.973095402622,11,170,SH,SH04,SH040300,2026-03-25 09:34:32+09:00,https://tong.visitkorea.or.kr/cms/resource/11/4041911_image2_1.jpg,https://tong.visitkorea.or.kr/cms/resource/11/4041911_image3_1.jpg,2026-09-05T02:11:58.738602+09:00
4012670,38,아르켓 아이파크몰 용산점,서울특별시 용산구 한강대로23길 55 (한강로3가) 3층,37.5297718014452,126.964741503485,11,170,SH,SH04,SH040300,2026-03-27 09:21:50+09:00,https://tong.visitkorea.or.kr/cms/resource/58/4043058_image2_1.png,https://tong.visitkorea.or.kr/cms/resource/58/4043058_image3_1.png,2026-09-05T02:11:58.738602+09:00
4012671,38,카린 한남,서울특별시 용산구 한남대로27가길 1 (한남동),37.5375371518147,127.003571801939,11,170,SH,SH04,SH040300,2026-03-18 10:10:05+09:00,https://tong.visitkorea.or.kr/cms/resource/47/4024547_image2_1.jpeg,https://tong.visitkorea.or.kr/cms/resource/47/4024547_image3_1.jpeg,2026-09-05T02:11:58.738602+09:00
4012672,38,케미컬스포츠,서울특별시 용산구 한남대로27가길 26-16 (한남동) 2층,37.5381575125,127.002750609,11,170,SH,SH04,SH040300,2026-07-15 19:48:18+09:00,https://tong.visitkorea.or.kr/cms/resource/83/4024683_image2_1.jpg,https://tong.visitkorea.or.kr/cms/resource/83/4024683_image3_1.jpg,2026-09-05T02:11:58.738602+09:00
4012673,38,시엔느 한남부티크,서울특별시 용산구 한남대로27길 36-63 (한남동) 1층,37.540051671422,127.00328700997,11,170,SH,SH04,SH040300,2026-03-18 10:10:05+09:00,https://tong.visitkorea.or.kr/cms/resource/96/4024396_image2_1.jpeg,https://tong.visitkorea.or.kr/cms/resource/96/4024396_image3_1.jpeg,2026-09-05T02:11:58.738602+09:00
4012674,38,포틀 한남 스토어,서울특별시 용산구 한남대로27길 36-63 (한남동) 2층,37.540051671422,127.00328700997,11,170,SH,SH04,SH040300,2026-03-25 09:34:32+09:00,https://tong.visitkorea.or.kr/cms/resource/06/4041906_image2_1.jpg,https://tong.visitkorea.or.kr/cms/resource/06/4041906_image3_1.jpg,2026-09-05T02:11:58.738602+09:00
4012675,38,그로브스토어 한남점,서울특별시 용산구 한남대로27길 66 (한남동) 2층,37.539611179738,127.003015997774,11,170,SH,SH04,SH040300,2026-03-18 10:10:05+09:00,https://tong.visitkorea.or.kr/cms/resource/97/4024397_image2_1.jpeg,https://tong.visitkorea.or.kr/cms/resource/97/4024397_image3_1.jpeg,2026-09-05T02:11:58.738602+09:00
4012676,38,NOTHING WRITTEN & Cafe Corner,서울특별시 용산구 한남대로40길 14-5 (한남동),37.5425910353781,127.003753202458,11,170,SH,SH04,SH040300,2026-03-18 10:10:05+09:00,https://tong.visitkorea.or.kr/cms/resource/98/4022398_image2_1.jpg,https://tong.visitkorea.or.kr/cms/resource/98/4022398_image3_1.jpg,2026-09-05T02:11:58.738602+09:00
4012677,38,렉토,서울특별시 용산구 한남대로40길 8 (한남동),37.5422152426367,127.003275789617,11,170,SH,SH04,SH040300,2026-03-18 10:10:05+09:00,https://tong.visitkorea.or.kr/cms/resource/15/4024615_image2_1.jpeg,https://tong.visitkorea.or.kr/cms/resource/15/4024615_image3_1.jpeg,2026-09-05T02:11:58.738602+09:00
4012678,38,웨이비니스,서울특별시 용산구 한남대로42길 37 (한남동) 1층,37.5438215531547,127.002952460674,11,170,SH,SH04,SH040300,2026-03-18 10:10:05+09:00,https://tong.visitkorea.or.kr/cms/resource/17/4024617_image2_1.jpeg,https://tong.visitkorea.or.kr/cms/resource/17/4024617_image3_1.jpeg,2026-09-05T02:11:58.738602+09:00
4012837,38,롯데하이마트 롯데마트 서울역점,서울특별시 중구 한강대로 405 (봉래동2가) 3층,37.5547278494914,126.969526329341,11,170,SH,SH04,SH040300,2026-03-27 09:21:50+09:00,https://tong.visitkorea.or.kr/cms/resource/52/4042852_image2_1.png,https://tong.visitkorea.or.kr/cms/resource/52/4042852_image3_1.png,2026-09-05T02:11:58.738602+09:00
4012838,38,캘빈클라인 롯데아울렛 서울역점,서울특별시 중구 한강대로 405 (봉래동2가) 4층,37.5547278494914,126.969526329341,11,170,SH,SH04,SH040300,2026-03-27 09:21:50+09:00,https://tong.visitkorea.or.kr/cms/resource/49/4042849_image2_1.png,https://tong.visitkorea.or.kr/cms/resource/49/4042849_image3_1.png,2026-09-05T02:11:58.738602+09:00
4027182,38,포터 이태원점,서울특별시 용산구 녹사평대로 168-10 (이태원동),37.5332416734016,126.98955357638,11,170,SH,SH04,SH040300,2026-03-27 09:21:50+09:00,https://tong.visitkorea.or.kr/cms/resource/00/4044800_image2_1.png,https://tong.visitkorea.or.kr/cms/resource/00/4044800_image3_1.png,2026-09-05T02:11:58.738602+09:00
4027183,38,이솝 사운즈 한남,서울특별시 용산구 대사관로 35 (한남동) 1층,37.5337501903567,127.00214819989,11,170,SH,SH04,SH040300,2026-03-27 09:21:50+09:00,https://tong.visitkorea.or.kr/cms/resource/66/4043266_image2_1.png,https://tong.visitkorea.or.kr/cms/resource/66/4043266_image3_1.png,2026-09-05T02:11:58.738602+09:00
4027184,38,다이슨 데모 스토어 사운즈 한남,서울특별시 용산구 대사관로 35 (한남동) B1층,37.5337501903567,127.00214819989,11,170,SH,SH04,SH040300,2026-03-27 09:21:50+09:00,https://tong.visitkorea.or.kr/cms/resource/96/4044796_image2_1.png,https://tong.visitkorea.or.kr/cms/resource/96/4044796_image3_1.png,2026-09-05T02:11:58.738602+09:00
4027185,38,르메르 한남 플래그십,서울특별시 용산구 대사관로11길 8-3 (한남동),37.5342970120343,127.001902246193,11,170,SH,SH04,SH040300,2026-03-26 09:20:41+09:00,https://tong.visitkorea.or.kr/cms/resource/53/4045753_image2_1.jpg,https://tong.visitkorea.or.kr/cms/resource/53/4045753_image3_1.jpg,2026-09-05T02:11:58.738602+09:00
4027186,38,메종마르지엘라 한남,서울특별시 용산구 대사관로11길 8-7 (한남동),37.5342822316888,127.00213237536,11,170,SH,SH04,SH040300,2026-03-27 09:21:50+09:00,https://tong.visitkorea.or.kr/cms/resource/35/4043235_image2_1.png,https://tong.visitkorea.or.kr/cms/resource/35/4043235_image3_1.png,2026-09-05T02:11:58.738602+09:00
4027187,38,룩캐스트 한남점,서울특별시 용산구 대사관로5길 27 (한남동),37.5354061591231,127.000223457555,11,170,SH,SH04,SH040300,2026-03-30 09:16:11+09:00,https://tong.visitkorea.or.kr/cms/resource/61/4045661_image2_1.jpg,https://tong.visitkorea.or.kr/cms/resource/61/4045661_image3_1.jpg,2026-09-05T02:11:58.738602+09:00
4027188,38,세븐일레븐 이태원2호점,서울특별시 용산구 우사단로 46 (이태원동),37.5342037003706,126.995836515171,11,170,SH,SH04,SH040300,2026-03-27 09:21:50+09:00,https://tong.visitkorea.or.kr/cms/resource/80/4045480_image2_1.jpg,https://tong.visitkorea.or.kr/cms/resource/80/4045480_image3_1.jpg,2026-09-05T02:11:58.738602+09:00
4027189,38,홈플러스익스프레스 한남점,"서울특별시 용산구 유엔빌리지길 11 (한남동, TWIN VILL)",37.5339839225833,127.01039459547,11,170,SH,SH04,SH040300,2026-03-27 09:21:50+09:00,https://tong.visitkorea.or.kr/cms/resource/94/4044794_image2_1.png,https://tong.visitkorea.or.kr/cms/resource/94/4044794_image3_1.png,2026-09-05T02:11:58.738602+09:00
4027190,38,룰루레몬 이태원 스토어,서울특별시 용산구 이태원로 200 (이태원동) 제니타스빌딩 1-2층,37.5344218438165,126.996165292472,11,170,SH,SH04,SH040300,2026-03-27 09:21:50+09:00,https://tong.visitkorea.or.kr/cms/resource/23/4043223_image2_1.png,https://tong.visitkorea.or.kr/cms/resource/23/4043223_image3_1.png,2026-09-05T02:11:58.738602+09:00
4027191,38,마리떼프랑소와저버 빌라 드 마리떼 한남,서울특별시 용산구 이태원로 229 (한남동),37.5358309777002,126.999096773782,11,170,SH,SH04,SH040300,2026-03-27 09:21:50+09:00,https://tong.visitkorea.or.kr/cms/resource/59/4043259_image2_1.png,https://tong.visitkorea.or.kr/cms/resource/59/4043259_image3_1.png,2026-09-05T02:11:58.738602+09:00
4027192,38,로라로라 한남 플래그십스토어,서울특별시 용산구 이태원로 234 (한남동) 1-2층,37.5357023175611,126.999593475357,11,170,SH,SH04,SH040300,2026-03-27 09:21:50+09:00,https://tong.visitkorea.or.kr/cms/resource/05/4043105_image2_1.png,https://tong.visitkorea.or.kr/cms/resource/05/4043105_image3_1.png,2026-09-05T02:11:58.738602+09:00
4027193,38,필인더블랭크 한남 쇼룸,서울특별시 용산구 이태원로 234 (한남동) 3층,37.5357023175611,126.999593475357,11,170,SH,SH04,SH040300,2026-03-27 09:21:50+09:00,https://tong.visitkorea.or.kr/cms/resource/00/4043100_image2_1.png,https://tong.visitkorea.or.kr/cms/resource/00/4043100_image3_1.png,2026-09-05T02:11:58.738602+09:00
4027194,38,탬버린즈 한남 플래그십스토어,서울특별시 용산구 이태원로 238 (한남동),37.5359194593876,126.999916273557,11,170,SH,SH04,SH040300,2026-03-27 09:21:50+09:00,https://tong.visitkorea.or.kr/cms/resource/55/4043255_image2_1.png,https://tong.visitkorea.or.kr/cms/resource/55/4043255_image3_1.png,2026-09-05T02:11:58.738602+09:00
4027195,38,논픽션 한남,서울특별시 용산구 이태원로 242 (한남동) 1층,37.5362571539484,127.000342374808,11,170,SH,SH04,SH040300,2026-03-27 09:21:50+09:00,https://tong.visitkorea.or.kr/cms/resource/93/4044793_image2_1.png,https://tong.visitkorea.or.kr/cms/resource/93/4044793_image3_1.png,2026-09-05T02:11:58.738602+09:00
4027196,38,샵아모멘토 한남점,서울특별시 용산구 이태원로 242 (한남동) 2층,37.5362571539484,127.000342374808,11,170,SH,SH04,SH040300,2026-03-27 09:21:50+09:00,https://tong.visitkorea.or.kr/cms/resource/51/4045151_image2_1.png,https://tong.visitkorea.or.kr/cms/resource/51/4045151_image3_1.png,2026-09-05T02:11:58.738602+09:00
4027197,38,다이소 이태원점,서울특별시 용산구 이태원로15길 1 (이태원동),37.5345949396719,126.990170576357,11,170,SH,SH04,SH040300,2026-03-19 02:20:15+09:00,https://tong.visitkorea.or.kr/cms/resource/39/4029439_image2_1.jpg,https://tong.visitkorea.or.kr/cms/resource/39/4029439_image3_1.jpg,2026-09-05T02:11:58.738602+09:00
4027198,38,바이말리,서울특별시 용산구 이태원로42길 62 (한남동) 1층,37.5371945463615,127.001459014676,11,170,SH,SH04,SH040300,2026-03-27 09:21:50+09:00,https://tong.visitkorea.or.kr/cms/resource/18/4043918_image2_1.png,https://tong.visitkorea.or.kr/cms/resource/18/4043918_image3_1.png,2026-09-05T02:11:58.738602+09:00
4027199,38,제너럴아이디어 한남점,서울특별시 용산구 이태원로45길 8 (한남동) 1층,37.5362766132002,126.999178571795,11,170,SH,SH04,SH040300,2026-03-27 09:21:50+09:00,https://tong.visitkorea.or.kr/cms/resource/67/4043267_image2_1.png,https://tong.visitkorea.or.kr/cms/resource/67/4043267_image3_1.png,2026-09-05T02:11:58.738602+09:00
4027200,38,타비오,서울특별시 용산구 이태원로54길 58-9 (한남동),37.5356196045271,127.000664943693,11,170,SH,SH04,SH040300,2026-03-27 09:21:50+09:00,https://tong.visitkorea.or.kr/cms/resource/68/4043268_image2_1.png,https://tong.visitkorea.or.kr/cms/resource/68/4043268_image3_1.png,2026-09-05T02:11:58.738602+09:00
4027201,38,안젤로비안코 쇼룸,서울특별시 용산구 이태원로54길 63-3 (한남동) 1-2층,37.5357300607003,127.001406940109,11,170,SH,SH04,SH040300,2026-03-26 09:20:41+09:00,https://tong.visitkorea.or.kr/cms/resource/82/4045782_image2_1.jpg,https://tong.visitkorea.or.kr/cms/resource/82/4045782_image3_1.jpg,2026-09-05T02:11:58.738602+09:00
4027202,38,퍼킹어썸 서울한남점,서울특별시 용산구 이태원로54길 8 (한남동) 1층,37.5378529021653,127.001830827765,11,170,SH,SH04,SH040300,2026-03-27 09:21:50+09:00,https://tong.visitkorea.or.kr/cms/resource/79/4043279_image2_1.png,https://tong.visitkorea.or.kr/cms/resource/79/4043279_image3_1.png,2026-09-05T02:11:58.738602+09:00
4027203,38,더 세터 한남,서울특별시 용산구 이태원로55가길 21 (한남동) 2층,37.5373834949206,127.000239303903,11,170,SH,SH04,SH040300,2026-03-27 09:21:50+09:00,https://tong.visitkorea.or.kr/cms/resource/57/4043257_image2_1.png,https://tong.visitkorea.or.kr/cms/resource/57/4043257_image3_1.png,2026-09-05T02:11:58.738602+09:00
4027204,38,준바이준케이 한남점,서울특별시 용산구 이태원로55가길 21 (한남동) 3층,37.5373834949206,127.000239303903,11,170,SH,SH04,SH040300,2026-03-27 09:21:50+09:00,https://tong.visitkorea.or.kr/cms/resource/81/4045481_image2_1.jpg,https://tong.visitkorea.or.kr/cms/resource/81/4045481_image3_1.jpg,2026-09-05T02:11:58.738602+09:00
4027205,38,시티브리즈 한남 플래그십스토어,서울특별시 용산구 이태원로55가길 22 (한남동),37.5374831458067,127.000012785521,11,170,SH,SH04,SH040300,2026-03-27 09:21:50+09:00,https://tong.visitkorea.or.kr/cms/resource/33/4043533_image2_1.jpg,https://tong.visitkorea.or.kr/cms/resource/33/4043533_image3_1.jpg,2026-09-05T02:11:58.738602+09:00
4027206,38,마리떼프랑소와저버 에쌍시엘 한남점,서울특별시 용산구 이태원로55가길 26-4 (한남동) 1층,37.5373582671505,126.999984612142,11,170,SH,SH04,SH040300,2026-03-27 09:21:50+09:00,https://tong.visitkorea.or.kr/cms/resource/04/4043104_image2_1.png,https://tong.visitkorea.or.kr/cms/resource/04/4043104_image3_1.png,2026-09-05T02:11:58.738602+09:00
4027207,38,나일로라 한남 플래그십스토어,"서울특별시 용산구 이태원로55가길 29 (한남동, 대경빌딩) 1층",37.5370136344726,126.999948405655,11,170,SH,SH04,SH040300,2026-03-27 09:21:50+09:00,https://tong.visitkorea.or.kr/cms/resource/80/4043080_image2_1.png,https://tong.visitkorea.or.kr/cms/resource/80/4043080_image3_1.png,2026-09-05T02:11:58.738602+09:00
4027208,38,포터리 한남,서울특별시 용산구 이태원로55가길 40 (한남동) 1층,37.536789283532,126.999342287211,11,170,SH,SH04,SH040300,2026-03-27 09:21:50+09:00,https://tong.visitkorea.or.kr/cms/resource/74/4043074_image2_1.png,https://tong.visitkorea.or.kr/cms/resource/74/4043074_image3_1.png,2026-09-05T02:11:58.738602+09:00
4027209,38,블루텍솔루션,"서울특별시 용산구 청파로 48 (한강로3가, 용산전자오피스텔)",37.5321423174177,126.956817777025,11,170,SH,SH04,SH040300,2026-03-27 09:21:50+09:00,https://tong.visitkorea.or.kr/cms/resource/36/4043036_image2_1.png,https://tong.visitkorea.or.kr/cms/resource/36/4043036_image3_1.png,2026-09-05T02:11:58.738602+09:00
4027210,38,대원씨앤씨 용산점,서울특별시 용산구 청파로 74 (한강로3가) 본관 1층,37.5327888550584,126.959558538475,11,170,SH,SH04,SH040300,2026-03-26 09:20:41+09:00,https://tong.visitkorea.or.kr/cms/resource/35/4043035_image2_1.png,https://tong.visitkorea.or.kr/cms/resource/35/4043035_image3_1.png,2026-09-05T02:11:58.738602+09:00
4027211,38,전자랜드파워센터 용산본점,서울특별시 용산구 청파로 74 (한강로3가) 본관 1층,37.5327888550584,126.959558538475,11,170,SH,SH04,SH040300,2026-03-27 09:21:50+09:00,https://tong.visitkorea.or.kr/cms/resource/13/4044813_image2_1.png,https://tong.visitkorea.or.kr/cms/resource/13/4044813_image3_1.png,2026-09-05T02:11:58.738602+09:00
4027212,38,오설록티하우스 용산파크점,서울특별시 용산구 한강대로 100 (한강로2가),37.5287911785354,126.968673565462,11,170,SH,SH04,SH040300,2026-03-27 09:21:50+09:00,https://tong.visitkorea.or.kr/cms/resource/88/4043088_image2_1.png,https://tong.visitkorea.or.kr/cms/resource/88/4043088_image3_1.png,2026-09-05T02:11:58.738602+09:00
4027213,38,다이소 서울역점,서울특별시 용산구 한강대로 405 (동자동) 1층,37.5548375992165,126.971732581232,11,170,SH,SH04,SH040300,2026-03-19 02:51:01+09:00,https://tong.visitkorea.or.kr/cms/resource/43/4029443_image2_1.jpg,https://tong.visitkorea.or.kr/cms/resource/43/4029443_image3_1.jpg,2026-09-05T02:11:58.738602+09:00
4027214,38,Lee 롯데아울렛 서울역점,서울특별시 용산구 한강대로 405 (동자동) 2층,37.5548375992165,126.971732581232,11,170,SH,SH04,SH040300,2026-03-27 09:21:50+09:00,https://tong.visitkorea.or.kr/cms/resource/53/4043053_image2_1.png,https://tong.visitkorea.or.kr/cms/resource/53/4043053_image3_1.png,2026-09-05T02:11:58.738602+09:00
4027215,38,코닥어패럴 롯데아울렛 서울역점,서울특별시 용산구 한강대로 405 (동자동) 2층,37.5548375992165,126.971732581232,11,170,SH,SH04,SH040300,2026-03-27 09:21:50+09:00,https://tong.visitkorea.or.kr/cms/resource/72/4043072_image2_1.png,https://tong.visitkorea.or.kr/cms/resource/72/4043072_image3_1.png,2026-09-05T02:11:58.738602+09:00
4027216,38,니콘샵 디지털청풍 아이파크몰 용산점,서울특별시 용산구 한강대로23길 55 (한강로3가) 3층,37.5297718014452,126.964741503485,11,170,SH,SH04,SH040300,2026-03-27 09:21:50+09:00,https://tong.visitkorea.or.kr/cms/resource/76/4043076_image2_1.png,https://tong.visitkorea.or.kr/cms/resource/76/4043076_image3_1.png,2026-09-05T02:11:58.738602+09:00
4027217,38,마시모두띠 아이파크몰 용산점,서울특별시 용산구 한강대로23길 55 (한강로3가) 3층,37.5297718014452,126.964741503485,11,170,SH,SH04,SH040300,2026-03-27 09:21:50+09:00,https://tong.visitkorea.or.kr/cms/resource/54/4043054_image2_1.png,https://tong.visitkorea.or.kr/cms/resource/54/4043054_image3_1.png,2026-09-05T02:11:58.738602+09:00
4027218,38,롯데하이마트 아이파크몰 용산점,서울특별시 용산구 한강대로23길 55 (한강로3가) 4층,37.5297718014452,126.964741503485,11,170,SH,SH04,SH040300,2026-03-27 09:21:50+09:00,https://tong.visitkorea.or.kr/cms/resource/49/4043049_image2_1.png,https://tong.visitkorea.or.kr/cms/resource/49/4043049_image3_1.png,2026-09-05T02:11:58.738602+09:00
4027219,38,ABC마트 GS 아이파크몰 용산점,서울특별시 용산구 한강대로23길 55 (한강로3가) 5층,37.5297718014452,126.964741503485,11,170,SH,SH04,SH040300,2026-03-30 09:16:11+09:00,https://tong.visitkorea.or.kr/cms/resource/09/4044809_image2_1.png,https://tong.visitkorea.or.kr/cms/resource/09/4044809_image3_1.png,2026-09-05T02:11:58.738602+09:00
4027220,38,닥스종합관 아이파크몰 용산점,서울특별시 용산구 한강대로23길 55 (한강로3가) 5층,37.5297718014452,126.964741503485,11,170,SH,SH04,SH040300,2026-03-30 09:16:11+09:00,https://tong.visitkorea.or.kr/cms/resource/84/4045484_image2_1.jpg,https://tong.visitkorea.or.kr/cms/resource/84/4045484_image3_1.jpg,2026-09-05T02:11:58.738602+09:00
4027221,38,나이키 아이파크몰 용산점,서울특별시 용산구 한강대로23길 55 (한강로3가) 6층,37.5297718014452,126.964741503485,11,170,SH,SH04,SH040300,2026-03-30 09:16:11+09:00,https://tong.visitkorea.or.kr/cms/resource/81/4044781_image2_1.png,https://tong.visitkorea.or.kr/cms/resource/81/4044781_image3_1.png,2026-09-05T02:11:58.738602+09:00
4027222,38,닥터마틴 아이파크몰 용산점,서울특별시 용산구 한강대로23길 55 (한강로3가) 6층,37.5297718014452,126.964741503485,11,170,SH,SH04,SH040300,2026-03-30 09:16:11+09:00,https://tong.visitkorea.or.kr/cms/resource/11/4044811_image2_1.png,https://tong.visitkorea.or.kr/cms/resource/11/4044811_image3_1.png,2026-09-05T02:11:58.738602+09:00
4027223,38,다이소 아이파크몰 용산점,서울특별시 용산구 한강대로23길 55 (한강로3가) B1층,37.5297718014452,126.964741503485,11,170,SH,SH04,SH040300,2026-03-30 09:16:11+09:00,https://tong.visitkorea.or.kr/cms/resource/47/4029447_image2_1.jpg,https://tong.visitkorea.or.kr/cms/resource/47/4029447_image3_1.jpg,2026-09-05T02:11:58.738602+09:00
4027224,38,그라미치 한남 스토어,서울특별시 용산구 한남대로27가길 22 (한남동) B1층,37.5377362027231,127.002837490089,11,170,SH,SH04,SH040300,2026-03-27 09:21:50+09:00,https://tong.visitkorea.or.kr/cms/resource/85/4045485_image2_1.jpg,https://tong.visitkorea.or.kr/cms/resource/85/4045485_image3_1.jpg,2026-09-05T02:11:58.738602+09:00
4027225,38,엔조블루스,서울특별시 용산구 한남대로27가길 26 (한남동) 3층,37.53788126656,127.002719257174,11,170,SH,SH04,SH040300,2026-03-30 09:16:11+09:00,https://tong.visitkorea.or.kr/cms/resource/63/4045663_image2_1.jpg,https://tong.visitkorea.or.kr/cms/resource/63/4045663_image3_1.jpg,2026-09-05T02:11:58.738602+09:00
402897,39,갯마을,서울특별시 용산구 서빙고로 56 (한강로3가),37.523037150783395,126.97033939425266,11,170,FD,FD01,FD010100,2026-02-11 09:07:22+09:00,,,2026-09-05T02:11:58.738602+09:00
402926,39,라 쿠치나,서울특별시 용산구 회나무로44길 10 라쿠치나,37.5406020271,126.9964728955,11,170,FD,FD02,FD020300,2025-12-31 14:54:54+09:00,,,2026-09-05T02:11:58.738602+09:00
402929,39,부다스벨리 이태원,서울특별시 용산구 녹사평대로40길 48 (이태원동),37.5343748281,126.9884099171,11,170,FD,FD02,FD020400,2025-12-12 15:52:33+09:00,,,2026-09-05T02:11:58.738602+09:00
403509,39,두에꼬제,"서울특별시 용산구 한남대로 60 (한남동, 금호리첸시아) 상가 D동 119호",37.5345362705,127.0079497995,11,170,FD,FD02,FD020300,2025-11-27 14:07:43+09:00,http://tong.visitkorea.or.kr/cms/resource/78/3575178_image2_1.jpg,http://tong.visitkorea.or.kr/cms/resource/78/3575178_image3_1.jpg,2026-09-05T02:11:58.738602+09:00
4054298,38,롯데아울렛 서울역점[면세점(TAX REFUND SHOP)],서울특별시 용산구 한강대로 405 (동자동),37.5548375992165,126.971732581232,11,170,SH,SH04,SH040300,2026-03-31 00:49:17+09:00,https://tong.visitkorea.or.kr/cms/resource/23/4021023_image2_1.jpg,https://tong.visitkorea.or.kr/cms/resource/23/4021023_image3_1.jpg,2026-09-05T02:11:58.738602+09:00
4054314,38,어뮤즈 한남 쇼룸[면세점(TAX REFUND SHOP)],서울특별시 용산구 이태원로55가길 49 (한남동) 3층,37.5363280611571,126.999307103335,11,170,SH,SH04,SH040300,2026-04-01 02:17:32+09:00,https://tong.visitkorea.or.kr/cms/resource/38/4054238_image2_1.jpg,https://tong.visitkorea.or.kr/cms/resource/38/4054238_image3_1.jpg,2026-09-05T02:11:58.738602+09:00
4054465,15,노들 미리봄 페스티벌,"서울특별시 용산구 양녕로 445 (이촌동) 양녕로 445,446 노들섬 잔디마당",37.5176638307111,126.958036465507,11,170,EV,EV03,EV030400,2026-03-31 17:29:44+09:00,https://tong.visitkorea.or.kr/cms/resource/64/4054464_image2_1.jpg,https://tong.visitkorea.or.kr/cms/resource/64/4054464_image3_1.jpg,2026-09-05T02:11:58.738602+09:00
4059754,39,브릭샌드 서울역점,서울특별시 용산구 한강대로 405 (동자동) 서울역 1층 M02호,37.5548375992165,126.971732581232,11,170,FD,FD05,FD050100,2026-04-22 16:29:46+09:00,https://tong.visitkorea.or.kr/cms/resource/56/4059756_image2_1.jpg,https://tong.visitkorea.or.kr/cms/resource/56/4059756_image3_1.jpg,2026-09-05T02:11:58.738602+09:00
4097077,39,뉴오더클럽 한남,서울특별시 용산구 이태원로54길 58-14 (한남동) 1층,37.5359151326,127.000689838,11,170,FD,FD02,FD020300,2026-08-11 16:13:33+09:00,https://tong.visitkorea.or.kr/cms/resource/82/4097082_image2_1.jpg,https://tong.visitkorea.or.kr/cms/resource/82/4097082_image3_1.jpg,2026-09-05T02:11:58.738602+09:00
586753,28,용산초등학교 실내수영장,서울특별시 용산구 한강대로57길 33,37.5356144750936,126.972547907773,11,170,LS,LS02,LS020700,2026-02-11 09:09:42+09:00,https://tong.visitkorea.or.kr/cms/resource/11/3478511_image2_1.jpg,https://tong.visitkorea.or.kr/cms/resource/11/3478511_image3_1.jpg,2026-09-05T02:11:58.738602+09:00
688998,38,아이파크몰 용산점,서울특별시 용산구 한강대로23길 55,37.5297983781,126.9648349367,11,170,SH,SH02,SH020100,2026-06-22 10:49:25+09:00,https://tong.visitkorea.or.kr/cms/resource/99/936299_image2_1.jpg,https://tong.visitkorea.or.kr/cms/resource/99/936299_image3_1.jpg,2026-09-05T02:11:58.738602+09:00
704434,39,원대구탕,서울특별시 용산구 한강대로62가길 8 (한강로1가),37.5347300879,126.974236198,11,170,FD,FD01,FD010100,2025-03-19 16:17:06+09:00,http://tong.visitkorea.or.kr/cms/resource/09/3474809_image2_1.jpg,http://tong.visitkorea.or.kr/cms/resource/09/3474809_image3_1.jpg,2026-09-05T02:11:58.738602+09:00
704438,39,자원대구탕,서울특별시 용산구 한강대로62가길 6,37.5346479536844,126.974067231571,11,170,FD,FD01,FD010100,2026-04-09 16:45:25+09:00,,,2026-09-05T02:11:58.738602+09:00
704506,12,서울 삼각지 대구탕 골목,서울특별시 용산구 한강대로62가길 4 (한강로1가),37.534649539,126.9741028792,11,170,VE,VE04,VE040100,2025-11-18 13:15:49+09:00,http://tong.visitkorea.or.kr/cms/resource/28/3568228_image2_1.jpg,http://tong.visitkorea.or.kr/cms/resource/28/3568228_image3_1.jpg,2026-09-05T02:11:58.738602+09:00
764064,39,정감어린,서울특별시 용산구 후암로 4,37.5461855194028,126.978677564331,11,170,FD,FD01,FD010100,2026-04-09 16:30:09+09:00,,,2026-09-05T02:11:58.738602+09:00
820593,39,두바이레스토랑,서울특별시 용산구 이태원로 192,37.5342900486439,126.995354054838,11,170,FD,FD02,FD020400,2026-04-09 16:17:58+09:00,,,2026-09-05T02:11:58.738602+09:00
820610,39,타지펠리스,서울특별시 용산구 우사단로 39 2층,37.5336317967481,126.995420733767,11,170,FD,FD02,FD020400,2026-04-09 16:19:42+09:00,,,2026-09-05T02:11:58.738602+09:00
970636,12,이촌한강공원,서울특별시 용산구 이촌로72길 62 (이촌동),37.51782055627669,126.97085116144625,11,170,VE,VE03,VE030100,2026-02-05 14:49:33+09:00,https://tong.visitkorea.or.kr/cms/resource/15/2531015_image2_1.jpg,https://tong.visitkorea.or.kr/cms/resource/15/2531015_image3_1.jpg,2026-09-05T02:11:58.738602+09:00
985071,38,에덴도자기,서울특별시 용산구 이태원로 159-1 (이태원동),37.534484838373736,126.9916721482789,11,170,SH,SH05,SH050100,2026-03-11 10:03:40+09:00,https://tong.visitkorea.or.kr/cms/resource/50/3502250_image2_1.jpg,https://tong.visitkorea.or.kr/cms/resource/50/3502250_image3_1.jpg,2026-09-05T02:11:58.738602+09:00
