content_id,content_type_id,title,address,latitude,longitude,area_code,district_code,lcls_systm1,lcls_systm2,lcls_systm3,source_modified_at,first_image_url,thumbnail_url,list_fetched_at
1005620,14,갤러리피치,서울특별시 강남구 도산대로87길 25 (청담동),37.5263281212839,127.050115610196,11,680,VE,VE07,VE070600,2026-02-24 12:13:40+09:00,https://tong.visitkorea.or.kr/cms/resource/98/1865698_image2_1.jpg,https://tong.visitkorea.or.kr/cms/resource/98/1865698_image3_1.jpg,2026-09-05T02:12:16.857334+09:00
1019271,14,코엑스아티움 우리은행홀,서울특별시 강남구 영동대로 513 (삼성동) 5층,37.51186515083277,127.05920358462161,11,680,VE,VE06,VE060100,2026-03-19 15:00:26+09:00,https://tong.visitkorea.or.kr/cms/resource/78/3555778_image2_1.jpg,https://tong.visitkorea.or.kr/cms/resource/78/3555778_image3_1.jpg,2026-09-05T02:12:16.857334+09:00
1019644,38,풍월당,서울특별시 강남구 도산대로53길 39 (신사동) 4층,37.52580033775022,127.03893064225878,11,680,SH,SH07,SH070100,2026-03-09 17:15:16+09:00,https://tong.visitkorea.or.kr/cms/resource/39/3495239_image2_1.jpg,https://tong.visitkorea.or.kr/cms/resource/39/3495239_image3_1.jpg,2026-09-05T02:12:16.857334+09:00
1021125,39,씨네 드 쉐프(CINE de CHEF),서울특별시 강남구 압구정로30길 45 (신사동),37.5243739484,127.0294397966,11,680,FD,FD02,FD020500,2025-04-09 13:07:21+09:00,http://tong.visitkorea.or.kr/cms/resource/82/2926682_image2_1.JPG,http://tong.visitkorea.or.kr/cms/resource/82/2926682_image3_1.JPG,2026-09-05T02:12:16.857334+09:00
1062450,14,SJ쿤스트할레,서울특별시 강남구 언주로148길 5 (논현동),37.52050859858252,127.03491725063186,11,680,VE,VE07,VE070300,2026-05-21 11:11:46+09:00,https://tong.visitkorea.or.kr/cms/resource/59/4066759_image2_1.jpg,https://tong.visitkorea.or.kr/cms/resource/59/4066759_image3_1.jpg,2026-09-05T02:12:16.857334+09:00
1188653,14,예림당아트홀,서울특별시 강남구 언주로 337 (역삼동),37.4979911693,127.0443725181,11,680,VE,VE06,VE060100,2025-11-27 17:39:04+09:00,http://tong.visitkorea.or.kr/cms/resource/67/3413867_image2_1.jpg,http://tong.visitkorea.or.kr/cms/resource/67/3413867_image3_1.jpg,2026-09-05T02:12:16.857334+09:00
126486,12,도산공원,서울특별시 강남구 도산대로45길 20 (신사동),37.5245,127.0354,11,680,VE,VE03,VE030500,2026-03-12 09:08:40+09:00,https://tong.visitkorea.or.kr/cms/resource/94/3510994_image2_1.jpg,https://tong.visitkorea.or.kr/cms/resource/94/3510994_image3_1.jpg,2026-09-05T02:12:16.857334+09:00
126504,12,봉은사(서울),서울특별시 강남구 봉은사로 531 (삼성동),37.514861,127.057317,11,680,HS,HS03,HS030100,2026-03-09 09:36:31+09:00,https://tong.visitkorea.or.kr/cms/resource/70/3422470_image2_1.jpg,https://tong.visitkorea.or.kr/cms/resource/70/3422470_image3_1.jpg,2026-09-05T02:12:16.857334+09:00
126525,12,서울 선릉과 정릉 [유네스코 세계유산],서울특별시 강남구 선릉로100길 1,37.5074206801,127.0471803291,11,680,HS,HS01,HS010800,2026-01-05 10:41:27+09:00,,,2026-09-05T02:12:16.857334+09:00
126823,12,압구정 로데오거리,서울특별시 강남구 압구정동 일대,37.526822302,127.03888058,11,680,EX,EX07,EX070200,2026-08-20 14:40:01+09:00,https://tong.visitkorea.or.kr/cms/resource/84/3393784_image2_1.JPG,https://tong.visitkorea.or.kr/cms/resource/84/3393784_image3_1.JPG,2026-09-05T02:12:16.857334+09:00
127269,12,청담근린공원,서울특별시 강남구 청담동 66,37.5213524935,127.0526155502,11,680,VE,VE03,VE030100,2025-03-27 14:00:22+09:00,http://tong.visitkorea.or.kr/cms/resource/32/3397532_image2_1.JPG,http://tong.visitkorea.or.kr/cms/resource/32/3397532_image3_1.JPG,2026-09-05T02:12:16.857334+09:00
1290945,39,정식당,서울특별시 강남구 선릉로158길 11,37.5256058272056,127.041291490875,11,680,FD,FD01,FD010100,2026-01-22 16:30:00+09:00,,,2026-09-05T02:12:16.857334+09:00
129922,14,갤러리미,서울특별시 강남구 압구정로 461 네이처 포엠 312호,37.5252559774161,127.04722981097,11,680,VE,VE07,VE070600,2026-02-11 08:10:09+09:00,,,2026-09-05T02:12:16.857334+09:00
129927,14,갤러리 서림,서울특별시 강남구 학동로 523,37.5201388076,127.0560652706,11,680,VE,VE07,VE070600,2025-08-13 17:00:41+09:00,http://tong.visitkorea.or.kr/cms/resource/72/3413872_image2_1.jpg,http://tong.visitkorea.or.kr/cms/resource/72/3413872_image3_1.jpg,2026-09-05T02:12:16.857334+09:00
129930,14,청화랑,서울특별시 강남구 삼성로147길 4 (청담동),37.5227374123,127.0476510178,11,680,VE,VE07,VE070600,2026-07-24 08:51:24+09:00,https://tong.visitkorea.or.kr/cms/resource/87/4091687_image2_1.jpeg,https://tong.visitkorea.or.kr/cms/resource/87/4091687_image3_1.jpeg,2026-09-05T02:12:16.857334+09:00
130198,14,국가무형유산전수교육관,서울특별시 강남구 봉은사로 406,37.5102008674,127.0446443698,11,680,VE,VE09,VE090400,2025-10-23 14:30:00+09:00,http://tong.visitkorea.or.kr/cms/resource/60/3548960_image2_1.jpg,http://tong.visitkorea.or.kr/cms/resource/60/3548960_image3_1.jpg,2026-09-05T02:12:16.857334+09:00
130226,14,포스코미술관,서울특별시 강남구 테헤란로 440,37.505876575,127.056076785,11,680,VE,VE07,VE070600,2025-04-18 16:44:28+09:00,http://tong.visitkorea.or.kr/cms/resource/54/684154_image2_1.jpg,http://tong.visitkorea.or.kr/cms/resource/54/684154_image3_1.jpg,2026-09-05T02:12:16.857334+09:00
130284,12,코엑스 아쿠아리움,서울특별시 강남구 영동대로 513 (삼성동),37.5118092746,127.0591318945,11,680,VE,VE02,VE020400,2025-07-23 15:26:56+09:00,http://tong.visitkorea.or.kr/cms/resource/83/3081283_image2_1.jpg,http://tong.visitkorea.or.kr/cms/resource/83/3081283_image3_1.jpg,2026-09-05T02:12:16.857334+09:00
130304,14,서울특별시교육청 강남도서관,서울특별시 강남구 선릉로116길 45 (삼성동),37.5136843371694,127.046838846813,11,680,VE,VE09,VE090300,2026-03-11 10:03:40+09:00,https://tong.visitkorea.or.kr/cms/resource/38/3509938_image2_1.jpg,https://tong.visitkorea.or.kr/cms/resource/38/3509938_image3_1.jpg,2026-09-05T02:12:16.857334+09:00
130306,14,유 아트 스페이스,서울특별시 강남구 압구정로71길 10 (청담동) 2층,37.527434999,127.0458771023,11,680,VE,VE07,VE070600,2025-03-27 15:55:14+09:00,http://tong.visitkorea.or.kr/cms/resource/90/3438890_image2_1.png,http://tong.visitkorea.or.kr/cms/resource/90/3438890_image3_1.png,2026-09-05T02:12:16.857334+09:00
1303254,39,품 서울,서울특별시 강남구 삼성로126길 6,37.5175181116919,127.051662933242,11,680,FD,FD01,FD010100,2026-02-20 17:28:36+09:00,,,2026-09-05T02:12:16.857334+09:00
130373,14,강남문화원,서울특별시 강남구 논현로131길 40 (논현동),37.513847089614906,127.02710608967487,11,680,VE,VE09,VE090100,2026-03-18 10:10:05+09:00,https://tong.visitkorea.or.kr/cms/resource/11/3507911_image2_1.jpg,https://tong.visitkorea.or.kr/cms/resource/11/3507911_image3_1.jpg,2026-09-05T02:12:16.857334+09:00
130424,14,유엠갤러리,서울특별시 강남구 도산대로25길 35 (신사동),37.5218602947,127.0262818223,11,680,VE,VE07,VE070600,2025-11-17 15:38:49+09:00,http://tong.visitkorea.or.kr/cms/resource/02/3565302_image2_1.jpg,http://tong.visitkorea.or.kr/cms/resource/02/3565302_image3_1.jpg,2026-09-05T02:12:16.857334+09:00
130438,14,한국문화의집,서울특별시 강남구 테헤란로92길 12-9 (대치동),37.50682779841893,127.06046544962808,11,680,VE,VE09,VE090400,2026-03-12 13:22:15+09:00,https://tong.visitkorea.or.kr/cms/resource/74/3507874_image2_1.jpg,https://tong.visitkorea.or.kr/cms/resource/74/3507874_image3_1.jpg,2026-09-05T02:12:16.857334+09:00
130581,14,갤러리 마노,서울특별시 강남구 압구정로46길 71 2층,37.5240907763,127.0365891542,11,680,VE,VE07,VE070600,2025-03-27 14:54:26+09:00,http://tong.visitkorea.or.kr/cms/resource/83/2402783_image2_1.jpg,http://tong.visitkorea.or.kr/cms/resource/83/2402783_image2_1.jpg,2026-09-05T02:12:16.857334+09:00
130627,14,밀알미술관,서울특별시 강남구 일원로 90,37.4860793454,127.0823082922,11,680,VE,VE07,VE070600,2025-12-30 17:38:44+09:00,http://tong.visitkorea.or.kr/cms/resource/83/3589983_image2_1.jpg,http://tong.visitkorea.or.kr/cms/resource/83/3589983_image3_1.jpg,2026-09-05T02:12:16.857334+09:00
130840,14,갤러리 나우,서울특별시 강남구 언주로152길 16,37.5227560599807,127.034969966156,11,680,VE,VE07,VE070600,2026-03-04 10:04:26+09:00,https://tong.visitkorea.or.kr/cms/resource/55/682555_image2_1.jpg,https://tong.visitkorea.or.kr/cms/resource/55/682555_image3_1.jpg,2026-09-05T02:12:16.857334+09:00
130924,14,국립관세박물관,서울특별시 강남구 언주로 721,37.5181232668786,127.033628562438,11,680,VE,VE07,VE070100,2026-03-12 09:08:40+09:00,https://tong.visitkorea.or.kr/cms/resource/25/3503425_image2_1.jpg,https://tong.visitkorea.or.kr/cms/resource/25/3503425_image3_1.jpg,2026-09-05T02:12:16.857334+09:00
130926,14,도산안창호기념관,서울특별시 강남구 도산대로45길 20 (신사동),37.523950845152434,127.03560316667232,11,680,VE,VE07,VE070200,2026-03-18 10:10:05+09:00,https://tong.visitkorea.or.kr/cms/resource/38/3507938_image2_1.jpg,https://tong.visitkorea.or.kr/cms/resource/38/3507938_image3_1.jpg,2026-09-05T02:12:16.857334+09:00
1310950,12,청담패션거리,서울특별시 강남구 청담동,37.5255518567,127.044316187,11,680,VE,VE04,VE040100,2025-03-27 13:52:58+09:00,http://tong.visitkorea.or.kr/cms/resource/40/3397540_image2_1.JPG,http://tong.visitkorea.or.kr/cms/resource/40/3397540_image3_1.JPG,2026-09-05T02:12:16.857334+09:00
131139,28,강남청소년센터,서울특별시 강남구 영동대로131길 26 (청담동),37.52046330084761,127.0540478130584,11,680,VE,VE10,VE100200,2026-03-12 09:08:40+09:00,https://tong.visitkorea.or.kr/cms/resource/49/3495049_image2_1.jpg,https://tong.visitkorea.or.kr/cms/resource/49/3495049_image3_1.jpg,2026-09-05T02:12:16.857334+09:00
131455,28,서울시립수서청소년센터,서울특별시 강남구 광평로 144 (수서동),37.483613586928136,127.08874992165696,11,680,VE,VE10,VE100200,2026-03-09 09:36:31+09:00,https://tong.visitkorea.or.kr/cms/resource/52/3494652_image2_1.jpg,https://tong.visitkorea.or.kr/cms/resource/52/3494652_image3_1.jpg,2026-09-05T02:12:16.857334+09:00
1316173,39,필경재,서울특별시 강남구 광평로 205,37.4847812227118,127.095234623676,11,680,FD,FD01,FD010100,2026-01-26 18:22:38+09:00,,,2026-09-05T02:12:16.857334+09:00
131903,28,세븐럭카지노(강남코엑스점),서울특별시 강남구 테헤란로87길 58 (삼성동),37.512025887,127.0575320333,11,680,VE,VE12,VE120200,2025-08-04 13:25:25+09:00,http://tong.visitkorea.or.kr/cms/resource/45/2996845_image2_1.jpg,http://tong.visitkorea.or.kr/cms/resource/45/2996845_image3_1.jpg,2026-09-05T02:12:16.857334+09:00
132218,38,세브도르,서울특별시 강남구 언주로 431,37.478954545,127.0474283341,11,680,SH,SH05,SH050200,2025-03-27 14:04:30+09:00,http://tong.visitkorea.or.kr/cms/resource/45/1926445_image2_1.jpg,http://tong.visitkorea.or.kr/cms/resource/45/1926445_image3_1.jpg,2026-09-05T02:12:16.857334+09:00
132235,38,논현 가구거리,서울특별시 강남구 학동로 125 (논현동),37.5124558057,127.0248794386,11,680,SH,SH05,SH050200,2025-11-27 09:42:29+09:00,http://tong.visitkorea.or.kr/cms/resource/28/3571728_image2_1.jpg,http://tong.visitkorea.or.kr/cms/resource/28/3571728_image3_1.jpg,2026-09-05T02:12:16.857334+09:00
132670,38,현대백화점 압구정본점,서울특별시 강남구 압구정로 165 (압구정동),37.5273661232786,127.027468526838,11,680,SH,SH01,SH010100,2026-03-05 17:53:43+09:00,https://tong.visitkorea.or.kr/cms/resource/95/3490595_image2_1.jpg,https://tong.visitkorea.or.kr/cms/resource/95/3490595_image3_1.jpg,2026-09-05T02:12:16.857334+09:00
132673,38,현대백화점 무역센터점,서울특별시 강남구 테헤란로 517 (삼성동),37.50861515060469,127.05976508195887,11,680,SH,SH01,SH010100,2026-03-09 09:36:31+09:00,https://tong.visitkorea.or.kr/cms/resource/01/3490601_image2_1.jpg,https://tong.visitkorea.or.kr/cms/resource/01/3490601_image3_1.jpg,2026-09-05T02:12:16.857334+09:00
132892,39,삼원가든,서울특별시 강남구 언주로 835,37.5249322713,127.0324617282,11,680,FD,FD01,FD010100,2025-12-23 16:27:17+09:00,http://tong.visitkorea.or.kr/cms/resource/32/3588032_image2_1.jpg,http://tong.visitkorea.or.kr/cms/resource/32/3588032_image3_1.jpg,2026-09-05T02:12:16.857334+09:00
133328,39,에도긴,서울특별시 강남구 테헤란로8길 30,37.4968313833889,127.031796014864,11,680,FD,FD02,FD020200,2026-02-25 10:45:09+09:00,,,2026-09-05T02:12:16.857334+09:00
133868,39,곰바위,서울특별시 강남구 영동대로115길 10 (삼성동),37.5149422384,127.0588318325,11,680,FD,FD01,FD010100,2025-03-15 12:09:58+09:00,,,2026-09-05T02:12:16.857334+09:00
134201,39,무등산,서울특별시 강남구 선릉로146길 3,37.5219549732,127.0399333544,11,680,FD,FD01,FD010100,2025-10-28 11:24:46+09:00,http://tong.visitkorea.or.kr/cms/resource/89/1838489_image2_1.jpg,http://tong.visitkorea.or.kr/cms/resource/89/1838489_image3_1.jpg,2026-09-05T02:12:16.857334+09:00
134765,39,삼정복집,서울특별시 강남구 봉은사로 626 (삼성동),37.5146297972541,127.063942374721,11,680,FD,FD01,FD010100,2026-03-13 17:17:42+09:00,,,2026-09-05T02:12:16.857334+09:00
134808,39,마산옥,서울특별시 강남구 강남대로152길 9,37.5171898045905,127.020218784968,11,680,FD,FD01,FD010100,2026-02-25 10:57:36+09:00,,,2026-09-05T02:12:16.857334+09:00
135708,39,청수횟집,서울특별시 강남구 테헤란로25길 9,37.5012822843,127.0349566149,11,680,FD,FD01,FD010100,2025-11-18 11:26:41+09:00,,,2026-09-05T02:12:16.857334+09:00
136249,32,트리아 관광호텔,서울특별시 강남구 테헤란로33길 16,37.5029266183,127.0394283837,11,680,AC,AC01,AC010100,2025-10-27 17:05:07+09:00,http://tong.visitkorea.or.kr/cms/resource/91/1358991_image2_1.jpg,http://tong.visitkorea.or.kr/cms/resource/91/1358991_image3_1.jpg,2026-09-05T02:12:16.857334+09:00
142721,32,노보텔 앰배서더 서울 강남,서울특별시 강남구 봉은사로 130 (역삼동),37.5053372605,127.0289098282,11,680,AC,AC01,AC010100,2025-12-24 17:01:19+09:00,http://tong.visitkorea.or.kr/cms/resource/27/3534327_image2_1.jpg,http://tong.visitkorea.or.kr/cms/resource/27/3534327_image3_1.jpg,2026-09-05T02:12:16.857334+09:00
142742,32,호텔 삼정,서울특별시 강남구 봉은사로 150,37.5086132292541,127.028918181653,11,680,AC,AC01,AC010100,2026-01-23 13:35:49+09:00,https://tong.visitkorea.or.kr/cms/resource/81/1867581_image2_1.jpg,https://tong.visitkorea.or.kr/cms/resource/81/1867581_image3_1.jpg,2026-09-05T02:12:16.857334+09:00
142764,32,호텔리베라 청담,서울특별시 강남구 영동대로 737,37.523918893,127.0543430983,11,680,AC,AC01,AC010100,2025-11-17 14:16:08+09:00,http://tong.visitkorea.or.kr/cms/resource/75/3567475_image2_1.jpg,http://tong.visitkorea.or.kr/cms/resource/75/3567475_image3_1.jpg,2026-09-05T02:12:16.857334+09:00
142769,32,그랜드 인터컨티넨탈 서울 파르나스,서울특별시 강남구 테헤란로 521,37.5095984514,127.0608845757,11,680,AC,AC01,AC010100,2025-12-12 10:04:30+09:00,http://tong.visitkorea.or.kr/cms/resource/45/2705645_image2_1.jpg,http://tong.visitkorea.or.kr/cms/resource/45/2705645_image2_1.jpg,2026-09-05T02:12:16.857334+09:00
143122,32,이비스 스타일 앰배서더 서울 강남,서울특별시 강남구 삼성로 431,37.505154455,127.0571044899,11,680,AC,AC01,AC010100,2025-10-27 16:59:24+09:00,,,2026-09-05T02:12:16.857334+09:00
143123,32,파크 하얏트 서울,서울특별시 강남구 테헤란로 606 (대치동),37.508769383103,127.06413163052248,11,680,AC,AC01,AC010100,2026-04-28 15:39:05+09:00,https://tong.visitkorea.or.kr/cms/resource/51/2589051_image2_1.jpg,https://tong.visitkorea.or.kr/cms/resource/51/2589051_image3_1.jpg,2026-09-05T02:12:16.857334+09:00
1515607,39,그란구스또,"서울특별시 강남구 삼성로 340 1, 2층",37.5019687584,127.0595765768,11,680,FD,FD02,FD020300,2025-03-27 15:36:03+09:00,http://tong.visitkorea.or.kr/cms/resource/95/1514395_image2_1.jpg,http://tong.visitkorea.or.kr/cms/resource/95/1514395_image3_1.jpg,2026-09-05T02:12:16.857334+09:00
1516322,39,이닝,서울특별시 강남구 도산대로58길 14 이닝빌딩 1층,37.5223451128757,127.041261031386,11,680,FD,FD02,FD020100,2026-02-05 13:14:09+09:00,,,2026-09-05T02:12:16.857334+09:00
1541078,39,오엔(ON),서울특별시 강남구 압구정로11길 37-30,37.5276677975,127.0176130028,11,680,FD,FD02,FD020300,2025-11-10 17:39:01+09:00,http://tong.visitkorea.or.kr/cms/resource/30/3564030_image2_1.jpg,http://tong.visitkorea.or.kr/cms/resource/30/3564030_image3_1.jpg,2026-09-05T02:12:16.857334+09:00
1560179,14,창희보석예술관,서울특별시 강남구 압구정로 210 (신사동),37.5277985634,127.0301507464,11,680,VE,VE07,VE070300,2025-04-14 13:07:14+09:00,http://tong.visitkorea.or.kr/cms/resource/91/3476891_image2_1.JPG,http://tong.visitkorea.or.kr/cms/resource/91/3476891_image3_1.JPG,2026-09-05T02:12:16.857334+09:00
1602451,12,대모산도시자연공원,서울특별시 강남구 일원동 산63-52,37.4800522436,127.081014136,11,680,NA,NA04,NA040500,2025-12-30 17:12:06+09:00,http://tong.visitkorea.or.kr/cms/resource/45/3589845_image2_1.jpg,http://tong.visitkorea.or.kr/cms/resource/45/3589845_image3_1.jpg,2026-09-05T02:12:16.857334+09:00
1603100,12,불국사(서울),서울특별시 강남구 광평로10길 30-71,37.4775456270321,127.075064572213,11,680,HS,HS03,HS030100,2026-03-17 10:12:58+09:00,https://tong.visitkorea.or.kr/cms/resource/82/3508082_image2_1.jpg,https://tong.visitkorea.or.kr/cms/resource/82/3508082_image3_1.jpg,2026-09-05T02:12:16.857334+09:00
1603149,12,능인선원,서울특별시 강남구 양재대로 340 (개포동),37.47168907230388,127.05258008552637,11,680,HS,HS03,HS030100,2026-03-17 10:12:58+09:00,https://tong.visitkorea.or.kr/cms/resource/34/3508134_image2_1.jpg,https://tong.visitkorea.or.kr/cms/resource/34/3508134_image3_1.jpg,2026-09-05T02:12:16.857334+09:00
1610244,39,이끼롤까스 가로수길본점,서울특별시 강남구 강남대로152길 64 (신사동),37.51875235885484,127.02445949030587,11,680,FD,FD02,FD020200,2026-02-05 17:36:59+09:00,,,2026-09-05T02:12:16.857334+09:00
1756249,39,강남목장,서울특별시 강남구 논현로86길 34,37.5003213806,127.0402783799,11,680,FD,FD01,FD010100,2026-01-05 17:41:36+09:00,,,2026-09-05T02:12:16.857334+09:00
1874704,39,하모,서울특별시 강남구 언주로 819,37.5233880107,127.0327173043,11,680,FD,FD01,FD010100,2025-10-30 13:35:16+09:00,,,2026-09-05T02:12:16.857334+09:00
1882945,39,금강수림,서울특별시 강남구 강남대로 240,37.4851661854,127.034429424,11,680,FD,FD01,FD010100,2026-08-13 08:36:01+09:00,,,2026-09-05T02:12:16.857334+09:00
1911506,14,세계골프역사박물관,서울특별시 강남구 테헤란로 528 (대치동) 지하 2층,37.50808882481133,127.06200021971638,11,680,VE,VE07,VE070100,2026-04-08 18:25:30+09:00,https://tong.visitkorea.or.kr/cms/resource/75/3503275_image2_1.jpg,https://tong.visitkorea.or.kr/cms/resource/75/3503275_image3_1.jpg,2026-09-05T02:12:16.857334+09:00
1984944,38,스타필드 코엑스몰,서울특별시 강남구 영동대로 513 (삼성동),37.5118651508,127.0592035846,11,680,SH,SH02,SH020100,2026-08-28 10:57:56+09:00,,,2026-09-05T02:12:16.857334+09:00
1985821,38,파르나스몰,서울특별시 강남구 테헤란로 521 (삼성동),37.509191692,127.0608069199,11,680,SH,SH02,SH020100,2026-08-28 10:44:34+09:00,https://tong.visitkorea.or.kr/cms/resource/59/3463659_image2_1.jpg,https://tong.visitkorea.or.kr/cms/resource/59/3463659_image3_1.jpg,2026-09-05T02:12:16.857334+09:00
1993515,14,피규어뮤지엄W,서울특별시 강남구 선릉로158길 3 (청담동),37.5257998374,127.040386516,11,680,VE,VE07,VE070100,2026-07-30 14:44:40+09:00,https://tong.visitkorea.or.kr/cms/resource/98/4094798_image2_1.png,https://tong.visitkorea.or.kr/cms/resource/98/4094798_image3_1.png,2026-09-05T02:12:16.857334+09:00
2008490,32,오크우드 프리미어 코엑스 센터,서울특별시 강남구 테헤란로87길 46 (삼성동),37.511034348,127.0582208886,11,680,AC,AC01,AC010100,2025-11-24 16:42:37+09:00,http://tong.visitkorea.or.kr/cms/resource/46/3572546_image2_1.jpg,http://tong.visitkorea.or.kr/cms/resource/46/3572546_image3_1.jpg,2026-09-05T02:12:16.857334+09:00
2014139,39,울프강 스테이크하우스,서울특별시 강남구 선릉로152길 21,37.5244448606347,127.041460951952,11,680,FD,FD02,FD020300,2026-02-05 10:38:52+09:00,,,2026-09-05T02:12:16.857334+09:00
2049289,39,해랑,서울특별시 강남구 봉은사로1길 39 (논현동),37.50727687788522,127.02388827306208,11,680,FD,FD01,FD010100,2026-04-14 11:07:15+09:00,,,2026-09-05T02:12:16.857334+09:00
229901,14,코엑스,서울특별시 강남구 영동대로 513,37.5117453937,127.0591541159,11,680,VE,VE07,VE070400,2026-01-05 10:50:49+09:00,http://tong.visitkorea.or.kr/cms/resource/43/3590343_image2_1.jpg,http://tong.visitkorea.or.kr/cms/resource/43/3590343_image3_1.jpg,2026-09-05T02:12:16.857334+09:00
231972,14,코리아나 화장박물관,서울특별시 강남구 언주로 827,37.5240058679018,127.03277292241,11,680,VE,VE07,VE070100,2026-03-09 09:36:31+09:00,https://tong.visitkorea.or.kr/cms/resource/94/3507894_image2_1.jpg,https://tong.visitkorea.or.kr/cms/resource/94/3507894_image3_1.jpg,2026-09-05T02:12:16.857334+09:00
232271,39,광양불고기본가,서울특별시 강남구 도곡로99길 16,37.5018994384,127.0660509898,11,680,FD,FD01,FD010100,2025-04-09 09:53:16+09:00,http://tong.visitkorea.or.kr/cms/resource/93/3109393_image2_1.JPG,http://tong.visitkorea.or.kr/cms/resource/93/3109393_image3_1.JPG,2026-09-05T02:12:16.857334+09:00
2378061,39,시추안하우스 본점,서울특별시 강남구 테헤란로87길 29 (삼성동),37.50958995940876,127.05799058985556,11,680,FD,FD02,FD020100,2026-04-27 16:39:54+09:00,https://tong.visitkorea.or.kr/cms/resource/39/3574239_image2_1.jpg,https://tong.visitkorea.or.kr/cms/resource/39/3574239_image3_1.jpg,2026-09-05T02:12:16.857334+09:00
2382657,39,꽃새우 영번지,서울특별시 강남구 언주로 536,37.5061193132918,127.041328154556,11,680,FD,FD01,FD010100,2026-03-04 10:04:26+09:00,,,2026-09-05T02:12:16.857334+09:00
2382997,39,하나샤부정,서울특별시 강남구 삼성로108길 23 (삼성동),37.5123406667553,127.055956679246,11,680,FD,FD01,FD010100,2026-04-14 17:34:48+09:00,,,2026-09-05T02:12:16.857334+09:00
2387785,15,2026 보드게임콘,서울특별시 강남구 영동대로 513 (삼성동),37.5118651508,127.0592035846,11,680,EV,EV03,EV030100,2026-06-30 11:05:23+09:00,https://tong.visitkorea.or.kr/cms/resource/35/4080135_image2_1.jpg,https://tong.visitkorea.or.kr/cms/resource/35/4080135_image3_1.jpg,2026-09-05T02:12:16.857334+09:00
2393103,39,수담한정식,서울특별시 강남구 봉은사로 418,37.5104549800693,127.045960912748,11,680,FD,FD01,FD010100,2026-04-14 17:26:13+09:00,,,2026-09-05T02:12:16.857334+09:00
2456536,12,강남 마이스 관광특구,서울특별시 강남구 영동대로 513 (삼성동),37.5119175967,127.059217995,11,680,VE,VE05,VE050100,2025-12-22 17:42:29+09:00,http://tong.visitkorea.or.kr/cms/resource/13/3464913_image2_1.jpg,http://tong.visitkorea.or.kr/cms/resource/13/3464913_image3_1.jpg,2026-09-05T02:12:16.857334+09:00
2465041,39,최수사 대게마을,서울특별시 강남구 논현로 429 3층,37.4991298007,127.0374231182,11,680,FD,FD02,FD020200,2025-11-25 13:33:48+09:00,http://tong.visitkorea.or.kr/cms/resource/33/2465033_image2_1.jpg,http://tong.visitkorea.or.kr/cms/resource/33/2465033_image2_1.jpg,2026-09-05T02:12:16.857334+09:00
2487831,39,베네베네2010(Benebene2010),서울특별시 강남구 선릉로148길 52,37.5228089909217,127.043782994565,11,680,FD,FD02,FD020300,2026-02-11 08:10:09+09:00,,,2026-09-05T02:12:16.857334+09:00
250469,14,서울무역전시컨벤션센터(SETEC),서울특별시 강남구 남부순환로 3104,37.4958252427,127.0715423291,11,680,VE,VE07,VE070400,2025-09-03 10:07:36+09:00,http://tong.visitkorea.or.kr/cms/resource/29/3526629_image2_1.jpg,http://tong.visitkorea.or.kr/cms/resource/29/3526629_image3_1.jpg,2026-09-05T02:12:16.857334+09:00
2507822,14,별마당도서관,서울특별시 강남구 영동대로 513,37.5118092746,127.0591318945,11,680,VE,VE09,VE090300,2025-12-16 16:14:25+09:00,http://tong.visitkorea.or.kr/cms/resource/29/3584529_image2_1.jpg,http://tong.visitkorea.or.kr/cms/resource/29/3584529_image3_1.jpg,2026-09-05T02:12:16.857334+09:00
2517012,39,카토멘,서울특별시 강남구 삼성로85길 39,37.5041642303302,127.054271393629,11,680,FD,FD02,FD020200,2026-02-06 10:34:54+09:00,,,2026-09-05T02:12:16.857334+09:00
2542167,39,연화산,서울특별시 강남구 테헤란로92길 11,37.5072959499,127.0613651527,11,680,FD,FD02,FD020100,2025-03-15 12:07:23+09:00,,,2026-09-05T02:12:16.857334+09:00
2544497,39,스시 카이신(鮨海信),서울특별시 강남구 도산대로100길 12 우리빌딩 2층,37.5238438553,127.051754447,11,680,FD,FD02,FD020200,2025-11-18 10:10:46+09:00,,,2026-09-05T02:12:16.857334+09:00
2548198,32,L7 강남 바이 롯데호텔,서울특별시 강남구 테헤란로 415,37.505713994,127.0516493827,11,680,AC,AC01,AC010100,2026-06-11 10:27:58+09:00,https://tong.visitkorea.or.kr/cms/resource/97/2548197_image2_1.jpg,https://tong.visitkorea.or.kr/cms/resource/97/2548197_image3_1.jpg,2026-09-05T02:12:16.857334+09:00
2552251,14,경기여고 경운박물관(서울),서울특별시 강남구 삼성로 29,37.4867511901,127.0656764529,11,680,VE,VE07,VE070100,2025-06-17 12:52:02+09:00,http://tong.visitkorea.or.kr/cms/resource/99/3393799_image2_1.JPG,http://tong.visitkorea.or.kr/cms/resource/99/3393799_image3_1.JPG,2026-09-05T02:12:16.857334+09:00
2553398,14,탄허기념불교박물관,서울특별시 강남구 밤고개로14길 13-51 (자곡동),37.4789836716395,127.10295302871553,11,680,VE,VE07,VE070100,2026-03-12 09:08:40+09:00,https://tong.visitkorea.or.kr/cms/resource/55/3511055_image2_1.jpg,https://tong.visitkorea.or.kr/cms/resource/55/3511055_image3_1.jpg,2026-09-05T02:12:16.857334+09:00
2559938,12,브이알존 코엑스,서울특별시 강남구 봉은사로 524 (삼성동) 지하1층,37.51294233543568,127.05713349560591,11,680,EX,EX07,EX070200,2026-03-09 09:36:31+09:00,https://tong.visitkorea.or.kr/cms/resource/86/3494686_image2_1.jpg,https://tong.visitkorea.or.kr/cms/resource/86/3494686_image3_1.jpg,2026-09-05T02:12:16.857334+09:00
2574118,32,강남스테이힐(Gangnam Stay Hill),"서울특별시 강남구 테헤란로13길 65 (역삼동)1, 2층",37.5034291706,127.0301236613,11,680,AC,AC06,AC060200,2025-09-19 16:35:35+09:00,http://tong.visitkorea.or.kr/cms/resource/28/2573328_image2_1.jpg,http://tong.visitkorea.or.kr/cms/resource/28/2573328_image2_1.jpg,2026-09-05T02:12:16.857334+09:00
2592885,12,엘크레,서울특별시 강남구 도산대로15길 41 1층,37.520935347,127.0232182384,11,680,EX,EX07,EX070200,2025-11-17 17:27:42+09:00,,,2026-09-05T02:12:16.857334+09:00
2602777,32,호텔 카푸치노,서울특별시 강남구 봉은사로 155 (논현동),37.5069537864,127.0315123236,11,680,AC,AC01,AC010100,2025-04-18 17:15:29+09:00,http://tong.visitkorea.or.kr/cms/resource/83/2602783_image2_1.jpeg,http://tong.visitkorea.or.kr/cms/resource/83/2602783_image3_1.jpeg,2026-09-05T02:12:16.857334+09:00
2602869,39,루위,서울특별시 강남구 도산대로 211 (신사동),37.5206382758,127.0297093227,11,680,FD,FD02,FD020100,2025-04-21 13:36:22+09:00,http://tong.visitkorea.or.kr/cms/resource/70/2602870_image2_1.jpg,http://tong.visitkorea.or.kr/cms/resource/70/2602870_image3_1.jpg,2026-09-05T02:12:16.857334+09:00
2603070,39,설마중,서울특별시 서초구 남부순환로 2648,37.4878311276,127.0382566953,11,680,FD,FD01,FD010100,2025-07-25 14:39:33+09:00,http://tong.visitkorea.or.kr/cms/resource/72/2603072_image2_1.JPG,http://tong.visitkorea.or.kr/cms/resource/72/2603072_image2_1.JPG,2026-09-05T02:12:16.857334+09:00
2607620,32,게스트하우스강남,"서울특별시 강남구 압구정로34길 33 (신사동,현대맨션) 22-2-2",37.5261154387,127.030900726,11,680,AC,AC06,AC060200,2025-09-19 17:17:42+09:00,,,2026-09-05T02:12:16.857334+09:00
2610854,32,야코리아호스텔 강남점,서울특별시 강남구 테헤란로43길 19 (역삼동),37.5046598283,127.0437640507,11,680,AC,AC06,AC060200,2025-10-23 14:30:00+09:00,,,2026-09-05T02:12:16.857334+09:00
2610892,32,빅 존스 플레이스,서울특별시 강남구 강남대로110길 31-1 (역삼동),37.5041457045,127.0273600035,11,680,AC,AC06,AC060200,2024-11-26 15:26:11+09:00,,,2026-09-05T02:12:16.857334+09:00
2620577,15,2026 서울국제불교박람회,서울특별시 강남구 영동대로 513 (삼성동),37.51186515083277,127.05920358462161,11,680,EV,EV03,EV030200,2026-02-11 11:35:46+09:00,https://tong.visitkorea.or.kr/cms/resource/03/4013403_image2_1.jpg,https://tong.visitkorea.or.kr/cms/resource/03/4013403_image3_1.jpg,2026-09-05T02:12:16.857334+09:00
2623110,39,도원스타일,서울특별시 강남구 압구정로 165,37.5274180039,127.0274843337,11,680,FD,FD02,FD020100,2025-12-31 14:25:44+09:00,,,2026-09-05T02:12:16.857334+09:00
2623187,39,썬더버드 청담점,서울특별시 강남구 압구정로60길 18 SG DINEHILL빌딩,37.5262406187,127.041716404,11,680,FD,FD02,FD020300,2025-12-23 16:02:11+09:00,http://tong.visitkorea.or.kr/cms/resource/81/3587981_image2_1.jpg,http://tong.visitkorea.or.kr/cms/resource/81/3587981_image3_1.jpg,2026-09-05T02:12:16.857334+09:00
2623215,39,에이치 450(h' 450),서울특별시 강남구 압구정로29길 21,37.5286829837392,127.027692728567,11,680,FD,FD02,FD020300,2026-01-26 17:20:38+09:00,,,2026-09-05T02:12:16.857334+09:00
2642151,14,갤러리JJ,서울특별시 강남구 압구정로30길 63 (신사동),37.5232962909,127.0291676299,11,680,VE,VE07,VE070600,2025-10-29 14:02:38+09:00,http://tong.visitkorea.or.kr/cms/resource/88/3558488_image2_1.jpg,http://tong.visitkorea.or.kr/cms/resource/88/3558488_image3_1.jpg,2026-09-05T02:12:16.857334+09:00
264570,12,강남,서울특별시 강남구 압구정로 161 (압구정동) 강남메디컬투어센터,37.5268958352,127.0270732739,11,680,EX,EX07,EX070200,2025-06-04 13:30:52+09:00,http://tong.visitkorea.or.kr/cms/resource/08/1984608_image2_1.jpg,http://tong.visitkorea.or.kr/cms/resource/08/1984608_image3_1.jpg,2026-09-05T02:12:16.857334+09:00
2660731,12,SPA 1978,서울특별시 강남구 영동대로 416 (대치동) 지하 2층,37.5065841346452,127.06532667819326,11,680,EX,EX05,EX050500,2026-03-11 10:03:40+09:00,https://tong.visitkorea.or.kr/cms/resource/23/3508023_image2_1.jpg,https://tong.visitkorea.or.kr/cms/resource/23/3508023_image3_1.jpg,2026-09-05T02:12:16.857334+09:00
2665070,39,보보식당,서울특별시 강남구 언주로174길 30 (신사동) 1층 103호,37.5279014396,127.0363057386,11,680,FD,FD02,FD020100,2025-04-21 14:00:53+09:00,http://tong.visitkorea.or.kr/cms/resource/75/2665075_image2_1.jpg,http://tong.visitkorea.or.kr/cms/resource/75/2665075_image2_1.jpg,2026-09-05T02:12:16.857334+09:00
2666430,32,K-그랜드 호스텔 강남 1(K-GRAND HOSTEL GANGNAM1),서울특별시 강남구 강남대로112길 11 (논현동),37.5055705015,127.0252740414,11,680,AC,AC06,AC060200,2024-11-26 10:36:25+09:00,,,2026-09-05T02:12:16.857334+09:00
2693507,14,플랫폼엘,서울특별시 강남구 언주로133길 11 (논현동),37.5161638784,127.0343062531,11,680,VE,VE07,VE070300,2025-10-23 14:30:00+09:00,http://tong.visitkorea.or.kr/cms/resource/25/3548925_image2_1.jpg,http://tong.visitkorea.or.kr/cms/resource/25/3548925_image3_1.jpg,2026-09-05T02:12:16.857334+09:00
2731162,39,루비떡볶이,서울특별시 강남구 선릉로153길 21 1층,37.5246851709,127.0376640392,11,680,FD,FD03,FD030400,2025-11-24 16:46:52+09:00,,,2026-09-05T02:12:16.857334+09:00
2733860,39,봉우리 역삼본점,서울특별시 강남구 논현로94길 25-3 (역삼동),37.5030932429,127.0381618277,11,680,FD,FD01,FD010100,2025-04-24 09:43:42+09:00,http://tong.visitkorea.or.kr/cms/resource/58/2782458_image2_1.jpg,http://tong.visitkorea.or.kr/cms/resource/58/2782458_image2_1.jpg,2026-09-05T02:12:16.857334+09:00
2733862,39,빌즈 강남,서울특별시 강남구 테헤란로 142 (역삼동),37.4997880134,127.0349788776,11,680,FD,FD05,FD050100,2025-01-06 13:43:20+09:00,http://tong.visitkorea.or.kr/cms/resource/44/2788844_image2_1.jpg,http://tong.visitkorea.or.kr/cms/resource/44/2788844_image2_1.jpg,2026-09-05T02:12:16.857334+09:00
2733864,12,역삼동성당,서울특별시 강남구 언주로85길 23-11 (역삼동),37.5002575249,127.0417060293,11,680,HS,HS03,HS030200,2025-03-27 11:18:32+09:00,http://tong.visitkorea.or.kr/cms/resource/97/3397497_image2_1.JPG,http://tong.visitkorea.or.kr/cms/resource/97/3397497_image3_1.JPG,2026-09-05T02:12:16.857334+09:00
2733965,39,반려문화,서울특별시 강남구 언주로133길 23 (논현동),37.5160194328,127.0333174582,11,680,FD,FD05,FD050100,2025-06-26 11:48:52+09:00,http://tong.visitkorea.or.kr/cms/resource/04/2779104_image2_1.jpeg,http://tong.visitkorea.or.kr/cms/resource/04/2779104_image3_1.jpeg,2026-09-05T02:12:16.857334+09:00
2733970,12,대치유수지체육공원,서울특별시 강남구 역삼로107길 20-30 (대치동),19.69442748,117.9925662504,11,680,VE,VE03,VE030500,2025-06-09 13:47:36+09:00,http://tong.visitkorea.or.kr/cms/resource/48/3467748_image2_1.jpg,http://tong.visitkorea.or.kr/cms/resource/48/3467748_image3_1.jpg,2026-09-05T02:12:16.857334+09:00
2733974,39,더클래스 청담,서울특별시 강남구 압구정로60길 17-5 (청담동),37.5261878572,127.0422913531,11,680,FD,FD02,FD020400,2025-01-07 16:18:36+09:00,http://tong.visitkorea.or.kr/cms/resource/98/2779098_image2_1.png,http://tong.visitkorea.or.kr/cms/resource/98/2779098_image2_1.png,2026-09-05T02:12:16.857334+09:00
273772,38,갤러리아백화점 명품관,서울특별시 강남구 압구정로 343 (압구정동),37.5285292127,127.0400692668,11,680,SH,SH01,SH010100,2025-06-04 09:48:53+09:00,http://tong.visitkorea.or.kr/cms/resource/74/3495074_image2_1.jpg,http://tong.visitkorea.or.kr/cms/resource/74/3495074_image3_1.jpg,2026-09-05T02:12:16.857334+09:00
2751802,39,별양집,서울특별시 강남구 테헤란로43길 17,37.5044084532108,127.043680751899,11,680,FD,FD01,FD010100,2026-04-14 10:01:03+09:00,,,2026-09-05T02:12:16.857334+09:00
2751810,39,봉브라더스 본점,서울특별시 강남구 강남대로118길 39 (논현동),37.5073466690572,127.026274031003,11,680,FD,FD05,FD050100,2026-02-20 14:59:02+09:00,,,2026-09-05T02:12:16.857334+09:00
2751840,39,중앙해장,서울특별시 강남구 영동대로86길 17 (대치동),37.5082825127305,127.065480465852,11,680,FD,FD01,FD010100,2026-02-24 15:12:20+09:00,,,2026-09-05T02:12:16.857334+09:00
2751869,14,유나이티드갤러리,서울특별시 강남구 강남대로102길 41 (역삼동),37.50358085471986,127.0280424408389,11,680,VE,VE07,VE070600,2026-03-12 09:08:40+09:00,https://tong.visitkorea.or.kr/cms/resource/08/3507808_image2_1.jpg,https://tong.visitkorea.or.kr/cms/resource/08/3507808_image3_1.jpg,2026-09-05T02:12:16.857334+09:00
2751876,39,영동장어,서울특별시 강남구 언주로148길 8 (논현동),37.5203119199034,127.035331111823,11,680,FD,FD01,FD010100,2026-02-05 15:28:55+09:00,https://tong.visitkorea.or.kr/cms/resource/11/2790311_image2_1.jpg,https://tong.visitkorea.or.kr/cms/resource/11/2790311_image3_1.jpg,2026-09-05T02:12:16.857334+09:00
2751881,39,윤화돈까스,서울특별시 강남구 도곡로 221 셀라빌딩,37.4934500064,127.0430755419,11,680,FD,FD02,FD020200,2025-11-26 09:39:36+09:00,,,2026-09-05T02:12:16.857334+09:00
2751890,12,은곡마을공원,서울특별시 강남구 세곡동 369-3,37.4681123124,127.1004821483,11,680,VE,VE03,VE030100,2025-03-27 11:13:04+09:00,http://tong.visitkorea.or.kr/cms/resource/60/3397460_image2_1.JPG,http://tong.visitkorea.or.kr/cms/resource/60/3397460_image3_1.JPG,2026-09-05T02:12:16.857334+09:00
2752116,39,벌교한상,서울특별시 강남구 광평로46길 7 수서역벌교한상,37.4859130054,127.0994234067,11,680,FD,FD01,FD010100,2025-11-26 10:15:22+09:00,,,2026-09-05T02:12:16.857334+09:00
2752169,39,농민백암순대 본점,서울특별시 강남구 선릉로86길 40-4,37.5037600996,127.0530437877,11,680,FD,FD01,FD010100,2025-11-25 17:52:48+09:00,,,2026-09-05T02:12:16.857334+09:00
2752172,39,대우부대찌개,서울특별시 강남구 테헤란로25길 34 (역삼동),37.5027446147716,127.035270507742,11,680,FD,FD01,FD010100,2026-04-14 09:57:03+09:00,,,2026-09-05T02:12:16.857334+09:00
2752177,39,단미그린비,서울특별시 강남구 밤고개로14길 13-50,37.4793693798,127.1026871842,11,680,FD,FD01,FD010100,2025-11-26 11:26:23+09:00,,,2026-09-05T02:12:16.857334+09:00
2752373,39,반룡산,서울특별시 강남구 테헤란로78길 26,37.5045295045,127.0558212909,11,680,FD,FD01,FD010100,2025-11-25 18:25:17+09:00,,,2026-09-05T02:12:16.857334+09:00
2752385,39,백마김씨네 도곡본점,서울특별시 강남구 남부순환로 2743 (도곡동),37.4872091113,127.0456949246,11,680,FD,FD01,FD010100,2025-09-23 18:07:47+09:00,http://tong.visitkorea.or.kr/cms/resource/01/2768901_image2_1.jpg,http://tong.visitkorea.or.kr/cms/resource/01/2768901_image3_1.jpg,2026-09-05T02:12:16.857334+09:00
2752525,12,마루공원,서울특별시 강남구 일원동,37.4965531025,127.0808164645,11,680,VE,VE02,VE020100,2025-06-09 13:52:32+09:00,http://tong.visitkorea.or.kr/cms/resource/61/3467561_image2_1.jpg,http://tong.visitkorea.or.kr/cms/resource/61/3467561_image3_1.jpg,2026-09-05T02:12:16.857334+09:00
2752545,12,역삼개나리공원,서울특별시 강남구 논현로79길 24 (역삼동),37.4976466191,127.0362843748,11,680,VE,VE03,VE030100,2025-12-23 13:36:24+09:00,http://tong.visitkorea.or.kr/cms/resource/86/3463086_image2_1.jpg,http://tong.visitkorea.or.kr/cms/resource/86/3463086_image3_1.jpg,2026-09-05T02:12:16.857334+09:00
2752546,39,돝고기506,서울특별시 강남구 테헤란로 145 (역삼동) 지하 1층,37.5007629048,127.0352010518,11,680,FD,FD01,FD010100,2025-09-18 13:33:11+09:00,http://tong.visitkorea.or.kr/cms/resource/98/3531198_image2_1.jpg,http://tong.visitkorea.or.kr/cms/resource/98/3531198_image3_1.jpg,2026-09-05T02:12:16.857334+09:00
2752552,12,신사공원,서울특별시 강남구 압구정동 422,37.5267837847,127.0214833948,11,680,VE,VE03,VE030100,2026-08-20 17:08:44+09:00,https://tong.visitkorea.or.kr/cms/resource/26/3397426_image2_1.JPG,https://tong.visitkorea.or.kr/cms/resource/26/3397426_image3_1.JPG,2026-09-05T02:12:16.857334+09:00
2752554,39,스케줄청담,서울특별시 강남구 선릉로152길 37 (청담동),37.5247074809,127.0426969134,11,680,FD,FD02,FD020300,2025-04-21 13:49:20+09:00,,,2026-09-05T02:12:16.857334+09:00
2752555,38,신사상가,서울특별시 강남구 압구정로29길 72-1 (압구정동),37.5323396711,127.0284174418,11,680,SH,SH06,SH060200,2025-01-02 13:30:53+09:00,,,2026-09-05T02:12:16.857334+09:00
2753381,28,더클라임 클라이밍 양재점,"서울특별시 강남구 남부순환로 2615 (도곡동, 극동스타클래스) 지하1층",37.4852341646,127.0358930949,11,680,LS,LS01,LS011300,2025-06-12 11:04:28+09:00,http://tong.visitkorea.or.kr/cms/resource/71/3497571_image2_1.jpg,http://tong.visitkorea.or.kr/cms/resource/71/3497571_image3_1.jpg,2026-09-05T02:12:16.857334+09:00
2754713,39,팔당닭발 강남본점,서울특별시 강남구 학동로45길 7 (논현동),37.5167651751144,127.037830969397,11,680,FD,FD01,FD010100,2026-01-29 13:39:04+09:00,,,2026-09-05T02:12:16.857334+09:00
2754716,39,홍명,서울특별시 강남구 논현로131길 10 (논현동),37.5145291851026,127.029470736868,11,680,FD,FD02,FD020100,2026-02-03 17:04:47+09:00,,,2026-09-05T02:12:16.857334+09:00
2754719,39,홍미닭발 신사본점,서울특별시 강남구 도산대로1길 6 (신사동),37.5170765777751,127.020372759636,11,680,FD,FD01,FD010100,2026-02-25 14:27:30+09:00,,,2026-09-05T02:12:16.857334+09:00
2754725,39,애란궁,서울특별시 강남구 광평로 220-12,37.4848423734918,127.097831591261,11,680,FD,FD01,FD010100,2026-04-14 09:54:27+09:00,,,2026-09-05T02:12:16.857334+09:00
2754732,12,율현공원,서울특별시 강남구 율현동 77-2,37.4725,127.1157,11,680,VE,VE03,VE030100,2026-03-11 10:03:40+09:00,https://tong.visitkorea.or.kr/cms/resource/83/3515783_image2_1.jpg,https://tong.visitkorea.or.kr/cms/resource/83/3515783_image3_1.jpg,2026-09-05T02:12:16.857334+09:00
2754735,12,학동근린공원,서울특별시 강남구 논현동 26,37.5154,127.0251,11,680,VE,VE03,VE030100,2026-03-12 09:08:40+09:00,https://tong.visitkorea.or.kr/cms/resource/42/3508042_image2_1.jpg,https://tong.visitkorea.or.kr/cms/resource/42/3508042_image3_1.jpg,2026-09-05T02:12:16.857334+09:00
2754738,12,한솔근린공원,서울특별시 강남구 광평로10길 14-17 (일원동),37.481203010850194,127.07879628461052,11,680,VE,VE03,VE030100,2026-03-12 09:08:40+09:00,https://tong.visitkorea.or.kr/cms/resource/99/3507999_image2_1.jpg,https://tong.visitkorea.or.kr/cms/resource/99/3507999_image3_1.jpg,2026-09-05T02:12:16.857334+09:00
2755477,39,모스가든,서울특별시 강남구 논현로139길 12 (논현동),37.5166594611786,127.028370783311,11,680,FD,FD02,FD020500,2026-04-14 09:47:10+09:00,,,2026-09-05T02:12:16.857334+09:00
2757155,12,법룡사,서울특별시 강남구 광평로31길 56 (수서동),37.4862044398,127.0883855136,11,680,HS,HS03,HS030100,2025-12-23 14:38:56+09:00,http://tong.visitkorea.or.kr/cms/resource/57/3463057_image2_1.jpg,http://tong.visitkorea.or.kr/cms/resource/57/3463057_image3_1.jpg,2026-09-05T02:12:16.857334+09:00
2759626,12,코엑스동측광장,서울특별시 강남구 영동대로 513 (삼성동),37.5119175967,127.059217995,11,680,VE,VE03,VE030500,2025-06-09 13:55:24+09:00,http://tong.visitkorea.or.kr/cms/resource/56/3467556_image2_1.jpg,http://tong.visitkorea.or.kr/cms/resource/56/3467556_image3_1.jpg,2026-09-05T02:12:16.857334+09:00
2773265,14,K현대미술관,서울특별시 강남구 선릉로 807 (신사동),37.5244324498,127.0391861299,11,680,VE,VE07,VE070600,2025-07-31 16:27:12+09:00,http://tong.visitkorea.or.kr/cms/resource/79/2778979_image2_1.jpg,http://tong.visitkorea.or.kr/cms/resource/79/2778979_image2_1.jpg,2026-09-05T02:12:16.857334+09:00
2773281,38,10꼬르소꼬모 청담점,서울특별시 강남구 압구정로 416 (청담동),37.5269822119,127.0424190965,11,680,SH,SH05,SH050200,2025-11-17 18:46:54+09:00,http://tong.visitkorea.or.kr/cms/resource/92/2947692_image2_1.jpg,http://tong.visitkorea.or.kr/cms/resource/92/2947692_image3_1.jpg,2026-09-05T02:12:16.857334+09:00
2773291,12,일원에코파크,서울특별시 강남구 일원동 641-3,37.4951,127.0873,11,680,VE,VE03,VE030500,2026-03-12 09:08:40+09:00,https://tong.visitkorea.or.kr/cms/resource/66/3507966_image2_1.jpg,https://tong.visitkorea.or.kr/cms/resource/66/3507966_image3_1.jpg,2026-09-05T02:12:16.857334+09:00
2778830,39,비비브라운,서울특별시 강남구 도산대로 412 (청담동),37.5229728045584,127.040730509618,11,680,FD,FD05,FD050100,2026-03-12 09:08:40+09:00,,,2026-09-05T02:12:16.857334+09:00
2782132,12,클럽케이서울,"서울특별시 강남구 선릉로 524 (삼성동) (B101호, B102호, B201호)",37.506684676,127.0483691302,11,680,VE,VE12,VE120300,2025-03-19 19:12:13+09:00,http://tong.visitkorea.or.kr/cms/resource/37/2782237_image2_1.jpg,http://tong.visitkorea.or.kr/cms/resource/37/2782237_image3_1.jpg,2026-09-05T02:12:16.857334+09:00
2782140,39,진미평양냉면,서울특별시 강남구 학동로 305-3 (논현동),37.516197239,127.0360588705,11,680,FD,FD01,FD010100,2025-10-23 14:30:00+09:00,http://tong.visitkorea.or.kr/cms/resource/32/2782232_image2_1.png,http://tong.visitkorea.or.kr/cms/resource/32/2782232_image3_1.png,2026-09-05T02:12:16.857334+09:00
2782156,14,송은,서울특별시 강남구 도산대로 441 (청담동),37.5241627892,127.0441206423,11,680,VE,VE07,VE070600,2026-06-10 08:34:38+09:00,https://tong.visitkorea.or.kr/cms/resource/84/4072584_image2_1.jpg,https://tong.visitkorea.or.kr/cms/resource/84/4072584_image3_1.jpg,2026-09-05T02:12:16.857334+09:00
2782173,39,외고집설렁탕,서울특별시 강남구 삼성로 555 (삼성동),37.5110161669586,127.053918454654,11,680,FD,FD01,FD010100,2026-02-05 15:11:41+09:00,https://tong.visitkorea.or.kr/cms/resource/31/2782231_image2_1.png,https://tong.visitkorea.or.kr/cms/resource/31/2782231_image3_1.png,2026-09-05T02:12:16.857334+09:00
2782194,38,도곡시장,서울특별시 강남구 역삼동 805-36,37.497452476,127.0518163002,11,680,SH,SH06,SH060200,2025-11-27 09:53:22+09:00,http://tong.visitkorea.or.kr/cms/resource/08/3571708_image2_1.jpg,http://tong.visitkorea.or.kr/cms/resource/08/3571708_image3_1.jpg,2026-09-05T02:12:16.857334+09:00
2783353,39,해봉정육,서울특별시 강남구 테헤란로108길 25 (대치동),37.5077460789185,127.066565204126,11,680,FD,FD01,FD010100,2026-02-25 16:07:03+09:00,,,2026-09-05T02:12:16.857334+09:00
2783356,39,작은공간,서울특별시 강남구 남부순환로359길 31 (도곡동),37.4868839675,127.0355875204,11,680,FD,FD01,FD010100,2025-12-31 15:03:02+09:00,http://tong.visitkorea.or.kr/cms/resource/54/2791154_image2_1.jpg,http://tong.visitkorea.or.kr/cms/resource/54/2791154_image2_1.jpg,2026-09-05T02:12:16.857334+09:00
2783723,32,조선 팰리스 서울 강남,서울특별시 강남구 테헤란로 231 (역삼동),37.5028808194,127.041356022,11,680,AC,AC01,AC010100,2026-06-17 10:22:17+09:00,https://tong.visitkorea.or.kr/cms/resource/05/2786805_image2_1.jpg,https://tong.visitkorea.or.kr/cms/resource/05/2786805_image3_1.jpg,2026-09-05T02:12:16.857334+09:00
2789667,39,구스아일랜드 브루하우스,서울특별시 강남구 역삼로 118 (역삼동),37.4934831403,127.0321959757,11,680,FD,FD02,FD020500,2025-10-23 14:30:00+09:00,http://tong.visitkorea.or.kr/cms/resource/57/2796157_image2_1.jpg,http://tong.visitkorea.or.kr/cms/resource/57/2796157_image3_1.jpg,2026-09-05T02:12:16.857334+09:00
2791398,14,서울옥션 강남센터,서울특별시 강남구 언주로 864 (신사동),37.5274306957,127.0339236576,11,680,VE,VE07,VE070600,2026-08-04 16:08:51+09:00,https://tong.visitkorea.or.kr/cms/resource/01/2791401_image2_1.JPG,https://tong.visitkorea.or.kr/cms/resource/01/2791401_image3_1.JPG,2026-09-05T02:12:16.857334+09:00
2802077,15,2025 과학영재교육 페스티벌,서울특별시 강남구 테헤란로7길 22 (역삼동),37.5007739351,127.0307542337,11,680,EV,EV03,EV030400,2025-11-24 15:58:01+09:00,http://tong.visitkorea.or.kr/cms/resource/28/3572728_image2_1.jpg,http://tong.visitkorea.or.kr/cms/resource/28/3572728_image3_1.jpg,2026-09-05T02:12:16.857334+09:00
2804976,39,다운타우너 청담,서울특별시 강남구 도산대로53길 14,37.5240587442049,127.038569578123,11,680,FD,FD02,FD020300,2026-01-23 14:45:17+09:00,,,2026-09-05T02:12:16.857334+09:00
2808941,39,논현손칼국수,서울특별시 강남구 논현로111길 16,37.5076106333478,127.032217888677,11,680,FD,FD01,FD010100,2026-04-14 09:19:50+09:00,,,2026-09-05T02:12:16.857334+09:00
2809778,39,한교방 서울면옥,서울특별시 강남구 학동로45길 8 유화빌딩,37.51682072888,127.038105941013,11,680,FD,FD01,FD010100,2026-03-13 17:23:13+09:00,,,2026-09-05T02:12:16.857334+09:00
2815128,39,알마튜나 도곡점,서울특별시 강남구 논현로30길 50,37.4849691917456,127.045736661454,11,680,FD,FD02,FD020200,2026-04-14 09:19:50+09:00,,,2026-09-05T02:12:16.857334+09:00
2821755,39,썸띵어바웃커피,"서울특별시 강남구 강남대로102길 30 1, 2, 3층",37.5028847483,127.0278322187,11,680,FD,FD05,FD050100,2025-11-27 10:16:48+09:00,,,2026-09-05T02:12:16.857334+09:00
2826407,39,청담나인,서울특별시 강남구 삼성로 634,37.51669191,127.0518796383,11,680,FD,FD02,FD020300,2025-10-23 14:30:00+09:00,http://tong.visitkorea.or.kr/cms/resource/46/3379046_image2_1.jpg,http://tong.visitkorea.or.kr/cms/resource/46/3379046_image3_1.jpg,2026-09-05T02:12:16.857334+09:00
2833050,39,신의주찹쌀순대,서울특별시 강남구 영동대로 725,37.5225301805,127.05517084,11,680,FD,FD01,FD010100,2025-11-20 10:12:20+09:00,http://tong.visitkorea.or.kr/cms/resource/62/2947362_image2_1.jpg,http://tong.visitkorea.or.kr/cms/resource/62/2947362_image3_1.jpg,2026-09-05T02:12:16.857334+09:00
2834477,39,에드엣,서울특별시 강남구 압구정로10길 30-9 지하1층,37.5220503466766,127.021504632126,11,680,FD,FD02,FD020300,2026-02-05 13:37:49+09:00,,,2026-09-05T02:12:16.857334+09:00
2836200,39,허머스키친,서울특별시 강남구 테헤란로 521 파르나스타워 지하 1층 F-26호,37.5091915140756,127.060806724464,11,680,FD,FD02,FD020400,2026-05-07 17:15:03+09:00,https://tong.visitkorea.or.kr/cms/resource/29/4062829_image2_1.jpeg,https://tong.visitkorea.or.kr/cms/resource/29/4062829_image3_1.jpeg,2026-09-05T02:12:16.857334+09:00
2842790,39,몽중헌 청담점,서울특별시 강남구 도산대로 445 (청담동) 지하 1층,37.524377002,127.0448050642,11,680,FD,FD02,FD020100,2025-04-24 10:17:39+09:00,http://tong.visitkorea.or.kr/cms/resource/84/2842784_image2_1.jpg,http://tong.visitkorea.or.kr/cms/resource/84/2842784_image3_1.jpg,2026-09-05T02:12:16.857334+09:00
2845220,39,페어링룸,서울특별시 강남구 도산대로81길 14 (청담동),37.5254352671,127.0478547564,11,680,FD,FD02,FD020300,2025-04-24 10:27:39+09:00,http://tong.visitkorea.or.kr/cms/resource/07/2845207_image2_1.jpg,http://tong.visitkorea.or.kr/cms/resource/07/2845207_image3_1.jpg,2026-09-05T02:12:16.857334+09:00
2845238,39,포브라더스 도곡점,서울특별시 강남구 논현로28길 40 (도곡동),37.4840733578,127.0453367123,11,680,FD,FD02,FD020400,2025-04-24 10:41:52+09:00,http://tong.visitkorea.or.kr/cms/resource/24/2845224_image2_1.jpg,http://tong.visitkorea.or.kr/cms/resource/24/2845224_image3_1.jpg,2026-09-05T02:12:16.857334+09:00
2845699,39,뜨락,서울특별시 강남구 영동대로142길 13-3 (청담동),37.524466074,127.0555679713,11,680,FD,FD01,FD010100,2025-04-24 10:58:32+09:00,http://tong.visitkorea.or.kr/cms/resource/92/2845692_image2_1.jpg,http://tong.visitkorea.or.kr/cms/resource/92/2845692_image3_1.jpg,2026-09-05T02:12:16.857334+09:00
2845760,39,무탄 압구정 본점,서울특별시 강남구 논현로176길 22 1층,37.5273054212078,127.030309179501,11,680,FD,FD02,FD020100,2026-02-12 13:21:48+09:00,https://tong.visitkorea.or.kr/cms/resource/53/2845753_image2_1.jpg,https://tong.visitkorea.or.kr/cms/resource/53/2845753_image3_1.jpg,2026-09-05T02:12:16.857334+09:00
2845788,39,오아시스 청담점,서울특별시 강남구 도산대로55길 20 영빌딩 1층,37.5248296518,127.0406193214,11,680,FD,FD03,FD030200,2025-01-21 17:59:34+09:00,http://tong.visitkorea.or.kr/cms/resource/70/2845770_image2_1.jpg,http://tong.visitkorea.or.kr/cms/resource/70/2845770_image3_1.jpg,2026-09-05T02:12:16.857334+09:00
2845806,39,테라스룸,서울특별시 강남구 선릉로152길 37 (청담동) 2층,37.5247074809,127.0426969134,11,680,FD,FD02,FD020300,2025-04-24 11:31:29+09:00,http://tong.visitkorea.or.kr/cms/resource/95/2845795_image2_1.jpg,http://tong.visitkorea.or.kr/cms/resource/95/2845795_image3_1.jpg,2026-09-05T02:12:16.857334+09:00
2846959,39,로얄 라운지 다이닝,서울특별시 강남구 논현로 709 (논현동),37.5153416703,127.0298233511,11,680,FD,FD02,FD020300,2025-04-24 13:13:31+09:00,http://tong.visitkorea.or.kr/cms/resource/47/2846947_image2_1.jpg,http://tong.visitkorea.or.kr/cms/resource/47/2846947_image3_1.jpg,2026-09-05T02:12:16.857334+09:00
2847035,39,맷카페,서울특별시 강남구 학동로50길 42 (논현동),37.5139420279,127.0406362953,11,680,FD,FD05,FD050100,2025-04-24 13:22:23+09:00,http://tong.visitkorea.or.kr/cms/resource/27/2847027_image2_1.jpg,http://tong.visitkorea.or.kr/cms/resource/27/2847027_image3_1.jpg,2026-09-05T02:12:16.857334+09:00
2847076,39,젠제로,서울특별시 강남구 선릉로126길 14,37.5153196923,127.043241575,11,680,FD,FD05,FD050100,2025-04-24 13:46:52+09:00,http://tong.visitkorea.or.kr/cms/resource/64/2847064_image2_1.jpg,http://tong.visitkorea.or.kr/cms/resource/64/2847064_image3_1.jpg,2026-09-05T02:12:16.857334+09:00
2847095,39,조인바이트,서울특별시 강남구 봉은사로68길 8 (삼성동),37.51129423920119,127.04986593538634,11,680,FD,FD02,FD020300,2026-03-05 09:58:51+09:00,,,2026-09-05T02:12:16.857334+09:00
2847114,39,카페413프로젝트,서울특별시 강남구 논현로97길 19-11,37.502409923,127.0344816265,11,680,FD,FD05,FD050100,2025-04-24 13:33:02+09:00,http://tong.visitkorea.or.kr/cms/resource/11/2847111_image2_1.jpg,http://tong.visitkorea.or.kr/cms/resource/11/2847111_image3_1.jpg,2026-09-05T02:12:16.857334+09:00
2847150,39,플레어비 도곡점,서울특별시 강남구 논현로26길 33,37.4835067493,127.0449312099,11,680,FD,FD05,FD050100,2025-04-24 13:58:04+09:00,http://tong.visitkorea.or.kr/cms/resource/45/2847145_image2_1.jpg,http://tong.visitkorea.or.kr/cms/resource/45/2847145_image3_1.jpg,2026-09-05T02:12:16.857334+09:00
2847862,39,꽁티드툴레아,서울특별시 강남구 도산대로49길 39,37.5256156049,127.0369085263,11,680,FD,FD01,FD010100,2025-04-24 14:02:45+09:00,http://tong.visitkorea.or.kr/cms/resource/51/2847851_image2_1.jpg,http://tong.visitkorea.or.kr/cms/resource/51/2847851_image3_1.jpg,2026-09-05T02:12:16.857334+09:00
2849290,39,달마시안,서울특별시 강남구 압구정로42길 42,37.5263238132,127.0345420549,11,680,FD,FD02,FD020300,2025-01-21 09:59:44+09:00,http://tong.visitkorea.or.kr/cms/resource/77/2849277_image2_1.jpg,http://tong.visitkorea.or.kr/cms/resource/77/2849277_image3_1.jpg,2026-09-05T02:12:16.857334+09:00
2849296,39,고센인코퍼레이티드 청담점,서울특별시 강남구 선릉로158길 18,37.525260172,127.0414470115,11,680,FD,FD05,FD050100,2025-01-13 13:50:10+09:00,http://tong.visitkorea.or.kr/cms/resource/86/2849286_image2_1.jpg,http://tong.visitkorea.or.kr/cms/resource/86/2849286_image3_1.jpg,2026-09-05T02:12:16.857334+09:00
2852318,39,The Round,서울특별시 강남구 선릉로148길 37 1층,37.5230687797,127.0425441962,11,680,FD,FD02,FD020100,2025-01-13 11:23:41+09:00,http://tong.visitkorea.or.kr/cms/resource/16/2852316_image2_1.jpg,http://tong.visitkorea.or.kr/cms/resource/16/2852316_image3_1.jpg,2026-09-05T02:12:16.857334+09:00
2853037,39,메종 사우스케이프,서울특별시 강남구 도산대로45길 17 제성빌딩 메종 사우스케이프 2층,37.5234713765,127.0350781981,11,680,FD,FD03,FD030200,2025-01-17 10:07:40+09:00,http://tong.visitkorea.or.kr/cms/resource/25/2853025_image2_1.jpg,http://tong.visitkorea.or.kr/cms/resource/25/2853025_image3_1.jpg,2026-09-05T02:12:16.857334+09:00
2853778,39,현해,서울특별시 강남구 도산대로 318 (논현동) SB타워 B동 1층,37.5219132526,127.0366558764,11,680,FD,FD01,FD010100,2025-04-25 09:45:04+09:00,http://tong.visitkorea.or.kr/cms/resource/58/2853758_image2_1.jpg,http://tong.visitkorea.or.kr/cms/resource/58/2853758_image3_1.jpg,2026-09-05T02:12:16.857334+09:00
2853936,39,호무랑,서울특별시 강남구 도산대로 442 (청담동),37.5233604406,127.0441051566,11,680,FD,FD02,FD020200,2025-04-25 09:59:19+09:00,http://tong.visitkorea.or.kr/cms/resource/19/2853919_image2_1.jpg,http://tong.visitkorea.or.kr/cms/resource/19/2853919_image3_1.jpg,2026-09-05T02:12:16.857334+09:00
2854372,39,덕후선생,서울특별시 강남구 선릉로 822 (청담동) 5층,37.5253101437,127.0401887917,11,680,FD,FD02,FD020100,2025-04-25 10:18:43+09:00,http://tong.visitkorea.or.kr/cms/resource/54/2854354_image2_1.jpg,http://tong.visitkorea.or.kr/cms/resource/54/2854354_image3_1.jpg,2026-09-05T02:12:16.857334+09:00
2855422,39,호족반 청담,서울특별시 강남구 언주로164길 39 (신사동),37.5255100592,127.0367640978,11,680,FD,FD01,FD010100,2025-04-28 11:03:06+09:00,http://tong.visitkorea.or.kr/cms/resource/10/2855410_image2_1.jpg,http://tong.visitkorea.or.kr/cms/resource/10/2855410_image3_1.jpg,2026-09-05T02:12:16.857334+09:00
2855743,39,경천애인2237,서울특별시 강남구 테헤란로 421 (삼성동) 3층,37.5060431587,127.0525465458,11,680,FD,FD01,FD010100,2025-04-29 10:37:40+09:00,http://tong.visitkorea.or.kr/cms/resource/27/2855727_image2_1.jpg,http://tong.visitkorea.or.kr/cms/resource/27/2855727_image3_1.jpg,2026-09-05T02:12:16.857334+09:00
2856080,39,스와니예,서울특별시 강남구 강남대로 652 (신사동) 신사스퀘어 2층,37.5196576435,127.0190908729,11,680,FD,FD02,FD020300,2025-09-19 10:49:51+09:00,http://tong.visitkorea.or.kr/cms/resource/72/2856072_image2_1.jpg,http://tong.visitkorea.or.kr/cms/resource/72/2856072_image3_1.jpg,2026-09-05T02:12:16.857334+09:00
2856391,39,수퍼판,서울특별시 강남구 논현로167길 15 (신사동) 휴에프빌딩 2층,37.5245016648,127.0268622503,11,680,FD,FD02,FD020500,2025-04-29 10:53:13+09:00,http://tong.visitkorea.or.kr/cms/resource/84/2856384_image2_1.jpg,http://tong.visitkorea.or.kr/cms/resource/84/2856384_image3_1.jpg,2026-09-05T02:12:16.857334+09:00
2867189,39,르브런쉭 신사점,"서울특별시 강남구 강남대로162길 41-22 (신사동, 오로라빌)",37.5221240595,127.0210822885,11,680,FD,FD02,FD020300,2025-04-29 11:04:19+09:00,http://tong.visitkorea.or.kr/cms/resource/73/2867173_image2_1.jpg,http://tong.visitkorea.or.kr/cms/resource/73/2867173_image3_1.jpg,2026-09-05T02:12:16.857334+09:00
2867216,39,마오 청담동점,서울특별시 강남구 도산대로56길 17 (청담동),37.5220299758,127.0405582959,11,680,FD,FD02,FD020100,2025-04-29 11:14:52+09:00,http://tong.visitkorea.or.kr/cms/resource/13/2867213_image2_1.JPG,http://tong.visitkorea.or.kr/cms/resource/13/2867213_image3_1.JPG,2026-09-05T02:12:16.857334+09:00
2867252,39,마일스톤 커피,서울특별시 강남구 논현로159길 49 (신사동),37.521896367,127.0243514413,11,680,FD,FD05,FD050100,2025-04-29 11:28:42+09:00,http://tong.visitkorea.or.kr/cms/resource/35/2867235_image2_1.JPG,http://tong.visitkorea.or.kr/cms/resource/35/2867235_image3_1.JPG,2026-09-05T02:12:16.857334+09:00
2867271,39,청담 마코토,서울특별시 강남구 압구정로80길 37 (청담동) 2층,37.5244297515,127.0435940627,11,680,FD,FD02,FD020200,2025-04-29 12:59:15+09:00,http://tong.visitkorea.or.kr/cms/resource/58/2867258_image2_1.jpg,http://tong.visitkorea.or.kr/cms/resource/58/2867258_image3_1.jpg,2026-09-05T02:12:16.857334+09:00
2867294,39,명인등심 압구정 본점,서울특별시 강남구 도산대로 211 동현빌딩 2층,37.5206382758,127.0297093227,11,680,FD,FD01,FD010100,2025-01-09 14:56:18+09:00,http://tong.visitkorea.or.kr/cms/resource/83/2867283_image2_1.jpg,http://tong.visitkorea.or.kr/cms/resource/83/2867283_image3_1.jpg,2026-09-05T02:12:16.857334+09:00
2867344,39,미미미 가든,서울특별시 강남구 도산대로 417 (청담동) 지하 2층~1층,37.5238631067,127.0411331916,11,680,FD,FD02,FD020300,2025-04-29 17:18:42+09:00,http://tong.visitkorea.or.kr/cms/resource/35/2867335_image2_1.jpg,http://tong.visitkorea.or.kr/cms/resource/35/2867335_image3_1.jpg,2026-09-05T02:12:16.857334+09:00
2867381,39,볼트스테이크하우스,서울특별시 강남구 압구정로72길 22,37.5250602591,127.0449883614,11,680,FD,FD02,FD020300,2025-04-29 17:44:32+09:00,http://tong.visitkorea.or.kr/cms/resource/78/2867378_image2_1.jpg,http://tong.visitkorea.or.kr/cms/resource/78/2867378_image3_1.jpg,2026-09-05T02:12:16.857334+09:00
2867451,39,잡어향기,서울특별시 강남구 압구정로79길 73-4 (청담동),37.5262408234,127.0531014785,11,680,FD,FD01,FD010100,2025-05-02 15:02:15+09:00,http://tong.visitkorea.or.kr/cms/resource/39/2867439_image2_1.jpg,http://tong.visitkorea.or.kr/cms/resource/39/2867439_image3_1.jpg,2026-09-05T02:12:16.857334+09:00
2867469,39,쮸즈,서울특별시 강남구 도산대로17길 13,37.519554977,127.0246209278,11,680,FD,FD02,FD020100,2025-05-02 16:13:55+09:00,http://tong.visitkorea.or.kr/cms/resource/58/2867458_image2_1.jpg,http://tong.visitkorea.or.kr/cms/resource/58/2867458_image3_1.jpg,2026-09-05T02:12:16.857334+09:00
2867487,39,청담25,서울특별시 강남구 압구정로79길 32 2층,37.5252158825,127.0497795879,11,680,FD,FD01,FD010100,2025-06-26 15:37:10+09:00,http://tong.visitkorea.or.kr/cms/resource/76/2867476_image2_1.jpg,http://tong.visitkorea.or.kr/cms/resource/76/2867476_image3_1.jpg,2026-09-05T02:12:16.857334+09:00
2867691,39,우텐더,서울특별시 강남구 압구정로42길 25-10 1~2층,37.527048752,127.0358085855,11,680,FD,FD01,FD010100,2025-05-02 17:45:33+09:00,http://tong.visitkorea.or.kr/cms/resource/81/2867681_image2_1.jpg,http://tong.visitkorea.or.kr/cms/resource/81/2867681_image3_1.jpg,2026-09-05T02:12:16.857334+09:00
2867713,39,밍글스,서울특별시 강남구 도산대로67길 19 힐탑빌딩 2층,37.5254268684,127.0441745362,11,680,FD,FD01,FD010100,2025-01-21 14:51:28+09:00,http://tong.visitkorea.or.kr/cms/resource/94/2867694_image2_1.jpg,http://tong.visitkorea.or.kr/cms/resource/94/2867694_image3_1.jpg,2026-09-05T02:12:16.857334+09:00
2867731,39,샤블리,서울특별시 강남구 강남대로152길 35 2층,37.518141209,127.0222128537,11,680,FD,FD02,FD020400,2025-05-07 13:27:06+09:00,http://tong.visitkorea.or.kr/cms/resource/17/2867717_image2_1.jpg,http://tong.visitkorea.or.kr/cms/resource/17/2867717_image3_1.jpg,2026-09-05T02:12:16.857334+09:00
2867754,39,스시 장종현,서울특별시 강남구 도산대로85길 13 2층,37.5255352757,127.0489685416,11,680,FD,FD02,FD020200,2025-01-16 10:34:42+09:00,http://tong.visitkorea.or.kr/cms/resource/35/2867735_image2_1.jpg,http://tong.visitkorea.or.kr/cms/resource/35/2867735_image3_1.jpg,2026-09-05T02:12:16.857334+09:00
2867786,39,옳음,서울특별시 강남구 선릉로152길 37 (청담동) 3층,37.5247074809,127.0426969134,11,680,FD,FD01,FD010100,2025-01-15 13:06:50+09:00,http://tong.visitkorea.or.kr/cms/resource/78/2867778_image2_1.jpg,http://tong.visitkorea.or.kr/cms/resource/78/2867778_image3_1.jpg,2026-09-05T02:12:16.857334+09:00
2867799,39,우돈청,서울특별시 강남구 언주로170길 37,37.5266654805,127.0367585099,11,680,FD,FD01,FD010100,2025-05-07 10:05:00+09:00,http://tong.visitkorea.or.kr/cms/resource/92/2867792_image2_1.jpg,http://tong.visitkorea.or.kr/cms/resource/92/2867792_image3_1.jpg,2026-09-05T02:12:16.857334+09:00
2867816,39,우앤,서울특별시 강남구 언주로151길 4-1 1층,37.5224936728,127.032872871,11,680,FD,FD01,FD010100,2025-05-07 10:53:31+09:00,http://tong.visitkorea.or.kr/cms/resource/05/2867805_image2_1.jpg,http://tong.visitkorea.or.kr/cms/resource/05/2867805_image3_1.jpg,2026-09-05T02:12:16.857334+09:00
2867828,39,우천식육식당 청담본점,서울특별시 강남구 도산대로94길 20,37.5238660728,127.0516377903,11,680,FD,FD01,FD010100,2025-06-26 15:38:03+09:00,http://tong.visitkorea.or.kr/cms/resource/22/2867822_image2_1.jpg,http://tong.visitkorea.or.kr/cms/resource/22/2867822_image3_1.jpg,2026-09-05T02:12:16.857334+09:00
2869101,39,김북순큰남비집 신사본점,"서울특별시 강남구 압구정로2길 15 (신사동, 신사아이빌)",37.5207714188,127.0199713168,11,680,FD,FD01,FD010100,2025-05-07 17:36:46+09:00,http://tong.visitkorea.or.kr/cms/resource/92/2869092_image2_1.JPG,http://tong.visitkorea.or.kr/cms/resource/92/2869092_image3_1.JPG,2026-09-05T02:12:16.857334+09:00
2869105,39,리애,서울특별시 강남구 선릉로16길 6 1층,37.4838569819,127.0601075967,11,680,FD,FD02,FD020200,2025-05-08 10:25:20+09:00,http://tong.visitkorea.or.kr/cms/resource/06/2869106_image2_1.JPG,http://tong.visitkorea.or.kr/cms/resource/06/2869106_image2_1.JPG,2026-09-05T02:12:16.857334+09:00
2869131,39,옛날집,서울특별시 강남구 선릉로148길 38 (청담동),37.5227549291,127.0426497513,11,680,FD,FD01,FD010100,2025-09-24 11:01:33+09:00,http://tong.visitkorea.or.kr/cms/resource/23/2869123_image2_1.jpg,http://tong.visitkorea.or.kr/cms/resource/23/2869123_image3_1.jpg,2026-09-05T02:12:16.857334+09:00
2869152,39,영동올뱅이집,서울특별시 강남구 개포로22길 16 (개포동),37.4777852487,127.048106083,11,680,FD,FD01,FD010100,2025-05-08 10:31:29+09:00,http://tong.visitkorea.or.kr/cms/resource/40/2869140_image2_1.JPG,http://tong.visitkorea.or.kr/cms/resource/40/2869140_image2_1.JPG,2026-09-05T02:12:16.857334+09:00
2869230,39,어썸로즈,서울특별시 강남구 압구정로10길 40 지하1층,37.5209797649,127.0220294568,11,680,FD,FD02,FD020300,2025-01-16 09:59:37+09:00,http://tong.visitkorea.or.kr/cms/resource/22/2869222_image2_1.jpg,http://tong.visitkorea.or.kr/cms/resource/22/2869222_image3_1.jpg,2026-09-05T02:12:16.857334+09:00
2869276,39,앤헤이븐,서울특별시 강남구 영동대로129길 22,37.5183486383,127.0556486322,11,680,FD,FD02,FD020300,2026-08-04 10:23:27+09:00,https://tong.visitkorea.or.kr/cms/resource/64/2869264_image2_1.JPG,https://tong.visitkorea.or.kr/cms/resource/64/2869264_image3_1.JPG,2026-09-05T02:12:16.857334+09:00
2869330,39,압구정면옥,서울특별시 강남구 압구정로30길 16 (신사동),37.5265153596,127.029078658,11,680,FD,FD01,FD010100,2025-07-07 09:34:37+09:00,http://tong.visitkorea.or.kr/cms/resource/12/2869312_image2_1.jpg,http://tong.visitkorea.or.kr/cms/resource/12/2869312_image3_1.jpg,2026-09-05T02:12:16.857334+09:00
2869361,39,압구정곱창,서울특별시 강남구 압구정로42길 25-8 (신사동),37.5270793013,127.0356530434,11,680,FD,FD01,FD010100,2025-07-07 09:38:17+09:00,http://tong.visitkorea.or.kr/cms/resource/47/2869347_image2_1.jpg,http://tong.visitkorea.or.kr/cms/resource/47/2869347_image3_1.jpg,2026-09-05T02:12:16.857334+09:00
2869380,39,무오키(MUOKI),서울특별시 강남구 학동로55길 12-12 (청담동),37.519060907,127.0422498927,11,680,FD,FD02,FD020300,2025-09-24 11:04:15+09:00,http://tong.visitkorea.or.kr/cms/resource/56/2869356_image2_1.jpg,http://tong.visitkorea.or.kr/cms/resource/56/2869356_image3_1.jpg,2026-09-05T02:12:16.857334+09:00
2869403,39,아티초크0125,서울특별시 강남구 영동대로 736 aloft HOTELS 2층,37.523796709,127.0556763135,11,680,FD,FD02,FD020300,2025-03-15 11:57:41+09:00,,,2026-09-05T02:12:16.857334+09:00
2869452,39,아메리칸테이블,서울특별시 강남구 영동대로112길 66 (삼성동),37.5158589234,127.0657783968,11,680,FD,FD02,FD020300,2025-07-07 09:41:36+09:00,http://tong.visitkorea.or.kr/cms/resource/36/2869436_image2_1.jpg,http://tong.visitkorea.or.kr/cms/resource/36/2869436_image3_1.jpg,2026-09-05T02:12:16.857334+09:00
2869471,39,스시히로바 삼성동본점,서울특별시 강남구 삼성로 620 (삼성동),37.5150171187,127.0526490603,11,680,FD,FD02,FD020200,2025-07-07 09:44:40+09:00,http://tong.visitkorea.or.kr/cms/resource/59/2869459_image2_1.jpg,http://tong.visitkorea.or.kr/cms/resource/59/2869459_image3_1.jpg,2026-09-05T02:12:16.857334+09:00
2869490,39,오미가,서울특별시 강남구 논현로 833 (신사동),37.5228685396,127.0278760935,11,680,FD,FD01,FD010100,2025-07-07 09:48:07+09:00,http://tong.visitkorea.or.kr/cms/resource/75/2869475_image2_1.jpg,http://tong.visitkorea.or.kr/cms/resource/75/2869475_image3_1.jpg,2026-09-05T02:12:16.857334+09:00
2869506,39,왕스덕 논현점,서울특별시 강남구 도산대로 130 지하 1층,37.517241327,127.0229905859,11,680,FD,FD02,FD020100,2025-05-08 11:18:32+09:00,http://tong.visitkorea.or.kr/cms/resource/96/2869496_image2_1.jpg,http://tong.visitkorea.or.kr/cms/resource/96/2869496_image2_1.jpg,2026-09-05T02:12:16.857334+09:00
2869530,39,우가,서울특별시 강남구 강남대로 652 (신사동) 신사스퀘어 G층,37.51960467054012,127.01907655016491,11,680,FD,FD01,FD010100,2026-04-17 15:57:00+09:00,https://tong.visitkorea.or.kr/cms/resource/22/2869522_image2_1.jpg,https://tong.visitkorea.or.kr/cms/resource/22/2869522_image3_1.jpg,2026-09-05T02:12:16.857334+09:00
2869531,39,스시코우지,서울특별시 강남구 도산대로 318 (논현동),37.5219132526,127.0366558764,11,680,FD,FD02,FD020200,2025-07-07 09:56:33+09:00,http://tong.visitkorea.or.kr/cms/resource/28/2869528_image2_1.jpg,http://tong.visitkorea.or.kr/cms/resource/28/2869528_image3_1.jpg,2026-09-05T02:12:16.857334+09:00
2869549,39,스시선수,서울특별시 강남구 도산대로45길 6 (신사동),37.5229325753,127.0364669758,11,680,FD,FD02,FD020200,2025-07-07 09:59:49+09:00,http://tong.visitkorea.or.kr/cms/resource/42/2869542_image2_1.JPG,http://tong.visitkorea.or.kr/cms/resource/42/2869542_image3_1.JPG,2026-09-05T02:12:16.857334+09:00
2869550,39,우정양곱창,서울특별시 강남구 도산대로30길 23 (논현동),37.518488533,127.0301232352,11,680,FD,FD01,FD010100,2025-07-07 10:02:45+09:00,http://tong.visitkorea.or.kr/cms/resource/46/2869546_image2_1.jpg,http://tong.visitkorea.or.kr/cms/resource/46/2869546_image3_1.jpg,2026-09-05T02:12:16.857334+09:00
2869584,39,우진가 더 챔버스 역삼점,서울특별시 강남구 테헤란로27길 28,37.5032987644,127.037592429,11,680,FD,FD01,FD010100,2025-05-08 11:29:50+09:00,http://tong.visitkorea.or.kr/cms/resource/68/2869568_image2_1.jpg,http://tong.visitkorea.or.kr/cms/resource/68/2869568_image2_1.jpg,2026-09-05T02:12:16.857334+09:00
2869612,39,웍셔너리,서울특별시 강남구 도산대로53길 12 (신사동),37.5239352737,127.0385223157,11,680,FD,FD02,FD020100,2025-07-07 10:05:56+09:00,http://tong.visitkorea.or.kr/cms/resource/98/2869598_image2_1.jpg,http://tong.visitkorea.or.kr/cms/resource/98/2869598_image3_1.jpg,2026-09-05T02:12:16.857334+09:00
2869626,39,원강,서울특별시 강남구 학동로6길 16 (논현동),37.5107782083,127.024060116,11,680,FD,FD01,FD010100,2025-07-07 10:08:51+09:00,http://tong.visitkorea.or.kr/cms/resource/21/2869621_image2_1.jpg,http://tong.visitkorea.or.kr/cms/resource/21/2869621_image3_1.jpg,2026-09-05T02:12:16.857334+09:00
2869649,39,원조닭한마리,서울특별시 강남구 논현로10길 13 (개포동),37.4745078786,127.049642147,11,680,FD,FD01,FD010100,2025-09-24 11:08:38+09:00,http://tong.visitkorea.or.kr/cms/resource/43/2869643_image2_1.jpg,http://tong.visitkorea.or.kr/cms/resource/43/2869643_image3_1.jpg,2026-09-05T02:12:16.857334+09:00
2869671,39,유미식당 본점,서울특별시 강남구 논현로94길 27 (역삼동),37.5030626967,127.0384840214,11,680,FD,FD01,FD010100,2025-07-07 10:13:03+09:00,http://tong.visitkorea.or.kr/cms/resource/64/2869664_image2_1.jpg,http://tong.visitkorea.or.kr/cms/resource/64/2869664_image3_1.jpg,2026-09-05T02:12:16.857334+09:00
2869672,39,바빌리안테이블,서울특별시 강남구 압구정로46길 5-2 (신사동),37.5280930945,127.0368834583,11,680,FD,FD02,FD020300,2025-07-07 10:17:17+09:00,http://tong.visitkorea.or.kr/cms/resource/53/2869653_image2_1.jpg,http://tong.visitkorea.or.kr/cms/resource/53/2869653_image3_1.jpg,2026-09-05T02:12:16.857334+09:00
2869691,39,레스쁘아,서울특별시 강남구 도산대로59길 16 (청담동),37.5248296839,127.0424080481,11,680,FD,FD02,FD020300,2025-07-07 10:20:38+09:00,http://tong.visitkorea.or.kr/cms/resource/77/2869677_image2_1.jpg,http://tong.visitkorea.or.kr/cms/resource/77/2869677_image3_1.jpg,2026-09-05T02:12:16.857334+09:00
2869692,39,이봉,서울특별시 강남구 테헤란로98길 28 (대치동),37.5065932798,127.0628233732,11,680,FD,FD01,FD010100,2025-07-07 10:24:50+09:00,http://tong.visitkorea.or.kr/cms/resource/83/2869683_image2_1.JPG,http://tong.visitkorea.or.kr/cms/resource/83/2869683_image3_1.JPG,2026-09-05T02:12:16.857334+09:00
2869697,39,바랗,서울특별시 강남구 도산대로 309 (신사동),37.5224020587,127.0352032169,11,680,FD,FD01,FD010100,2025-07-07 10:28:42+09:00,http://tong.visitkorea.or.kr/cms/resource/99/2869699_image2_1.jpg,http://tong.visitkorea.or.kr/cms/resource/99/2869699_image3_1.jpg,2026-09-05T02:12:16.857334+09:00
2869719,39,이치에,서울특별시 강남구 선릉로155길 23-3 (신사동),37.5254295296,127.0377001262,11,680,FD,FD02,FD020200,2025-07-07 10:31:20+09:00,http://tong.visitkorea.or.kr/cms/resource/04/2869704_image2_1.jpg,http://tong.visitkorea.or.kr/cms/resource/04/2869704_image3_1.jpg,2026-09-05T02:12:16.857334+09:00
2869737,39,저스트 스테이크(Just Steak),서울특별시 강남구 언주로152길 11-7,37.523199174,127.0344088223,11,680,FD,FD02,FD020300,2025-05-08 10:37:17+09:00,http://tong.visitkorea.or.kr/cms/resource/16/2869716_image2_1.jpg,http://tong.visitkorea.or.kr/cms/resource/16/2869716_image2_1.jpg,2026-09-05T02:12:16.857334+09:00
2869759,39,무등산수만리염소탕 강남점,서울특별시 강남구 역삼로2길 13,37.4925499062,127.0316710499,11,680,FD,FD01,FD010100,2025-05-08 10:48:43+09:00,http://tong.visitkorea.or.kr/cms/resource/52/2869752_image2_1.jpg,http://tong.visitkorea.or.kr/cms/resource/52/2869752_image2_1.jpg,2026-09-05T02:12:16.857334+09:00
2869760,39,가담,서울특별시 강남구 언주로167길 35 (신사동),37.5264209476,127.0302729961,11,680,FD,FD02,FD020100,2025-07-07 10:34:42+09:00,http://tong.visitkorea.or.kr/cms/resource/53/2869753_image2_1.jpg,http://tong.visitkorea.or.kr/cms/resource/53/2869753_image3_1.jpg,2026-09-05T02:12:16.857334+09:00
2869761,39,인량훠궈,서울특별시 강남구 강남대로140길 9 (논현동),37.5140499999,127.0212269478,11,680,FD,FD02,FD020100,2025-07-07 10:38:04+09:00,http://tong.visitkorea.or.kr/cms/resource/45/2869745_image2_1.jpg,http://tong.visitkorea.or.kr/cms/resource/45/2869745_image3_1.jpg,2026-09-05T02:12:16.857334+09:00
2869781,39,몽고네,서울특별시 강남구 선릉로155길 5 (신사동),37.5252045816,127.0391305578,11,680,FD,FD02,FD020300,2025-07-07 10:42:52+09:00,http://tong.visitkorea.or.kr/cms/resource/70/2869770_image2_1.JPG,http://tong.visitkorea.or.kr/cms/resource/70/2869770_image3_1.JPG,2026-09-05T02:12:16.857334+09:00
2869782,39,갓포아키 도산공원점,서울특별시 강남구 도산대로45길 8-3 쿠키빌딩,37.5230742215,127.0362419924,11,680,FD,FD02,FD020200,2025-01-13 13:32:15+09:00,http://tong.visitkorea.or.kr/cms/resource/72/2869772_image2_1.jpg,http://tong.visitkorea.or.kr/cms/resource/72/2869772_image3_1.jpg,2026-09-05T02:12:16.857334+09:00
2869793,39,목포명가 율현본점,서울특별시 강남구 밤고개로23길 22 (율현동),37.4738423498,127.1086201343,11,680,FD,FD01,FD010100,2025-07-07 10:46:54+09:00,http://tong.visitkorea.or.kr/cms/resource/85/2869785_image2_1.jpg,http://tong.visitkorea.or.kr/cms/resource/85/2869785_image3_1.jpg,2026-09-05T02:12:16.857334+09:00
2869794,39,갓포준 x 에스테반,서울특별시 강남구 논현로163길 10 (신사동),37.52425448,127.0273372138,11,680,FD,FD02,FD020200,2025-07-07 10:50:07+09:00,http://tong.visitkorea.or.kr/cms/resource/90/2869790_image2_1.jpg,http://tong.visitkorea.or.kr/cms/resource/90/2869790_image3_1.jpg,2026-09-05T02:12:16.857334+09:00
2869810,39,일등추어탕 선릉본점,서울특별시 강남구 선릉로 555 선릉빌딩 1층,37.5080400105,127.044838858,11,680,FD,FD01,FD010100,2025-06-26 15:40:35+09:00,http://tong.visitkorea.or.kr/cms/resource/76/2869776_image2_1.jpg,http://tong.visitkorea.or.kr/cms/resource/76/2869776_image3_1.jpg,2026-09-05T02:12:16.857334+09:00
2869819,39,골드피쉬 딤섬퀴진,서울특별시 강남구 압구정로48길 35 (신사동),37.526123883,127.0371223814,11,680,FD,FD02,FD020100,2025-09-24 11:11:17+09:00,http://tong.visitkorea.or.kr/cms/resource/06/2869806_image2_1.jpg,http://tong.visitkorea.or.kr/cms/resource/06/2869806_image3_1.jpg,2026-09-05T02:12:16.857334+09:00
2869881,39,일미원,서울특별시 강남구 광평로46길 5-6,37.4860824348,127.0996706016,11,680,FD,FD01,FD010100,2025-01-16 14:24:48+09:00,http://tong.visitkorea.or.kr/cms/resource/71/2869871_image2_1.jpg,http://tong.visitkorea.or.kr/cms/resource/71/2869871_image3_1.jpg,2026-09-05T02:12:16.857334+09:00
2869902,39,맛짱조개,서울특별시 강남구 언주로134길 18 (논현동),37.5166388719,127.0370282141,11,680,FD,FD01,FD010100,2025-07-07 10:55:02+09:00,http://tong.visitkorea.or.kr/cms/resource/86/2869886_image2_1.jpg,http://tong.visitkorea.or.kr/cms/resource/86/2869886_image3_1.jpg,2026-09-05T02:12:16.857334+09:00
2869928,39,마초쉐프 강남본점,서울특별시 강남구 강남대로106길 29 (역삼동),37.5035513381,127.0278599746,11,680,FD,FD02,FD020300,2025-07-07 10:59:16+09:00,http://tong.visitkorea.or.kr/cms/resource/13/2869913_image2_1.jpg,http://tong.visitkorea.or.kr/cms/resource/13/2869913_image3_1.jpg,2026-09-05T02:12:16.857334+09:00
2869929,39,자연석돌구이,서울특별시 강남구 언주로148길 9 (논현동),37.5206939264,127.0353532516,11,680,FD,FD01,FD010100,2025-07-07 11:08:28+09:00,http://tong.visitkorea.or.kr/cms/resource/19/2869919_image2_1.jpg,http://tong.visitkorea.or.kr/cms/resource/19/2869919_image3_1.jpg,2026-09-05T02:12:16.857334+09:00
2869969,39,마누테라스,서울특별시 강남구 양재천로 179 (도곡동),37.4822819033,127.0455867406,11,680,FD,FD02,FD020300,2025-07-07 11:49:43+09:00,http://tong.visitkorea.or.kr/cms/resource/54/2869954_image2_1.jpg,http://tong.visitkorea.or.kr/cms/resource/54/2869954_image3_1.jpg,2026-09-05T02:12:16.857334+09:00
2869970,39,진수사,서울특별시 강남구 테헤란로37길 13-7 (역삼동),37.5028405297,127.0401255449,11,680,FD,FD02,FD020200,2025-07-07 11:53:32+09:00,http://tong.visitkorea.or.kr/cms/resource/62/2869962_image2_1.jpg,http://tong.visitkorea.or.kr/cms/resource/62/2869962_image3_1.jpg,2026-09-05T02:12:16.857334+09:00
2869994,39,진전복삼계탕 논현본점,서울특별시 강남구 언주로133길 18 B1,37.5164221712,127.0337174106,11,680,FD,FD01,FD010100,2025-06-26 15:41:05+09:00,http://tong.visitkorea.or.kr/cms/resource/81/2869981_image2_1.jpg,http://tong.visitkorea.or.kr/cms/resource/81/2869981_image3_1.jpg,2026-09-05T02:12:16.857334+09:00
2870000,39,레드마블하우스,서울특별시 강남구 논현로 408 (역삼동),37.4967190011,127.0391841373,11,680,FD,FD01,FD010100,2025-07-07 11:57:33+09:00,http://tong.visitkorea.or.kr/cms/resource/93/2869993_image2_1.jpg,http://tong.visitkorea.or.kr/cms/resource/93/2869993_image3_1.jpg,2026-09-05T02:12:16.857334+09:00
2870024,39,더원 레스토랑,서울특별시 강남구 영동대로 648 (삼성동),37.5200388484,127.0576901262,11,680,FD,FD02,FD020100,2025-07-07 12:00:33+09:00,http://tong.visitkorea.or.kr/cms/resource/07/2870007_image2_1.JPG,http://tong.visitkorea.or.kr/cms/resource/07/2870007_image3_1.JPG,2026-09-05T02:12:16.857334+09:00
2870026,39,짱이네 산곰장어,서울특별시 강남구 언주로 605 (논현동),37.5094258252,127.0372728403,11,680,FD,FD01,FD010100,2025-07-07 12:06:34+09:00,http://tong.visitkorea.or.kr/cms/resource/10/2870010_image2_1.jpg,http://tong.visitkorea.or.kr/cms/resource/10/2870010_image3_1.jpg,2026-09-05T02:12:16.857334+09:00
2870076,39,파시0914,서울특별시 강남구 도산대로45길 15 (신사동) 지하 1층,37.5232825107,127.0351337538,11,680,FD,FD02,FD020300,2025-10-29 15:14:43+09:00,http://tong.visitkorea.or.kr/cms/resource/62/3096562_image2_1.jpg,http://tong.visitkorea.or.kr/cms/resource/62/3096562_image3_1.jpg,2026-09-05T02:12:16.857334+09:00
2870077,39,대가원 본점,서울특별시 강남구 언주로130길 8 (논현동),37.5147696287,127.0361394589,11,680,FD,FD01,FD010100,2025-07-07 12:15:46+09:00,http://tong.visitkorea.or.kr/cms/resource/74/2870074_image2_1.JPG,http://tong.visitkorea.or.kr/cms/resource/74/2870074_image3_1.JPG,2026-09-05T02:12:16.857334+09:00
2870092,39,파씨오네,서울특별시 강남구 언주로164길 39 (신사동),37.5255100592,127.0367640978,11,680,FD,FD02,FD020300,2025-09-24 11:13:38+09:00,http://tong.visitkorea.or.kr/cms/resource/83/2870083_image2_1.jpg,http://tong.visitkorea.or.kr/cms/resource/83/2870083_image3_1.jpg,2026-09-05T02:12:16.857334+09:00
2870120,39,대가방 본점,"서울특별시 강남구 봉은사로 333 (논현동, 선정릉역 모아엘가 퍼스트 홈)",37.5105785734,127.0430806123,11,680,FD,FD02,FD020100,2025-07-07 12:27:38+09:00,http://tong.visitkorea.or.kr/cms/resource/16/2870116_image2_1.jpg,http://tong.visitkorea.or.kr/cms/resource/16/2870116_image3_1.jpg,2026-09-05T02:12:16.857334+09:00
2870139,39,닭으로가 압구정본점,서울특별시 강남구 언주로172길 55,37.5270376893,127.0384194597,11,680,FD,FD01,FD010100,2025-06-26 15:43:19+09:00,http://tong.visitkorea.or.kr/cms/resource/24/2870124_image2_1.jpg,http://tong.visitkorea.or.kr/cms/resource/24/2870124_image3_1.jpg,2026-09-05T02:12:16.857334+09:00
2870159,39,단스시,서울특별시 강남구 언주로 652 (논현동),37.5151862409,127.0358005892,11,680,FD,FD02,FD020200,2025-07-07 12:23:32+09:00,http://tong.visitkorea.or.kr/cms/resource/44/2870144_image2_1.jpg,http://tong.visitkorea.or.kr/cms/resource/44/2870144_image3_1.jpg,2026-09-05T02:12:16.857334+09:00
2870174,39,다온바이뱀부,서울특별시 강남구 학동로25길 39 (논현동),37.5161276537,127.02776796,11,680,FD,FD01,FD010100,2025-07-07 12:27:33+09:00,http://tong.visitkorea.or.kr/cms/resource/63/2870163_image2_1.jpg,http://tong.visitkorea.or.kr/cms/resource/63/2870163_image3_1.jpg,2026-09-05T02:12:16.857334+09:00
2870197,39,노란상 소갈비,서울특별시 강남구 선릉로131길 22 (논현동),37.5175721359,127.0391946569,11,680,FD,FD01,FD010100,2025-07-07 12:30:56+09:00,http://tong.visitkorea.or.kr/cms/resource/78/2870178_image2_1.JPG,http://tong.visitkorea.or.kr/cms/resource/78/2870178_image3_1.JPG,2026-09-05T02:12:16.857334+09:00
2870227,39,네모집 청담점,서울특별시 강남구 선릉로148길 28 (청담동),37.5226577043,127.0418664921,11,680,FD,FD01,FD010100,2025-07-07 12:33:27+09:00,http://tong.visitkorea.or.kr/cms/resource/14/2870214_image2_1.jpg,http://tong.visitkorea.or.kr/cms/resource/14/2870214_image3_1.jpg,2026-09-05T02:12:16.857334+09:00
2870254,39,네기다이닝라운지,서울특별시 강남구 도산대로15길 18 (신사동),37.5195355246,127.024054313,11,680,FD,FD02,FD020200,2025-07-07 12:44:44+09:00,http://tong.visitkorea.or.kr/cms/resource/46/2870246_image2_1.jpg,http://tong.visitkorea.or.kr/cms/resource/46/2870246_image3_1.jpg,2026-09-05T02:12:16.857334+09:00
2870265,39,내가국수다,서울특별시 강남구 밤고개로23길 20 (율현동),37.4736673673,127.1084673756,11,680,FD,FD01,FD010100,2025-10-23 14:30:00+09:00,http://tong.visitkorea.or.kr/cms/resource/60/2870260_image2_1.jpg,http://tong.visitkorea.or.kr/cms/resource/60/2870260_image3_1.jpg,2026-09-05T02:12:16.857334+09:00
2870271,39,까폼,서울특별시 강남구 선릉로153길 18 지하1층,37.5248808559,127.0379973882,11,680,FD,FD02,FD020400,2026-08-04 09:55:17+09:00,https://tong.visitkorea.or.kr/cms/resource/70/2870270_image2_1.jpg,https://tong.visitkorea.or.kr/cms/resource/70/2870270_image3_1.jpg,2026-09-05T02:12:16.857334+09:00
2870297,39,부타이 1막,서울특별시 강남구 테헤란로88길 22 (대치동),37.5062238284,127.0600541909,11,680,FD,FD02,FD020200,2025-07-07 14:19:11+09:00,http://tong.visitkorea.or.kr/cms/resource/94/2870294_image2_1.jpg,http://tong.visitkorea.or.kr/cms/resource/94/2870294_image3_1.jpg,2026-09-05T02:12:16.857334+09:00
2870343,39,뽕나무쟁이 선릉본점,서울특별시 강남구 역삼로65길 31 (대치동),37.5032518068,127.0520161176,11,680,FD,FD01,FD010100,2025-07-07 14:23:26+09:00,http://tong.visitkorea.or.kr/cms/resource/37/2870337_image2_1.jpg,http://tong.visitkorea.or.kr/cms/resource/37/2870337_image3_1.jpg,2026-09-05T02:12:16.857334+09:00
2870393,39,삼호 짱뚱이,서울특별시 강남구 도산대로34길 11 (논현동),37.5196800777,127.0310397845,11,680,FD,FD01,FD010100,2025-07-07 14:26:24+09:00,http://tong.visitkorea.or.kr/cms/resource/53/2870353_image2_1.jpg,http://tong.visitkorea.or.kr/cms/resource/53/2870353_image3_1.jpg,2026-09-05T02:12:16.857334+09:00
2870406,39,늘복집,서울특별시 강남구 밤고개로14길 13-48 (자곡동),37.479524919,127.1028205009,11,680,FD,FD01,FD010100,2025-09-24 11:16:35+09:00,http://tong.visitkorea.or.kr/cms/resource/99/2870399_image2_1.jpg,http://tong.visitkorea.or.kr/cms/resource/99/2870399_image3_1.jpg,2026-09-05T02:12:16.857334+09:00
2870435,39,권숙수,서울특별시 강남구 압구정로80길 37 (청담동),37.5244297515,127.0435940627,11,680,FD,FD01,FD010100,2025-07-07 14:31:34+09:00,http://tong.visitkorea.or.kr/cms/resource/10/2870410_image2_1.jpg,http://tong.visitkorea.or.kr/cms/resource/10/2870410_image3_1.jpg,2026-09-05T02:12:16.857334+09:00
2870464,39,스시유,서울특별시 강남구 영동대로 407 (대치동),37.5056573049,127.0643565937,11,680,FD,FD02,FD020200,2025-07-07 14:38:02+09:00,http://tong.visitkorea.or.kr/cms/resource/50/2870450_image2_1.jpg,http://tong.visitkorea.or.kr/cms/resource/50/2870450_image3_1.jpg,2026-09-05T02:12:16.857334+09:00
2870471,39,그랑씨엘,서울특별시 강남구 도산대로45길 16-6 1층,37.523443616,127.035853128,11,680,FD,FD02,FD020300,2025-01-17 14:50:47+09:00,http://tong.visitkorea.or.kr/cms/resource/61/2870461_image2_1.jpg,http://tong.visitkorea.or.kr/cms/resource/61/2870461_image3_1.jpg,2026-09-05T02:12:16.857334+09:00
2870472,39,시골진지상,서울특별시 강남구 삼성로 535 (삼성동),37.5096677763,127.0546795824,11,680,FD,FD01,FD010100,2025-07-07 14:44:28+09:00,http://tong.visitkorea.or.kr/cms/resource/69/2870469_image2_1.jpg,http://tong.visitkorea.or.kr/cms/resource/69/2870469_image3_1.jpg,2026-09-05T02:12:16.857334+09:00
2870486,39,길목,서울특별시 강남구 영동대로129길 10 (삼성동),37.5190778257,127.0564180465,11,680,FD,FD01,FD010100,2025-09-24 11:19:09+09:00,http://tong.visitkorea.or.kr/cms/resource/75/2870475_image2_1.jpg,http://tong.visitkorea.or.kr/cms/resource/75/2870475_image3_1.jpg,2026-09-05T02:12:16.857334+09:00
2870538,39,신동궁감자탕 역삼본점,서울특별시 강남구 테헤란로10길 21 (역삼동),37.4978465342,127.0328319056,11,680,FD,FD01,FD010100,2025-07-07 14:47:40+09:00,http://tong.visitkorea.or.kr/cms/resource/23/2870523_image2_1.jpg,http://tong.visitkorea.or.kr/cms/resource/23/2870523_image3_1.jpg,2026-09-05T02:12:16.857334+09:00
2870558,39,아선재,서울특별시 강남구 영동대로 333 (대치동),37.5042047053,127.0648843641,11,680,FD,FD01,FD010100,2025-07-07 14:50:34+09:00,http://tong.visitkorea.or.kr/cms/resource/44/2870544_image2_1.jpg,http://tong.visitkorea.or.kr/cms/resource/44/2870544_image3_1.jpg,2026-09-05T02:12:16.857334+09:00
2870571,39,아야진생태찌개 본점,서울특별시 강남구 삼성로108길 8 (삼성동),37.5118369704,127.0547767344,11,680,FD,FD01,FD010100,2025-11-12 16:19:52+09:00,,,2026-09-05T02:12:16.857334+09:00
2870631,39,안남,서울특별시 강남구 언주로 118 우성캐릭터199 1층,37.486550953,127.0511916655,11,680,FD,FD02,FD020400,2025-01-17 09:30:44+09:00,http://tong.visitkorea.or.kr/cms/resource/26/2870626_image2_1.jpg,http://tong.visitkorea.or.kr/cms/resource/26/2870626_image3_1.jpg,2026-09-05T02:12:16.857334+09:00
2870637,39,어거스트힐 강남점,서울특별시 강남구 강남대로106길 25 (역삼동),37.5034402356,127.0276238886,11,680,FD,FD02,FD020300,2025-10-31 09:57:20+09:00,http://tong.visitkorea.or.kr/cms/resource/34/2870634_image2_1.jpg,http://tong.visitkorea.or.kr/cms/resource/34/2870634_image3_1.jpg,2026-09-05T02:12:16.857334+09:00
2870648,39,언노운다이너,서울특별시 강남구 논현로28길 42 (도곡동),37.4842400076,127.0455033597,11,680,FD,FD02,FD020300,2025-07-07 15:04:47+09:00,http://tong.visitkorea.or.kr/cms/resource/38/2870638_image2_1.jpg,http://tong.visitkorea.or.kr/cms/resource/38/2870638_image3_1.jpg,2026-09-05T02:12:16.857334+09:00
2870694,39,역삼동북어집,서울특별시 강남구 논현로85길 5-14 (역삼동),37.4986437339,127.0367481933,11,680,FD,FD01,FD010100,2025-07-07 15:06:55+09:00,http://tong.visitkorea.or.kr/cms/resource/89/2870689_image2_1.JPG,http://tong.visitkorea.or.kr/cms/resource/89/2870689_image3_1.JPG,2026-09-05T02:12:16.857334+09:00
2870724,39,토말 본점,서울특별시 강남구 선릉로121길 13 (논현동),37.5137476164,127.0412251358,11,680,FD,FD01,FD010100,2025-07-07 15:09:56+09:00,http://tong.visitkorea.or.kr/cms/resource/22/2870722_image2_1.jpg,http://tong.visitkorea.or.kr/cms/resource/22/2870722_image3_1.jpg,2026-09-05T02:12:16.857334+09:00
2870750,39,한미옥,서울특별시 강남구 선릉로 822 (청담동),37.5252571393,127.0401736493,11,680,FD,FD01,FD010100,2026-08-04 10:10:03+09:00,https://tong.visitkorea.or.kr/cms/resource/59/3585959_image2_1.jpg,https://tong.visitkorea.or.kr/cms/resource/59/3585959_image3_1.jpg,2026-09-05T02:12:16.857334+09:00
2870779,39,한티옥,서울특별시 강남구 도곡로 418 (대치동),37.4970109405,127.0562631303,11,680,FD,FD01,FD010100,2025-09-24 11:21:39+09:00,http://tong.visitkorea.or.kr/cms/resource/60/2870760_image2_1.jpg,http://tong.visitkorea.or.kr/cms/resource/60/2870760_image3_1.jpg,2026-09-05T02:12:16.857334+09:00
2870803,39,알라프리마,"서울특별시 강남구 학동로17길 13 (논현동, 인본)",37.5136029159,127.0260404116,11,680,FD,FD02,FD020300,2025-07-07 15:13:24+09:00,http://tong.visitkorea.or.kr/cms/resource/85/2870785_image2_1.jpg,http://tong.visitkorea.or.kr/cms/resource/85/2870785_image3_1.jpg,2026-09-05T02:12:16.857334+09:00
2871024,39,가나돈까스의집,서울특별시 강남구 언주로 608,37.5099674377,127.0377755568,11,680,FD,FD01,FD010100,2025-01-16 15:30:20+09:00,http://tong.visitkorea.or.kr/cms/resource/08/2871008_image2_1.JPG,http://tong.visitkorea.or.kr/cms/resource/08/2871008_image3_1.JPG,2026-09-05T02:12:16.857334+09:00
2871081,39,생강김밥 본점,서울특별시 강남구 남부순환로 2738 상일빌딩,37.4860175782,127.0454338713,11,680,FD,FD01,FD010100,2026-01-05 18:57:55+09:00,,,2026-09-05T02:12:16.857334+09:00
2871116,39,예담한정식,서울특별시 강남구 테헤란로13길 21 (역삼동),37.5010600335,127.031918009,11,680,FD,FD01,FD010100,2025-07-07 15:30:09+09:00,http://tong.visitkorea.or.kr/cms/resource/00/2871100_image2_1.jpg,http://tong.visitkorea.or.kr/cms/resource/00/2871100_image3_1.jpg,2026-09-05T02:12:16.857334+09:00
2871160,39,투뿔등심 논현 본점,서울특별시 강남구 언주로148길 19 청호빌딩,37.5211050029,127.0360865064,11,680,FD,FD01,FD010100,2025-07-07 15:32:28+09:00,http://tong.visitkorea.or.kr/cms/resource/50/2871150_image2_1.jpg,http://tong.visitkorea.or.kr/cms/resource/50/2871150_image3_1.jpg,2026-09-05T02:12:16.857334+09:00
2871171,39,압구정변강쇠떡볶이,"서울특별시 강남구 도산대로46길 21 (논현동, 한진로즈힐아파트)",37.5207022846,127.0367975645,11,680,FD,FD03,FD030400,2025-07-07 15:41:45+09:00,http://tong.visitkorea.or.kr/cms/resource/55/2871155_image2_1.jpg,http://tong.visitkorea.or.kr/cms/resource/55/2871155_image3_1.jpg,2026-09-05T02:12:16.857334+09:00
2871203,39,피양콩할마니,서울특별시 강남구 삼성로81길 30 (대치동),37.5041628703,127.0552546859,11,680,FD,FD01,FD010100,2025-07-07 15:49:13+09:00,http://tong.visitkorea.or.kr/cms/resource/96/2871196_image2_1.jpg,http://tong.visitkorea.or.kr/cms/resource/96/2871196_image3_1.jpg,2026-09-05T02:12:16.857334+09:00
2871222,39,현복집 강남본점,서울특별시 강남구 도산대로50길 14 (논현동),37.5215577509,127.0373502677,11,680,FD,FD01,FD010100,2025-07-07 15:53:42+09:00,http://tong.visitkorea.or.kr/cms/resource/19/2871219_image2_1.jpg,http://tong.visitkorea.or.kr/cms/resource/19/2871219_image3_1.jpg,2026-09-05T02:12:16.857334+09:00
2871244,39,현우동,서울특별시 강남구 논현로149길 53 (논현동),37.5170913692,127.0243210243,11,680,FD,FD02,FD020200,2025-07-07 15:56:38+09:00,http://tong.visitkorea.or.kr/cms/resource/32/2871232_image2_1.jpg,http://tong.visitkorea.or.kr/cms/resource/32/2871232_image3_1.jpg,2026-09-05T02:12:16.857334+09:00
2871285,39,홍영재장수청국장,서울특별시 강남구 영동대로 424 1층,37.5075028972523,127.064467527118,11,680,FD,FD01,FD010100,2026-02-20 14:27:56+09:00,,,2026-09-05T02:12:16.857334+09:00
2871309,39,화화일식,서울특별시 강남구 논현로 550 (역삼동),37.5053096,127.0352509187,11,680,FD,FD02,FD020200,2025-07-07 15:58:43+09:00,http://tong.visitkorea.or.kr/cms/resource/96/2871296_image2_1.jpg,http://tong.visitkorea.or.kr/cms/resource/96/2871296_image3_1.jpg,2026-09-05T02:12:16.857334+09:00
2871478,39,강남진해장,서울특별시 강남구 테헤란로5길 11 (역삼동),37.4995434958,127.0292766253,11,680,FD,FD01,FD010100,2025-09-19 16:12:01+09:00,http://tong.visitkorea.or.kr/cms/resource/61/2871461_image2_1.jpg,http://tong.visitkorea.or.kr/cms/resource/61/2871461_image3_1.jpg,2026-09-05T02:12:16.857334+09:00
2871497,39,김수사,서울특별시 강남구 도산대로12길 7 (논현동),37.5172691162,127.0237710695,11,680,FD,FD02,FD020200,2025-09-19 16:15:41+09:00,http://tong.visitkorea.or.kr/cms/resource/82/2871482_image2_1.jpg,http://tong.visitkorea.or.kr/cms/resource/82/2871482_image3_1.jpg,2026-09-05T02:12:16.857334+09:00
2871545,39,남서울민물장어,서울특별시 강남구 봉은사로 137 (논현동),37.5063343783,127.0295402983,11,680,FD,FD01,FD010100,2025-09-19 16:18:09+09:00,http://tong.visitkorea.or.kr/cms/resource/34/2871534_image2_1.jpg,http://tong.visitkorea.or.kr/cms/resource/34/2871534_image3_1.jpg,2026-09-05T02:12:16.857334+09:00
2871568,39,노들강본채,서울특별시 강남구 강남대로114길 21 (논현동),37.5062843205,127.025987845,11,680,FD,FD01,FD010100,2025-09-19 16:19:43+09:00,http://tong.visitkorea.or.kr/cms/resource/50/2871550_image2_1.jpg,http://tong.visitkorea.or.kr/cms/resource/50/2871550_image3_1.jpg,2026-09-05T02:12:16.857334+09:00
2871655,39,미누씨(minu c),서울특별시 강남구 논현로26길 4 (도곡동),37.4817569285,127.0435869372,11,680,FD,FD02,FD020300,2025-09-19 16:22:24+09:00,http://tong.visitkorea.or.kr/cms/resource/80/2871580_image2_1.jpg,http://tong.visitkorea.or.kr/cms/resource/80/2871580_image3_1.jpg,2026-09-05T02:12:16.857334+09:00
2871674,39,미에뜨,서울특별시 강남구 양재천로 195 (도곡동),37.4829235171,127.0467699477,11,680,FD,FD02,FD020300,2025-09-19 16:31:12+09:00,http://tong.visitkorea.or.kr/cms/resource/59/2871659_image2_1.jpg,http://tong.visitkorea.or.kr/cms/resource/59/2871659_image3_1.jpg,2026-09-05T02:12:16.857334+09:00
2871687,39,뱅뱅막국수,서울특별시 강남구 도곡로 112 (도곡동),37.489705813,127.0328543559,11,680,FD,FD01,FD010100,2025-09-19 16:33:38+09:00,http://tong.visitkorea.or.kr/cms/resource/83/2871683_image2_1.jpg,http://tong.visitkorea.or.kr/cms/resource/83/2871683_image3_1.jpg,2026-09-05T02:12:16.857334+09:00
2871711,39,보슬보슬 역삼본점,서울특별시 강남구 논현로85길 59 (역삼동),37.4976604525,127.0332957575,11,680,FD,FD03,FD030400,2025-09-19 16:36:55+09:00,http://tong.visitkorea.or.kr/cms/resource/00/2871700_image2_1.jpg,http://tong.visitkorea.or.kr/cms/resource/00/2871700_image3_1.jpg,2026-09-05T02:12:16.857334+09:00
2871724,39,봉밀가 강남구청점,서울특별시 강남구 선릉로 664 (삼성동),37.515952935,127.0423110856,11,680,FD,FD01,FD010100,2025-09-24 11:26:50+09:00,http://tong.visitkorea.or.kr/cms/resource/20/2871720_image2_1.jpg,http://tong.visitkorea.or.kr/cms/resource/20/2871720_image3_1.jpg,2026-09-05T02:12:16.857334+09:00
2893660,38,에메필 강남가로수점,서울특별시 강남구 도산대로 113 (신사동),37.5170146855589,127.020850541799,11,680,SH,SH04,SH040300,2026-03-18 10:10:05+09:00,https://tong.visitkorea.or.kr/cms/resource/91/4017691_image2_1.jpg,https://tong.visitkorea.or.kr/cms/resource/91/4017691_image3_1.jpg,2026-09-05T02:12:16.857334+09:00
2893683,38,제이준성형외과의원,서울특별시 강남구 논현로 530 (역삼동),37.5038255110092,127.035864357513,11,680,SH,SH04,SH040300,2026-03-16 10:54:17+09:00,https://tong.visitkorea.or.kr/cms/resource/49/4020449_image2_1.jpg,https://tong.visitkorea.or.kr/cms/resource/49/4020449_image3_1.jpg,2026-09-05T02:12:16.857334+09:00
2893686,38,참좋은온누리약국,서울특별시 강남구 테헤란로87길 17 (삼성동) 마젤란21아스테리움,37.5087436940538,127.058342385872,11,680,SH,SH04,SH040300,2026-03-18 10:10:05+09:00,https://tong.visitkorea.or.kr/cms/resource/48/4017248_image2_1.jpg,https://tong.visitkorea.or.kr/cms/resource/48/4017248_image3_1.jpg,2026-09-05T02:12:16.857334+09:00
2893688,38,신사수약국,서울특별시 강남구 압구정로28길 28 (신사동) 1층,37.5247718575064,127.027513165818,11,680,SH,SH04,SH040300,2026-03-17 10:12:58+09:00,https://tong.visitkorea.or.kr/cms/resource/22/4020522_image2_1.jpeg,https://tong.visitkorea.or.kr/cms/resource/22/4020522_image3_1.jpeg,2026-09-05T02:12:16.857334+09:00
2893944,38,에이랜드 가로수길점,서울특별시 강남구 논현로175길 78 (신사동),37.5237080781961,127.022688768959,11,680,SH,SH04,SH040300,2026-03-16 10:54:17+09:00,https://tong.visitkorea.or.kr/cms/resource/25/4018125_image2_1.jpg,https://tong.visitkorea.or.kr/cms/resource/25/4018125_image3_1.jpg,2026-09-05T02:12:16.857334+09:00
2894094,38,풋조이 도산점,서울특별시 강남구 언주로 807 (신사동) 소촌빌딩 1층,37.5224076301961,127.033117111089,11,680,SH,SH04,SH040300,2026-03-30 09:16:11+09:00,https://tong.visitkorea.or.kr/cms/resource/60/4020460_image2_1.jpg,https://tong.visitkorea.or.kr/cms/resource/60/4020460_image3_1.jpg,2026-09-05T02:12:16.857334+09:00
2894119,38,드림케어약국,서울특별시 강남구 압구정로 162 (신사동) 1층,37.5263096990298,127.027465990023,11,680,SH,SH04,SH040300,2026-03-27 09:21:50+09:00,https://tong.visitkorea.or.kr/cms/resource/96/4045896_image2_1.png,https://tong.visitkorea.or.kr/cms/resource/96/4045896_image3_1.png,2026-09-05T02:12:16.857334+09:00
2894178,38,카이성형외과의원,서울특별시 강남구 선릉로 830 (청담동) 3층,37.52601143092,127.04044210149,11,680,SH,SH04,SH040300,2026-03-27 09:21:50+09:00,https://tong.visitkorea.or.kr/cms/resource/85/4020185_image2_1.jpg,https://tong.visitkorea.or.kr/cms/resource/85/4020185_image3_1.jpg,2026-09-05T02:12:16.857334+09:00
2894803,38,파네라이 갤러리아백화점 명품관 EAST점,서울특별시 강남구 압구정로 407 (압구정동) B1층,37.527918187812,127.041831709947,11,680,SH,SH04,SH040300,2026-03-27 09:21:50+09:00,https://tong.visitkorea.or.kr/cms/resource/55/4019055_image2_1.jpg,https://tong.visitkorea.or.kr/cms/resource/55/4019055_image3_1.jpg,2026-09-05T02:12:16.857334+09:00
2894866,38,MLB 가로수길점,서울특별시 강남구 가로수길 27 (신사동) 1층,37.5197996785158,127.022843464143,11,680,SH,SH04,SH040300,2026-03-30 09:16:11+09:00,https://tong.visitkorea.or.kr/cms/resource/15/4018115_image2_1.jpg,https://tong.visitkorea.or.kr/cms/resource/15/4018115_image3_1.jpg,2026-09-05T02:12:16.857334+09:00
2895068,38,언더아머 스타필드 코엑스몰점,서울특별시 강남구 영동대로 513 (삼성동) B1층,37.5118239121138,127.059159043842,11,680,SH,SH04,SH040300,2026-03-27 09:21:50+09:00,https://tong.visitkorea.or.kr/cms/resource/95/4019195_image2_1.jpg,https://tong.visitkorea.or.kr/cms/resource/95/4019195_image3_1.jpg,2026-09-05T02:12:16.857334+09:00
2895217,38,리베 스타필드 코엑스몰점,서울특별시 강남구 영동대로 513 (삼성동) B1층,37.5118239121138,127.059159043842,11,680,SH,SH04,SH040300,2026-03-16 10:54:17+09:00,https://tong.visitkorea.or.kr/cms/resource/17/4020117_image2_1.jpg,https://tong.visitkorea.or.kr/cms/resource/17/4020117_image3_1.jpg,2026-09-05T02:12:16.857334+09:00
2895287,38,펜디 현대백화점 압구정본점,서울특별시 강남구 압구정로 165 (압구정동),37.5273661232786,127.027468526838,11,680,SH,SH04,SH040300,2026-03-27 09:21:50+09:00,https://tong.visitkorea.or.kr/cms/resource/19/4019119_image2_1.jpg,https://tong.visitkorea.or.kr/cms/resource/19/4019119_image3_1.jpg,2026-09-05T02:12:16.857334+09:00
2895301,38,아디다스 강남브랜드센터,서울특별시 강남구 강남대로 470 (역삼동),37.5043293460531,127.025061202164,11,680,SH,SH04,SH040300,2026-03-27 09:21:50+09:00,https://tong.visitkorea.or.kr/cms/resource/22/4043122_image2_1.jpg,https://tong.visitkorea.or.kr/cms/resource/22/4043122_image3_1.jpg,2026-09-05T02:12:16.857334+09:00
2895304,38,H&M 스타필드 코엑스몰점,서울특별시 강남구 영동대로 513 (삼성동),37.5118239121138,127.059159043842,11,680,SH,SH04,SH040300,2026-03-27 09:21:50+09:00,https://tong.visitkorea.or.kr/cms/resource/50/4020050_image2_1.jpg,https://tong.visitkorea.or.kr/cms/resource/50/4020050_image3_1.jpg,2026-09-05T02:12:16.857334+09:00
2899166,38,오렌즈 스타필드 코엑스몰점,서울특별시 강남구 영동대로 513 (삼성동),37.5118239121138,127.059159043842,11,680,SH,SH04,SH040300,2026-03-26 09:20:41+09:00,https://tong.visitkorea.or.kr/cms/resource/15/4019215_image2_1.jpg,https://tong.visitkorea.or.kr/cms/resource/15/4019215_image3_1.jpg,2026-09-05T02:12:16.857334+09:00
2899721,38,가나안약국,서울특별시 강남구 도산대로 113 (신사동) 1층,37.5170146855589,127.020850541799,11,680,SH,SH04,SH040300,2026-03-16 10:35:59+09:00,https://tong.visitkorea.or.kr/cms/resource/90/4017690_image2_1.jpg,https://tong.visitkorea.or.kr/cms/resource/90/4017690_image3_1.jpg,2026-09-05T02:12:16.857334+09:00
2899722,38,사뿐 가로수길플래그십스토어,서울특별시 강남구 도산대로11길 42 (신사동) 추헌빌딩,37.5202305256129,127.022438964732,11,680,SH,SH04,SH040300,2026-03-19 09:49:59+09:00,https://tong.visitkorea.or.kr/cms/resource/55/4020455_image2_1.jpg,https://tong.visitkorea.or.kr/cms/resource/55/4020455_image3_1.jpg,2026-09-05T02:12:16.857334+09:00
2899729,38,아이스크림안경원,서울특별시 강남구 강남대로84길 23 (역삼동) 1층,37.4971298698887,127.0303844347,11,680,SH,SH04,SH040300,2026-03-19 09:49:59+09:00,https://tong.visitkorea.or.kr/cms/resource/44/4020444_image2_1.jpg,https://tong.visitkorea.or.kr/cms/resource/44/4020444_image3_1.jpg,2026-09-05T02:12:16.857334+09:00
2899825,38,그리다성형외과의원,서울특별시 강남구 강남대로 408 (역삼동) 12층,37.4992181985388,127.027542011326,11,680,SH,SH04,SH040300,2026-03-16 10:54:17+09:00,https://tong.visitkorea.or.kr/cms/resource/32/4020432_image2_1.jpg,https://tong.visitkorea.or.kr/cms/resource/32/4020432_image3_1.jpg,2026-09-05T02:12:16.857334+09:00
2900688,38,MUJI 파르나스몰점,서울특별시 강남구 테헤란로 521 (삼성동) B1층,37.5091916919873,127.06080691987,11,680,SH,SH04,SH040300,2026-03-27 09:21:50+09:00,https://tong.visitkorea.or.kr/cms/resource/44/4020044_image2_1.jpg,https://tong.visitkorea.or.kr/cms/resource/44/4020044_image3_1.jpg,2026-09-05T02:12:16.857334+09:00
2900731,38,유니클로 신사점,서울특별시 강남구 도산대로 145 (신사동) 인우빌딩 B1-2층,37.5185223742893,127.024405454586,11,680,SH,SH04,SH040300,2026-03-30 09:16:11+09:00,https://tong.visitkorea.or.kr/cms/resource/41/4017141_image2_1.jpg,https://tong.visitkorea.or.kr/cms/resource/41/4017141_image3_1.jpg,2026-09-05T02:12:16.857334+09:00
2900749,38,이문원헤어랩,서울특별시 강남구 선릉로132길 33 (청담동) 2층,37.5186359416544,127.043895790371,11,680,SH,SH04,SH040300,2026-03-27 09:21:50+09:00,https://tong.visitkorea.or.kr/cms/resource/71/4020171_image2_1.jpg,https://tong.visitkorea.or.kr/cms/resource/71/4020171_image3_1.jpg,2026-09-05T02:12:16.857334+09:00
2900764,38,제냐 현대백화점 압구정본점,서울특별시 강남구 압구정로 165 (압구정동) 4층,37.5273661232786,127.027468526838,11,680,SH,SH04,SH040300,2026-03-19 09:49:59+09:00,https://tong.visitkorea.or.kr/cms/resource/05/4019105_image2_1.jpg,https://tong.visitkorea.or.kr/cms/resource/05/4019105_image3_1.jpg,2026-09-05T02:12:16.857334+09:00
2900773,38,다비치안경 도곡역점,"서울특별시 강남구 선릉로 206 (대치동, 동부센트레빌) 1층",37.4914644228405,127.055641674701,11,680,SH,SH04,SH040300,2026-03-27 09:21:50+09:00,https://tong.visitkorea.or.kr/cms/resource/49/4044549_image2_1.jpg,https://tong.visitkorea.or.kr/cms/resource/49/4044549_image3_1.jpg,2026-09-05T02:12:16.857334+09:00
2900859,38,링코 스타필드 코엑스몰점,서울특별시 강남구 영동대로 513 (삼성동) 1층,37.5118239121138,127.059159043842,11,680,SH,SH04,SH040300,2026-03-27 09:21:50+09:00,https://tong.visitkorea.or.kr/cms/resource/04/4020204_image2_1.jpg,https://tong.visitkorea.or.kr/cms/resource/04/4020204_image3_1.jpg,2026-09-05T02:12:16.857334+09:00
2900887,38,씨샵 압구정 플래그쉽,서울특별시 강남구 선릉로153길 19 (신사동) 본정빌딩 1-2층,37.5246607280062,127.037752121373,11,680,SH,SH04,SH040300,2026-03-19 09:49:59+09:00,https://tong.visitkorea.or.kr/cms/resource/93/4020193_image2_1.jpg,https://tong.visitkorea.or.kr/cms/resource/93/4020193_image3_1.jpg,2026-09-05T02:12:16.857334+09:00
2901200,38,젠틀몬스터 갤러리아백화점 명품관 WEST점,서울특별시 강남구 압구정로 343 (압구정동) 4층,37.5284754434309,127.040052671773,11,680,SH,SH04,SH040300,2026-03-27 09:21:50+09:00,https://tong.visitkorea.or.kr/cms/resource/42/4019042_image2_1.jpg,https://tong.visitkorea.or.kr/cms/resource/42/4019042_image3_1.jpg,2026-09-05T02:12:16.857334+09:00
2901213,38,르 라보 가로수길점,서울특별시 강남구 압구정로10길 28 (신사동),37.5217611553103,127.021927430879,11,680,SH,SH04,SH040300,2026-03-18 10:10:05+09:00,https://tong.visitkorea.or.kr/cms/resource/28/4018128_image2_1.jpg,https://tong.visitkorea.or.kr/cms/resource/28/4018128_image3_1.jpg,2026-09-05T02:12:16.857334+09:00
2901420,38,버터 스타필드 코엑스몰점,서울특별시 강남구 영동대로 513 (삼성동) B1층,37.5118239121138,127.059159043842,11,680,SH,SH04,SH040300,2026-03-27 09:21:50+09:00,https://tong.visitkorea.or.kr/cms/resource/05/4020105_image2_1.jpg,https://tong.visitkorea.or.kr/cms/resource/05/4020105_image3_1.jpg,2026-09-05T02:12:16.857334+09:00
2901503,38,나이키 강남,서울특별시 강남구 강남대로 446 (역삼동) 한일빌딩,37.502390010064,127.025949353586,11,680,SH,SH04,SH040300,2026-03-30 09:16:11+09:00,https://tong.visitkorea.or.kr/cms/resource/51/4044051_image2_1.png,https://tong.visitkorea.or.kr/cms/resource/51/4044051_image3_1.png,2026-09-05T02:12:16.857334+09:00
2901566,38,에르메스 현대백화점 무역센터점,서울특별시 강남구 테헤란로 517 (삼성동) 1층,37.5086151302204,127.059765116537,11,680,SH,SH04,SH040300,2026-03-27 09:21:50+09:00,https://tong.visitkorea.or.kr/cms/resource/70/4018370_image2_1.jpg,https://tong.visitkorea.or.kr/cms/resource/70/4018370_image3_1.jpg,2026-09-05T02:12:16.857334+09:00
2901594,38,트라비체 청담본점,서울특별시 강남구 선릉로152길 32 (청담동) JNJ빌딩 3층,37.5242244839023,127.042213937077,11,680,SH,SH04,SH040300,2026-03-19 09:49:59+09:00,https://tong.visitkorea.or.kr/cms/resource/91/4020191_image2_1.jpg,https://tong.visitkorea.or.kr/cms/resource/91/4020191_image3_1.jpg,2026-09-05T02:12:16.857334+09:00
2901669,38,다비치안경 신사역점,서울특별시 강남구 도산대로 109 (신사동) 동원빌딩 1층,37.5168664415903,127.020500861881,11,680,SH,SH04,SH040300,2026-03-18 10:10:05+09:00,https://tong.visitkorea.or.kr/cms/resource/89/4017689_image2_1.jpg,https://tong.visitkorea.or.kr/cms/resource/89/4017689_image3_1.jpg,2026-09-05T02:12:16.857334+09:00
2901690,38,디스커버리 가로수길점,서울특별시 강남구 가로수길 25 (신사동),37.5196025262771,127.022909352532,11,680,SH,SH04,SH040300,2026-03-30 09:16:11+09:00,https://tong.visitkorea.or.kr/cms/resource/08/4018108_image2_1.jpg,https://tong.visitkorea.or.kr/cms/resource/08/4018108_image3_1.jpg,2026-09-05T02:12:16.857334+09:00
2901776,38,탑텐 스타필드 코엑스몰점,서울특별시 강남구 영동대로 513 (삼성동) B1층,37.5118239121138,127.059159043842,11,680,SH,SH04,SH040300,2026-03-27 09:21:50+09:00,https://tong.visitkorea.or.kr/cms/resource/08/4020108_image2_1.jpg,https://tong.visitkorea.or.kr/cms/resource/08/4020108_image3_1.jpg,2026-09-05T02:12:16.857334+09:00
2902462,38,올리브영 선릉타운점,서울특별시 강남구 테헤란로 411 (삼성동),37.5054936224827,127.050863180985,11,680,SH,SH04,SH040300,2026-03-17 10:12:58+09:00,https://tong.visitkorea.or.kr/cms/resource/13/4028413_image2_1.png,https://tong.visitkorea.or.kr/cms/resource/13/4028413_image3_1.png,2026-09-05T02:12:16.857334+09:00
2902561,38,플랫폼플레이스 스타필드 코엑스몰점,서울특별시 강남구 영동대로 513 (삼성동) 미켈란107빌딩 1층,37.5118239121138,127.059159043842,11,680,SH,SH04,SH040300,2026-03-30 09:16:11+09:00,https://tong.visitkorea.or.kr/cms/resource/32/4020032_image2_1.jpg,https://tong.visitkorea.or.kr/cms/resource/32/4020032_image3_1.jpg,2026-09-05T02:12:16.857334+09:00
2902579,38,디자인스킨 스타필드 코엑스몰점,서울특별시 강남구 영동대로 513 (삼성동),37.5118239121138,127.059159043842,11,680,SH,SH04,SH040300,2026-03-26 09:20:41+09:00,https://tong.visitkorea.or.kr/cms/resource/14/4019214_image2_1.jpg,https://tong.visitkorea.or.kr/cms/resource/14/4019214_image3_1.jpg,2026-09-05T02:12:16.857334+09:00
2902792,38,오렌즈 강남시티점,서울특별시 강남구 강남대로 428 (역삼동),37.5008659330556,127.026869951723,11,680,SH,SH04,SH040300,2026-03-30 09:16:11+09:00,https://tong.visitkorea.or.kr/cms/resource/19/4045619_image2_1.jpg,https://tong.visitkorea.or.kr/cms/resource/19/4045619_image3_1.jpg,2026-09-05T02:12:16.857334+09:00
2902955,38,비포성형외과의원,서울특별시 강남구 도산대로 406 (청담동),37.5228274339838,127.040015488815,11,680,SH,SH04,SH040300,2026-03-27 09:21:50+09:00,https://tong.visitkorea.or.kr/cms/resource/79/4020179_image2_1.jpg,https://tong.visitkorea.or.kr/cms/resource/79/4020179_image3_1.jpg,2026-09-05T02:12:16.857334+09:00
2902972,38,다비치안경 대치점,서울특별시 강남구 도곡로 317 (역삼동) 1층,37.4958653891477,127.050639191063,11,680,SH,SH04,SH040300,2026-03-27 09:21:50+09:00,https://tong.visitkorea.or.kr/cms/resource/24/4044524_image2_1.jpg,https://tong.visitkorea.or.kr/cms/resource/24/4044524_image3_1.jpg,2026-09-05T02:12:16.857334+09:00
2903061,38,마시모두띠 스타필드 코엑스몰점,서울특별시 강남구 봉은사로 524 (삼성동) B1층,37.5129534255276,127.057115600619,11,680,SH,SH04,SH040300,2026-04-01 04:56:45+09:00,https://tong.visitkorea.or.kr/cms/resource/78/4020078_image2_1.jpg,https://tong.visitkorea.or.kr/cms/resource/78/4020078_image3_1.jpg,2026-09-05T02:12:16.857334+09:00
2903131,38,준지 도산 플래그십 스토어,서울특별시 강남구 언주로164길 23 (신사동),37.5256645232426,127.03546324887,11,680,SH,SH04,SH040300,2026-03-27 09:21:50+09:00,https://tong.visitkorea.or.kr/cms/resource/15/4043315_image2_1.jpg,https://tong.visitkorea.or.kr/cms/resource/15/4043315_image3_1.jpg,2026-09-05T02:12:16.857334+09:00
2903134,38,LIE SANGBONG,서울특별시 강남구 도산대로 451 (청담동),37.5243713900388,127.045729196182,11,680,SH,SH04,SH040300,2026-03-16 10:54:17+09:00,https://tong.visitkorea.or.kr/cms/resource/92/4018392_image2_1.jpg,https://tong.visitkorea.or.kr/cms/resource/92/4018392_image3_1.jpg,2026-09-05T02:12:16.857334+09:00
2903146,39,청담고수 청담점,서울특별시 강남구 도산대로58길 15 (청담동),37.5222632254,127.0415520463,11,680,FD,FD01,FD010100,2026-06-17 18:23:04+09:00,https://tong.visitkorea.or.kr/cms/resource/27/2903127_image2_1.jpg,https://tong.visitkorea.or.kr/cms/resource/27/2903127_image3_1.jpg,2026-09-05T02:12:16.857334+09:00
2903168,39,청담영양센터,"서울특별시 강남구 학동로87길 7 (청담동, 현대아파트)",37.5195282476,127.0520027655,11,680,FD,FD01,FD010100,2026-06-05 15:06:51+09:00,https://tong.visitkorea.or.kr/cms/resource/55/2903155_image2_1.jpg,https://tong.visitkorea.or.kr/cms/resource/55/2903155_image3_1.jpg,2026-09-05T02:12:16.857334+09:00
2903179,39,청담제주물항,서울특별시 강남구 도산대로101길 9,37.5257421236,127.0524320678,11,680,FD,FD01,FD010100,2026-06-17 13:12:37+09:00,https://tong.visitkorea.or.kr/cms/resource/67/4076367_image2_1.jpg,https://tong.visitkorea.or.kr/cms/resource/67/4076367_image3_1.jpg,2026-09-05T02:12:16.857334+09:00
2903214,39,쵸이닷,서울특별시 강남구 도산대로 457 (청담동),37.524507574,127.0465715665,11,680,FD,FD02,FD020300,2025-09-23 14:14:34+09:00,http://tong.visitkorea.or.kr/cms/resource/99/2903199_image2_1.jpg,http://tong.visitkorea.or.kr/cms/resource/99/2903199_image3_1.jpg,2026-09-05T02:12:16.857334+09:00
2903331,39,치즈룸 안다즈,서울특별시 강남구 논현로 854 (신사동),37.5253738224,127.0288814863,11,680,FD,FD02,FD020300,2025-09-23 14:16:57+09:00,http://tong.visitkorea.or.kr/cms/resource/13/2903313_image2_1.jpg,http://tong.visitkorea.or.kr/cms/resource/13/2903313_image3_1.jpg,2026-09-05T02:12:16.857334+09:00
2903369,39,콴안다오,서울특별시 강남구 강남대로156길 28-2 (신사동),37.5184871296,127.0214980861,11,680,FD,FD02,FD020400,2026-06-16 17:30:50+09:00,https://tong.visitkorea.or.kr/cms/resource/63/2903363_image2_1.jpg,https://tong.visitkorea.or.kr/cms/resource/63/2903363_image3_1.jpg,2026-09-05T02:12:16.857334+09:00
2903386,39,쿠촐로 테라짜,서울특별시 강남구 선릉로152길 33 (청담동),37.5245572685,127.0423070969,11,680,FD,FD02,FD020300,2026-06-29 17:39:16+09:00,,,2026-09-05T02:12:16.857334+09:00
2903399,39,토담골,서울특별시 강남구 삼성로 766 유림빌딩,37.5233077433,127.0482353381,11,680,FD,FD01,FD010100,2025-09-23 15:53:34+09:00,http://tong.visitkorea.or.kr/cms/resource/97/2903397_image2_1.jpg,http://tong.visitkorea.or.kr/cms/resource/97/2903397_image3_1.jpg,2026-09-05T02:12:16.857334+09:00
2903418,39,톡톡,서울특별시 강남구 학동로97길 41 (청담동),37.5224153227,127.0543118898,11,680,FD,FD02,FD020300,2026-07-07 13:55:31+09:00,,,2026-09-05T02:12:16.857334+09:00
2903452,39,펄쉘,서울특별시 강남구 도산대로55길 45 (청담동),37.5265892639232,127.040906132238,11,680,FD,FD02,FD020300,2026-06-02 14:58:40+09:00,https://tong.visitkorea.or.kr/cms/resource/45/2903445_image2_1.jpg,https://tong.visitkorea.or.kr/cms/resource/45/2903445_image3_1.jpg,2026-09-05T02:12:16.857334+09:00
2903470,39,한라산 청담점,서울특별시 강남구 도산대로81길 51 (청담동),37.5270816498,127.0457606374,11,680,FD,FD01,FD010100,2026-06-30 11:29:13+09:00,https://tong.visitkorea.or.kr/cms/resource/60/2903460_image2_1.jpg,https://tong.visitkorea.or.kr/cms/resource/60/2903460_image3_1.jpg,2026-09-05T02:12:16.857334+09:00
2903490,39,함흥면옥 압구정점,서울특별시 강남구 논현로 826 (신사동),37.5222797312,127.0285621581,11,680,FD,FD01,FD010100,2025-09-23 16:04:56+09:00,http://tong.visitkorea.or.kr/cms/resource/77/2903477_image2_1.jpg,http://tong.visitkorea.or.kr/cms/resource/77/2903477_image3_1.jpg,2026-09-05T02:12:16.857334+09:00
2903525,38,반클리프아펠 현대백화점 무역센터점,서울특별시 강남구 테헤란로 517 (삼성동) 1층,37.5086151302204,127.059765116537,11,680,SH,SH04,SH040300,2026-03-27 09:21:50+09:00,https://tong.visitkorea.or.kr/cms/resource/64/4018364_image2_1.jpg,https://tong.visitkorea.or.kr/cms/resource/64/4018364_image3_1.jpg,2026-09-05T02:12:16.857334+09:00
2903577,38,바비라인의원,서울특별시 강남구 도산대로 134 (논현동) 페이토빌딩 12층,37.5173531693456,127.023380583993,11,680,SH,SH04,SH040300,2026-03-18 10:10:05+09:00,https://tong.visitkorea.or.kr/cms/resource/99/4017699_image2_1.jpg,https://tong.visitkorea.or.kr/cms/resource/99/4017699_image3_1.jpg,2026-09-05T02:12:16.857334+09:00
2903592,38,첫번째의원,서울특별시 강남구 선릉로 803 (신사동) 8층,37.523930610552,127.038970230674,11,680,SH,SH04,SH040300,2026-03-26 09:20:41+09:00,https://tong.visitkorea.or.kr/cms/resource/02/4042302_image2_1.jpg,https://tong.visitkorea.or.kr/cms/resource/02/4042302_image3_1.jpg,2026-09-05T02:12:16.857334+09:00
2903678,38,드림성형외과의원,"서울특별시 강남구 논현로 848 (신사동) CGV빌딩 2, 5, 6, 7, 10층",37.5245744023832,127.0288370151,11,680,SH,SH04,SH040300,2026-03-30 09:16:11+09:00,https://tong.visitkorea.or.kr/cms/resource/13/4020513_image2_1.jpeg,https://tong.visitkorea.or.kr/cms/resource/13/4020513_image3_1.jpeg,2026-09-05T02:12:16.857334+09:00
2903727,38,아이원성형외과,서울특별시 강남구 논현로 823 (신사동) 4층,37.5219142271279,127.02794277452,11,680,SH,SH04,SH040300,2026-03-16 10:54:17+09:00,https://tong.visitkorea.or.kr/cms/resource/46/4020446_image2_1.jpg,https://tong.visitkorea.or.kr/cms/resource/46/4020446_image3_1.jpg,2026-09-05T02:12:16.857334+09:00
2903753,38,닥터스피부과의원 신사,서울특별시 강남구 도산대로12길 7 (논현동) 닥터스빌딩,37.5172302884873,127.023751904221,11,680,SH,SH04,SH040300,2026-03-30 09:16:11+09:00,https://tong.visitkorea.or.kr/cms/resource/56/4020456_image2_1.jpg,https://tong.visitkorea.or.kr/cms/resource/56/4020456_image3_1.jpg,2026-09-05T02:12:16.857334+09:00
2903786,38,제이에프피부과의원,서울특별시 강남구 봉은사로 539 (삼성동) 2층-5층,37.5143069749112,127.059007172557,11,680,SH,SH04,SH040300,2026-03-30 09:16:11+09:00,https://tong.visitkorea.or.kr/cms/resource/67/4019867_image2_1.jpg,https://tong.visitkorea.or.kr/cms/resource/67/4019867_image3_1.jpg,2026-09-05T02:12:16.857334+09:00
2903813,38,폴로랄프로렌 가로수길직영점,서울특별시 강남구 가로수길 31 (신사동),37.5200058222252,127.022873390616,11,680,SH,SH04,SH040300,2026-03-18 10:10:05+09:00,https://tong.visitkorea.or.kr/cms/resource/16/4018116_image2_1.jpg,https://tong.visitkorea.or.kr/cms/resource/16/4018116_image3_1.jpg,2026-09-05T02:12:16.857334+09:00
2904425,38,올리브영 압구정역점,서울특별시 강남구 논현로 878 (신사동) 중산빌딩 1층,37.527091413813,127.028952132655,11,680,SH,SH04,SH040300,2026-03-30 09:16:11+09:00,https://tong.visitkorea.or.kr/cms/resource/82/4028382_image2_1.jpeg,https://tong.visitkorea.or.kr/cms/resource/82/4028382_image3_1.jpeg,2026-09-05T02:12:16.857334+09:00
2904752,38,밝은마음약국,서울특별시 강남구 논현로 841 (신사동) 1층,37.5239684663137,127.027758806248,11,680,SH,SH04,SH040300,2026-03-27 09:21:50+09:00,https://tong.visitkorea.or.kr/cms/resource/21/4044921_image2_1.JPG,https://tong.visitkorea.or.kr/cms/resource/21/4044921_image3_1.JPG,2026-09-05T02:12:16.857334+09:00
2904773,38,디자인스킨 가로수길점,서울특별시 강남구 가로수길 55 (신사동),37.5217184080586,127.022615881242,11,680,SH,SH04,SH040300,2026-04-01 03:05:00+09:00,https://tong.visitkorea.or.kr/cms/resource/21/4018121_image2_1.jpg,https://tong.visitkorea.or.kr/cms/resource/21/4018121_image3_1.jpg,2026-09-05T02:12:16.857334+09:00
2904907,38,알렉산더왕 청담점,서울특별시 강남구 압구정로60길 8 (청담동),37.5268841561745,127.041949806097,11,680,SH,SH04,SH040300,2026-03-30 09:16:11+09:00,https://tong.visitkorea.or.kr/cms/resource/31/4045631_image2_1.jpg,https://tong.visitkorea.or.kr/cms/resource/31/4045631_image3_1.jpg,2026-09-05T02:12:16.857334+09:00
2904925,38,타워약국,서울특별시 강남구 도산대로 107 (신사동) 신용호타워 1층,37.5167802830689,127.02010810325,11,680,SH,SH04,SH040300,2026-03-30 09:16:11+09:00,https://tong.visitkorea.or.kr/cms/resource/88/4017688_image2_1.jpg,https://tong.visitkorea.or.kr/cms/resource/88/4017688_image3_1.jpg,2026-09-05T02:12:16.857334+09:00
2904968,38,라디오아이즈 가로수길점,서울특별시 강남구 압구정로10길 29 (신사동) 신성빌딩,37.5216976809698,127.022161801833,11,680,SH,SH04,SH040300,2026-03-16 10:54:17+09:00,https://tong.visitkorea.or.kr/cms/resource/29/4018129_image2_1.jpg,https://tong.visitkorea.or.kr/cms/resource/29/4018129_image3_1.jpg,2026-09-05T02:12:16.857334+09:00
2904977,38,다미,서울특별시 강남구 가로수길 26 (신사동) 안보빌딩,37.5196295790897,127.023254148239,11,680,SH,SH04,SH040300,2026-03-30 09:16:11+09:00,https://tong.visitkorea.or.kr/cms/resource/14/4018114_image2_1.jpg,https://tong.visitkorea.or.kr/cms/resource/14/4018114_image3_1.jpg,2026-09-05T02:12:16.857334+09:00
2905338,38,엔비성형외과의원 강남,서울특별시 강남구 도산대로 107 (신사동) 6층,37.5167802830689,127.02010810325,11,680,SH,SH04,SH040300,2026-03-18 10:10:05+09:00,https://tong.visitkorea.or.kr/cms/resource/81/4017681_image2_1.jpg,https://tong.visitkorea.or.kr/cms/resource/81/4017681_image3_1.jpg,2026-09-05T02:12:16.857334+09:00
2905386,38,드림헤어라인의원,서울특별시 강남구 테헤란로25길 43 (역삼동),37.5033217,127.0346403,11,680,SH,SH05,SH050200,2026-07-22 18:27:47+09:00,https://tong.visitkorea.or.kr/cms/resource/64/4017264_image2_1.jpg,https://tong.visitkorea.or.kr/cms/resource/64/4017264_image3_1.jpg,2026-09-05T02:12:16.857334+09:00
2905438,38,김한성성형외과의원,서울특별시 강남구 강남대로 590 (논현동) 미혜빌딩,37.5145397044143,127.020415391742,11,680,SH,SH04,SH040300,2026-03-30 09:16:11+09:00,https://tong.visitkorea.or.kr/cms/resource/40/4017640_image2_1.jpg,https://tong.visitkorea.or.kr/cms/resource/40/4017640_image3_1.jpg,2026-09-05T02:12:16.857334+09:00
2905448,38,아트박스 가로수길점,서울특별시 강남구 도산대로 139 (신사동) 제이타워 B1층,37.5182465379004,127.02371365338,11,680,SH,SH04,SH040300,2026-03-18 10:10:05+09:00,https://tong.visitkorea.or.kr/cms/resource/90/4018090_image2_1.jpg,https://tong.visitkorea.or.kr/cms/resource/90/4018090_image3_1.jpg,2026-09-05T02:12:16.857334+09:00
2905455,38,베이프 스토어 서울,서울특별시 강남구 선릉로162길 47 (청담동),37.5262263283616,127.044430700296,11,680,SH,SH04,SH040300,2026-03-19 09:49:59+09:00,https://tong.visitkorea.or.kr/cms/resource/25/4020125_image2_1.jpg,https://tong.visitkorea.or.kr/cms/resource/25/4020125_image3_1.jpg,2026-09-05T02:12:16.857334+09:00
2905457,38,바른약국,서울특별시 강남구 도산대로 157 (신사동) 1층,37.5190318997662,127.025642795762,11,680,SH,SH04,SH040300,2026-03-17 10:12:58+09:00,https://tong.visitkorea.or.kr/cms/resource/19/4020519_image2_1.jpeg,https://tong.visitkorea.or.kr/cms/resource/19/4020519_image3_1.jpeg,2026-09-05T02:12:16.857334+09:00
2905522,38,비비안 스타필드 코엑스몰점,서울특별시 강남구 영동대로 513 (삼성동),37.5118239121138,127.059159043842,11,680,SH,SH04,SH040300,2026-03-27 09:21:50+09:00,https://tong.visitkorea.or.kr/cms/resource/16/4020116_image2_1.jpg,https://tong.visitkorea.or.kr/cms/resource/16/4020116_image3_1.jpg,2026-09-05T02:12:16.857334+09:00
2905645,38,롤렉스 현대백화점 무역센터점,서울특별시 강남구 테헤란로 517 (삼성동) 2층,37.5086151302204,127.059765116537,11,680,SH,SH04,SH040300,2026-03-25 09:34:32+09:00,https://tong.visitkorea.or.kr/cms/resource/18/4041918_image2_1.jpg,https://tong.visitkorea.or.kr/cms/resource/18/4041918_image3_1.jpg,2026-09-05T02:12:16.857334+09:00
2905894,38,루이비통 갤러리아백화점 명품관 WEST점,서울특별시 강남구 압구정로 343 (압구정동),37.5284754434309,127.040052671773,11,680,SH,SH04,SH040300,2026-03-27 09:21:50+09:00,https://tong.visitkorea.or.kr/cms/resource/49/4019049_image2_1.jpg,https://tong.visitkorea.or.kr/cms/resource/49/4019049_image3_1.jpg,2026-09-05T02:12:16.857334+09:00
2906153,38,버버리코리아,서울특별시 강남구 도산대로 459 (청담동),37.5244860310403,127.046793787111,11,680,SH,SH04,SH040300,2026-03-18 10:10:05+09:00,https://tong.visitkorea.or.kr/cms/resource/91/4018391_image2_1.jpg,https://tong.visitkorea.or.kr/cms/resource/91/4018391_image3_1.jpg,2026-09-05T02:12:16.857334+09:00
2906162,38,하우스 오브 디올,서울특별시 강남구 압구정로 464 (청담동),37.5247816752163,127.04650153845,11,680,SH,SH04,SH040300,2026-04-01 03:31:09+09:00,https://tong.visitkorea.or.kr/cms/resource/97/4018397_image2_1.jpg,https://tong.visitkorea.or.kr/cms/resource/97/4018397_image3_1.jpg,2026-09-05T02:12:16.857334+09:00
2906211,38,VANS 스타필드 코엑스몰점,서울특별시 강남구 영동대로 513 (삼성동),37.5118239121138,127.059159043842,11,680,SH,SH04,SH040300,2026-03-16 10:54:17+09:00,https://tong.visitkorea.or.kr/cms/resource/05/4019205_image2_1.jpg,https://tong.visitkorea.or.kr/cms/resource/05/4019205_image3_1.jpg,2026-09-05T02:12:16.857334+09:00
2906284,38,젠틀몬스터 현대백화점 압구정본점,서울특별시 강남구 압구정로 165 (압구정동) 1층,37.5273661232786,127.027468526838,11,680,SH,SH04,SH040300,2026-03-27 09:21:50+09:00,https://tong.visitkorea.or.kr/cms/resource/21/4019121_image2_1.jpg,https://tong.visitkorea.or.kr/cms/resource/21/4019121_image3_1.jpg,2026-09-05T02:12:16.857334+09:00
2906366,38,지오지아 스타필드 코엑스몰점,서울특별시 강남구 영동대로 513 (삼성동) B1층,37.5118239121138,127.059159043842,11,680,SH,SH04,SH040300,2026-03-27 09:21:50+09:00,https://tong.visitkorea.or.kr/cms/resource/01/4020201_image2_1.jpg,https://tong.visitkorea.or.kr/cms/resource/01/4020201_image3_1.jpg,2026-09-05T02:12:16.857334+09:00
2906411,38,올리브영 압구정점,서울특별시 강남구 논현로175길 6 (신사동),37.5263670759444,127.027922375096,11,680,SH,SH04,SH040300,2026-03-17 10:12:58+09:00,https://tong.visitkorea.or.kr/cms/resource/83/4028383_image2_1.jpeg,https://tong.visitkorea.or.kr/cms/resource/83/4028383_image3_1.jpeg,2026-09-05T02:12:16.857334+09:00
2906443,38,뱅앤올룹슨 압구정 플래그십 스토어,서울특별시 강남구 언주로 865 (신사동) 태승빌딩 1층,37.5277647793515,127.0332240128,11,680,SH,SH04,SH040300,2026-03-19 09:49:59+09:00,https://tong.visitkorea.or.kr/cms/resource/23/4020523_image2_1.jpeg,https://tong.visitkorea.or.kr/cms/resource/23/4020523_image3_1.jpeg,2026-09-05T02:12:16.857334+09:00
2906528,38,이니스프리 스타필드 코엑스몰점,서울특별시 강남구 영동대로 513 (삼성동) B1층,37.5118239121138,127.059159043842,11,680,SH,SH04,SH040300,2026-03-27 09:21:50+09:00,https://tong.visitkorea.or.kr/cms/resource/90/4020090_image2_1.jpg,https://tong.visitkorea.or.kr/cms/resource/90/4020090_image3_1.jpg,2026-09-05T02:12:16.857334+09:00
2906639,38,올리브영 학동역점,"서울특별시 강남구 논현로 667 (논현동) 1,2층",37.5135684003677,127.03054130783,11,680,SH,SH04,SH040300,2026-03-30 09:16:11+09:00,https://tong.visitkorea.or.kr/cms/resource/77/4028377_image2_1.png,https://tong.visitkorea.or.kr/cms/resource/77/4028377_image3_1.png,2026-09-05T02:12:16.857334+09:00
2906647,38,올리브영 선릉역점,서울특별시 강남구 선릉로 513 (역삼동),37.5052784555922,127.048303636953,11,680,SH,SH04,SH040300,2026-03-19 09:49:59+09:00,https://tong.visitkorea.or.kr/cms/resource/89/4029189_image2_1.jpg,https://tong.visitkorea.or.kr/cms/resource/89/4029189_image3_1.jpg,2026-09-05T02:12:16.857334+09:00
2907023,38,다이나핏 롯데백화점 강남점,서울특별시 강남구 도곡로 401 (대치동) 7층,37.496979324799,127.053254695846,11,680,SH,SH04,SH040300,2026-03-27 09:21:50+09:00,https://tong.visitkorea.or.kr/cms/resource/87/4018687_image2_1.jpg,https://tong.visitkorea.or.kr/cms/resource/87/4018687_image3_1.jpg,2026-09-05T02:12:16.857334+09:00
2907176,38,타사키 현대백화점 압구정본점,서울특별시 강남구 압구정로 165 (압구정동) 2층,37.5273661232786,127.027468526838,11,680,SH,SH04,SH040300,2026-03-27 09:21:50+09:00,https://tong.visitkorea.or.kr/cms/resource/09/4019109_image2_1.jpg,https://tong.visitkorea.or.kr/cms/resource/09/4019109_image3_1.jpg,2026-09-05T02:12:16.857334+09:00
2907359,38,막스마라 청담 플래그십,서울특별시 강남구 압구정로 434 (청담동),37.5266230837483,127.044313054366,11,680,SH,SH04,SH040300,2026-03-18 10:10:05+09:00,https://tong.visitkorea.or.kr/cms/resource/04/4018404_image2_1.jpg,https://tong.visitkorea.or.kr/cms/resource/04/4018404_image3_1.jpg,2026-09-05T02:12:16.857334+09:00
2907422,38,구찌 현대백화점 압구정본점,서울특별시 강남구 압구정로 165 (압구정동),37.5273661232786,127.027468526838,11,680,SH,SH04,SH040300,2026-03-27 09:21:50+09:00,https://tong.visitkorea.or.kr/cms/resource/15/4019115_image2_1.jpg,https://tong.visitkorea.or.kr/cms/resource/15/4019115_image3_1.jpg,2026-09-05T02:12:16.857334+09:00
2907455,38,슈페리어 테헤란점,서울특별시 강남구 테헤란로 614 (대치동) 1층,37.5090272112953,127.064957900863,11,680,SH,SH04,SH040300,2026-03-18 10:10:05+09:00,https://tong.visitkorea.or.kr/cms/resource/67/4018467_image2_1.jpg,https://tong.visitkorea.or.kr/cms/resource/67/4018467_image3_1.jpg,2026-09-05T02:12:16.857334+09:00
2907464,38,더플러스성형외과의원,서울특별시 강남구 가로수길 9 (신사동) 4층,37.5185682413729,127.02302939349,11,680,SH,SH04,SH040300,2026-03-16 10:54:17+09:00,https://tong.visitkorea.or.kr/cms/resource/02/4018102_image2_1.jpg,https://tong.visitkorea.or.kr/cms/resource/02/4018102_image3_1.jpg,2026-09-05T02:12:16.857334+09:00
2907504,38,프라다 현대백화점 압구정본점,서울특별시 강남구 압구정로 165 (압구정동) 1층,37.5273661232786,127.027468526838,11,680,SH,SH04,SH040300,2026-03-27 09:21:50+09:00,https://tong.visitkorea.or.kr/cms/resource/23/4019123_image2_1.jpg,https://tong.visitkorea.or.kr/cms/resource/23/4019123_image3_1.jpg,2026-09-05T02:12:16.857334+09:00
2907522,38,프라다 현대백화점 무역센터점,서울특별시 강남구 테헤란로 517 (삼성동) 1층,37.5086151302204,127.059765116537,11,680,SH,SH04,SH040300,2026-03-27 09:21:50+09:00,https://tong.visitkorea.or.kr/cms/resource/67/4018367_image2_1.jpg,https://tong.visitkorea.or.kr/cms/resource/67/4018367_image3_1.jpg,2026-09-05T02:12:16.857334+09:00
2907553,38,구찌 현대백화점 무역센터점,서울특별시 강남구 테헤란로 517 (삼성동) 1층,37.5086151302204,127.059765116537,11,680,SH,SH04,SH040300,2026-03-27 09:21:50+09:00,https://tong.visitkorea.or.kr/cms/resource/65/4018365_image2_1.jpg,https://tong.visitkorea.or.kr/cms/resource/65/4018365_image3_1.jpg,2026-09-05T02:12:16.857334+09:00
2907570,38,구찌 갤러리아백화점 명품관 WEST점,서울특별시 강남구 압구정로 343 (압구정동) 1층,37.5284754434309,127.040052671773,11,680,SH,SH04,SH040300,2026-03-27 09:21:50+09:00,https://tong.visitkorea.or.kr/cms/resource/44/4019044_image2_1.jpg,https://tong.visitkorea.or.kr/cms/resource/44/4019044_image3_1.jpg,2026-09-05T02:12:16.857334+09:00
2907626,38,프라다 청담점,서울특별시 강남구 압구정로 463 (청담동) 1-2층,37.524865771158,127.047327192485,11,680,SH,SH04,SH040300,2026-03-16 10:54:17+09:00,https://tong.visitkorea.or.kr/cms/resource/98/4018398_image2_1.jpg,https://tong.visitkorea.or.kr/cms/resource/98/4018398_image3_1.jpg,2026-09-05T02:12:16.857334+09:00
2907645,38,구찌 청담 플래그십,서울특별시 강남구 압구정로 462 (청담동),37.5250692655256,127.046525926229,11,680,SH,SH04,SH040300,2026-03-18 10:10:05+09:00,https://tong.visitkorea.or.kr/cms/resource/00/4018400_image2_1.jpg,https://tong.visitkorea.or.kr/cms/resource/00/4018400_image3_1.jpg,2026-09-05T02:12:16.857334+09:00
2907659,38,쁘띠퀸의원,서울특별시 강남구 강남대로 468 (역삼동) 충림빌딩 7층,37.5041557043851,127.025145513654,11,680,SH,SH04,SH040300,2026-03-30 09:16:11+09:00,https://tong.visitkorea.or.kr/cms/resource/35/4020435_image2_1.jpg,https://tong.visitkorea.or.kr/cms/resource/35/4020435_image3_1.jpg,2026-09-05T02:12:16.857334+09:00
2907735,38,까르띠에 갤러리아백화점 명품관 EAST점,서울특별시 강남구 압구정로 407 (압구정동) 1층,37.527918187812,127.041831709947,11,680,SH,SH04,SH040300,2026-03-27 09:21:50+09:00,https://tong.visitkorea.or.kr/cms/resource/24/4019124_image2_1.jpg,https://tong.visitkorea.or.kr/cms/resource/24/4019124_image3_1.jpg,2026-09-05T02:12:16.857334+09:00
2907750,38,까르띠에 현대백화점 압구정본점,서울특별시 강남구 압구정로 165 (압구정동),37.5273661232786,127.027468526838,11,680,SH,SH04,SH040300,2026-03-27 09:21:50+09:00,https://tong.visitkorea.or.kr/cms/resource/03/4019103_image2_1.jpg,https://tong.visitkorea.or.kr/cms/resource/03/4019103_image3_1.jpg,2026-09-05T02:12:16.857334+09:00
2907778,38,까르띠에 현대백화점 무역센터점,서울특별시 강남구 테헤란로 517 (삼성동) 1층,37.5086151302204,127.059765116537,11,680,SH,SH04,SH040300,2026-03-27 09:21:50+09:00,https://tong.visitkorea.or.kr/cms/resource/63/4018363_image2_1.jpg,https://tong.visitkorea.or.kr/cms/resource/63/4018363_image3_1.jpg,2026-09-05T02:12:16.857334+09:00
2907794,38,제냐 현대백화점 무역센터점,서울특별시 강남구 테헤란로 517 (삼성동) 7층,37.5086151302204,127.059765116537,11,680,SH,SH04,SH040300,2026-03-18 10:10:05+09:00,https://tong.visitkorea.or.kr/cms/resource/40/4018340_image2_1.jpg,https://tong.visitkorea.or.kr/cms/resource/40/4018340_image3_1.jpg,2026-09-05T02:12:16.857334+09:00
2908241,38,코코온누리약국 강남,서울특별시 강남구 강남대로 406 (역삼동) 2층,37.4989106629232,127.027637005361,11,680,SH,SH04,SH040300,2026-04-07 00:14:43+09:00,https://tong.visitkorea.or.kr/cms/resource/45/4017245_image2_1.png,https://tong.visitkorea.or.kr/cms/resource/45/4017245_image3_1.png,2026-09-05T02:12:16.857334+09:00
2908297,38,휴고보스 현대백화점 무역센터점,서울특별시 강남구 테헤란로 517 (삼성동) 7층,37.5086151302204,127.059765116537,11,680,SH,SH04,SH040300,2026-03-27 09:21:50+09:00,https://tong.visitkorea.or.kr/cms/resource/41/4018341_image2_1.jpg,https://tong.visitkorea.or.kr/cms/resource/41/4018341_image3_1.jpg,2026-09-05T02:12:16.857334+09:00
2908343,38,보테가베네타 현대백화점 압구정본점,서울특별시 강남구 압구정로 165 (압구정동),37.5273661232786,127.027468526838,11,680,SH,SH04,SH040300,2026-03-27 09:21:50+09:00,https://tong.visitkorea.or.kr/cms/resource/14/4019114_image2_1.jpg,https://tong.visitkorea.or.kr/cms/resource/14/4019114_image3_1.jpg,2026-09-05T02:12:16.857334+09:00
2908348,38,페라가모 청담본점,서울특별시 강남구 압구정로 433 (청담동),37.5270901294305,127.044641861596,11,680,SH,SH04,SH040300,2026-04-01 03:33:17+09:00,https://tong.visitkorea.or.kr/cms/resource/05/4018405_image2_1.jpg,https://tong.visitkorea.or.kr/cms/resource/05/4018405_image3_1.jpg,2026-09-05T02:12:16.857334+09:00
2908378,38,금강안경 현대백화점 압구정점,서울특별시 강남구 압구정로 165 (압구정동) B1층,37.5273661232786,127.027468526838,11,680,SH,SH04,SH040300,2026-03-27 09:21:50+09:00,https://tong.visitkorea.or.kr/cms/resource/20/4019120_image2_1.jpg,https://tong.visitkorea.or.kr/cms/resource/20/4019120_image3_1.jpg,2026-09-05T02:12:16.857334+09:00
2908460,38,청담은피부과의원,서울특별시 강남구 선릉로152길 17 (청담동) 6층,37.5243711341168,127.041029133889,11,680,SH,SH04,SH040300,2026-03-19 09:49:59+09:00,https://tong.visitkorea.or.kr/cms/resource/92/4020192_image2_1.jpg,https://tong.visitkorea.or.kr/cms/resource/92/4020192_image3_1.jpg,2026-09-05T02:12:16.857334+09:00
2908531,38,압구정톡스앤필의원,서울특별시 강남구 논현로168길 18 (신사동) 동신빌딩 5층,37.5237648261231,127.029667949517,11,680,SH,SH04,SH040300,2026-03-17 10:12:58+09:00,https://tong.visitkorea.or.kr/cms/resource/16/4020516_image2_1.jpeg,https://tong.visitkorea.or.kr/cms/resource/16/4020516_image3_1.jpeg,2026-09-05T02:12:16.857334+09:00
2908572,38,롯데백화점 강남점,서울특별시 강남구 도곡로 401 (대치동),37.496979324799,127.053254695846,11,680,SH,SH04,SH040300,2026-03-19 09:49:59+09:00,https://tong.visitkorea.or.kr/cms/resource/95/4018695_image2_1.jpg,https://tong.visitkorea.or.kr/cms/resource/95/4018695_image3_1.jpg,2026-09-05T02:12:16.857334+09:00
2908643,38,디바인성형외과의원,서울특별시 강남구 도산대로 114 (논현동) 수일빌딩 4층,37.5164493306335,127.021217214623,11,680,SH,SH04,SH040300,2026-03-30 09:16:11+09:00,https://tong.visitkorea.or.kr/cms/resource/92/4017692_image2_1.jpg,https://tong.visitkorea.or.kr/cms/resource/92/4017692_image3_1.jpg,2026-09-05T02:12:16.857334+09:00
2908763,38,청담고운세상닥터지피부과의원,서울특별시 강남구 도산대로 326 (논현동) 5층,37.5223519106434,127.03774745119,11,680,SH,SH04,SH040300,2026-03-27 09:21:50+09:00,https://tong.visitkorea.or.kr/cms/resource/80/4020180_image2_1.jpg,https://tong.visitkorea.or.kr/cms/resource/80/4020180_image3_1.jpg,2026-09-05T02:12:16.857334+09:00
2908786,38,테일러성형외과의원,서울특별시 강남구 논현로 868 (신사동) 구정빌딩 4층,37.5260853713573,127.028885110878,11,680,SH,SH04,SH040300,2026-03-30 09:16:11+09:00,https://tong.visitkorea.or.kr/cms/resource/43/4020443_image2_1.jpg,https://tong.visitkorea.or.kr/cms/resource/43/4020443_image3_1.jpg,2026-09-05T02:12:16.857334+09:00
2909040,38,프라다 갤러리아백화점 명품관 WEST점,서울특별시 강남구 압구정로 343 (압구정동) 1층,37.5284754434309,127.040052671773,11,680,SH,SH04,SH040300,2026-03-27 09:21:50+09:00,https://tong.visitkorea.or.kr/cms/resource/45/4019045_image2_1.jpg,https://tong.visitkorea.or.kr/cms/resource/45/4019045_image3_1.jpg,2026-09-05T02:12:16.857334+09:00
2909334,38,반클리프아펠 갤러리아백화점 명품관 EAST점,서울특별시 강남구 압구정로 407 (압구정동) 1층,37.527918187812,127.041831709947,11,680,SH,SH04,SH040300,2026-03-27 09:21:50+09:00,https://tong.visitkorea.or.kr/cms/resource/53/4019053_image2_1.jpg,https://tong.visitkorea.or.kr/cms/resource/53/4019053_image3_1.jpg,2026-09-05T02:12:16.857334+09:00
2909366,38,봉쁘앙 도산점,서울특별시 강남구 언주로152길 17 (신사동),37.5229781423265,127.035001222066,11,680,SH,SH04,SH040300,2026-03-27 09:21:50+09:00,https://tong.visitkorea.or.kr/cms/resource/38/4045038_image2_1.JPG,https://tong.visitkorea.or.kr/cms/resource/38/4045038_image3_1.JPG,2026-09-05T02:12:16.857334+09:00
2909379,38,ZARA 스타필드 코엑스몰점,서울특별시 강남구 영동대로 513 (삼성동) B1층,37.5118239121138,127.059159043842,11,680,SH,SH04,SH040300,2026-03-27 09:21:50+09:00,https://tong.visitkorea.or.kr/cms/resource/82/4019182_image2_1.jpg,https://tong.visitkorea.or.kr/cms/resource/82/4019182_image3_1.jpg,2026-09-05T02:12:16.857334+09:00
2909557,38,홀릭스안경,서울특별시 강남구 선릉로153길 25 (신사동),37.5246048139308,127.037348683224,11,680,SH,SH04,SH040300,2026-03-19 09:49:59+09:00,https://tong.visitkorea.or.kr/cms/resource/96/4020196_image2_1.jpg,https://tong.visitkorea.or.kr/cms/resource/96/4020196_image3_1.jpg,2026-09-05T02:12:16.857334+09:00
2909578,38,구일일스포츠,서울특별시 강남구 논현로 616 (논현동) 심텍빌딩 1층/2층,37.5087829797466,127.033552870785,11,680,SH,SH04,SH040300,2026-03-30 09:16:11+09:00,https://tong.visitkorea.or.kr/cms/resource/47/4020447_image2_1.png,https://tong.visitkorea.or.kr/cms/resource/47/4020447_image3_1.png,2026-09-05T02:12:16.857334+09:00
2909789,38,이솝 파르나스몰점,서울특별시 강남구 테헤란로 521 (삼성동) B1층,37.5091916919873,127.06080691987,11,680,SH,SH04,SH040300,2026-03-27 09:21:50+09:00,https://tong.visitkorea.or.kr/cms/resource/48/4020048_image2_1.jpg,https://tong.visitkorea.or.kr/cms/resource/48/4020048_image3_1.jpg,2026-09-05T02:12:16.857334+09:00
2910004,38,레아트성형외과의원,"서울특별시 강남구 논현로168길 40 (신사동) 4, 5층",37.523075310859,127.031327551361,11,680,SH,SH04,SH040300,2026-03-27 09:21:50+09:00,https://tong.visitkorea.or.kr/cms/resource/20/4044520_image2_1.jpg,https://tong.visitkorea.or.kr/cms/resource/20/4044520_image3_1.jpg,2026-09-05T02:12:16.857334+09:00
2910066,38,청명당 안경,서울특별시 강남구 선릉로 310 (대치동),37.4972582134027,127.052792826644,11,680,SH,SH04,SH040300,2026-03-30 09:16:11+09:00,https://tong.visitkorea.or.kr/cms/resource/17/4020517_image2_1.jpeg,https://tong.visitkorea.or.kr/cms/resource/17/4020517_image3_1.jpeg,2026-09-05T02:12:16.857334+09:00
2910108,38,하나비의원,서울특별시 강남구 강남대로 468 (역삼동) 충림빌딩 9층,37.5041557043851,127.025145513654,11,680,SH,SH04,SH040300,2026-03-30 09:16:11+09:00,https://tong.visitkorea.or.kr/cms/resource/36/4020436_image2_1.jpg,https://tong.visitkorea.or.kr/cms/resource/36/4020436_image3_1.jpg,2026-09-05T02:12:16.857334+09:00
2910141,38,리차드 밀,"서울특별시 강남구 압구정로 450 (청담동) 1, 2층",37.5259005752328,127.045950391171,11,680,SH,SH04,SH040300,2026-03-16 10:54:17+09:00,https://tong.visitkorea.or.kr/cms/resource/02/4018402_image2_1.jpg,https://tong.visitkorea.or.kr/cms/resource/02/4018402_image3_1.jpg,2026-09-05T02:12:16.857334+09:00
2910204,38,루첸리 현대백화점 압구정본점,서울특별시 강남구 압구정로 165 (압구정동) 1층,37.5273661232786,127.027468526838,11,680,SH,SH04,SH040300,2026-03-27 09:21:50+09:00,https://tong.visitkorea.or.kr/cms/resource/22/4019122_image2_1.jpg,https://tong.visitkorea.or.kr/cms/resource/22/4019122_image3_1.jpg,2026-09-05T02:12:16.857334+09:00
2910207,38,바탕성형외과의원,서울특별시 강남구 강남대로 476 (논현동) 어반하이브 7층,37.5049095607089,127.024789737061,11,680,SH,SH04,SH040300,2026-03-30 09:16:11+09:00,https://tong.visitkorea.or.kr/cms/resource/38/4020438_image2_1.jpg,https://tong.visitkorea.or.kr/cms/resource/38/4020438_image3_1.jpg,2026-09-05T02:12:16.857334+09:00
2910381,38,나이키 롯데백화점 강남점,서울특별시 강남구 도곡로 401 (대치동) 7층,37.496979324799,127.053254695846,11,680,SH,SH04,SH040300,2026-03-27 09:21:50+09:00,https://tong.visitkorea.or.kr/cms/resource/97/4018697_image2_1.jpg,https://tong.visitkorea.or.kr/cms/resource/97/4018697_image3_1.jpg,2026-09-05T02:12:16.857334+09:00
2910383,38,청담쥬넥스피부과의원,서울특별시 강남구 도산대로 435 (청담동) 4층,37.5240251533195,127.043289312393,11,680,SH,SH04,SH040300,2026-04-01 05:05:10+09:00,https://tong.visitkorea.or.kr/cms/resource/90/4020190_image2_1.jpg,https://tong.visitkorea.or.kr/cms/resource/90/4020190_image3_1.jpg,2026-09-05T02:12:16.857334+09:00
2910463,38,오메가 현대백화점 무역센터점,서울특별시 강남구 테헤란로 517 (삼성동),37.5086151302204,127.059765116537,11,680,SH,SH04,SH040300,2026-03-27 09:21:50+09:00,https://tong.visitkorea.or.kr/cms/resource/47/4018347_image2_1.jpg,https://tong.visitkorea.or.kr/cms/resource/47/4018347_image3_1.jpg,2026-09-05T02:12:16.857334+09:00
2910480,38,정관장 한티역점,서울특별시 강남구 선릉로 320 (대치동) 성진빌딩,37.4982776081634,127.052193165337,11,680,SH,SH04,SH040300,2026-03-27 09:21:50+09:00,https://tong.visitkorea.or.kr/cms/resource/73/4043173_image2_1.jpg,https://tong.visitkorea.or.kr/cms/resource/73/4043173_image3_1.jpg,2026-09-05T02:12:16.857334+09:00
2910573,38,뉴욕안경,서울특별시 강남구 강남대로 지하396 (역삼동),37.4981646510326,127.028307900881,11,680,SH,SH04,SH040300,2026-03-27 09:21:50+09:00,https://tong.visitkorea.or.kr/cms/resource/11/4044511_image2_1.jpg,https://tong.visitkorea.or.kr/cms/resource/11/4044511_image3_1.jpg,2026-09-05T02:12:16.857334+09:00
2910623,38,핏츠로이,서울특별시 강남구 선릉로153길 23 (신사동) 1층,37.5246229608,127.0375170249,11,680,SH,SH04,SH040300,2026-07-15 19:41:43+09:00,https://tong.visitkorea.or.kr/cms/resource/95/4020195_image2_1.jpg,https://tong.visitkorea.or.kr/cms/resource/95/4020195_image3_1.jpg,2026-09-05T02:12:16.857334+09:00
2910645,38,바이원의원,서울특별시 강남구 도산대로 110 (논현동) 케이비엘 센터,37.5162788961317,127.021019329669,11,680,SH,SH04,SH040300,2026-03-30 09:16:11+09:00,https://tong.visitkorea.or.kr/cms/resource/48/4017648_image2_1.jpg,https://tong.visitkorea.or.kr/cms/resource/48/4017648_image3_1.jpg,2026-09-05T02:12:16.857334+09:00
2910800,38,롯데하이마트 대치본점,서울특별시 강남구 삼성로 156 (대치동),37.4942374564589,127.063830450933,11,680,SH,SH04,SH040300,2026-03-26 09:20:41+09:00,https://tong.visitkorea.or.kr/cms/resource/61/4042661_image2_1.jpg,https://tong.visitkorea.or.kr/cms/resource/61/4042661_image3_1.jpg,2026-09-05T02:12:16.857334+09:00
2910868,38,정관장 테헤란로본점,서울특별시 강남구 테헤란로 437 (삼성동) 삼영빌딩,37.5067448820016,127.055010041747,11,680,SH,SH04,SH040300,2026-03-27 09:21:50+09:00,https://tong.visitkorea.or.kr/cms/resource/73/4019873_image2_1.jpg,https://tong.visitkorea.or.kr/cms/resource/73/4019873_image3_1.jpg,2026-09-05T02:12:16.857334+09:00
2910875,38,비아이오성형외과의원,서울특별시 강남구 도산대로 107 (신사동) SYH타워 2층-4층,37.5167802830689,127.02010810325,11,680,SH,SH04,SH040300,2026-03-30 09:16:11+09:00,https://tong.visitkorea.or.kr/cms/resource/82/4017682_image2_1.jpg,https://tong.visitkorea.or.kr/cms/resource/82/4017682_image3_1.jpg,2026-09-05T02:12:16.857334+09:00
2910936,38,피아제 갤러리아백화점 명품관 EAST점,서울특별시 강남구 압구정로 407 (압구정동),37.527918187812,127.041831709947,11,680,SH,SH04,SH040300,2026-03-27 09:21:50+09:00,https://tong.visitkorea.or.kr/cms/resource/26/4019126_image2_1.jpg,https://tong.visitkorea.or.kr/cms/resource/26/4019126_image3_1.jpg,2026-09-05T02:12:16.857334+09:00
2910939,38,피아제 현대백화점 무역센터점,서울특별시 강남구 테헤란로 517 (삼성동) 2층,37.5086151302204,127.059765116537,11,680,SH,SH04,SH040300,2026-03-27 09:21:50+09:00,https://tong.visitkorea.or.kr/cms/resource/49/4018349_image2_1.jpg,https://tong.visitkorea.or.kr/cms/resource/49/4018349_image3_1.jpg,2026-09-05T02:12:16.857334+09:00
2910944,38,톰포드남성 갤러리아백화점 명품관 EAST점,서울특별시 강남구 압구정로 407 (압구정동) 4층,37.527918187812,127.041831709947,11,680,SH,SH04,SH040300,2026-03-26 09:20:41+09:00,https://tong.visitkorea.or.kr/cms/resource/30/4041930_image2_1.jpg,https://tong.visitkorea.or.kr/cms/resource/30/4041930_image3_1.jpg,2026-09-05T02:12:16.857334+09:00
2911177,38,루이비통여성 현대백화점 무역센터점,서울특별시 강남구 테헤란로 517 (삼성동) 1층,37.5086151302204,127.059765116537,11,680,SH,SH04,SH040300,2026-03-18 10:10:05+09:00,https://tong.visitkorea.or.kr/cms/resource/66/4018366_image2_1.jpg,https://tong.visitkorea.or.kr/cms/resource/66/4018366_image3_1.jpg,2026-09-05T02:12:16.857334+09:00
2911181,38,신사 굿약국,서울특별시 강남구 도산대로 120 (논현동) 청호빌딩 1층,37.5167333867393,127.021877320289,11,680,SH,SH04,SH040300,2026-03-18 10:10:05+09:00,https://tong.visitkorea.or.kr/cms/resource/94/4017694_image2_1.jpg,https://tong.visitkorea.or.kr/cms/resource/94/4017694_image3_1.jpg,2026-09-05T02:12:16.857334+09:00
2911307,38,올리브영 신사점,서울특별시 강남구 도산대로 116 (논현동) 논현빌딩 1층,37.5166065016895,127.021516108092,11,680,SH,SH04,SH040300,2026-03-30 09:16:11+09:00,https://tong.visitkorea.or.kr/cms/resource/86/4028386_image2_1.jpeg,https://tong.visitkorea.or.kr/cms/resource/86/4028386_image3_1.jpeg,2026-09-05T02:12:16.857334+09:00
2911347,38,압구정영약국,서울특별시 강남구 압구정로28길 25 (신사동),37.5248243999828,127.027837746706,11,680,SH,SH04,SH040300,2026-03-27 09:21:50+09:00,https://tong.visitkorea.or.kr/cms/resource/60/4043260_image2_1.jpg,https://tong.visitkorea.or.kr/cms/resource/60/4043260_image3_1.jpg,2026-09-05T02:12:16.857334+09:00
2911393,38,정관장 GS타워점,서울특별시 강남구 논현로 508 (역삼동) GS타워 1층,37.5019949322814,127.037336400239,11,680,SH,SH04,SH040300,2026-03-27 09:21:50+09:00,https://tong.visitkorea.or.kr/cms/resource/29/4043129_image2_1.jpg,https://tong.visitkorea.or.kr/cms/resource/29/4043129_image3_1.jpg,2026-09-05T02:12:16.857334+09:00
2911396,38,나이키 압구정,서울특별시 강남구 선릉로 831 (신사동),37.5263330087647,127.03988217166,11,680,SH,SH04,SH040300,2026-03-19 09:49:59+09:00,https://tong.visitkorea.or.kr/cms/resource/86/4020186_image2_1.jpg,https://tong.visitkorea.or.kr/cms/resource/86/4020186_image3_1.jpg,2026-09-05T02:12:16.857334+09:00
2911425,39,소르비,서울특별시 강남구 압구정로2길 11,37.5209254515405,127.019724282196,11,680,FD,FD05,FD050100,2026-04-14 09:19:50+09:00,https://tong.visitkorea.or.kr/cms/resource/56/4055756_image2_1.jpg,https://tong.visitkorea.or.kr/cms/resource/56/4055756_image3_1.jpg,2026-09-05T02:12:16.857334+09:00
2911445,38,아크네스튜디오 청담점,서울특별시 강남구 선릉로162길 27-2 (청담동),37.5267675746897,127.042930012346,11,680,SH,SH04,SH040300,2026-03-19 09:49:59+09:00,https://tong.visitkorea.or.kr/cms/resource/23/4020123_image2_1.jpg,https://tong.visitkorea.or.kr/cms/resource/23/4020123_image3_1.jpg,2026-09-05T02:12:16.857334+09:00
2911551,38,불가리 하이주얼리 플래그십 스토어 갤러리아백화점 명품관 EAST점,서울특별시 강남구 압구정로 407 (압구정동) 1층,37.527918187812,127.041831709947,11,680,SH,SH04,SH040300,2026-03-19 09:49:59+09:00,https://tong.visitkorea.or.kr/cms/resource/25/4019125_image2_1.jpg,https://tong.visitkorea.or.kr/cms/resource/25/4019125_image3_1.jpg,2026-09-05T02:12:16.857334+09:00
2911605,38,젠틀몬스터 현대백화점 무역센터점,서울특별시 강남구 테헤란로 517 (삼성동) 1층,37.5086151302204,127.059765116537,11,680,SH,SH04,SH040300,2026-03-27 09:21:50+09:00,https://tong.visitkorea.or.kr/cms/resource/68/4018368_image2_1.jpg,https://tong.visitkorea.or.kr/cms/resource/68/4018368_image3_1.jpg,2026-09-05T02:12:16.857334+09:00
2911647,38,올리브영 선릉중앙점,서울특별시 강남구 테헤란로 316 (역삼동),37.5030781277393,127.045537630336,11,680,SH,SH04,SH040300,2026-03-19 09:49:59+09:00,https://tong.visitkorea.or.kr/cms/resource/11/4028411_image2_1.png,https://tong.visitkorea.or.kr/cms/resource/11/4028411_image3_1.png,2026-09-05T02:12:16.857334+09:00
2911786,38,톰포드 여성 갤러리아백화점 명품관 EAST점,서울특별시 강남구 압구정로 407 (압구정동) 3층,37.527918187812,127.041831709947,11,680,SH,SH04,SH040300,2026-03-27 09:21:50+09:00,https://tong.visitkorea.or.kr/cms/resource/50/4019050_image2_1.jpg,https://tong.visitkorea.or.kr/cms/resource/50/4019050_image3_1.jpg,2026-09-05T02:12:16.857334+09:00
2911893,38,갤러리아백화점 명품관 WEST,서울특별시 강남구 압구정로 343 (압구정동),37.5284754434309,127.040052671773,11,680,SH,SH04,SH040300,2026-03-27 09:21:50+09:00,https://tong.visitkorea.or.kr/cms/resource/31/4019131_image2_1.jpg,https://tong.visitkorea.or.kr/cms/resource/31/4019131_image3_1.jpg,2026-09-05T02:12:16.857334+09:00
2911908,38,올리브영 역삼역점,서울특별시 강남구 테헤란로 138 (역삼동) 성홍타워 1층,37.4996398113702,127.034303761906,11,680,SH,SH04,SH040300,2026-03-30 09:16:11+09:00,https://tong.visitkorea.or.kr/cms/resource/08/4028408_image2_1.jpg,https://tong.visitkorea.or.kr/cms/resource/08/4028408_image3_1.jpg,2026-09-05T02:12:16.857334+09:00
2911994,38,파텍필립 갤러리아백화점 명품관 EAST점,서울특별시 강남구 압구정로 407 (압구정동) B1층,37.527918187812,127.041831709947,11,680,SH,SH04,SH040300,2026-03-27 09:21:50+09:00,https://tong.visitkorea.or.kr/cms/resource/54/4019054_image2_1.jpg,https://tong.visitkorea.or.kr/cms/resource/54/4019054_image3_1.jpg,2026-09-05T02:12:16.857334+09:00
2912206,38,피아제 현대백화점 압구정본점,서울특별시 강남구 압구정로 165 (압구정동),37.5273661232786,127.027468526838,11,680,SH,SH04,SH040300,2026-03-27 09:21:50+09:00,https://tong.visitkorea.or.kr/cms/resource/12/4019112_image2_1.jpg,https://tong.visitkorea.or.kr/cms/resource/12/4019112_image3_1.jpg,2026-09-05T02:12:16.857334+09:00
2912287,38,한국인삼공사 코스모타워본점,서울특별시 강남구 영동대로 416 (대치동),37.5065841136869,127.065326637295,11,680,SH,SH04,SH040300,2026-03-25 09:34:32+09:00,https://tong.visitkorea.or.kr/cms/resource/65/4041965_image2_1.jpg,https://tong.visitkorea.or.kr/cms/resource/65/4041965_image3_1.jpg,2026-09-05T02:12:16.857334+09:00
2912376,38,올리브영 봉은사역점,"서울특별시 강남구 영동대로 602 (삼성동, 삼성동 미켈란 107)",37.5147215906749,127.060483947525,11,680,SH,SH04,SH040300,2026-03-17 10:12:59+09:00,https://tong.visitkorea.or.kr/cms/resource/04/4028404_image2_1.jpg,https://tong.visitkorea.or.kr/cms/resource/04/4028404_image3_1.jpg,2026-09-05T02:12:16.857334+09:00
2912385,38,아이갤러리 안경원,서울특별시 강남구 삼성로 626 (삼성동) k빌딩 1층,37.5156110159545,127.052273781065,11,680,SH,SH04,SH040300,2026-03-30 09:16:11+09:00,https://tong.visitkorea.or.kr/cms/resource/05/4017205_image2_1.jpeg,https://tong.visitkorea.or.kr/cms/resource/05/4017205_image3_1.jpeg,2026-09-05T02:12:16.857334+09:00
2912418,38,정관장 논현점,서울특별시 강남구 강남대로 506 (논현동) 광명빌딩,37.5074834559805,127.023497392404,11,680,SH,SH04,SH040300,2026-03-27 09:21:50+09:00,https://tong.visitkorea.or.kr/cms/resource/95/4044895_image2_1.JPG,https://tong.visitkorea.or.kr/cms/resource/95/4044895_image3_1.JPG,2026-09-05T02:12:16.857334+09:00
2912487,38,프레드 갤러리아백화점 명품관 EAST점,서울특별시 강남구 압구정로 407 (압구정동) 2층,37.527918187812,127.041831709947,11,680,SH,SH04,SH040300,2026-03-27 09:21:50+09:00,https://tong.visitkorea.or.kr/cms/resource/28/4019128_image2_1.jpg,https://tong.visitkorea.or.kr/cms/resource/28/4019128_image3_1.jpg,2026-09-05T02:12:16.857334+09:00
2912526,38,라코스테 가로수길직영멀티점,서울특별시 강남구 가로수길 50 (신사동),37.5212557526595,127.023032708155,11,680,SH,SH04,SH040300,2026-03-18 10:10:05+09:00,https://tong.visitkorea.or.kr/cms/resource/18/4018118_image2_1.jpg,https://tong.visitkorea.or.kr/cms/resource/18/4018118_image3_1.jpg,2026-09-05T02:12:16.857334+09:00
2912562,38,코치 현대백화점 무역센터점,서울특별시 강남구 테헤란로 517 (삼성동),37.5086151302204,127.059765116537,11,680,SH,SH04,SH040300,2026-03-27 09:21:50+09:00,https://tong.visitkorea.or.kr/cms/resource/69/4018369_image2_1.jpg,https://tong.visitkorea.or.kr/cms/resource/69/4018369_image3_1.jpg,2026-09-05T02:12:16.857334+09:00
2912584,38,맨메이드 도산,서울특별시 강남구 선릉로153길 35 (신사동),37.5245412751864,127.036542397917,11,680,SH,SH04,SH040300,2026-03-19 09:49:59+09:00,https://tong.visitkorea.or.kr/cms/resource/97/4020197_image2_1.jpg,https://tong.visitkorea.or.kr/cms/resource/97/4020197_image3_1.jpg,2026-09-05T02:12:16.857334+09:00
2912601,38,올리브영 양재스타클래스점,"서울특별시 강남구 남부순환로 2615 (도곡동, 극동스타클래스) 극동스타클래스",37.4851852937745,127.035883711966,11,680,SH,SH04,SH040300,2026-03-30 09:16:11+09:00,https://tong.visitkorea.or.kr/cms/resource/75/4028375_image2_1.jpg,https://tong.visitkorea.or.kr/cms/resource/75/4028375_image3_1.jpg,2026-09-05T02:12:16.857334+09:00
2913191,38,아베골프 삼성점,서울특별시 강남구 삼성로 554 (삼성동) B1층,37.511129491799,127.0547065149,11,680,SH,SH04,SH040300,2026-03-19 09:49:59+09:00,https://tong.visitkorea.or.kr/cms/resource/74/4019874_image2_1.jpg,https://tong.visitkorea.or.kr/cms/resource/74/4019874_image3_1.jpg,2026-09-05T02:12:16.857334+09:00
2913765,38,신분당약국,서울특별시 강남구 강남대로 302-2 (역삼동),37.4903503986844,127.031507463771,11,680,SH,SH04,SH040300,2026-03-16 10:35:59+09:00,https://tong.visitkorea.or.kr/cms/resource/31/4017231_image2_1.jpeg,https://tong.visitkorea.or.kr/cms/resource/31/4017231_image3_1.jpeg,2026-09-05T02:12:16.857334+09:00
2914059,38,금강안경 현대백화점 무역센터점,서울특별시 강남구 테헤란로 517 (삼성동) 4층,37.5086151302204,127.059765116537,11,680,SH,SH04,SH040300,2026-03-27 09:21:50+09:00,https://tong.visitkorea.or.kr/cms/resource/25/4018325_image2_1.jpg,https://tong.visitkorea.or.kr/cms/resource/25/4018325_image3_1.jpg,2026-09-05T02:12:16.857334+09:00
2914082,38,코치 롯데백화점 강남점,서울특별시 강남구 도곡로 401 (대치동) 1층,37.496979324799,127.053254695846,11,680,SH,SH04,SH040300,2026-03-27 09:21:50+09:00,https://tong.visitkorea.or.kr/cms/resource/83/4018683_image2_1.jpg,https://tong.visitkorea.or.kr/cms/resource/83/4018683_image3_1.jpg,2026-09-05T02:12:16.857334+09:00
2914971,38,만다리나덕 청담,서울특별시 강남구 삼성로 730 (청담동) 1층,37.5209371502129,127.04947593688,11,680,SH,SH04,SH040300,2026-03-16 10:54:17+09:00,https://tong.visitkorea.or.kr/cms/resource/87/4018387_image2_1.jpg,https://tong.visitkorea.or.kr/cms/resource/87/4018387_image3_1.jpg,2026-09-05T02:12:16.857334+09:00
2915137,38,프레드 현대백화점 압구정 본점,서울특별시 강남구 압구정로 165 (압구정동) 2층,37.5273661232786,127.027468526838,11,680,SH,SH04,SH040300,2026-03-26 09:20:41+09:00,https://tong.visitkorea.or.kr/cms/resource/74/4019274_image2_1.jpg,https://tong.visitkorea.or.kr/cms/resource/74/4019274_image3_1.jpg,2026-09-05T02:12:16.857334+09:00
2915158,38,러쉬 스타필드 코엑스몰점,서울특별시 강남구 영동대로 513 (삼성동) B1층,37.5118239121138,127.059159043842,11,680,SH,SH04,SH040300,2026-03-16 10:54:17+09:00,https://tong.visitkorea.or.kr/cms/resource/67/4020067_image2_1.jpg,https://tong.visitkorea.or.kr/cms/resource/67/4020067_image3_1.jpg,2026-09-05T02:12:16.857334+09:00
2915189,38,챔피온 스타필드 코엑스몰점,서울특별시 강남구 영동대로 513 (삼성동) B1층,37.5118239121138,127.059159043842,11,680,SH,SH04,SH040300,2026-03-27 09:21:50+09:00,https://tong.visitkorea.or.kr/cms/resource/40/4020040_image2_1.jpg,https://tong.visitkorea.or.kr/cms/resource/40/4020040_image3_1.jpg,2026-09-05T02:12:16.857334+09:00
2915202,38,뉴에라 스타필드 코엑스몰점,서울특별시 강남구 영동대로 513 (삼성동) B1층,37.5118239121138,127.059159043842,11,680,SH,SH04,SH040300,2026-03-27 09:21:50+09:00,https://tong.visitkorea.or.kr/cms/resource/95/4020095_image2_1.jpg,https://tong.visitkorea.or.kr/cms/resource/95/4020095_image3_1.jpg,2026-09-05T02:12:16.857334+09:00
2915233,38,프레드페리 스타필드 코엑스몰점,서울특별시 강남구 영동대로 513 (삼성동) B1층,37.5118239121138,127.059159043842,11,680,SH,SH04,SH040300,2026-03-27 09:21:50+09:00,https://tong.visitkorea.or.kr/cms/resource/00/4020100_image2_1.jpg,https://tong.visitkorea.or.kr/cms/resource/00/4020100_image3_1.jpg,2026-09-05T02:12:16.857334+09:00
2915275,38,미샤플러스 스타필드 코엑스몰점,서울특별시 강남구 영동대로 513 (삼성동) B1층,37.5118239121138,127.059159043842,11,680,SH,SH04,SH040300,2026-03-19 09:49:59+09:00,https://tong.visitkorea.or.kr/cms/resource/85/4020085_image2_1.jpg,https://tong.visitkorea.or.kr/cms/resource/85/4020085_image3_1.jpg,2026-09-05T02:12:16.857334+09:00
2915331,38,후아유 스타필드 코엑스몰점,서울특별시 강남구 영동대로 513 (삼성동) 1층,37.5118239121138,127.059159043842,11,680,SH,SH04,SH040300,2026-03-27 09:21:50+09:00,https://tong.visitkorea.or.kr/cms/resource/57/4020057_image2_1.jpg,https://tong.visitkorea.or.kr/cms/resource/57/4020057_image3_1.jpg,2026-09-05T02:12:16.857334+09:00
2915477,38,JAJU 스타필드 코엑스몰점,서울특별시 강남구 영동대로 513 (삼성동) B1층,37.5118239121138,127.059159043842,11,680,SH,SH04,SH040300,2026-03-27 09:21:50+09:00,https://tong.visitkorea.or.kr/cms/resource/83/4019183_image2_1.jpg,https://tong.visitkorea.or.kr/cms/resource/83/4019183_image3_1.jpg,2026-09-05T02:12:16.857334+09:00
2915478,38,토즈 현대백화점 압구정본점,서울특별시 강남구 압구정로 165 (압구정동) 3층,37.5273661232786,127.027468526838,11,680,SH,SH04,SH040300,2026-03-27 09:21:50+09:00,https://tong.visitkorea.or.kr/cms/resource/06/4019106_image2_1.jpg,https://tong.visitkorea.or.kr/cms/resource/06/4019106_image3_1.jpg,2026-09-05T02:12:16.857334+09:00
2915484,38,토즈 현대백화점 무역센터점,서울특별시 강남구 테헤란로 517 (삼성동) 2층,37.5086151302204,127.059765116537,11,680,SH,SH04,SH040300,2026-03-27 09:21:50+09:00,https://tong.visitkorea.or.kr/cms/resource/56/4018356_image2_1.jpg,https://tong.visitkorea.or.kr/cms/resource/56/4018356_image3_1.jpg,2026-09-05T02:12:16.857334+09:00
2915533,38,프린세스 롯데백화점 강남점,서울특별시 강남구 도곡로 401 (대치동) 1층,37.496979324799,127.053254695846,11,680,SH,SH04,SH040300,2026-03-27 09:21:50+09:00,https://tong.visitkorea.or.kr/cms/resource/82/4018682_image2_1.jpg,https://tong.visitkorea.or.kr/cms/resource/82/4018682_image3_1.jpg,2026-09-05T02:12:16.857334+09:00
2915541,38,바쉐론콘스탄틴 현대백화점 압구정본점,서울특별시 강남구 압구정로 165 (압구정동),37.5273661232786,127.027468526838,11,680,SH,SH04,SH040300,2026-03-19 09:49:59+09:00,https://tong.visitkorea.or.kr/cms/resource/13/4019113_image2_1.jpg,https://tong.visitkorea.or.kr/cms/resource/13/4019113_image3_1.jpg,2026-09-05T02:12:16.857334+09:00
2915543,38,부쉐론 갤러리아백화점 명품관 EAST점,서울특별시 강남구 압구정로 407 (압구정동) 2층,37.527918187812,127.041831709947,11,680,SH,SH04,SH040300,2026-03-27 09:21:50+09:00,https://tong.visitkorea.or.kr/cms/resource/52/4019052_image2_1.jpg,https://tong.visitkorea.or.kr/cms/resource/52/4019052_image3_1.jpg,2026-09-05T02:12:16.857334+09:00
2915547,38,입생로랑뷰티 현대백화점 압구정본점,서울특별시 강남구 압구정로 165 (압구정동),37.5273661232786,127.027468526838,11,680,SH,SH04,SH040300,2026-03-25 09:34:32+09:00,https://tong.visitkorea.or.kr/cms/resource/33/4041933_image2_1.jpg,https://tong.visitkorea.or.kr/cms/resource/33/4041933_image3_1.jpg,2026-09-05T02:12:16.857334+09:00
2915548,38,입생로랑뷰티 갤러리아백화점 명품관 WEST점,서울특별시 강남구 압구정로 343 (압구정동) 2층,37.5284754434309,127.040052671773,11,680,SH,SH04,SH040300,2026-03-19 09:49:59+09:00,https://tong.visitkorea.or.kr/cms/resource/43/4019043_image2_1.jpg,https://tong.visitkorea.or.kr/cms/resource/43/4019043_image3_1.jpg,2026-09-05T02:12:16.857334+09:00
2915643,38,골든듀 현대백화점 무역센터점,서울특별시 강남구 테헤란로 517 (삼성동) 3층,37.5086151302204,127.059765116537,11,680,SH,SH04,SH040300,2026-03-27 09:21:50+09:00,https://tong.visitkorea.or.kr/cms/resource/23/4018323_image2_1.jpg,https://tong.visitkorea.or.kr/cms/resource/23/4018323_image3_1.jpg,2026-09-05T02:12:16.857334+09:00
2915834,38,정관장 청담사거리점,서울특별시 강남구 도산대로 511 (청담동),37.5247542812645,127.049179349883,11,680,SH,SH04,SH040300,2026-03-16 10:54:17+09:00,https://tong.visitkorea.or.kr/cms/resource/93/4018393_image2_1.jpg,https://tong.visitkorea.or.kr/cms/resource/93/4018393_image3_1.jpg,2026-09-05T02:12:16.857334+09:00
2916034,38,발렌시아가 남성 갤러리아백화점 명품관 WEST점,서울특별시 강남구 압구정로 343 (압구정동) 4층,37.5284754434309,127.040052671773,11,680,SH,SH04,SH040300,2026-03-27 09:21:50+09:00,https://tong.visitkorea.or.kr/cms/resource/41/4019041_image2_1.jpg,https://tong.visitkorea.or.kr/cms/resource/41/4019041_image3_1.jpg,2026-09-05T02:12:16.857334+09:00
2916042,38,보테가베네타 현대백화점 무역센터점,서울특별시 강남구 테헤란로 517 (삼성동) 2층,37.5086151302204,127.059765116537,11,680,SH,SH04,SH040300,2026-03-27 09:21:50+09:00,https://tong.visitkorea.or.kr/cms/resource/53/4018353_image2_1.jpg,https://tong.visitkorea.or.kr/cms/resource/53/4018353_image3_1.jpg,2026-09-05T02:12:16.857334+09:00
2916063,38,IWC 샤프하우젠 현대백화점 압구정본점,서울특별시 강남구 압구정로 165 (압구정동) 2층,37.5273661232786,127.027468526838,11,680,SH,SH04,SH040300,2026-03-19 09:49:59+09:00,https://tong.visitkorea.or.kr/cms/resource/10/4019110_image2_1.jpg,https://tong.visitkorea.or.kr/cms/resource/10/4019110_image3_1.jpg,2026-09-05T02:12:16.857334+09:00
2916090,38,예거르쿨트르 현대백화점 압구정본점,서울특별시 강남구 압구정로 165 (압구정동),37.5273661232786,127.027468526838,11,680,SH,SH04,SH040300,2026-03-27 09:21:50+09:00,https://tong.visitkorea.or.kr/cms/resource/11/4019111_image2_1.jpg,https://tong.visitkorea.or.kr/cms/resource/11/4019111_image3_1.jpg,2026-09-05T02:12:16.857334+09:00
2916099,38,구구스 압구정점,서울특별시 강남구 선릉로 846 (청담동),37.5274483971332,127.040825599548,11,680,SH,SH04,SH040300,2026-03-27 09:21:50+09:00,https://tong.visitkorea.or.kr/cms/resource/20/4020120_image2_1.jpg,https://tong.visitkorea.or.kr/cms/resource/20/4020120_image3_1.jpg,2026-09-05T02:12:16.857334+09:00
2916105,38,버버리 현대백화점 무역센터점,서울특별시 강남구 테헤란로 517 (삼성동),37.5086151302204,127.059765116537,11,680,SH,SH04,SH040300,2026-03-18 10:10:05+09:00,https://tong.visitkorea.or.kr/cms/resource/46/4018346_image2_1.jpg,https://tong.visitkorea.or.kr/cms/resource/46/4018346_image3_1.jpg,2026-09-05T02:12:16.857334+09:00
2916106,38,예거르쿨트르 현대백화점 무역센터점,서울특별시 강남구 테헤란로 517 (삼성동) 2층,37.5086151302204,127.059765116537,11,680,SH,SH04,SH040300,2026-03-27 09:21:50+09:00,https://tong.visitkorea.or.kr/cms/resource/57/4018357_image2_1.jpg,https://tong.visitkorea.or.kr/cms/resource/57/4018357_image3_1.jpg,2026-09-05T02:12:16.857334+09:00
2916194,38,프라다 남성 현대백화점 무역센터점,서울특별시 강남구 테헤란로 517 (삼성동) 7층,37.5086151302204,127.059765116537,11,680,SH,SH04,SH040300,2026-03-27 09:21:50+09:00,https://tong.visitkorea.or.kr/cms/resource/42/4018342_image2_1.jpg,https://tong.visitkorea.or.kr/cms/resource/42/4018342_image3_1.jpg,2026-09-05T02:12:16.857334+09:00
2916363,38,보테가베네타 갤러리아백화점 명품관 WEST점,서울특별시 강남구 압구정로 343 (압구정동) 1층,37.5284754434309,127.040052671773,11,680,SH,SH04,SH040300,2026-03-27 09:21:50+09:00,https://tong.visitkorea.or.kr/cms/resource/46/4019046_image2_1.jpg,https://tong.visitkorea.or.kr/cms/resource/46/4019046_image3_1.jpg,2026-09-05T02:12:16.857334+09:00
2916384,38,아트박스 강남점,서울특별시 강남구 테헤란로1길 42 (역삼동),37.5011299541918,127.027148590261,11,680,SH,SH04,SH040300,2026-03-27 09:21:50+09:00,https://tong.visitkorea.or.kr/cms/resource/77/4043177_image2_1.jpg,https://tong.visitkorea.or.kr/cms/resource/77/4043177_image3_1.jpg,2026-09-05T02:12:16.857334+09:00
2916428,38,원더플레이스 스타필드 코엑스몰점,서울특별시 강남구 영동대로 513 (삼성동) B1층,37.5118239121138,127.059159043842,11,680,SH,SH04,SH040300,2026-03-27 09:21:50+09:00,https://tong.visitkorea.or.kr/cms/resource/41/4020041_image2_1.jpg,https://tong.visitkorea.or.kr/cms/resource/41/4020041_image3_1.jpg,2026-09-05T02:12:16.857334+09:00
2916471,38,루이비통 메종 서울,서울특별시 강남구 압구정로 454 (청담동),37.525612957811,127.046226247724,11,680,SH,SH04,SH040300,2026-03-18 10:10:05+09:00,https://tong.visitkorea.or.kr/cms/resource/01/4018401_image2_1.jpg,https://tong.visitkorea.or.kr/cms/resource/01/4018401_image3_1.jpg,2026-09-05T02:12:16.857334+09:00
2916619,38,페이스플러스성형외과의원,서울특별시 강남구 강남대로 480 (논현동) 보라티알 빌딩 4층,37.5052902844477,127.024555185432,11,680,SH,SH04,SH040300,2026-03-30 09:16:11+09:00,https://tong.visitkorea.or.kr/cms/resource/41/4020441_image2_1.jpg,https://tong.visitkorea.or.kr/cms/resource/41/4020441_image3_1.jpg,2026-09-05T02:12:16.857334+09:00
2916626,38,SOLB 스타필드 코엑스몰점,서울특별시 강남구 영동대로 513 (삼성동),37.5118239121138,127.059159043842,11,680,SH,SH04,SH040300,2026-03-27 09:21:50+09:00,https://tong.visitkorea.or.kr/cms/resource/91/4020091_image2_1.jpg,https://tong.visitkorea.or.kr/cms/resource/91/4020091_image3_1.jpg,2026-09-05T02:12:16.857334+09:00
2917160,38,유니클로 스타필드 코엑스몰점,서울특별시 강남구 영동대로 513 (삼성동),37.5118239121138,127.059159043842,11,680,SH,SH04,SH040300,2026-03-27 09:21:50+09:00,https://tong.visitkorea.or.kr/cms/resource/86/4019186_image2_1.jpg,https://tong.visitkorea.or.kr/cms/resource/86/4019186_image3_1.jpg,2026-09-05T02:12:16.857334+09:00
2917162,38,미우미우 현대백화점 무역센터점,서울특별시 강남구 테헤란로 517 (삼성동) 2층,37.5086151302204,127.059765116537,11,680,SH,SH04,SH040300,2026-03-27 09:21:50+09:00,https://tong.visitkorea.or.kr/cms/resource/59/4018359_image2_1.jpg,https://tong.visitkorea.or.kr/cms/resource/59/4018359_image3_1.jpg,2026-09-05T02:12:16.857334+09:00
2917193,38,IWC 샤프하우젠 갤러리아백화점 명품관 EAST점,서울특별시 강남구 압구정로 407 (압구정동) B1층,37.527918187812,127.041831709947,11,680,SH,SH04,SH040300,2026-04-01 04:30:51+09:00,https://tong.visitkorea.or.kr/cms/resource/56/4019056_image2_1.jpg,https://tong.visitkorea.or.kr/cms/resource/56/4019056_image3_1.jpg,2026-09-05T02:12:16.857334+09:00
2917204,38,예거르쿨트르 갤러리아백화점 명품관 EAST점,서울특별시 강남구 압구정로 407 (압구정동) B1층,37.527918187812,127.041831709947,11,680,SH,SH04,SH040300,2026-03-25 09:34:32+09:00,https://tong.visitkorea.or.kr/cms/resource/34/4041934_image2_1.jpg,https://tong.visitkorea.or.kr/cms/resource/34/4041934_image3_1.jpg,2026-09-05T02:12:16.857334+09:00
2917212,38,생로랑 갤러리아백화점 명품관 WEST점,서울특별시 강남구 압구정로 343 (압구정동) 4층,37.5284754434309,127.040052671773,11,680,SH,SH04,SH040300,2026-03-19 09:49:59+09:00,https://tong.visitkorea.or.kr/cms/resource/47/4019047_image2_1.jpg,https://tong.visitkorea.or.kr/cms/resource/47/4019047_image3_1.jpg,2026-09-05T02:12:16.857334+09:00
2917250,38,올리브영 청담사거리점,서울특별시 강남구 도산대로89길 8 (청담동) 엘에이치빌딩,37.5251096681023,127.050597749548,11,680,SH,SH04,SH040300,2026-03-30 09:16:11+09:00,https://tong.visitkorea.or.kr/cms/resource/89/4028389_image2_1.jpeg,https://tong.visitkorea.or.kr/cms/resource/89/4028389_image3_1.jpeg,2026-09-05T02:12:16.857334+09:00
2917291,38,크롬하츠,서울특별시 강남구 선릉로162길 24 (청담동),37.5265208841885,127.042420674483,11,680,SH,SH04,SH040300,2026-03-19 09:49:59+09:00,https://tong.visitkorea.or.kr/cms/resource/24/4020124_image2_1.jpg,https://tong.visitkorea.or.kr/cms/resource/24/4020124_image3_1.jpg,2026-09-05T02:12:16.857334+09:00
2917554,38,에코 현대백화점 무역센터점,서울특별시 강남구 테헤란로 517 (삼성동) 4층,37.5086151302204,127.059765116537,11,680,SH,SH04,SH040300,2026-03-30 09:16:11+09:00,https://tong.visitkorea.or.kr/cms/resource/26/4018326_image2_1.jpg,https://tong.visitkorea.or.kr/cms/resource/26/4018326_image3_1.jpg,2026-09-05T02:12:16.857334+09:00
2917578,38,SJSJ 현대백화점 무역센터점,서울특별시 강남구 테헤란로 517 (삼성동) 6층,37.5086151302204,127.059765116537,11,680,SH,SH04,SH040300,2026-03-27 09:21:50+09:00,https://tong.visitkorea.or.kr/cms/resource/33/4018333_image2_1.jpg,https://tong.visitkorea.or.kr/cms/resource/33/4018333_image3_1.jpg,2026-09-05T02:12:16.857334+09:00
2917607,38,오즈세컨 현대백화점 무역센터점,서울특별시 강남구 테헤란로 517 (삼성동) 6층,37.5086151302204,127.059765116537,11,680,SH,SH04,SH040300,2026-03-27 09:21:50+09:00,https://tong.visitkorea.or.kr/cms/resource/34/4018334_image2_1.jpg,https://tong.visitkorea.or.kr/cms/resource/34/4018334_image3_1.jpg,2026-09-05T02:12:16.857334+09:00
2917627,38,게스 현대백화점 무역센터점,서울특별시 강남구 테헤란로 517 (삼성동) 6층,37.5086151302204,127.059765116537,11,680,SH,SH04,SH040300,2026-03-27 09:21:50+09:00,https://tong.visitkorea.or.kr/cms/resource/35/4018335_image2_1.jpg,https://tong.visitkorea.or.kr/cms/resource/35/4018335_image3_1.jpg,2026-09-05T02:12:16.857334+09:00
2917694,38,에잇세컨즈 가로수길점,서울특별시 강남구 강남대로156길 49 (신사동),37.5193912461881,127.02288281812,11,680,SH,SH04,SH040300,2026-03-16 10:54:17+09:00,https://tong.visitkorea.or.kr/cms/resource/05/4018105_image2_1.jpg,https://tong.visitkorea.or.kr/cms/resource/05/4018105_image3_1.jpg,2026-09-05T02:12:16.857334+09:00
2917745,38,비이커 현대백화점 무역센터점,서울특별시 강남구 테헤란로 517 (삼성동) 5층,37.5086151302204,127.059765116537,11,680,SH,SH04,SH040300,2026-03-30 09:16:11+09:00,https://tong.visitkorea.or.kr/cms/resource/32/4018332_image2_1.jpg,https://tong.visitkorea.or.kr/cms/resource/32/4018332_image3_1.jpg,2026-09-05T02:12:16.857334+09:00
2918002,38,아디다스 현대백화점 무역센터점,서울특별시 강남구 테헤란로 517 (삼성동) 6층,37.5086151302204,127.059765116537,11,680,SH,SH04,SH040300,2026-03-27 09:21:50+09:00,https://tong.visitkorea.or.kr/cms/resource/36/4018336_image2_1.jpg,https://tong.visitkorea.or.kr/cms/resource/36/4018336_image3_1.jpg,2026-09-05T02:12:16.857334+09:00
2918057,38,데상트 현대백화점 무역센터점,서울특별시 강남구 테헤란로 517 (삼성동) 6층,37.5086151302204,127.059765116537,11,680,SH,SH04,SH040300,2026-03-27 09:21:50+09:00,https://tong.visitkorea.or.kr/cms/resource/38/4018338_image2_1.jpg,https://tong.visitkorea.or.kr/cms/resource/38/4018338_image3_1.jpg,2026-09-05T02:12:16.857334+09:00
2918111,38,캠퍼 현대백화점 무역센터점,서울특별시 강남구 테헤란로 517 (삼성동) 4층,37.5086151302204,127.059765116537,11,680,SH,SH04,SH040300,2026-03-27 09:21:50+09:00,https://tong.visitkorea.or.kr/cms/resource/28/4018328_image2_1.jpg,https://tong.visitkorea.or.kr/cms/resource/28/4018328_image3_1.jpg,2026-09-05T02:12:16.857334+09:00
2918173,38,레오나드 현대백화점 무역센터점,서울특별시 강남구 테헤란로 517 (삼성동) 3층,37.5086151302204,127.059765116537,11,680,SH,SH04,SH040300,2026-03-27 09:21:50+09:00,https://tong.visitkorea.or.kr/cms/resource/22/4018322_image2_1.jpg,https://tong.visitkorea.or.kr/cms/resource/22/4018322_image3_1.jpg,2026-09-05T02:12:16.857334+09:00
2918268,38,발망 현대백화점 무역센터점,서울특별시 강남구 테헤란로 517 (삼성동) 3층,37.5086151302204,127.059765116537,11,680,SH,SH04,SH040300,2026-03-27 09:21:50+09:00,https://tong.visitkorea.or.kr/cms/resource/17/4018317_image2_1.jpg,https://tong.visitkorea.or.kr/cms/resource/17/4018317_image3_1.jpg,2026-09-05T02:12:16.857334+09:00
2918280,38,브루넬로쿠치넬리 현대백화점 무역센터점,서울특별시 강남구 테헤란로 517 (삼성동) 3층,37.5086151302204,127.059765116537,11,680,SH,SH04,SH040300,2026-03-27 09:21:50+09:00,https://tong.visitkorea.or.kr/cms/resource/24/4018324_image2_1.jpg,https://tong.visitkorea.or.kr/cms/resource/24/4018324_image3_1.jpg,2026-09-05T02:12:16.857334+09:00
2918284,38,꼼데가르송 여성 컬렉션 현대백화점 무역센터점,서울특별시 강남구 테헤란로 517 (삼성동) 3층,37.5086151302204,127.059765116537,11,680,SH,SH04,SH040300,2026-03-18 10:10:05+09:00,https://tong.visitkorea.or.kr/cms/resource/19/4018319_image2_1.jpg,https://tong.visitkorea.or.kr/cms/resource/19/4018319_image3_1.jpg,2026-09-05T02:12:16.857334+09:00
2918305,38,베르니스 현대백화점 무역센터점,서울특별시 강남구 테헤란로 517 (삼성동) 5층,37.5086151302204,127.059765116537,11,680,SH,SH04,SH040300,2026-03-27 09:21:50+09:00,https://tong.visitkorea.or.kr/cms/resource/30/4018330_image2_1.jpg,https://tong.visitkorea.or.kr/cms/resource/30/4018330_image3_1.jpg,2026-09-05T02:12:16.857334+09:00
2918331,38,노스페이스 현대백화점 무역센터점,서울특별시 강남구 테헤란로 517 (삼성동) 6층,37.5086151302204,127.059765116537,11,680,SH,SH04,SH040300,2026-03-27 09:21:50+09:00,https://tong.visitkorea.or.kr/cms/resource/48/4018348_image2_1.jpg,https://tong.visitkorea.or.kr/cms/resource/48/4018348_image3_1.jpg,2026-09-05T02:12:16.857334+09:00
2918346,38,클럽모나코 현대백화점 무역센터점,서울특별시 강남구 테헤란로 517 (삼성동) 7층,37.5086151302204,127.059765116537,11,680,SH,SH04,SH040300,2026-03-27 09:21:50+09:00,https://tong.visitkorea.or.kr/cms/resource/45/4018345_image2_1.jpg,https://tong.visitkorea.or.kr/cms/resource/45/4018345_image3_1.jpg,2026-09-05T02:12:16.857334+09:00
2918359,38,비이커 청담점,서울특별시 강남구 압구정로 408 (청담동),37.5272001524506,127.041396887239,11,680,SH,SH04,SH040300,2026-03-16 10:54:17+09:00,https://tong.visitkorea.or.kr/cms/resource/29/4019129_image2_1.jpg,https://tong.visitkorea.or.kr/cms/resource/29/4019129_image3_1.jpg,2026-09-05T02:12:16.857334+09:00
2918361,38,10꼬르소꼬모 마가찌니 가로수길점,서울특별시 강남구 압구정로10길 9 (신사동),37.5229874921731,127.022023606066,11,680,SH,SH04,SH040300,2026-03-18 10:10:05+09:00,https://tong.visitkorea.or.kr/cms/resource/26/4018126_image2_1.jpg,https://tong.visitkorea.or.kr/cms/resource/26/4018126_image3_1.jpg,2026-09-05T02:12:16.857334+09:00
2918378,38,10꼬르소꼬모 청담점,"서울특별시 강남구 압구정로 416 (청담동) 1층, 2층",37.5269289539938,127.04240393602,11,680,SH,SH04,SH040300,2026-03-18 10:10:05+09:00,https://tong.visitkorea.or.kr/cms/resource/15/4018515_image2_1.jpg,https://tong.visitkorea.or.kr/cms/resource/15/4018515_image3_1.jpg,2026-09-05T02:12:16.857334+09:00
2918380,38,스톤아일랜드 현대백화점 무역센터점,서울특별시 강남구 테헤란로 517 (삼성동) 7층,37.5086151302204,127.059765116537,11,680,SH,SH04,SH040300,2026-03-27 09:21:50+09:00,https://tong.visitkorea.or.kr/cms/resource/39/4018339_image2_1.jpg,https://tong.visitkorea.or.kr/cms/resource/39/4018339_image3_1.jpg,2026-09-05T02:12:16.857334+09:00
2918404,38,랑방컬렉션 현대백화점 무역센터점,서울특별시 강남구 테헤란로 517 (삼성동) 5층,37.5086151302204,127.059765116537,11,680,SH,SH04,SH040300,2026-03-18 10:10:05+09:00,https://tong.visitkorea.or.kr/cms/resource/31/4018331_image2_1.jpg,https://tong.visitkorea.or.kr/cms/resource/31/4018331_image3_1.jpg,2026-09-05T02:12:16.857334+09:00
2918408,38,유니클로 롯데백화점 강남점,서울특별시 강남구 도곡로 401 (대치동) 7층,37.496979324799,127.053254695846,11,680,SH,SH04,SH040300,2026-03-27 09:21:50+09:00,https://tong.visitkorea.or.kr/cms/resource/89/4018689_image2_1.jpg,https://tong.visitkorea.or.kr/cms/resource/89/4018689_image3_1.jpg,2026-09-05T02:12:16.857334+09:00
2918438,38,플리츠플리즈 현대백화점 무역센터점,서울특별시 강남구 테헤란로 517 (삼성동) 3층,37.5086151302204,127.059765116537,11,680,SH,SH04,SH040300,2026-03-27 09:21:50+09:00,https://tong.visitkorea.or.kr/cms/resource/21/4018321_image2_1.jpg,https://tong.visitkorea.or.kr/cms/resource/21/4018321_image3_1.jpg,2026-09-05T02:12:16.857334+09:00
2918448,38,디디에두보 현대백화점 무역센터점,서울특별시 강남구 테헤란로 517 (삼성동),37.5086151302204,127.059765116537,11,680,SH,SH04,SH040300,2026-03-27 09:21:50+09:00,https://tong.visitkorea.or.kr/cms/resource/61/4018361_image2_1.jpg,https://tong.visitkorea.or.kr/cms/resource/61/4018361_image3_1.jpg,2026-09-05T02:12:16.857334+09:00
2918460,38,제이에스티나 현대백화점 무역센터점,서울특별시 강남구 테헤란로 517 (삼성동) 2층,37.5086151302204,127.059765116537,11,680,SH,SH04,SH040300,2026-03-27 09:21:50+09:00,https://tong.visitkorea.or.kr/cms/resource/50/4018350_image2_1.jpg,https://tong.visitkorea.or.kr/cms/resource/50/4018350_image3_1.jpg,2026-09-05T02:12:16.857334+09:00
2918467,38,스와로브스키 현대백화점 무역센터점,서울특별시 강남구 테헤란로 517 (삼성동) 2층,37.5086151302204,127.059765116537,11,680,SH,SH04,SH040300,2026-03-27 09:21:50+09:00,https://tong.visitkorea.or.kr/cms/resource/55/4018355_image2_1.jpg,https://tong.visitkorea.or.kr/cms/resource/55/4018355_image3_1.jpg,2026-09-05T02:12:16.857334+09:00
2918575,38,로에베 현대백화점 무역센터점,서울특별시 강남구 테헤란로 517 (삼성동) 2층,37.5086151302204,127.059765116537,11,680,SH,SH04,SH040300,2026-03-27 09:21:50+09:00,https://tong.visitkorea.or.kr/cms/resource/51/4018351_image2_1.jpg,https://tong.visitkorea.or.kr/cms/resource/51/4018351_image3_1.jpg,2026-09-05T02:12:16.857334+09:00
2918628,38,골든구스 현대백화점 무역센터점,서울특별시 강남구 테헤란로 517 (삼성동) 2층,37.5086151302204,127.059765116537,11,680,SH,SH04,SH040300,2026-03-27 09:21:50+09:00,https://tong.visitkorea.or.kr/cms/resource/58/4018358_image2_1.jpg,https://tong.visitkorea.or.kr/cms/resource/58/4018358_image3_1.jpg,2026-09-05T02:12:16.857334+09:00
2918683,38,0914 도산공원 플래그십 스토어,"서울특별시 강남구 도산대로45길 15 (신사동) 1, 2층",37.5232308390531,127.035117406029,11,680,SH,SH04,SH040300,2026-03-27 09:21:50+09:00,https://tong.visitkorea.or.kr/cms/resource/71/4044971_image2_1.JPG,https://tong.visitkorea.or.kr/cms/resource/71/4044971_image3_1.JPG,2026-09-05T02:12:16.857334+09:00
2918737,38,탑클래스성형외과의원,서울특별시 강남구 강남대로 416 (역삼동) 창림빌딩 5층,37.4997988058128,127.027157607819,11,680,SH,SH04,SH040300,2026-03-30 09:16:11+09:00,https://tong.visitkorea.or.kr/cms/resource/42/4020442_image2_1.jpg,https://tong.visitkorea.or.kr/cms/resource/42/4020442_image3_1.jpg,2026-09-05T02:12:16.857334+09:00
2922387,38,빈폴멘 현대백화점 무역센터점,서울특별시 강남구 테헤란로 517 (삼성동) 6층,37.5086151302204,127.059765116537,11,680,SH,SH04,SH040300,2026-04-01 03:26:51+09:00,https://tong.visitkorea.or.kr/cms/resource/37/4018337_image2_1.jpg,https://tong.visitkorea.or.kr/cms/resource/37/4018337_image3_1.jpg,2026-09-05T02:12:16.857334+09:00
2922388,38,갤럭시 현대백화점 무역센터점,서울특별시 강남구 테헤란로 517 (삼성동) 7층,37.5086151302204,127.059765116537,11,680,SH,SH04,SH040300,2026-03-27 09:21:50+09:00,https://tong.visitkorea.or.kr/cms/resource/44/4018344_image2_1.jpg,https://tong.visitkorea.or.kr/cms/resource/44/4018344_image3_1.jpg,2026-09-05T02:12:16.857334+09:00
2922521,38,더샘 코엑스몰점,서울특별시 강남구 테헤란로87길 22 (삼성동),37.5096322564759,127.059443354483,11,680,SH,SH04,SH040300,2026-03-18 10:10:05+09:00,https://tong.visitkorea.or.kr/cms/resource/55/4017155_image2_1.jpg,https://tong.visitkorea.or.kr/cms/resource/55/4017155_image3_1.jpg,2026-09-05T02:12:16.857334+09:00
2922525,38,룩옵티컬 강남역점,서울특별시 강남구 강남대로98길 9 (역삼동) 의성빌딩 1층,37.5007404072867,127.027330864576,11,680,SH,SH04,SH040300,2026-03-27 09:21:50+09:00,https://tong.visitkorea.or.kr/cms/resource/15/4044515_image2_1.jpg,https://tong.visitkorea.or.kr/cms/resource/15/4044515_image3_1.jpg,2026-09-05T02:12:16.857334+09:00
2922530,38,아로마글로바 서울사무소,서울특별시 강남구 영동대로 607 (삼성동) 랜드마크빌딩 9층,37.5145473024381,127.059486615422,11,680,SH,SH04,SH040300,2026-03-19 09:49:59+09:00,https://tong.visitkorea.or.kr/cms/resource/66/4019866_image2_1.jpg,https://tong.visitkorea.or.kr/cms/resource/66/4019866_image3_1.jpg,2026-09-05T02:12:16.857334+09:00
2922764,38,올리브영 청담역점,서울특별시 강남구 삼성로 716 (청담동) 리임빌딩,37.5199060766075,127.050036555762,11,680,SH,SH04,SH040300,2026-03-19 09:49:59+09:00,https://tong.visitkorea.or.kr/cms/resource/88/4029188_image2_1.jpeg,https://tong.visitkorea.or.kr/cms/resource/88/4029188_image3_1.jpeg,2026-09-05T02:12:16.857334+09:00
2922820,38,찰스앤키스 스타필드 코엑스몰점,서울특별시 강남구 영동대로 513 (삼성동),37.5118239121138,127.059159043842,11,680,SH,SH04,SH040300,2026-03-27 09:21:50+09:00,https://tong.visitkorea.or.kr/cms/resource/53/4020053_image2_1.jpg,https://tong.visitkorea.or.kr/cms/resource/53/4020053_image3_1.jpg,2026-09-05T02:12:16.857334+09:00
2922835,38,에잇세컨즈 스타필드 코엑스몰점,서울특별시 강남구 영동대로 513 (삼성동),37.5118239121138,127.059159043842,11,680,SH,SH04,SH040300,2026-03-27 09:21:50+09:00,https://tong.visitkorea.or.kr/cms/resource/36/4020036_image2_1.jpg,https://tong.visitkorea.or.kr/cms/resource/36/4020036_image3_1.jpg,2026-09-05T02:12:16.857334+09:00
2922914,38,프라임안경원 스타필드 코엑스몰점,서울특별시 강남구 영동대로 513 (삼성동),37.5118239121138,127.059159043842,11,680,SH,SH04,SH040300,2026-03-26 09:20:41+09:00,https://tong.visitkorea.or.kr/cms/resource/16/4019216_image2_1.jpg,https://tong.visitkorea.or.kr/cms/resource/16/4019216_image3_1.jpg,2026-09-05T02:12:16.857334+09:00
2922916,38,몽블랑 갤러리아백화점 명품관 EAST점,서울특별시 강남구 압구정로 407 (압구정동),37.527918187812,127.041831709947,11,680,SH,SH04,SH040300,2026-03-26 09:20:41+09:00,https://tong.visitkorea.or.kr/cms/resource/77/4019277_image2_1.jpg,https://tong.visitkorea.or.kr/cms/resource/77/4019277_image3_1.jpg,2026-09-05T02:12:16.857334+09:00
2922930,38,몽블랑 현대백화점 무역센터점,서울특별시 강남구 테헤란로 517 (삼성동) 2층,37.5086151302204,127.059765116537,11,680,SH,SH04,SH040300,2026-03-26 09:20:41+09:00,https://tong.visitkorea.or.kr/cms/resource/86/4019286_image2_1.jpg,https://tong.visitkorea.or.kr/cms/resource/86/4019286_image3_1.jpg,2026-09-05T02:12:16.857334+09:00
2922988,38,ARTAGE,서울특별시 강남구 언주로168길 7 (신사동),37.5265685946337,127.034221625738,11,680,SH,SH04,SH040300,2026-03-16 10:54:17+09:00,https://tong.visitkorea.or.kr/cms/resource/61/4020461_image2_1.jpg,https://tong.visitkorea.or.kr/cms/resource/61/4020461_image3_1.jpg,2026-09-05T02:12:16.857334+09:00
2923055,38,더소뇨 강남점,서울특별시 강남구 언주로172길 36 (신사동) 1층,37.5271189976581,127.036686312912,11,680,SH,SH04,SH040300,2026-03-27 09:21:50+09:00,https://tong.visitkorea.or.kr/cms/resource/95/4044495_image2_1.jpg,https://tong.visitkorea.or.kr/cms/resource/95/4044495_image3_1.jpg,2026-09-05T02:12:16.857334+09:00
2923509,38,로우클래식 가로수길점,서울특별시 강남구 논현로159길 57 (신사동),37.5215539373,127.0237270304,11,680,SH,SH04,SH040300,2026-07-28 13:29:40+09:00,,,2026-09-05T02:12:16.857334+09:00
2923561,38,예원코리아 스타필드 코엑스몰점,서울특별시 강남구 영동대로 513 (삼성동),37.5118239121138,127.059159043842,11,680,SH,SH04,SH040300,2026-03-19 09:49:59+09:00,https://tong.visitkorea.or.kr/cms/resource/17/4019217_image2_1.jpg,https://tong.visitkorea.or.kr/cms/resource/17/4019217_image3_1.jpg,2026-09-05T02:12:16.857334+09:00
2923641,38,아디다스 롯데백화점 강남점,서울특별시 강남구 도곡로 401 (대치동) 7층,37.496979324799,127.053254695846,11,680,SH,SH04,SH040300,2026-03-27 09:21:50+09:00,https://tong.visitkorea.or.kr/cms/resource/88/4018688_image2_1.jpg,https://tong.visitkorea.or.kr/cms/resource/88/4018688_image3_1.jpg,2026-09-05T02:12:16.857334+09:00
2923688,38,올리브영 타워팰리스점,서울특별시 강남구 언주로30길 39 (도곡동) 1층,37.4887462103566,127.053214137263,11,680,SH,SH04,SH040300,2026-03-17 10:12:59+09:00,https://tong.visitkorea.or.kr/cms/resource/03/4028403_image2_1.png,https://tong.visitkorea.or.kr/cms/resource/03/4028403_image3_1.png,2026-09-05T02:12:16.857334+09:00
2923879,38,네스프레소 부티크 현대백화점 무역센터점,서울특별시 강남구 테헤란로 517 (삼성동) 3층,37.5086151302204,127.059765116537,11,680,SH,SH04,SH040300,2026-04-01 03:24:45+09:00,https://tong.visitkorea.or.kr/cms/resource/18/4018318_image2_1.jpg,https://tong.visitkorea.or.kr/cms/resource/18/4018318_image3_1.jpg,2026-09-05T02:12:16.857334+09:00
2923944,38,이즈나나,서울특별시 강남구 가로수길 80 (신사동),37.5232269395312,127.022706044454,11,680,SH,SH04,SH040300,2026-03-16 10:54:17+09:00,https://tong.visitkorea.or.kr/cms/resource/24/4018124_image2_1.jpg,https://tong.visitkorea.or.kr/cms/resource/24/4018124_image3_1.jpg,2026-09-05T02:12:16.857334+09:00
2923998,38,이솝 가로수길,서울특별시 강남구 가로수길 54 (신사동),37.5215849046975,127.022952040093,11,680,SH,SH04,SH040300,2026-03-18 10:10:05+09:00,https://tong.visitkorea.or.kr/cms/resource/19/4018119_image2_1.jpg,https://tong.visitkorea.or.kr/cms/resource/19/4018119_image3_1.jpg,2026-09-05T02:12:16.857334+09:00
2924009,38,쇼파드 갤러리아백화점 명품관 EAST점,서울특별시 강남구 압구정로 407 (압구정동),37.527918187812,127.041831709947,11,680,SH,SH04,SH040300,2026-03-27 09:21:50+09:00,https://tong.visitkorea.or.kr/cms/resource/57/4019057_image2_1.jpg,https://tong.visitkorea.or.kr/cms/resource/57/4019057_image3_1.jpg,2026-09-05T02:12:16.857334+09:00
2924051,38,스톤헨지 현대백화점 무역센터점,서울특별시 강남구 테헤란로 517 (삼성동) 2층,37.5086151302204,127.059765116537,11,680,SH,SH04,SH040300,2026-03-27 09:21:50+09:00,https://tong.visitkorea.or.kr/cms/resource/52/4018352_image2_1.jpg,https://tong.visitkorea.or.kr/cms/resource/52/4018352_image3_1.jpg,2026-09-05T02:12:16.857334+09:00
2924063,38,에메랄드약국,서울특별시 강남구 도산대로 122 (논현동) 에메랄드타워 1층,37.5168459639768,127.022136047241,11,680,SH,SH04,SH040300,2026-03-30 09:16:11+09:00,https://tong.visitkorea.or.kr/cms/resource/95/4017695_image2_1.jpg,https://tong.visitkorea.or.kr/cms/resource/95/4017695_image3_1.jpg,2026-09-05T02:12:16.857334+09:00
2924155,38,이노아이 스타필드 코엑스몰점,서울특별시 강남구 영동대로 513 (삼성동),37.5118239121138,127.059159043842,11,680,SH,SH04,SH040300,2026-03-27 09:21:50+09:00,https://tong.visitkorea.or.kr/cms/resource/11/4020111_image2_1.jpg,https://tong.visitkorea.or.kr/cms/resource/11/4020111_image3_1.jpg,2026-09-05T02:12:16.857334+09:00
2924323,38,웍스아웃 압구정점,서울특별시 강남구 선릉로157길 20-4 (신사동),37.5264538450077,127.038488593225,11,680,SH,SH04,SH040300,2026-03-16 10:54:17+09:00,https://tong.visitkorea.or.kr/cms/resource/99/4020199_image2_1.jpg,https://tong.visitkorea.or.kr/cms/resource/99/4020199_image3_1.jpg,2026-09-05T02:12:16.857334+09:00
2924328,38,모노폴리,서울특별시 강남구 논현로163길 15 (신사동) 1층,37.5240087667602,127.026868747006,11,680,SH,SH04,SH040300,2026-03-17 10:12:59+09:00,https://tong.visitkorea.or.kr/cms/resource/15/4020515_image2_1.jpeg,https://tong.visitkorea.or.kr/cms/resource/15/4020515_image3_1.jpeg,2026-09-05T02:12:16.857334+09:00
2924470,38,올리브영 강남중앙점,서울특별시 강남구 강남대로 374 (역삼동),37.4962895621722,127.029067230812,11,680,SH,SH04,SH040300,2026-03-17 10:12:59+09:00,https://tong.visitkorea.or.kr/cms/resource/72/4028372_image2_1.png,https://tong.visitkorea.or.kr/cms/resource/72/4028372_image3_1.png,2026-09-05T02:12:16.857334+09:00
2924471,38,발렌티노 갤러리아백화점 명품관 EAST점,서울특별시 강남구 압구정로 407 (압구정동) 2층,37.527918187812,127.041831709947,11,680,SH,SH04,SH040300,2026-03-27 09:21:50+09:00,https://tong.visitkorea.or.kr/cms/resource/51/4019051_image2_1.jpg,https://tong.visitkorea.or.kr/cms/resource/51/4019051_image3_1.jpg,2026-09-05T02:12:16.857334+09:00
2924513,38,발렌티노남성 갤러리아백화점 명품관 WEST점,서울특별시 강남구 압구정로 343 (압구정동),37.5284754434309,127.040052671773,11,680,SH,SH04,SH040300,2026-03-19 09:49:59+09:00,https://tong.visitkorea.or.kr/cms/resource/48/4019048_image2_1.jpg,https://tong.visitkorea.or.kr/cms/resource/48/4019048_image3_1.jpg,2026-09-05T02:12:16.857334+09:00
2924553,38,아프리카 더 블랙 파르나스몰점,서울특별시 강남구 테헤란로 521 (삼성동) B1층,37.5091916919873,127.06080691987,11,680,SH,SH04,SH040300,2026-03-19 09:49:59+09:00,https://tong.visitkorea.or.kr/cms/resource/43/4020043_image2_1.jpg,https://tong.visitkorea.or.kr/cms/resource/43/4020043_image3_1.jpg,2026-09-05T02:12:16.857334+09:00
2924569,38,설화수 발란스스파,서울특별시 강남구 도산대로45길 18 (신사동) 4층,37.5235577031642,127.035484424146,11,680,SH,SH04,SH040300,2026-03-27 09:21:50+09:00,https://tong.visitkorea.or.kr/cms/resource/27/4044527_image2_1.jpg,https://tong.visitkorea.or.kr/cms/resource/27/4044527_image3_1.jpg,2026-09-05T02:12:16.857334+09:00
2924608,38,록시땅 현대백화점 무역센터점,서울특별시 강남구 테헤란로 517 (삼성동) 2층,37.5086151302204,127.059765116537,11,680,SH,SH04,SH040300,2026-03-27 09:21:50+09:00,https://tong.visitkorea.or.kr/cms/resource/60/4018360_image2_1.jpg,https://tong.visitkorea.or.kr/cms/resource/60/4018360_image3_1.jpg,2026-09-05T02:12:16.857334+09:00
2924634,38,토니모리 스타필드 코엑스몰점,서울특별시 강남구 영동대로 513 (삼성동) B1층,37.5118239121138,127.059159043842,11,680,SH,SH04,SH040300,2026-03-27 09:21:50+09:00,https://tong.visitkorea.or.kr/cms/resource/10/4020110_image2_1.jpg,https://tong.visitkorea.or.kr/cms/resource/10/4020110_image3_1.jpg,2026-09-05T02:12:16.857334+09:00
2924668,38,골드젬 스타필드 코엑스몰점,서울특별시 강남구 영동대로 513 (삼성동) B1층,37.5118239121138,127.059159043842,11,680,SH,SH04,SH040300,2026-03-27 09:21:50+09:00,https://tong.visitkorea.or.kr/cms/resource/89/4020089_image2_1.jpg,https://tong.visitkorea.or.kr/cms/resource/89/4020089_image3_1.jpg,2026-09-05T02:12:16.857334+09:00
2924674,38,닥터마틴 스타필드 코엑스몰점,서울특별시 강남구 영동대로 513 (삼성동) B1층,37.5118239121138,127.059159043842,11,680,SH,SH04,SH040300,2026-03-27 09:21:50+09:00,https://tong.visitkorea.or.kr/cms/resource/83/4020083_image2_1.jpg,https://tong.visitkorea.or.kr/cms/resource/83/4020083_image3_1.jpg,2026-09-05T02:12:16.857334+09:00
2924678,38,럭키슈에뜨 스타필드 코엑스몰점,서울특별시 강남구 영동대로 513 (삼성동) B1층,37.5118239121138,127.059159043842,11,680,SH,SH04,SH040300,2026-03-27 09:21:50+09:00,https://tong.visitkorea.or.kr/cms/resource/75/4020075_image2_1.jpg,https://tong.visitkorea.or.kr/cms/resource/75/4020075_image3_1.jpg,2026-09-05T02:12:16.857334+09:00
2924785,38,ZARA HOME 스타필드 코엑스몰점,서울특별시 강남구 영동대로 513 (삼성동) B1층,37.5118239121138,127.059159043842,11,680,SH,SH04,SH040300,2026-03-27 09:21:50+09:00,https://tong.visitkorea.or.kr/cms/resource/85/4019185_image2_1.jpg,https://tong.visitkorea.or.kr/cms/resource/85/4019185_image3_1.jpg,2026-09-05T02:12:16.857334+09:00
2924788,38,아디다스 퍼포먼스 스타필드 코엑스몰점,서울특별시 강남구 영동대로 513 (삼성동),37.5118239121138,127.059159043842,11,680,SH,SH04,SH040300,2026-03-19 09:49:59+09:00,https://tong.visitkorea.or.kr/cms/resource/82/4019282_image2_1.jpg,https://tong.visitkorea.or.kr/cms/resource/82/4019282_image3_1.jpg,2026-09-05T02:12:16.857334+09:00
2924789,38,아디다스 오리지널스 스타필드 코엑스몰점,서울특별시 강남구 영동대로 513 (삼성동),37.5118239121138,127.059159043842,11,680,SH,SH04,SH040300,2026-03-26 09:20:41+09:00,https://tong.visitkorea.or.kr/cms/resource/12/4019212_image2_1.jpg,https://tong.visitkorea.or.kr/cms/resource/12/4019212_image3_1.jpg,2026-09-05T02:12:16.857334+09:00
2924803,38,칼하트WIP 스타필드 코엑스몰점,서울특별시 강남구 영동대로 513 (삼성동) B1층,37.5118239121138,127.059159043842,11,680,SH,SH04,SH040300,2026-03-27 09:21:50+09:00,https://tong.visitkorea.or.kr/cms/resource/39/4020039_image2_1.jpg,https://tong.visitkorea.or.kr/cms/resource/39/4020039_image3_1.jpg,2026-09-05T02:12:16.857334+09:00
2925587,38,코오롱스포츠 롯데백화점 강남점,서울특별시 강남구 도곡로 401 (대치동) 6층,37.496979324799,127.053254695846,11,680,SH,SH04,SH040300,2026-03-25 09:34:32+09:00,https://tong.visitkorea.or.kr/cms/resource/15/4041915_image2_1.jpg,https://tong.visitkorea.or.kr/cms/resource/15/4041915_image3_1.jpg,2026-09-05T02:12:16.857334+09:00
2925606,38,스킨밴드 스타필드 코엑스몰점,서울특별시 강남구 영동대로 513 (삼성동),37.5118239121138,127.059159043842,11,680,SH,SH04,SH040300,2026-03-27 09:21:50+09:00,https://tong.visitkorea.or.kr/cms/resource/06/4020106_image2_1.jpg,https://tong.visitkorea.or.kr/cms/resource/06/4020106_image3_1.jpg,2026-09-05T02:12:16.857334+09:00
2925647,38,로저비비에 갤러리아백화점 명품관 EAST점,서울특별시 강남구 압구정로 407 (압구정동) 2층,37.527918187812,127.041831709947,11,680,SH,SH04,SH040300,2026-03-27 09:21:50+09:00,https://tong.visitkorea.or.kr/cms/resource/27/4019127_image2_1.jpg,https://tong.visitkorea.or.kr/cms/resource/27/4019127_image3_1.jpg,2026-09-05T02:12:16.857334+09:00
2925656,38,유니페어,서울특별시 강남구 언주로164길 37-1 (신사동) 1층,37.5256019653415,127.036735120188,11,680,SH,SH04,SH040300,2026-03-17 10:12:59+09:00,https://tong.visitkorea.or.kr/cms/resource/24/4020524_image2_1.jpeg,https://tong.visitkorea.or.kr/cms/resource/24/4020524_image3_1.jpeg,2026-09-05T02:12:16.857334+09:00
2925670,38,한국도자기 논현점,서울특별시 강남구 논현로 729 (논현동) 1층,37.5170803714218,127.028956974437,11,680,SH,SH04,SH040300,2026-03-27 09:21:50+09:00,https://tong.visitkorea.or.kr/cms/resource/15/4044915_image2_1.JPG,https://tong.visitkorea.or.kr/cms/resource/15/4044915_image3_1.JPG,2026-09-05T02:12:16.857334+09:00
2925676,38,갤럭시 롯데백화점 강남점,서울특별시 강남구 도곡로 401 (대치동) 5층,37.496979324799,127.053254695846,11,680,SH,SH04,SH040300,2026-03-27 09:21:50+09:00,https://tong.visitkorea.or.kr/cms/resource/86/4018686_image2_1.jpg,https://tong.visitkorea.or.kr/cms/resource/86/4018686_image3_1.jpg,2026-09-05T02:12:16.857334+09:00
2925691,38,인디브랜드 가로수길점,서울특별시 강남구 가로수길 66 (신사동),37.5223924888807,127.022872535477,11,680,SH,SH04,SH040300,2026-04-01 03:07:07+09:00,https://tong.visitkorea.or.kr/cms/resource/22/4018122_image2_1.jpg,https://tong.visitkorea.or.kr/cms/resource/22/4018122_image3_1.jpg,2026-09-05T02:12:16.857334+09:00
2925701,38,ECRU,서울특별시 강남구 도산대로49길 16-4 (신사동) 1층,37.5239136663699,127.037596875846,11,680,SH,SH04,SH040300,2026-03-27 09:21:50+09:00,https://tong.visitkorea.or.kr/cms/resource/30/4044530_image2_1.jpg,https://tong.visitkorea.or.kr/cms/resource/30/4044530_image3_1.jpg,2026-09-05T02:12:16.857334+09:00
2925732,38,라이카 스토어 현대백화점 무역센터점,서울특별시 강남구 테헤란로 517 (삼성동) 7층,37.5086151302204,127.059765116537,11,680,SH,SH04,SH040300,2026-03-18 10:10:05+09:00,https://tong.visitkorea.or.kr/cms/resource/43/4018343_image2_1.jpg,https://tong.visitkorea.or.kr/cms/resource/43/4018343_image3_1.jpg,2026-09-05T02:12:16.857334+09:00
2925743,38,고야드 갤러리아백화점 명품관 EAST점,서울특별시 강남구 압구정로 407 (압구정동) 1층,37.527918187812,127.041831709947,11,680,SH,SH04,SH040300,2026-03-27 09:21:50+09:00,https://tong.visitkorea.or.kr/cms/resource/58/4019058_image2_1.jpg,https://tong.visitkorea.or.kr/cms/resource/58/4019058_image3_1.jpg,2026-09-05T02:12:16.857334+09:00
2925786,38,고야드 현대백화점 무역센터점,서울특별시 강남구 테헤란로 517 (삼성동) 1층,37.5086151302204,127.059765116537,11,680,SH,SH04,SH040300,2026-03-27 09:21:50+09:00,https://tong.visitkorea.or.kr/cms/resource/62/4018362_image2_1.jpg,https://tong.visitkorea.or.kr/cms/resource/62/4018362_image3_1.jpg,2026-09-05T02:12:16.857334+09:00
2925789,38,파나쉬 차선영,서울특별시 강남구 도산대로61길 10 (청담동) 2층,37.5245825273379,127.043004442014,11,680,SH,SH04,SH040300,2026-03-19 09:49:59+09:00,https://tong.visitkorea.or.kr/cms/resource/52/4020452_image2_1.jpg,https://tong.visitkorea.or.kr/cms/resource/52/4020452_image3_1.jpg,2026-09-05T02:12:16.857334+09:00
2925795,38,올리브영 선릉로점,서울특별시 강남구 테헤란로64길 20 (대치동) 원동방빌딩 1층,37.5036212499537,127.051264642306,11,680,SH,SH04,SH040300,2026-03-30 09:16:11+09:00,https://tong.visitkorea.or.kr/cms/resource/24/4028424_image2_1.jpg,https://tong.visitkorea.or.kr/cms/resource/24/4028424_image3_1.jpg,2026-09-05T02:12:16.857334+09:00
2925805,38,로저비비에 현대백화점 압구정본점,서울특별시 강남구 압구정로 165 (압구정동) 3층,37.5273661232786,127.027468526838,11,680,SH,SH04,SH040300,2026-03-27 09:21:50+09:00,https://tong.visitkorea.or.kr/cms/resource/07/4019107_image2_1.jpg,https://tong.visitkorea.or.kr/cms/resource/07/4019107_image3_1.jpg,2026-09-05T02:12:16.857334+09:00
2926491,38,파네라이 현대백화점 무역센터점,서울특별시 강남구 테헤란로 517 (삼성동) 2층,37.5086151302204,127.059765116537,11,680,SH,SH04,SH040300,2026-03-26 09:20:41+09:00,https://tong.visitkorea.or.kr/cms/resource/67/4041867_image2_1.jpg,https://tong.visitkorea.or.kr/cms/resource/67/4041867_image3_1.jpg,2026-09-05T02:12:16.857334+09:00
2926568,38,발렌티노 현대백화점 압구정본점,서울특별시 강남구 압구정로 165 (압구정동) 3층,37.5273661232786,127.027468526838,11,680,SH,SH04,SH040300,2026-03-27 09:21:50+09:00,https://tong.visitkorea.or.kr/cms/resource/08/4019108_image2_1.jpg,https://tong.visitkorea.or.kr/cms/resource/08/4019108_image3_1.jpg,2026-09-05T02:12:16.857334+09:00
2926590,38,COS 청담점,서울특별시 강남구 압구정로 418 (청담동),37.5270247142787,127.042699034302,11,680,SH,SH04,SH040300,2026-03-27 09:21:50+09:00,https://tong.visitkorea.or.kr/cms/resource/18/4020118_image2_1.jpg,https://tong.visitkorea.or.kr/cms/resource/18/4020118_image3_1.jpg,2026-09-05T02:12:16.857334+09:00
2926695,38,이마트 수서점,서울특별시 강남구 광평로 280 (수서동) B1층,37.4873191631489,127.103108072457,11,680,SH,SH04,SH040300,2026-03-26 09:20:41+09:00,https://tong.visitkorea.or.kr/cms/resource/60/4042660_image2_1.jpg,https://tong.visitkorea.or.kr/cms/resource/60/4042660_image3_1.jpg,2026-09-05T02:12:16.857334+09:00
2926952,39,마포집,서울특별시 강남구 남부순환로 2726 거북빌딩,37.4856190837301,127.044142353794,11,680,FD,FD01,FD010100,2026-05-19 17:26:24+09:00,,,2026-09-05T02:12:16.857334+09:00
2926998,39,타워차이 본점,"서울특별시 강남구 언주로30길 26 (도곡동, 타워팰리스)",37.4879772126,127.0524276047,11,680,FD,FD02,FD020100,2026-06-16 18:09:32+09:00,,,2026-09-05T02:12:16.857334+09:00
2927063,38,갤럭시라이프스타일 롯데백화점 강남점,서울특별시 강남구 도곡로 401 (대치동) 5층,37.496979324799,127.053254695846,11,680,SH,SH04,SH040300,2026-03-27 09:21:50+09:00,https://tong.visitkorea.or.kr/cms/resource/85/4018685_image2_1.jpg,https://tong.visitkorea.or.kr/cms/resource/85/4018685_image3_1.jpg,2026-09-05T02:12:16.857334+09:00
2927114,38,리복 스타필드 코엑스몰점,서울특별시 강남구 영동대로 513 (삼성동) B1층,37.5118239121138,127.059159043842,11,680,SH,SH04,SH040300,2026-03-27 09:21:50+09:00,https://tong.visitkorea.or.kr/cms/resource/01/4019201_image2_1.jpg,https://tong.visitkorea.or.kr/cms/resource/01/4019201_image3_1.jpg,2026-09-05T02:12:16.857334+09:00
2927266,38,온더스팟 가로수길점,서울특별시 강남구 도산대로11길 44 (신사동) 주명빌딩,37.5203384704279,127.02241444995,11,680,SH,SH04,SH040300,2026-03-19 09:49:59+09:00,https://tong.visitkorea.or.kr/cms/resource/20/4020520_image2_1.jpeg,https://tong.visitkorea.or.kr/cms/resource/20/4020520_image3_1.jpeg,2026-09-05T02:12:16.857334+09:00
2927640,38,정관장 KT&G타워본점,서울특별시 강남구 테헤란로98길 8 (대치동),37.507683415026,127.062010676556,11,680,SH,SH04,SH040300,2026-03-27 09:21:50+09:00,https://tong.visitkorea.or.kr/cms/resource/69/4019869_image2_1.jpg,https://tong.visitkorea.or.kr/cms/resource/69/4019869_image3_1.jpg,2026-09-05T02:12:16.857334+09:00
2927684,38,갤러리안경415,서울특별시 강남구 도곡로 415 (대치동) 1층,37.4975429944001,127.055983067353,11,680,SH,SH04,SH040300,2026-03-19 09:49:59+09:00,https://tong.visitkorea.or.kr/cms/resource/18/4020518_image2_1.jpeg,https://tong.visitkorea.or.kr/cms/resource/18/4020518_image3_1.jpeg,2026-09-05T02:12:16.857334+09:00
2927748,38,롤렉스 우노와치 현대백화점 압구정본점,서울특별시 강남구 압구정로 165 (압구정동) 2층,37.5273661232786,127.027468526838,11,680,SH,SH04,SH040300,2026-03-19 09:49:59+09:00,https://tong.visitkorea.or.kr/cms/resource/17/4019117_image2_1.jpg,https://tong.visitkorea.or.kr/cms/resource/17/4019117_image3_1.jpg,2026-09-05T02:12:16.857334+09:00
2927917,38,ABC마트 GS 스타필드 코엑스몰점,서울특별시 강남구 영동대로 513 (삼성동) B1층,37.5118239121138,127.059159043842,11,680,SH,SH04,SH040300,2026-03-27 09:21:50+09:00,https://tong.visitkorea.or.kr/cms/resource/22/4020022_image2_1.jpg,https://tong.visitkorea.or.kr/cms/resource/22/4020022_image3_1.jpg,2026-09-05T02:12:16.857334+09:00
2928162,38,룰루레몬 청담 스토어,서울특별시 강남구 선릉로 835 (신사동),37.5266787660131,127.040022071129,11,680,SH,SH04,SH040300,2026-03-19 09:49:59+09:00,https://tong.visitkorea.or.kr/cms/resource/88/4020188_image2_1.jpg,https://tong.visitkorea.or.kr/cms/resource/88/4020188_image3_1.jpg,2026-09-05T02:12:16.857334+09:00
2928276,38,미우미우 청담점,서울특별시 강남구 압구정로 439 (청담동),37.5268818124541,127.045365204963,11,680,SH,SH04,SH040300,2026-03-16 10:54:17+09:00,https://tong.visitkorea.or.kr/cms/resource/03/4018403_image2_1.jpg,https://tong.visitkorea.or.kr/cms/resource/03/4018403_image3_1.jpg,2026-09-05T02:12:16.857334+09:00
2928679,38,쉬즈미스 테헤란로점,서울특별시 강남구 테헤란로 419 (삼성동) 1층,37.5058701186479,127.052180354928,11,680,SH,SH04,SH040300,2026-03-27 09:21:50+09:00,https://tong.visitkorea.or.kr/cms/resource/74/4043174_image2_1.jpg,https://tong.visitkorea.or.kr/cms/resource/74/4043174_image3_1.jpg,2026-09-05T02:12:16.857334+09:00
2928923,38,후지필름일렉트로닉이미징코리아,서울특별시 강남구 선릉로 838 (청담동) 페코빌딩,37.5266915498898,127.040580487122,11,680,SH,SH04,SH040300,2026-04-07 00:02:29+09:00,https://tong.visitkorea.or.kr/cms/resource/89/4020189_image2_1.jpg,https://tong.visitkorea.or.kr/cms/resource/89/4020189_image3_1.jpg,2026-09-05T02:12:16.857334+09:00
2929240,38,구찌 남성 갤러리아백화점 명품관 WEST점,서울특별시 강남구 압구정로 343 (압구정동) 4층,37.5284754434309,127.040052671773,11,680,SH,SH04,SH040300,2026-03-27 09:21:50+09:00,https://tong.visitkorea.or.kr/cms/resource/40/4019040_image2_1.jpg,https://tong.visitkorea.or.kr/cms/resource/40/4019040_image3_1.jpg,2026-09-05T02:12:16.857334+09:00
2929320,38,수트서플라이 청담점,서울특별시 강남구 선릉로162길 49 (청담동),37.5262020267679,127.044602189682,11,680,SH,SH04,SH040300,2026-03-27 09:21:50+09:00,https://tong.visitkorea.or.kr/cms/resource/26/4020126_image2_1.jpg,https://tong.visitkorea.or.kr/cms/resource/26/4020126_image3_1.jpg,2026-09-05T02:12:16.857334+09:00
2929371,38,탬버린즈 신사 플래그십스토어,서울특별시 강남구 압구정로10길 44 (신사동) 케이빌딩,37.520637672047,127.022049838124,11,680,SH,SH04,SH040300,2026-03-18 10:10:05+09:00,https://tong.visitkorea.or.kr/cms/resource/31/4018131_image2_1.jpg,https://tong.visitkorea.or.kr/cms/resource/31/4018131_image3_1.jpg,2026-09-05T02:12:16.857334+09:00
2929487,38,내셔널지오그래픽 스타필드 코엑스몰점,서울특별시 강남구 영동대로 513 (삼성동) B1층,37.5118239121138,127.059159043842,11,680,SH,SH04,SH040300,2026-03-26 09:20:41+09:00,https://tong.visitkorea.or.kr/cms/resource/13/4019213_image2_1.jpg,https://tong.visitkorea.or.kr/cms/resource/13/4019213_image3_1.jpg,2026-09-05T02:12:16.857334+09:00
2929502,38,오니츠카타이거 가로수길점,서울특별시 강남구 압구정로10길 32 (신사동),37.5215387058511,127.021883587519,11,680,SH,SH04,SH040300,2026-03-18 10:10:05+09:00,https://tong.visitkorea.or.kr/cms/resource/30/4018130_image2_1.jpg,https://tong.visitkorea.or.kr/cms/resource/30/4018130_image3_1.jpg,2026-09-05T02:12:16.857334+09:00
2929976,38,파피루스플러스 스타필드 코엑스몰점,서울특별시 강남구 영동대로 513 (삼성동) B1층,37.5118239121138,127.059159043842,11,680,SH,SH04,SH040300,2026-03-27 09:21:50+09:00,https://tong.visitkorea.or.kr/cms/resource/94/4020094_image2_1.jpg,https://tong.visitkorea.or.kr/cms/resource/94/4020094_image3_1.jpg,2026-09-05T02:12:16.857334+09:00
2930016,38,캐리마켓 스타필드 코엑스몰점,서울특별시 강남구 영동대로 513 (삼성동) B1층,37.5118239121138,127.059159043842,11,680,SH,SH04,SH040300,2026-03-16 10:54:17+09:00,https://tong.visitkorea.or.kr/cms/resource/15/4020115_image2_1.jpg,https://tong.visitkorea.or.kr/cms/resource/15/4020115_image3_1.jpg,2026-09-05T02:12:16.857334+09:00
2930080,38,디올뷰티 현대백화점 압구정본점,서울특별시 강남구 압구정로 165 (압구정동),37.5273661232786,127.027468526838,11,680,SH,SH04,SH040300,2026-03-19 09:49:59+09:00,https://tong.visitkorea.or.kr/cms/resource/18/4019118_image2_1.jpg,https://tong.visitkorea.or.kr/cms/resource/18/4019118_image3_1.jpg,2026-09-05T02:12:16.857334+09:00
2930152,38,티파니앤코 현대백화점 무역센터점,서울특별시 강남구 테헤란로 517 (삼성동) 1층,37.5086151302204,127.059765116537,11,680,SH,SH04,SH040300,2026-03-18 10:10:05+09:00,https://tong.visitkorea.or.kr/cms/resource/71/4018371_image2_1.jpg,https://tong.visitkorea.or.kr/cms/resource/71/4018371_image3_1.jpg,2026-09-05T02:12:16.857334+09:00
2930259,38,올리브영 압구정로데오점,서울특별시 강남구 압구정로50길 9 (신사동) 1층,37.527649819188,127.038259890465,11,680,SH,SH04,SH040300,2026-03-17 10:12:59+09:00,https://tong.visitkorea.or.kr/cms/resource/02/4028402_image2_1.jpg,https://tong.visitkorea.or.kr/cms/resource/02/4028402_image3_1.jpg,2026-09-05T02:12:16.857334+09:00
2930392,38,설화수 도산 플래그십 스토어,서울특별시 강남구 도산대로45길 18 (신사동),37.5235577031642,127.035484424146,11,680,SH,SH04,SH040300,2026-04-12 02:43:16+09:00,https://tong.visitkorea.or.kr/cms/resource/53/4020453_image2_1.jpg,https://tong.visitkorea.or.kr/cms/resource/53/4020453_image3_1.jpg,2026-09-05T02:12:16.857334+09:00
2930410,38,Apple 가로수길,서울특별시 강남구 가로수길 43 (신사동),37.5208795755362,127.022609971999,11,680,SH,SH04,SH040300,2026-03-16 10:54:17+09:00,https://tong.visitkorea.or.kr/cms/resource/17/4018117_image2_1.jpg,https://tong.visitkorea.or.kr/cms/resource/17/4018117_image3_1.jpg,2026-09-05T02:12:16.857334+09:00
2930412,38,시코르 스타필드 코엑스몰점,서울특별시 강남구 영동대로 513 (삼성동) B1층,37.5118239121138,127.059159043842,11,680,SH,SH04,SH040300,2026-03-16 10:54:17+09:00,https://tong.visitkorea.or.kr/cms/resource/07/4020107_image2_1.jpg,https://tong.visitkorea.or.kr/cms/resource/07/4020107_image3_1.jpg,2026-09-05T02:12:16.857334+09:00
2930415,38,불가리 현대백화점 압구정본점,서울특별시 강남구 압구정로 165 (압구정동),37.5273661232786,127.027468526838,11,680,SH,SH04,SH040300,2026-03-27 09:21:50+09:00,https://tong.visitkorea.or.kr/cms/resource/00/4019100_image2_1.jpg,https://tong.visitkorea.or.kr/cms/resource/00/4019100_image3_1.jpg,2026-09-05T02:12:16.857334+09:00
2930423,38,올리브영 코엑스몰점,서울특별시 강남구 테헤란로87길 22 (삼성동) B1층,37.5096322564759,127.059443354483,11,680,SH,SH04,SH040300,2026-03-30 09:16:11+09:00,https://tong.visitkorea.or.kr/cms/resource/25/4028425_image2_1.jpeg,https://tong.visitkorea.or.kr/cms/resource/25/4028425_image3_1.jpeg,2026-09-05T02:12:16.857334+09:00
2930424,38,올리브영 가로수길 타운,서울특별시 강남구 도산대로 133 (신사동),37.5179250197288,127.023005667551,11,680,SH,SH04,SH040300,2026-03-19 09:49:59+09:00,https://tong.visitkorea.or.kr/cms/resource/87/4028387_image2_1.png,https://tong.visitkorea.or.kr/cms/resource/87/4028387_image3_1.png,2026-09-05T02:12:16.857334+09:00
2930438,38,빈폴멘 롯데백화점 강남점,서울특별시 강남구 도곡로 401 (대치동) 5층,37.496979324799,127.053254695846,11,680,SH,SH04,SH040300,2026-03-19 09:49:59+09:00,https://tong.visitkorea.or.kr/cms/resource/84/4018684_image2_1.jpg,https://tong.visitkorea.or.kr/cms/resource/84/4018684_image3_1.jpg,2026-09-05T02:12:16.857334+09:00
2930621,38,올리브영 언주역점,서울특별시 강남구 봉은사로 209 (논현동),37.5079322777816,127.035012857641,11,680,SH,SH04,SH040300,2026-03-17 10:12:59+09:00,https://tong.visitkorea.or.kr/cms/resource/93/4028393_image2_1.jpg,https://tong.visitkorea.or.kr/cms/resource/93/4028393_image3_1.jpg,2026-09-05T02:12:16.857334+09:00
2930649,38,올리브영 역삼중앙점,서울특별시 강남구 테헤란로 151 (역삼동),37.5009805027604,127.036135772428,11,680,SH,SH04,SH040300,2026-03-19 09:49:59+09:00,https://tong.visitkorea.or.kr/cms/resource/09/4028409_image2_1.png,https://tong.visitkorea.or.kr/cms/resource/09/4028409_image3_1.png,2026-09-05T02:12:16.857334+09:00
2930651,38,다이네즈 디스토어 서울,서울특별시 강남구 봉은사로 224 (역삼동) 1층,37.5078914540681,127.036817825721,11,680,SH,SH04,SH040300,2026-03-19 09:49:59+09:00,https://tong.visitkorea.or.kr/cms/resource/51/4020451_image2_1.jpg,https://tong.visitkorea.or.kr/cms/resource/51/4020451_image3_1.jpg,2026-09-05T02:12:16.857334+09:00
2930672,38,올리브영 압구정중앙점,서울특별시 강남구 논현로 842 (신사동) 압구정빌딩 1층,37.5240379714226,127.028730922791,11,680,SH,SH04,SH040300,2026-03-19 09:49:59+09:00,https://tong.visitkorea.or.kr/cms/resource/81/4028381_image2_1.png,https://tong.visitkorea.or.kr/cms/resource/81/4028381_image3_1.png,2026-09-05T02:12:16.857334+09:00
2930712,38,아셈안경 스타필드 코엑스몰점,서울특별시 강남구 영동대로 513 (삼성동) B1층,37.5118239121138,127.059159043842,11,680,SH,SH04,SH040300,2026-03-27 09:21:50+09:00,https://tong.visitkorea.or.kr/cms/resource/02/4020202_image2_1.jpg,https://tong.visitkorea.or.kr/cms/resource/02/4020202_image3_1.jpg,2026-09-05T02:12:16.857334+09:00
2930744,38,소니스토어 압구정점,서울특별시 강남구 선릉로 801 (신사동) 배강빌딩 1층,37.5235716964761,127.038832710012,11,680,SH,SH04,SH040300,2026-03-19 09:49:59+09:00,https://tong.visitkorea.or.kr/cms/resource/82/4020182_image2_1.jpg,https://tong.visitkorea.or.kr/cms/resource/82/4020182_image3_1.jpg,2026-09-05T02:12:16.857334+09:00
2930772,38,아트박스 대치점,서울특별시 강남구 도곡로 454 (대치동),37.4982559147602,127.060110708756,11,680,SH,SH04,SH040300,2026-03-27 09:21:50+09:00,https://tong.visitkorea.or.kr/cms/resource/71/4043171_image2_1.jpg,https://tong.visitkorea.or.kr/cms/resource/71/4043171_image3_1.jpg,2026-09-05T02:12:16.857334+09:00
2930860,38,대치종로약국,서울특별시 강남구 도곡로 419 (대치동) 삼정빌딩 1층,37.497655371872,127.056315963553,11,680,SH,SH04,SH040300,2026-03-18 10:10:05+09:00,https://tong.visitkorea.or.kr/cms/resource/55/4017255_image2_1.jpg,https://tong.visitkorea.or.kr/cms/resource/55/4017255_image3_1.jpg,2026-09-05T02:12:16.857334+09:00
2930881,38,엠포리오아르마니 청담전문점,서울특별시 강남구 압구정로 420 (청담동),37.5269674172921,127.042928995566,11,680,SH,SH04,SH040300,2026-03-19 09:49:59+09:00,https://tong.visitkorea.or.kr/cms/resource/22/4020122_image2_1.jpg,https://tong.visitkorea.or.kr/cms/resource/22/4020122_image3_1.jpg,2026-09-05T02:12:16.857334+09:00
2930946,38,브레게 현대백화점 압구정본점,서울특별시 강남구 압구정로 165 (압구정동),37.5273661232786,127.027468526838,11,680,SH,SH04,SH040300,2026-03-27 09:21:50+09:00,https://tong.visitkorea.or.kr/cms/resource/16/4019116_image2_1.jpg,https://tong.visitkorea.or.kr/cms/resource/16/4019116_image3_1.jpg,2026-09-05T02:12:16.857334+09:00
2930958,38,스파이더 압구정 직영점,서울특별시 강남구 선릉로157길 15 (신사동),37.5259016106048,127.038519985545,11,680,SH,SH04,SH040300,2026-03-19 09:49:59+09:00,https://tong.visitkorea.or.kr/cms/resource/98/4020198_image2_1.jpg,https://tong.visitkorea.or.kr/cms/resource/98/4020198_image3_1.jpg,2026-09-05T02:12:16.857334+09:00
2930976,38,골프존마켓 압구정점,서울특별시 강남구 도산대로 172 (논현동),37.5190418443138,127.02749646956,11,680,SH,SH04,SH040300,2026-03-27 09:21:50+09:00,https://tong.visitkorea.or.kr/cms/resource/36/4045536_image2_1.jpg,https://tong.visitkorea.or.kr/cms/resource/36/4045536_image3_1.jpg,2026-09-05T02:12:16.857334+09:00
2930998,38,칼하트WIP 압구정점,서울특별시 강남구 압구정로54길 21 (신사동),37.5263869591653,127.039403775998,11,680,SH,SH04,SH040300,2026-03-27 09:21:50+09:00,https://tong.visitkorea.or.kr/cms/resource/54/4044554_image2_1.jpg,https://tong.visitkorea.or.kr/cms/resource/54/4044554_image3_1.jpg,2026-09-05T02:12:16.857334+09:00
2931019,38,프라이탁 압구정점,서울특별시 강남구 선릉로153길 11 (신사동) 1층,37.5247164356791,127.038509647258,11,680,SH,SH04,SH040300,2026-03-27 09:21:50+09:00,https://tong.visitkorea.or.kr/cms/resource/83/4020183_image2_1.jpg,https://tong.visitkorea.or.kr/cms/resource/83/4020183_image3_1.jpg,2026-09-05T02:12:16.857334+09:00
2931521,38,올리브영 일원역점,서울특별시 강남구 일원로 115 (일원동) 1층,37.4840224010593,127.084459720088,11,680,SH,SH04,SH040300,2026-03-17 10:12:59+09:00,https://tong.visitkorea.or.kr/cms/resource/06/4028406_image2_1.jpg,https://tong.visitkorea.or.kr/cms/resource/06/4028406_image3_1.jpg,2026-09-05T02:12:16.857334+09:00
2931662,38,헨리베글린로데오플래그십,서울특별시 강남구 선릉로153길 22 (신사동),37.5250144239864,127.03758724678,11,680,SH,SH04,SH040300,2026-03-19 09:49:59+09:00,https://tong.visitkorea.or.kr/cms/resource/94/4020194_image2_1.jpg,https://tong.visitkorea.or.kr/cms/resource/94/4020194_image3_1.jpg,2026-09-05T02:12:16.857334+09:00
2931664,38,금강제화 강남본점,서울특별시 강남구 강남대로 500 (논현동),37.5069023369324,127.023801675541,11,680,SH,SH04,SH040300,2026-03-27 09:21:50+09:00,https://tong.visitkorea.or.kr/cms/resource/93/4044893_image2_1.JPG,https://tong.visitkorea.or.kr/cms/resource/93/4044893_image3_1.JPG,2026-09-05T02:12:16.857334+09:00
2931718,38,올리브영 학동중앙점,서울특별시 강남구 도산대로 326 (논현동) 대동타워 1층,37.5223519106434,127.03774745119,11,680,SH,SH04,SH040300,2026-03-30 09:16:11+09:00,https://tong.visitkorea.or.kr/cms/resource/88/4028388_image2_1.jpg,https://tong.visitkorea.or.kr/cms/resource/88/4028388_image3_1.jpg,2026-09-05T02:12:16.857334+09:00
2931814,38,타사키 현대백화점 무역센터점,서울특별시 강남구 테헤란로 517 (삼성동) 2층,37.5086151302204,127.059765116537,11,680,SH,SH04,SH040300,2026-03-27 09:21:50+09:00,https://tong.visitkorea.or.kr/cms/resource/54/4018354_image2_1.jpg,https://tong.visitkorea.or.kr/cms/resource/54/4018354_image3_1.jpg,2026-09-05T02:12:16.857334+09:00
2940059,39,유정식당,서울특별시 강남구 도산대로28길 14 (논현동),37.5183650874,127.0280662008,11,680,FD,FD01,FD010100,2026-07-07 10:20:04+09:00,,,2026-09-05T02:12:16.857334+09:00
2943522,39,글로브 비스트로,서울특별시 강남구 테헤란로 521 파르나스타워 지하 1층,37.5091915141,127.0608067245,11,680,FD,FD02,FD020300,2026-06-05 08:42:51+09:00,,,2026-09-05T02:12:16.857334+09:00
2944608,39,밀란국수 개포본점,서울특별시 강남구 개포로28길 4,37.4785200382,127.0491059615,11,680,FD,FD01,FD010100,2026-06-05 08:42:51+09:00,,,2026-09-05T02:12:16.857334+09:00
2946081,39,mmn(미미네),서울특별시 강남구 도산대로66길 39 (청담동),37.5209374887,127.0439515723,11,680,FD,FD05,FD050100,2026-06-08 11:06:10+09:00,https://tong.visitkorea.or.kr/cms/resource/66/2947366_image2_1.jpg,https://tong.visitkorea.or.kr/cms/resource/66/2947366_image3_1.jpg,2026-09-05T02:12:16.857334+09:00
2946112,12,향기억,서울특별시 강남구 선릉로157길 23 (신사동),37.5261572277,127.0379584155,11,680,EX,EX02,EX020400,2025-10-30 15:30:45+09:00,http://tong.visitkorea.or.kr/cms/resource/00/2947500_image2_1.jpg,http://tong.visitkorea.or.kr/cms/resource/00/2947500_image3_1.jpg,2026-09-05T02:12:16.857334+09:00
2946540,39,에이비카페,서울특별시 강남구 강남대로102길 32 (역삼동),37.5029044597,127.0279378148,11,680,FD,FD05,FD050100,2026-07-07 09:46:03+09:00,https://tong.visitkorea.or.kr/cms/resource/98/2947098_image2_1.jpg,https://tong.visitkorea.or.kr/cms/resource/98/2947098_image3_1.jpg,2026-09-05T02:12:16.857334+09:00
2946552,38,T1 HQ SHOP,서울특별시 강남구 선릉로 627 (논현동),37.512511677,127.0428028051,11,680,SH,SH05,SH050200,2025-11-05 16:31:15+09:00,http://tong.visitkorea.or.kr/cms/resource/87/2946987_image2_1.jpg,http://tong.visitkorea.or.kr/cms/resource/87/2946987_image3_1.jpg,2026-09-05T02:12:16.857334+09:00
2946648,39,카페쁠레노,서울특별시 강남구 선릉로 724 (청담동) 2층,37.5192998232,127.0408048527,11,680,FD,FD05,FD050100,2026-07-07 09:23:40+09:00,https://tong.visitkorea.or.kr/cms/resource/15/2947415_image2_1.jpg,https://tong.visitkorea.or.kr/cms/resource/15/2947415_image3_1.jpg,2026-09-05T02:12:16.857334+09:00
2953055,15,2026 책 읽는 대한민국 캠페인 선포식,서울특별시 강남구 영동대로 513 (삼성동),37.5118239121138,127.059159043842,11,680,EV,EV03,EV030400,2026-05-14 10:08:59+09:00,https://tong.visitkorea.or.kr/cms/resource/67/4064467_image2_1.jpg,https://tong.visitkorea.or.kr/cms/resource/67/4064467_image3_1.jpg,2026-09-05T02:12:16.857334+09:00
2988803,39,인터랙트 with 글루텐프리,서울특별시 강남구 강남대로118길 16 (논현동),37.5064837983,127.0248924192,11,680,FD,FD05,FD050100,2026-08-13 09:42:19+09:00,,,2026-09-05T02:12:16.857334+09:00
2988926,38,캐논플렉스,서울특별시 강남구 봉은사로 217 (논현동) 1층,37.5081818217753,127.035729361993,11,680,SH,SH05,SH050200,2026-03-05 17:36:50+09:00,https://tong.visitkorea.or.kr/cms/resource/65/3494665_image2_1.jpg,https://tong.visitkorea.or.kr/cms/resource/65/3494665_image3_1.jpg,2026-09-05T02:12:16.857334+09:00
2994661,14,일상비일상의틈,서울특별시 강남구 강남대로 426 (역삼동),37.5005866358,127.0267708063,11,680,VE,VE12,VE120300,2026-08-04 16:37:59+09:00,https://tong.visitkorea.or.kr/cms/resource/10/3354010_image2_1.jpg,https://tong.visitkorea.or.kr/cms/resource/10/3354010_image3_1.jpg,2026-09-05T02:12:16.857334+09:00
2998565,14,하이 스트리트 이탈리아(High Street Italia),서울특별시 강남구 가로수길 69 (신사동) 엘큐브,37.5225631447478,127.022370997236,11,680,VE,VE12,VE120300,2026-06-02 16:40:26+09:00,https://tong.visitkorea.or.kr/cms/resource/28/4070228_image2_1.JPG,https://tong.visitkorea.or.kr/cms/resource/28/4070228_image3_1.JPG,2026-09-05T02:12:16.857334+09:00
3017749,39,먼데이투선데이,서울특별시 강남구 도산대로67길 13-3 (청담동),37.52479073709618,127.04413284803785,11,680,FD,FD05,FD050100,2026-04-24 09:16:26+09:00,https://tong.visitkorea.or.kr/cms/resource/29/3572529_image2_1.png,https://tong.visitkorea.or.kr/cms/resource/29/3572529_image3_1.png,2026-09-05T02:12:16.857334+09:00
3017801,39,브라이언스커피,"서울특별시 강남구 논현로26길 46 (도곡동) 1층, 2층",37.4838571914,127.0457843596,11,680,FD,FD05,FD050100,2026-06-05 08:42:51+09:00,,,2026-09-05T02:12:16.857334+09:00
3018924,15,도곡 메타세쿼이아 로드 페스타,서울특별시 강남구 양재천로 199 (도곡동) ~167 양재천로 및 강남수도사업소 삼거리 일대,37.4831568326,127.0472810057,11,680,EV,EV01,EV010600,2025-09-23 17:44:48+09:00,http://tong.visitkorea.or.kr/cms/resource/62/3543062_image2_1.jpg,http://tong.visitkorea.or.kr/cms/resource/62/3543062_image3_1.jpg,2026-09-05T02:12:16.857334+09:00
3030336,12,세로수길,서울특별시 강남구 신사동,37.518812,127.022477,11,680,VE,VE04,VE040100,2026-03-12 09:08:40+09:00,https://tong.visitkorea.or.kr/cms/resource/53/3511153_image2_1.jpg,https://tong.visitkorea.or.kr/cms/resource/53/3511153_image3_1.jpg,2026-09-05T02:12:16.857334+09:00
3056929,32,호텔 안테룸 서울,서울특별시 강남구 도산대로 153 (신사동),37.5188658751,127.0252246768,11,680,AC,AC01,AC010100,2026-06-23 11:42:19+09:00,,,2026-09-05T02:12:16.857334+09:00
3074742,14,마이아트뮤지엄,서울특별시 강남구 테헤란로 518 (대치동),37.50759111766119,127.06057938031194,11,680,VE,VE07,VE070600,2026-03-12 13:04:38+09:00,https://tong.visitkorea.or.kr/cms/resource/06/3511006_image2_1.jpg,https://tong.visitkorea.or.kr/cms/resource/06/3511006_image3_1.jpg,2026-09-05T02:12:16.857334+09:00
3074766,28,슈터스클럽,서울특별시 강남구 강남대로96길 5 (역삼동),37.4998739801,127.0274684477,11,680,LS,LS01,LS011200,2025-09-09 17:31:00+09:00,,,2026-09-05T02:12:16.857334+09:00
3074805,12,케이스타로드(KstarROAD),서울특별시 강남구 압구정동 394,37.5275,127.0423,11,680,VE,VE04,VE040100,2026-04-27 13:30:57+09:00,https://tong.visitkorea.or.kr/cms/resource/09/3565309_image2_1.jpg,https://tong.visitkorea.or.kr/cms/resource/09/3565309_image3_1.jpg,2026-09-05T02:12:16.857334+09:00
3074841,14,라움아트센터,서울특별시 강남구 언주로 564 (역삼동),37.50813396607692,127.03940877250169,11,680,VE,VE12,VE120300,2026-04-27 11:01:58+09:00,https://tong.visitkorea.or.kr/cms/resource/83/3530883_image2_1.jpg,https://tong.visitkorea.or.kr/cms/resource/83/3530883_image3_1.jpg,2026-09-05T02:12:16.857334+09:00
3075293,32,파티오세븐 호텔,서울특별시 강남구 논현로 736 (논현동) 파티오세븐호텔,37.51781063125924,127.029306442721,11,680,AC,AC01,AC010100,2026-02-24 17:01:02+09:00,,,2026-09-05T02:12:16.857334+09:00
3075321,39,새들러하우스(SADDLER HAUS),서울특별시 강남구 도산대로17길 10 (신사동) B1,37.51938252820271,127.02492102238905,11,680,FD,FD05,FD050100,2026-04-14 09:19:50+09:00,,,2026-09-05T02:12:16.857334+09:00
3076069,14,신한아트홀,서울특별시 강남구 역삼로 251 (역삼동) 신한은행 강남별관 지하 1층,37.498284650226566,127.0438403169466,11,680,VE,VE06,VE060100,2026-03-12 09:08:40+09:00,https://tong.visitkorea.or.kr/cms/resource/18/3503418_image2_1.jpg,https://tong.visitkorea.or.kr/cms/resource/18/3503418_image3_1.jpg,2026-09-05T02:12:16.857334+09:00
3076077,14,광림아트센터 장천홀,서울특별시 강남구 압구정로22길 21 (신사동),37.5242621278,127.0265428354,11,680,VE,VE06,VE060100,2026-07-28 10:58:35+09:00,https://tong.visitkorea.or.kr/cms/resource/42/4093442_image2_1.JPG,https://tong.visitkorea.or.kr/cms/resource/42/4093442_image3_1.JPG,2026-09-05T02:12:16.857334+09:00
3076105,14,코엑스 오디토리움,서울특별시 강남구 봉은사로 524 (삼성동),37.512971,127.058376,11,680,VE,VE06,VE060100,2026-04-06 11:15:36+09:00,https://tong.visitkorea.or.kr/cms/resource/54/4055554_image2_1.jpg,https://tong.visitkorea.or.kr/cms/resource/54/4055554_image3_1.jpg,2026-09-05T02:12:16.857334+09:00
3076460,12,대모산숲속야생화원,서울특별시 강남구 일원동 산63-57,37.480424,127.078383,11,680,NA,NA04,NA040500,2026-03-18 10:10:05+09:00,https://tong.visitkorea.or.kr/cms/resource/15/3524515_image2_1.jpg,https://tong.visitkorea.or.kr/cms/resource/15/3524515_image3_1.jpg,2026-09-05T02:12:16.857334+09:00
3076665,14,조은숙아트앤라이프스타일,서울특별시 강남구 압구정로80길 37 (청담동),37.5244297515,127.0435940627,11,680,VE,VE07,VE070600,2026-01-02 15:53:49+09:00,,,2026-09-05T02:12:16.857334+09:00
3080501,14,에스파스 루이비통 서울,서울특별시 강남구 압구정로 454 (청담동) 루이비통 메종 서울 4층,37.5256657669,127.0462410086,11,680,VE,VE07,VE070600,2025-04-18 11:29:08+09:00,http://tong.visitkorea.or.kr/cms/resource/88/3080488_image2_1.JPG,http://tong.visitkorea.or.kr/cms/resource/88/3080488_image3_1.JPG,2026-09-05T02:12:16.857334+09:00
3080508,14,일지아트홀,서울특별시 강남구 선릉로 806 (청담동) B2,37.52389627636364,127.03963589781536,11,680,VE,VE06,VE060100,2026-04-27 09:54:01+09:00,https://tong.visitkorea.or.kr/cms/resource/05/3080505_image2_1.JPG,https://tong.visitkorea.or.kr/cms/resource/05/3080505_image3_1.JPG,2026-09-05T02:12:16.857334+09:00
3080520,32,엔트라호텔,서울특별시 강남구 도산대로 508 (청담동),37.524077103,127.0484852936,11,680,AC,AC01,AC010100,2025-04-18 10:45:35+09:00,http://tong.visitkorea.or.kr/cms/resource/11/3080511_image2_1.JPG,http://tong.visitkorea.or.kr/cms/resource/11/3080511_image3_1.JPG,2026-09-05T02:12:16.857334+09:00
3080539,32,렉스관광호텔,서울특별시 강남구 강남대로 588 (논현동),37.5144221668,127.020546444,11,680,AC,AC01,AC010100,2025-04-18 10:54:38+09:00,http://tong.visitkorea.or.kr/cms/resource/35/3080535_image2_1.JPG,http://tong.visitkorea.or.kr/cms/resource/35/3080535_image3_1.JPG,2026-09-05T02:12:16.857334+09:00
3080550,14,윤당아트홀,서울특별시 강남구 언주로 844 (신사동),37.5256605179,127.0337293635,11,680,VE,VE06,VE060100,2026-07-28 17:03:57+09:00,https://tong.visitkorea.or.kr/cms/resource/40/3080540_image2_1.JPG,https://tong.visitkorea.or.kr/cms/resource/40/3080540_image3_1.JPG,2026-09-05T02:12:16.857334+09:00
3080558,14,kia360,서울특별시 강남구 압구정로 417 (압구정동),37.5275585956,127.042886856,11,680,VE,VE07,VE070300,2026-08-03 14:49:26+09:00,https://tong.visitkorea.or.kr/cms/resource/51/3080551_image2_1.JPG,https://tong.visitkorea.or.kr/cms/resource/51/3080551_image3_1.JPG,2026-09-05T02:12:16.857334+09:00
3080570,14,성암아트홀,서울특별시 강남구 선릉로111길 6 (논현동) 3층,37.5110534569,127.0430209685,11,680,VE,VE06,VE060100,2026-06-23 10:11:12+09:00,https://tong.visitkorea.or.kr/cms/resource/65/3080565_image2_1.JPG,https://tong.visitkorea.or.kr/cms/resource/65/3080565_image3_1.JPG,2026-09-05T02:12:16.857334+09:00
3080576,14,광림아트센터 BBCH홀,서울특별시 강남구 논현로163길 33 (신사동),37.5238953521,127.0255797844,11,680,VE,VE06,VE060100,2026-07-29 08:19:27+09:00,https://tong.visitkorea.or.kr/cms/resource/71/3080571_image2_1.JPG,https://tong.visitkorea.or.kr/cms/resource/71/3080571_image3_1.JPG,2026-09-05T02:12:16.857334+09:00
3080599,14,광야아트센터,서울특별시 강남구 선릉로 806 (청담동) 킹콩빌딩 3층,37.5238962764,127.0396358978,11,680,VE,VE06,VE060100,2026-07-28 10:22:59+09:00,https://tong.visitkorea.or.kr/cms/resource/89/3080589_image2_1.JPG,https://tong.visitkorea.or.kr/cms/resource/89/3080589_image3_1.JPG,2026-09-05T02:12:16.857334+09:00
3080613,14,국제아트홀,서울특별시 강남구 압구정로 162 (신사동),37.5262987149,127.0274675783,11,680,VE,VE06,VE060100,2026-07-28 09:10:07+09:00,https://tong.visitkorea.or.kr/cms/resource/04/3080604_image2_1.JPG,https://tong.visitkorea.or.kr/cms/resource/04/3080604_image3_1.JPG,2026-09-05T02:12:16.857334+09:00
3080781,32,호텔유리앤,서울특별시 강남구 삼성로96길 20 (삼성동),37.50892912362816,127.05760248818282,11,680,AC,AC01,AC010100,2026-04-06 09:42:39+09:00,https://tong.visitkorea.or.kr/cms/resource/33/3535233_image2_1.jpg,https://tong.visitkorea.or.kr/cms/resource/33/3535233_image3_1.jpg,2026-09-05T02:12:16.857334+09:00
3080809,32,호텔 페이토 삼성,서울특별시 강남구 테헤란로87길 9 (삼성동),37.5084527136,127.058715515,11,680,AC,AC01,AC010100,2026-07-24 11:30:57+09:00,https://tong.visitkorea.or.kr/cms/resource/10/4091910_image2_1.jpg,https://tong.visitkorea.or.kr/cms/resource/10/4091910_image3_1.jpg,2026-09-05T02:12:16.857334+09:00
3080814,32,호텔디아티스트,서울특별시 강남구 테헤란로29길 11 (역삼동),37.5024544344,127.038497926,11,680,AC,AC04,AC040100,2025-11-04 11:38:35+09:00,http://tong.visitkorea.or.kr/cms/resource/10/3080810_image2_1.JPG,http://tong.visitkorea.or.kr/cms/resource/10/3080810_image3_1.JPG,2026-09-05T02:12:16.857334+09:00
3080820,32,호텔스타프리미어 역삼,서울특별시 강남구 테헤란로33길 6-11 (역삼동),37.5027599872,127.040347749,11,680,AC,AC01,AC010100,2025-11-03 11:26:04+09:00,http://tong.visitkorea.or.kr/cms/resource/16/3080816_image2_1.JPG,http://tong.visitkorea.or.kr/cms/resource/16/3080816_image3_1.JPG,2026-09-05T02:12:16.857334+09:00
3080826,32,오월호텔,서울특별시 강남구 언주로85길 27 (역삼동),37.5006324696,127.0410782986,11,680,AC,AC01,AC010100,2025-10-31 10:58:17+09:00,http://tong.visitkorea.or.kr/cms/resource/25/3080825_image2_1.JPG,http://tong.visitkorea.or.kr/cms/resource/25/3080825_image3_1.JPG,2026-09-05T02:12:16.857334+09:00
3080833,14,KT&G상상마당 대치아트홀,서울특별시 강남구 영동대로 416 (대치동),37.5065841346,127.0653266782,11,680,VE,VE06,VE060100,2026-07-28 16:53:36+09:00,https://tong.visitkorea.or.kr/cms/resource/27/3080827_image2_1.JPG,https://tong.visitkorea.or.kr/cms/resource/27/3080827_image3_1.JPG,2026-09-05T02:12:16.857334+09:00
3080840,14,GB가빈아트홀,서울특별시 강남구 삼성로 534 (삼성동),37.5096776539,127.055536357,11,680,VE,VE06,VE060100,2026-07-28 09:54:56+09:00,https://tong.visitkorea.or.kr/cms/resource/34/3080834_image2_1.JPG,https://tong.visitkorea.or.kr/cms/resource/34/3080834_image3_1.JPG,2026-09-05T02:12:16.857334+09:00
3080847,14,세일아트홀,서울특별시 강남구 논현로 414 (역삼동) B1층,37.4972385028,127.0390642395,11,680,VE,VE06,VE060100,2026-07-10 11:03:44+09:00,https://tong.visitkorea.or.kr/cms/resource/40/4085440_image2_1.jpg,https://tong.visitkorea.or.kr/cms/resource/40/4085440_image3_1.jpg,2026-09-05T02:12:16.857334+09:00
3080852,14,한생연 실험누리과학관,서울특별시 강남구 도곡로 408 (대치동),37.4966637406,127.0552604534,11,680,VE,VE07,VE070500,2025-11-03 11:35:39+09:00,http://tong.visitkorea.or.kr/cms/resource/50/3080850_image2_1.JPG,http://tong.visitkorea.or.kr/cms/resource/50/3080850_image3_1.JPG,2026-09-05T02:12:16.857334+09:00
3080912,39,잇쇼우,서울특별시 강남구 선릉로 524 (삼성동),37.506684676,127.0483691302,11,680,FD,FD02,FD020200,2025-09-24 13:19:44+09:00,http://tong.visitkorea.or.kr/cms/resource/08/3080908_image2_1.JPG,http://tong.visitkorea.or.kr/cms/resource/08/3080908_image3_1.JPG,2026-09-05T02:12:16.857334+09:00
3081150,14,슈피겐홀,서울특별시 강남구 봉은사로 446 (삼성동),37.5113678084,127.0485167082,11,680,VE,VE06,VE060100,2026-07-28 09:27:46+09:00,https://tong.visitkorea.or.kr/cms/resource/53/3080853_image2_1.JPG,https://tong.visitkorea.or.kr/cms/resource/53/3080853_image3_1.JPG,2026-09-05T02:12:16.857334+09:00
3081985,12,청담도로공원,서울특별시 강남구 삼성동 80,37.52069442,127.0628118632,11,680,VE,VE03,VE030400,2025-10-31 13:37:12+09:00,http://tong.visitkorea.or.kr/cms/resource/79/3081979_image2_1.jpg,http://tong.visitkorea.or.kr/cms/resource/79/3081979_image3_1.jpg,2026-09-05T02:12:16.857334+09:00
3082056,14,화이트큐브 서울,서울특별시 강남구 도산대로45길 6 (신사동),37.5228787136768,127.03645302474838,11,680,VE,VE07,VE070600,2026-04-01 16:28:05+09:00,https://tong.visitkorea.or.kr/cms/resource/50/3082050_image2_1.JPG,https://tong.visitkorea.or.kr/cms/resource/50/3082050_image3_1.JPG,2026-09-05T02:12:16.857334+09:00
3108201,39,에빗,서울특별시 강남구 도산대로45길 10-5 (신사동),37.52343270776233,127.03620208395742,11,680,FD,FD02,FD020300,2026-04-06 09:42:39+09:00,https://tong.visitkorea.or.kr/cms/resource/91/3108191_image2_1.jpg,https://tong.visitkorea.or.kr/cms/resource/91/3108191_image3_1.jpg,2026-09-05T02:12:16.857334+09:00
3304212,14,글래드스톤 갤러리,서울특별시 강남구 삼성로 760 (청담동),37.52276660538526,127.04842585684257,11,680,VE,VE07,VE070600,2026-04-06 10:20:25+09:00,https://tong.visitkorea.or.kr/cms/resource/00/3304200_image2_1.jpg,https://tong.visitkorea.or.kr/cms/resource/00/3304200_image3_1.jpg,2026-09-05T02:12:16.857334+09:00
3305289,38,하루의원,서울특별시 강남구 도산대로 104 (논현동) 7층,37.5160774603566,127.020341155484,11,680,SH,SH04,SH040300,2026-03-16 10:35:59+09:00,https://tong.visitkorea.or.kr/cms/resource/44/4017644_image2_1.jpg,https://tong.visitkorea.or.kr/cms/resource/44/4017644_image3_1.jpg,2026-09-05T02:12:16.857334+09:00
3305292,38,강남중고명품 아마레스,서울특별시 강남구 강남대로160길 50 (신사동) B1층,37.5204529495391,127.02261572553,11,680,SH,SH04,SH040300,2026-03-16 10:54:17+09:00,https://tong.visitkorea.or.kr/cms/resource/39/4020439_image2_1.jpg,https://tong.visitkorea.or.kr/cms/resource/39/4020439_image3_1.jpg,2026-09-05T02:12:16.857334+09:00
3305302,38,올리브영 신논현역점,서울특별시 강남구 봉은사로 지하102 (역삼동) B2층,37.5046341625192,127.025031333453,11,680,SH,SH04,SH040300,2026-03-17 10:12:59+09:00,https://tong.visitkorea.or.kr/cms/resource/91/4028391_image2_1.png,https://tong.visitkorea.or.kr/cms/resource/91/4028391_image3_1.png,2026-09-05T02:12:16.857334+09:00
3305313,38,인스타성형외과의원,서울특별시 강남구 강남대로 406 (역삼동) 글라스타워 7층,37.4989106629232,127.027637005361,11,680,SH,SH04,SH040300,2026-03-30 09:16:11+09:00,https://tong.visitkorea.or.kr/cms/resource/31/4020431_image2_1.jpg,https://tong.visitkorea.or.kr/cms/resource/31/4020431_image3_1.jpg,2026-09-05T02:12:16.857334+09:00
3305417,38,유앤정피부과의원,서울특별시 강남구 도산대로 456 (청담동) 3층,37.5237643281875,127.046565727901,11,680,SH,SH04,SH040300,2026-03-16 10:54:17+09:00,https://tong.visitkorea.or.kr/cms/resource/89/4018389_image2_1.jpg,https://tong.visitkorea.or.kr/cms/resource/89/4018389_image3_1.jpg,2026-09-05T02:12:16.857334+09:00
3305478,38,올리브영 파르나스몰점,서울특별시 강남구 테헤란로 521 (삼성동) B1층,37.5091916919873,127.06080691987,11,680,SH,SH04,SH040300,2026-03-17 10:12:59+09:00,https://tong.visitkorea.or.kr/cms/resource/18/4028418_image2_1.jpg,https://tong.visitkorea.or.kr/cms/resource/18/4028418_image3_1.jpg,2026-09-05T02:12:16.857334+09:00
3305482,38,테헤란안경 포스코센터점,서울특별시 강남구 테헤란로 440 (대치동),37.5058149679709,127.056130956028,11,680,SH,SH04,SH040300,2026-03-18 10:10:05+09:00,https://tong.visitkorea.or.kr/cms/resource/38/4013638_image2_1.jpg,https://tong.visitkorea.or.kr/cms/resource/38/4013638_image3_1.jpg,2026-09-05T02:12:16.857334+09:00
3305529,38,알로 가로수길점,서울특별시 강남구 압구정로8길 14 (신사동) 1층,37.5226129231002,127.021656861916,11,680,SH,SH04,SH040300,2026-03-18 10:10:05+09:00,https://tong.visitkorea.or.kr/cms/resource/27/4018127_image2_1.jpg,https://tong.visitkorea.or.kr/cms/resource/27/4018127_image3_1.jpg,2026-09-05T02:12:16.857334+09:00
3305533,38,더리젠성형외과의원,"서울특별시 강남구 논현로 843 (신사동) 2층, 4층",37.5243951301,127.0279745833,11,680,SH,SH04,SH040300,2026-08-12 11:38:22+09:00,https://tong.visitkorea.or.kr/cms/resource/74/4017274_image2_1.jpg,https://tong.visitkorea.or.kr/cms/resource/74/4017274_image3_1.jpg,2026-09-05T02:12:16.857334+09:00
3305555,38,밍약국,서울특별시 강남구 가로수길 78 (신사동),37.5230748365622,127.02277737988,11,680,SH,SH04,SH040300,2026-03-16 10:54:17+09:00,https://tong.visitkorea.or.kr/cms/resource/23/4018123_image2_1.jpg,https://tong.visitkorea.or.kr/cms/resource/23/4018123_image3_1.jpg,2026-09-05T02:12:16.857334+09:00
3305730,38,셀업성형외과의원,서울특별시 강남구 압구정로80길 37 (청담동) 5층,37.5243756273018,127.043577647832,11,680,SH,SH04,SH040300,2026-03-27 09:21:50+09:00,https://tong.visitkorea.or.kr/cms/resource/91/4043291_image2_1.jpg,https://tong.visitkorea.or.kr/cms/resource/91/4043291_image3_1.jpg,2026-09-05T02:12:16.857334+09:00
3305772,38,올리브영 대치점,서울특별시 강남구 도곡로 448 (대치동),37.498109786403,127.059547645759,11,680,SH,SH04,SH040300,2026-03-17 10:12:59+09:00,https://tong.visitkorea.or.kr/cms/resource/84/4028384_image2_1.png,https://tong.visitkorea.or.kr/cms/resource/84/4028384_image3_1.png,2026-09-05T02:12:16.857334+09:00
3305788,38,나나성형외과의원,서울특별시 강남구 압구정로 406 (청담동),37.527331760825,127.041219344514,11,680,SH,SH04,SH040300,2026-03-27 09:21:50+09:00,https://tong.visitkorea.or.kr/cms/resource/21/4020121_image2_1.jpg,https://tong.visitkorea.or.kr/cms/resource/21/4020121_image3_1.jpg,2026-09-05T02:12:16.857334+09:00
3305805,38,아이러브강남의원,서울특별시 강남구 논현로 606 (논현동) 동도빌딩 6층,37.5078638298168,127.033990162107,11,680,SH,SH04,SH040300,2026-03-30 09:16:11+09:00,https://tong.visitkorea.or.kr/cms/resource/48/4020448_image2_1.jpg,https://tong.visitkorea.or.kr/cms/resource/48/4020448_image3_1.jpg,2026-09-05T02:12:16.857334+09:00
3305852,38,아이핏성형외과의원,서울특별시 강남구 강남대로 596 (논현동) 7층,37.5150205807468,127.020354102766,11,680,SH,SH04,SH040300,2026-03-16 10:35:59+09:00,https://tong.visitkorea.or.kr/cms/resource/43/4017643_image2_1.jpg,https://tong.visitkorea.or.kr/cms/resource/43/4017643_image3_1.jpg,2026-09-05T02:12:16.857334+09:00
3305871,38,SmartFriends 강남역지하쇼핑센터점,서울특별시 강남구 강남대로 지하396 (역삼동),37.498164651,127.0283079009,11,680,SH,SH04,SH040300,2026-07-15 19:38:42+09:00,https://tong.visitkorea.or.kr/cms/resource/97/4043297_image2_1.jpg,https://tong.visitkorea.or.kr/cms/resource/97/4043297_image3_1.jpg,2026-09-05T02:12:16.857334+09:00
3305916,38,PR성형외과의원,서울특별시 강남구 도산대로 134 (논현동) 13층,37.5173531693456,127.023380583993,11,680,SH,SH04,SH040300,2026-03-16 10:35:59+09:00,https://tong.visitkorea.or.kr/cms/resource/97/4017697_image2_1.jpg,https://tong.visitkorea.or.kr/cms/resource/97/4017697_image3_1.jpg,2026-09-05T02:12:16.857334+09:00
3305922,38,"빈, 블루테일 직영점",서울특별시 강남구 논현로155길 6 (신사동) 신사프라자 1층,37.5219428445576,127.027706584935,11,680,SH,SH04,SH040300,2026-03-19 09:49:59+09:00,https://tong.visitkorea.or.kr/cms/resource/57/4020457_image2_1.png,https://tong.visitkorea.or.kr/cms/resource/57/4020457_image3_1.png,2026-09-05T02:12:16.857334+09:00
3305926,38,나를위한산부인과의원,서울특별시 강남구 강남대로 364 (역삼동) 9층,37.4955498697675,127.029293901519,11,680,SH,SH04,SH040300,2026-03-16 10:54:17+09:00,https://tong.visitkorea.or.kr/cms/resource/30/4020430_image2_1.jpg,https://tong.visitkorea.or.kr/cms/resource/30/4020430_image3_1.jpg,2026-09-05T02:12:16.857334+09:00
3305948,38,강남포도여성의원,서울특별시 강남구 강남대로 428 (역삼동) 만이빌딩 2층,37.5008659330556,127.026869951723,11,680,SH,SH04,SH040300,2026-03-30 09:16:11+09:00,https://tong.visitkorea.or.kr/cms/resource/34/4020434_image2_1.jpg,https://tong.visitkorea.or.kr/cms/resource/34/4020434_image3_1.jpg,2026-09-05T02:12:16.857334+09:00
3305950,38,GS25 강남쥬비스점,서울특별시 강남구 삼성로 434 (대치동) 1층,37.5056944814345,127.057673299017,11,680,SH,SH04,SH040300,2026-03-27 09:21:50+09:00,https://tong.visitkorea.or.kr/cms/resource/70/4019870_image2_1.jpg,https://tong.visitkorea.or.kr/cms/resource/70/4019870_image3_1.jpg,2026-09-05T02:12:16.857334+09:00
3305952,38,나이스웨더 마켓,서울특별시 강남구 강남대로162길 35 (신사동) 1층,37.5207694686799,127.021174886292,11,680,SH,SH04,SH040300,2026-03-16 10:54:17+09:00,https://tong.visitkorea.or.kr/cms/resource/40/4020440_image2_1.jpg,https://tong.visitkorea.or.kr/cms/resource/40/4020440_image3_1.jpg,2026-09-05T02:12:16.857334+09:00
3305953,38,올리브영 테헤란로점,서울특별시 강남구 테헤란로 514 (대치동) 1층,37.5074267999126,127.059755460388,11,680,SH,SH04,SH040300,2026-03-17 10:12:59+09:00,https://tong.visitkorea.or.kr/cms/resource/17/4028417_image2_1.png,https://tong.visitkorea.or.kr/cms/resource/17/4028417_image3_1.png,2026-09-05T02:12:16.857334+09:00
3305975,38,올리브영 신강남점,서울특별시 강남구 봉은사로2길 31 (역삼동),37.5026096332208,127.026544075503,11,680,SH,SH04,SH040300,2026-03-17 10:12:59+09:00,https://tong.visitkorea.or.kr/cms/resource/95/4028395_image2_1.jpg,https://tong.visitkorea.or.kr/cms/resource/95/4028395_image3_1.jpg,2026-09-05T02:12:16.857334+09:00
3305983,38,뷰티앤영의원,서울특별시 강남구 강남대로 616 (신사동) 2층,37.5168560197204,127.01979818833,11,680,SH,SH04,SH040300,2026-03-16 10:35:59+09:00,https://tong.visitkorea.or.kr/cms/resource/80/4017680_image2_1.jpg,https://tong.visitkorea.or.kr/cms/resource/80/4017680_image3_1.jpg,2026-09-05T02:12:16.857334+09:00
3305995,38,안경진정성 스타필드 코엑스몰점,서울특별시 강남구 영동대로 513 (삼성동) B1층,37.5118239121138,127.059159043842,11,680,SH,SH04,SH040300,2026-03-27 09:21:50+09:00,https://tong.visitkorea.or.kr/cms/resource/03/4020203_image2_1.jpg,https://tong.visitkorea.or.kr/cms/resource/03/4020203_image3_1.jpg,2026-09-05T02:12:16.857334+09:00
3306116,38,GS25 삼성한울점,서울특별시 강남구 삼성로119길 37 (삼성동),37.5153090552164,127.048554650867,11,680,SH,SH04,SH040300,2026-03-27 09:21:50+09:00,https://tong.visitkorea.or.kr/cms/resource/75/4019875_image2_1.jpg,https://tong.visitkorea.or.kr/cms/resource/75/4019875_image3_1.jpg,2026-09-05T02:12:16.857334+09:00
3306256,38,안경 압구정,서울특별시 강남구 압구정로18길 8 (신사동) 1층,37.5242767442398,127.024282890087,11,680,SH,SH04,SH040300,2026-03-17 10:12:59+09:00,https://tong.visitkorea.or.kr/cms/resource/21/4020521_image2_1.jpeg,https://tong.visitkorea.or.kr/cms/resource/21/4020521_image3_1.jpeg,2026-09-05T02:12:16.857334+09:00
3306406,38,GS25 청담중앙점,서울특별시 강남구 선릉로148길 32 (청담동),37.522644678155,127.042180354194,11,680,SH,SH04,SH040300,2026-03-27 09:21:50+09:00,https://tong.visitkorea.or.kr/cms/resource/78/4020178_image2_1.jpg,https://tong.visitkorea.or.kr/cms/resource/78/4020178_image3_1.jpg,2026-09-05T02:12:16.857334+09:00
3306472,38,파타고니아 서울가로수길직영점,서울특별시 강남구 도산대로15길 17 (신사동),37.5193695530895,127.023689914455,11,680,SH,SH04,SH040300,2026-03-19 09:49:59+09:00,https://tong.visitkorea.or.kr/cms/resource/54/4020454_image2_1.jpg,https://tong.visitkorea.or.kr/cms/resource/54/4020454_image3_1.jpg,2026-09-05T02:12:16.857334+09:00
3306580,38,리바이스 스타필드 코엑스몰점,서울특별시 강남구 영동대로 513 (삼성동) B1층,37.5118239121138,127.059159043842,11,680,SH,SH04,SH040300,2026-03-27 09:21:50+09:00,https://tong.visitkorea.or.kr/cms/resource/84/4019184_image2_1.jpg,https://tong.visitkorea.or.kr/cms/resource/84/4019184_image3_1.jpg,2026-09-05T02:12:16.857334+09:00
3306596,38,시너지성형외과의원,"서울특별시 강남구 도산대로 107 (신사동) SYH성형타워 1층, 5층",37.5167802830689,127.02010810325,11,680,SH,SH04,SH040300,2026-03-30 09:16:11+09:00,https://tong.visitkorea.or.kr/cms/resource/83/4017683_image2_1.jpg,https://tong.visitkorea.or.kr/cms/resource/83/4017683_image3_1.jpg,2026-09-05T02:12:16.857334+09:00
3306690,38,코뿔소안경원,서울특별시 강남구 강남대로 522 (논현동) 범성빌딩,37.5088399610431,127.022822366763,11,680,SH,SH04,SH040300,2026-03-26 09:20:41+09:00,https://tong.visitkorea.or.kr/cms/resource/73/4042073_image2_1.jpg,https://tong.visitkorea.or.kr/cms/resource/73/4042073_image3_1.jpg,2026-09-05T02:12:16.857334+09:00
3306809,38,올리브영 강남우성점,서울특별시 강남구 강남대로 320 (역삼동) 1층,37.4918533105983,127.03104820955,11,680,SH,SH04,SH040300,2026-03-17 10:12:59+09:00,https://tong.visitkorea.or.kr/cms/resource/70/4028370_image2_1.png,https://tong.visitkorea.or.kr/cms/resource/70/4028370_image3_1.png,2026-09-05T02:12:16.857334+09:00
3306831,38,그녀의 헤어라인 의원,서울특별시 강남구 논현로 826 (신사동) JY빌딩 4층,37.5222271811671,127.028546629528,11,680,SH,SH04,SH040300,2026-03-26 09:20:41+09:00,https://tong.visitkorea.or.kr/cms/resource/82/4042082_image2_1.jpg,https://tong.visitkorea.or.kr/cms/resource/82/4042082_image3_1.jpg,2026-09-05T02:12:16.857334+09:00
3306850,38,CU 역삼경복점,서울특별시 강남구 봉은사로44길 5 (역삼동) 1층,37.5087062231303,127.040429370422,11,680,SH,SH04,SH040300,2026-03-30 09:16:11+09:00,https://tong.visitkorea.or.kr/cms/resource/24/4045624_image2_1.jpg,https://tong.visitkorea.or.kr/cms/resource/24/4045624_image3_1.jpg,2026-09-05T02:12:16.857334+09:00
3306971,38,프린스성형외과의원,서울특별시 강남구 도산대로 104 (논현동) 2층,37.5160774603566,127.020341155484,11,680,SH,SH04,SH040300,2026-03-16 10:35:59+09:00,https://tong.visitkorea.or.kr/cms/resource/66/4017266_image2_1.jpg,https://tong.visitkorea.or.kr/cms/resource/66/4017266_image3_1.jpg,2026-09-05T02:12:16.857334+09:00
3307041,38,피팅의원,"서울특별시 강남구 도산대로 124 (논현동) 대영빌딩 2,3층",37.5169129705369,127.022285492129,11,680,SH,SH04,SH040300,2026-03-30 09:16:11+09:00,https://tong.visitkorea.or.kr/cms/resource/96/4017696_image2_1.jpg,https://tong.visitkorea.or.kr/cms/resource/96/4017696_image3_1.jpg,2026-09-05T02:12:16.857334+09:00
3307064,38,CU 청담삼환점,"서울특별시 강남구 학동로77길 49 (청담동, 삼환아파트)",37.5221283395974,127.047566189072,11,680,SH,SH04,SH040300,2026-03-16 10:54:17+09:00,https://tong.visitkorea.or.kr/cms/resource/88/4018388_image2_1.jpg,https://tong.visitkorea.or.kr/cms/resource/88/4018388_image3_1.jpg,2026-09-05T02:12:16.857334+09:00
3307071,38,비온성형외과의원,서울특별시 강남구 도산대로 108 (논현동) 4층,37.5161918332017,127.020655869811,11,680,SH,SH04,SH040300,2026-03-30 09:16:11+09:00,https://tong.visitkorea.or.kr/cms/resource/45/4017645_image2_1.jpg,https://tong.visitkorea.or.kr/cms/resource/45/4017645_image3_1.jpg,2026-09-05T02:12:16.857334+09:00
3307111,38,꿈꾸는성형외과의원,서울특별시 강남구 강남대로 422 (역삼동) 씨티빌딩 8층,37.5003941401087,127.026984908497,11,680,SH,SH04,SH040300,2026-03-30 09:16:11+09:00,https://tong.visitkorea.or.kr/cms/resource/33/4020433_image2_1.jpg,https://tong.visitkorea.or.kr/cms/resource/33/4020433_image3_1.jpg,2026-09-05T02:12:16.857334+09:00
3307132,38,판도라 스타필드 코엑스몰점,서울특별시 강남구 영동대로 513 (삼성동) B1층,37.5118239121138,127.059159043842,11,680,SH,SH04,SH040300,2026-03-27 09:21:50+09:00,https://tong.visitkorea.or.kr/cms/resource/80/4020080_image2_1.jpg,https://tong.visitkorea.or.kr/cms/resource/80/4020080_image3_1.jpg,2026-09-05T02:12:16.857334+09:00
3307139,38,모우림의원,서울특별시 강남구 논현로 868 (신사동) 4층,37.5260853713573,127.028885110878,11,680,SH,SH04,SH040300,2026-03-16 10:54:17+09:00,https://tong.visitkorea.or.kr/cms/resource/50/4020450_image2_1.png,https://tong.visitkorea.or.kr/cms/resource/50/4020450_image3_1.png,2026-09-05T02:12:16.857334+09:00
3307161,38,로이성형외과의원,서울특별시 강남구 강남대로 652 (신사동) 7층,37.5195659036492,127.019091004701,11,680,SH,SH04,SH040300,2026-03-16 10:35:59+09:00,https://tong.visitkorea.or.kr/cms/resource/54/4017254_image2_1.jpg,https://tong.visitkorea.or.kr/cms/resource/54/4017254_image3_1.jpg,2026-09-05T02:12:16.857334+09:00
3307285,38,와이퀸산부인과의원,서울특별시 강남구 선릉로 820 (청담동) 남한강빌딩 1층,37.5249602205031,127.040210980624,11,680,SH,SH04,SH040300,2026-03-16 10:54:17+09:00,https://tong.visitkorea.or.kr/cms/resource/84/4020184_image2_1.jpg,https://tong.visitkorea.or.kr/cms/resource/84/4020184_image3_1.jpg,2026-09-05T02:12:16.857334+09:00
3307301,38,아이리치,서울특별시 강남구 논현로 841 (신사동) 제이비 미소 빌딩,37.5239684663137,127.027758806248,11,680,SH,SH04,SH040300,2026-03-17 10:12:59+09:00,https://tong.visitkorea.or.kr/cms/resource/12/4020512_image2_1.jpeg,https://tong.visitkorea.or.kr/cms/resource/12/4020512_image3_1.jpeg,2026-09-05T02:12:16.857334+09:00
3307302,38,리뉴외과의원,서울특별시 강남구 도산대로 335 (신사동),37.5233938517566,127.038517338692,11,680,SH,SH04,SH040300,2026-03-27 09:21:50+09:00,https://tong.visitkorea.or.kr/cms/resource/81/4020181_image2_1.jpg,https://tong.visitkorea.or.kr/cms/resource/81/4020181_image3_1.jpg,2026-09-05T02:12:16.857334+09:00
3307323,38,트리니티여성의원,서울특별시 강남구 도산대로 108 (논현동) 렉스타워 3층,37.5161918332017,127.020655869811,11,680,SH,SH04,SH040300,2026-03-30 09:16:11+09:00,https://tong.visitkorea.or.kr/cms/resource/46/4017646_image2_1.jpg,https://tong.visitkorea.or.kr/cms/resource/46/4017646_image3_1.jpg,2026-09-05T02:12:16.857334+09:00
3307443,38,에메필 강남1호점,서울특별시 강남구 테헤란로 101 (역삼동),37.4986232309429,127.028065727387,11,680,SH,SH04,SH040300,2026-03-27 09:21:50+09:00,https://tong.visitkorea.or.kr/cms/resource/12/4044512_image2_1.jpg,https://tong.visitkorea.or.kr/cms/resource/12/4044512_image3_1.jpg,2026-09-05T02:12:16.857334+09:00
3307470,38,윌비성형외과의원,서울특별시 강남구 강남대로 590 (논현동) 미혜빌딩 5층,37.5145397044143,127.020415391742,11,680,SH,SH04,SH040300,2026-03-30 09:16:11+09:00,https://tong.visitkorea.or.kr/cms/resource/41/4017641_image2_1.jpg,https://tong.visitkorea.or.kr/cms/resource/41/4017641_image3_1.jpg,2026-09-05T02:12:16.857334+09:00
3307514,38,치유성형외과의원,서울특별시 강남구 도산대로 110 (논현동) KBL빌딩 9층,37.5162788961317,127.021019329669,11,680,SH,SH04,SH040300,2026-03-30 09:16:11+09:00,https://tong.visitkorea.or.kr/cms/resource/47/4017647_image2_1.jpg,https://tong.visitkorea.or.kr/cms/resource/47/4017647_image3_1.jpg,2026-09-05T02:12:16.857334+09:00
3307612,38,신논현비비약국,서울특별시 강남구 강남대로 476 (논현동) 어반하이브 B2층,37.5049095607089,127.024789737061,11,680,SH,SH04,SH040300,2026-03-30 09:16:11+09:00,https://tong.visitkorea.or.kr/cms/resource/37/4020437_image2_1.jpg,https://tong.visitkorea.or.kr/cms/resource/37/4020437_image3_1.jpg,2026-09-05T02:12:16.857334+09:00
3307705,38,파인드피부과의원,서울특별시 강남구 논현로 820 (신사동) 제이씨빌딩 5층,37.5215917102743,127.028520369312,11,680,SH,SH04,SH040300,2026-03-30 09:16:11+09:00,https://tong.visitkorea.or.kr/cms/resource/45/4020445_image2_1.jpg,https://tong.visitkorea.or.kr/cms/resource/45/4020445_image3_1.jpg,2026-09-05T02:12:16.857334+09:00
3307712,38,클린업피부과의원 청담,서울특별시 강남구 선릉로 832 (청담동) 소나무빌딩 2층,37.5262458809486,127.040414963913,11,680,SH,SH04,SH040300,2026-03-19 09:49:59+09:00,https://tong.visitkorea.or.kr/cms/resource/87/4020187_image2_1.jpg,https://tong.visitkorea.or.kr/cms/resource/87/4020187_image3_1.jpg,2026-09-05T02:12:16.857334+09:00
3307728,38,올리브영 삼성중앙역점,서울특별시 강남구 봉은사로 465 (삼성동) 1층,37.5124779592224,127.050398633345,11,680,SH,SH04,SH040300,2026-03-17 10:12:59+09:00,https://tong.visitkorea.or.kr/cms/resource/94/4028394_image2_1.jpg,https://tong.visitkorea.or.kr/cms/resource/94/4028394_image3_1.jpg,2026-09-05T02:12:16.857334+09:00
333121,14,백암아트홀,서울특별시 강남구 테헤란로113길 7 (삼성동),37.5103790088,127.066031307,11,680,VE,VE06,VE060100,2025-07-08 14:25:38+09:00,http://tong.visitkorea.or.kr/cms/resource/32/3503232_image2_1.jpg,http://tong.visitkorea.or.kr/cms/resource/32/3503232_image3_1.jpg,2026-09-05T02:12:16.857334+09:00
3335691,14,최인아책방,서울특별시 강남구 선릉로 521 (역삼동) 4층,37.506051518462115,127.04790906737594,11,680,VE,VE12,VE120100,2026-04-06 09:42:39+09:00,https://tong.visitkorea.or.kr/cms/resource/90/3335690_image2_1.jpg,https://tong.visitkorea.or.kr/cms/resource/90/3335690_image3_1.jpg,2026-09-05T02:12:16.857334+09:00
3342991,12,삼성해맞이공원,서울특별시 강남구 영동대로128길 39 (삼성동),37.519753,127.061997,11,680,NA,NA04,NA040100,2026-04-02 16:47:51+09:00,https://tong.visitkorea.or.kr/cms/resource/85/3342985_image2_1.jpg,https://tong.visitkorea.or.kr/cms/resource/85/3342985_image3_1.jpg,2026-09-05T02:12:16.857334+09:00
3367405,15,비건·할랄뷰티페어,서울특별시 강남구 영동대로 513 (삼성동),37.5118651508,127.0592035846,11,680,EV,EV03,EV030100,2026-08-28 17:29:40+09:00,https://tong.visitkorea.or.kr/cms/resource/07/4105707_image2_1.jpg,https://tong.visitkorea.or.kr/cms/resource/07/4105707_image3_1.jpg,2026-09-05T02:12:16.857334+09:00
3377038,15,2026 국제선명상대회,서울특별시 강남구 봉은사로 531 (삼성동),37.5158257049833,127.057734484281,11,680,EV,EV03,EV030400,2026-03-30 11:36:21+09:00,https://tong.visitkorea.or.kr/cms/resource/90/4054090_image2_1.jpg,https://tong.visitkorea.or.kr/cms/resource/90/4054090_image3_1.jpg,2026-09-05T02:12:16.857334+09:00
3386145,14,국립어린이청소년도서관,서울특별시 강남구 테헤란로7길 21 (역삼동),37.50067016567467,127.03015300562205,11,680,VE,VE09,VE090300,2026-04-10 14:43:47+09:00,https://tong.visitkorea.or.kr/cms/resource/93/3386193_image2_1.JPG,https://tong.visitkorea.or.kr/cms/resource/93/3386193_image3_1.JPG,2026-09-05T02:12:16.857334+09:00
3423015,14,역삼도서관,서울특별시 강남구 역삼로7길 16 (역삼동),37.4953968261,127.0332430485,11,680,VE,VE09,VE090300,2025-12-05 14:21:58+09:00,http://tong.visitkorea.or.kr/cms/resource/90/3457790_image2_1.JPG,http://tong.visitkorea.or.kr/cms/resource/90/3457790_image3_1.JPG,2026-09-05T02:12:16.857334+09:00
3432213,14,논현문화마루도서관,서울특별시 강남구 논현로131길 40 (논현동),37.5139001229,127.0271208603,11,680,VE,VE09,VE090300,2024-12-02 11:41:21+09:00,http://tong.visitkorea.or.kr/cms/resource/56/3431756_image2_1.jpg,http://tong.visitkorea.or.kr/cms/resource/56/3431756_image3_1.jpg,2026-09-05T02:12:16.857334+09:00
3432447,12,2025 서울 카페&베이커리페어,서울특별시 강남구 남부순환로 3104 (대치동) SETEC,37.4960890861,127.0707673919,11,680,EX,EX07,EX070200,2024-12-02 14:11:05+09:00,http://tong.visitkorea.or.kr/cms/resource/64/3432064_image2_1.jpg,http://tong.visitkorea.or.kr/cms/resource/64/3432064_image3_1.jpg,2026-09-05T02:12:16.857334+09:00
3439947,15,강남 미디어 윈터페스타,서울특별시 강남구 영동대로 511 (삼성동),37.5103955843,127.0610512042,11,680,EV,EV01,EV010200,2025-12-08 17:43:42+09:00,http://tong.visitkorea.or.kr/cms/resource/54/3579654_image2_1.jpg,http://tong.visitkorea.or.kr/cms/resource/54/3579654_image3_1.jpg,2026-09-05T02:12:16.857334+09:00
3441597,12,이문원한의원,서울특별시 강남구 선릉로132길 33 (청담동),37.51863735746294,127.04389700658533,11,680,EX,EX05,EX050800,2026-04-22 15:40:16+09:00,,,2026-09-05T02:12:16.857334+09:00
3464974,32,신라스테이 삼성,서울특별시 강남구 영동대로 506 (삼성동),37.5099623394,127.063192688,11,680,AC,AC01,AC010100,2025-04-17 10:31:07+09:00,,,2026-09-05T02:12:16.857334+09:00
3465100,32,포포인츠 바이 쉐라톤 서울 강남,서울특별시 강남구 도산대로 203 (신사동),37.5203577318,127.0285344377,11,680,AC,AC01,AC010100,2025-04-11 09:08:01+09:00,,,2026-09-05T02:12:16.857334+09:00
3465527,32,보코 서울 강남,서울특별시 강남구 도산대로 144 (논현동),37.5178162906,127.0246265322,11,680,AC,AC01,AC010100,2025-07-29 09:18:30+09:00,,,2026-09-05T02:12:16.857334+09:00
3465981,32,호텔인나인 강남 (hotel in 9),서울특별시 강남구 영동대로 618 (삼성동),37.5156310692,127.0600539244,11,680,AC,AC01,AC010100,2025-04-09 09:06:35+09:00,,,2026-09-05T02:12:16.857334+09:00
3466079,32,안다즈 서울 강남,서울특별시 강남구 논현로 854 (신사동),37.5253738224,127.0288814863,11,680,AC,AC01,AC010100,2025-04-09 09:10:11+09:00,,,2026-09-05T02:12:16.857334+09:00
3489432,15,어린이날 도서관 큰 잔치,서울특별시 강남구 테헤란로7길 21 (역삼동) 국립어린이청소년도서관,37.50067016567467,127.03015300562205,11,680,EV,EV01,EV010200,2026-04-24 09:16:26+09:00,https://tong.visitkorea.or.kr/cms/resource/32/4059932_image2_1.jpg,https://tong.visitkorea.or.kr/cms/resource/32/4059932_image3_1.jpg,2026-09-05T02:12:16.857334+09:00
3514681,32,글래드 강남 코엑스센터,서울특별시 강남구 테헤란로 610 (대치동),37.50882289924342,127.06454184728733,11,680,AC,AC01,AC010100,2026-03-11 10:03:40+09:00,https://tong.visitkorea.or.kr/cms/resource/52/3514552_image2_1.jpg,https://tong.visitkorea.or.kr/cms/resource/52/3514552_image3_1.jpg,2026-09-05T02:12:16.857334+09:00
3524418,15,제2회 고메 잇 강남,서울특별시 강남구 영동대로 513 (삼성동),37.5119175967,127.059217995,11,680,EV,EV03,EV030400,2025-11-10 15:55:53+09:00,http://tong.visitkorea.or.kr/cms/resource/24/3563924_image2_1.png,http://tong.visitkorea.or.kr/cms/resource/24/3563924_image3_1.png,2026-09-05T02:12:16.857334+09:00
3526328,12,[서울둘레길 9코스] 대모·구룡산코스,서울특별시 강남구 밤고개로 76-2 (수서동) (수서역~매헌시민의숲 (양재시민의숲역)),37.4869676647958,127.101879310759,11,680,VE,VE04,VE040300,2026-04-09 09:20:32+09:00,https://tong.visitkorea.or.kr/cms/resource/39/3526139_image2_1.jpg,https://tong.visitkorea.or.kr/cms/resource/39/3526139_image3_1.jpg,2026-09-05T02:12:16.857334+09:00
3540355,15,2025 제14회 강남구 아름다운 건축물 전시회,서울특별시 강남구 영동대로 513 (삼성동),37.5119175967,127.059217995,11,680,EV,EV03,EV030400,2025-09-19 14:10:37+09:00,http://tong.visitkorea.or.kr/cms/resource/47/3540747_image2_1.png,http://tong.visitkorea.or.kr/cms/resource/47/3540747_image3_1.png,2026-09-05T02:12:16.857334+09:00
3551159,39,우모크,서울특별시 강남구 언주로170길 22 (신사동) 지하 2층,37.5266090791381,127.03542198409549,11,680,FD,FD01,FD010100,2026-05-21 13:32:33+09:00,https://tong.visitkorea.or.kr/cms/resource/52/3551152_image2_1.jpg,https://tong.visitkorea.or.kr/cms/resource/52/3551152_image3_1.jpg,2026-09-05T02:12:16.857334+09:00
3570323,39,부베트 본점,서울특별시 강남구 논현로 854 (신사동) 안다즈 서울 강남 상업시설 건물 1층,37.52532163054886,127.02886508625117,11,680,FD,FD02,FD020300,2026-04-27 17:05:46+09:00,https://tong.visitkorea.or.kr/cms/resource/89/3570289_image2_1.jpg,https://tong.visitkorea.or.kr/cms/resource/89/3570289_image3_1.jpg,2026-09-05T02:12:16.857334+09:00
3570424,14,더샵갤러리,서울특별시 강남구 자곡로 210 (자곡동),37.47510390390552,127.10585043197686,11,680,VE,VE07,VE070300,2026-03-09 17:13:41+09:00,https://tong.visitkorea.or.kr/cms/resource/11/3570411_image2_1.jpg,https://tong.visitkorea.or.kr/cms/resource/11/3570411_image3_1.jpg,2026-09-05T02:12:16.857334+09:00
3571394,14,거암아트홀,서울특별시 강남구 강남대로 652 (신사동) 4층,37.519604670540225,127.0190765501651,11,680,VE,VE06,VE060100,2026-03-09 16:55:17+09:00,https://tong.visitkorea.or.kr/cms/resource/76/3571376_image2_1.jpg,https://tong.visitkorea.or.kr/cms/resource/76/3571376_image3_1.jpg,2026-09-05T02:12:16.857334+09:00
398363,39,개화옥,서울특별시 강남구 압구정로50길 7,37.5277388517096,127.038591693121,11,680,FD,FD01,FD010100,2026-02-06 14:03:10+09:00,https://tong.visitkorea.or.kr/cms/resource/90/1290490_image2_1.jpg,https://tong.visitkorea.or.kr/cms/resource/90/1290490_image3_1.jpg,2026-09-05T02:12:16.857334+09:00
4004047,38,디어포스트,서울특별시 강남구 도산대로16길 6 (논현동),37.5175068507938,127.024418132197,11,680,SH,SH07,SH070100,2026-03-25 09:34:32+09:00,https://tong.visitkorea.or.kr/cms/resource/43/4004043_image2_1.jpg,https://tong.visitkorea.or.kr/cms/resource/43/4004043_image3_1.jpg,2026-09-05T02:12:16.857334+09:00
4008130,38,강남 센트럴 약국,서울특별시 강남구 강남대로 406 (역삼동) 글라스타워 1층,37.4989106629232,127.027637005361,11,680,SH,SH04,SH040300,2026-03-16 10:35:59+09:00,https://tong.visitkorea.or.kr/cms/resource/04/4021304_image2_1.jpg,https://tong.visitkorea.or.kr/cms/resource/04/4021304_image3_1.jpg,2026-09-05T02:12:16.857334+09:00
4008132,38,올리브영 강남논현점,서울특별시 강남구 강남대로118길 11 (논현동),37.5066350368622,127.024544768324,11,680,SH,SH04,SH040300,2026-03-09 09:36:31+09:00,https://tong.visitkorea.or.kr/cms/resource/73/4028373_image2_1.png,https://tong.visitkorea.or.kr/cms/resource/73/4028373_image3_1.png,2026-09-05T02:12:16.857334+09:00
4008133,38,올리브영 대치역점,"서울특별시 강남구 남부순환로 2936 (대치동) 1,2층",37.4933489108525,127.06191661451,11,680,SH,SH04,SH040300,2026-03-09 09:36:31+09:00,https://tong.visitkorea.or.kr/cms/resource/76/4028376_image2_1.jpg,https://tong.visitkorea.or.kr/cms/resource/76/4028376_image3_1.jpg,2026-09-05T02:12:16.857334+09:00
4008135,38,올리브영 포이사거리점,서울특별시 강남구 논현로 82 (개포동),37.4773867854988,127.045337416978,11,680,SH,SH04,SH040300,2026-03-09 09:36:31+09:00,https://tong.visitkorea.or.kr/cms/resource/80/4028380_image2_1.jpg,https://tong.visitkorea.or.kr/cms/resource/80/4028380_image3_1.jpg,2026-09-05T02:12:16.857334+09:00
4008148,38,올리브영 수서역점,서울특별시 강남구 밤고개로1길 10 (수서동),37.4880244867416,127.101844450006,11,680,SH,SH04,SH040300,2026-03-09 09:36:31+09:00,https://tong.visitkorea.or.kr/cms/resource/90/4028390_image2_1.png,https://tong.visitkorea.or.kr/cms/resource/90/4028390_image3_1.png,2026-09-05T02:12:16.857334+09:00
4008151,38,올리브영 대치사거리점,서울특별시 강남구 삼성로 342 (대치동),37.5022364049283,127.059525476966,11,680,SH,SH04,SH040300,2026-03-09 09:36:31+09:00,https://tong.visitkorea.or.kr/cms/resource/96/4028396_image2_1.png,https://tong.visitkorea.or.kr/cms/resource/96/4028396_image3_1.png,2026-09-05T02:12:16.857334+09:00
4008152,38,올리브영 개포동점,서울특별시 강남구 선릉로 26 (개포동) B1층,37.4822879125616,127.061486552862,11,680,SH,SH04,SH040300,2026-03-09 09:36:31+09:00,https://tong.visitkorea.or.kr/cms/resource/98/4028398_image2_1.jpg,https://tong.visitkorea.or.kr/cms/resource/98/4028398_image3_1.jpg,2026-09-05T02:12:16.857334+09:00
4008153,38,올리브영 한티역점,서울특별시 강남구 선릉로 312 (대치동) 1층,37.4975437191647,127.052642849551,11,680,SH,SH04,SH040300,2026-03-09 09:36:31+09:00,https://tong.visitkorea.or.kr/cms/resource/99/4028399_image2_1.png,https://tong.visitkorea.or.kr/cms/resource/99/4028399_image3_1.png,2026-09-05T02:12:16.857334+09:00
4008154,38,올리브영 압구정로데오역점,서울특별시 강남구 선릉로 817 (신사동) 캠포츠빌딩,37.5250890564552,127.039431148957,11,680,SH,SH04,SH040300,2026-03-09 09:36:31+09:00,https://tong.visitkorea.or.kr/cms/resource/01/4028401_image2_1.jpg,https://tong.visitkorea.or.kr/cms/resource/01/4028401_image3_1.jpg,2026-09-05T02:12:16.857334+09:00
4008160,38,올리브영 선릉점,서울특별시 강남구 테헤란로 424 (대치동) 1층,37.5054927426087,127.053467711791,11,680,SH,SH04,SH040300,2026-03-09 09:36:31+09:00,https://tong.visitkorea.or.kr/cms/resource/15/4028415_image2_1.png,https://tong.visitkorea.or.kr/cms/resource/15/4028415_image3_1.png,2026-09-05T02:12:16.857334+09:00
4008791,38,올리브영 역삼점,서울특별시 강남구 테헤란로 111 (역삼동) 대건빌딩 1층,37.4989136957534,127.029260610601,11,680,SH,SH04,SH040300,2026-03-09 09:36:31+09:00,https://tong.visitkorea.or.kr/cms/resource/07/4028407_image2_1.jpg,https://tong.visitkorea.or.kr/cms/resource/07/4028407_image3_1.jpg,2026-09-05T02:12:16.857334+09:00
4008792,38,올리브영 파르나스삼성 타운,서울특별시 강남구 테헤란로 521 (삼성동) 파르나스몰 B1층,37.5091916919873,127.06080691987,11,680,SH,SH04,SH040300,2026-03-09 09:36:31+09:00,https://tong.visitkorea.or.kr/cms/resource/19/4028419_image2_1.jpg,https://tong.visitkorea.or.kr/cms/resource/19/4028419_image3_1.jpg,2026-09-05T02:12:16.857334+09:00
4008793,38,올리브영 세곡동점,서울특별시 강남구 헌릉로569길 21-36 (세곡동),37.4663990054191,127.100155695519,11,680,SH,SH04,SH040300,2026-03-09 09:36:31+09:00,https://tong.visitkorea.or.kr/cms/resource/26/4028426_image2_1.png,https://tong.visitkorea.or.kr/cms/resource/26/4028426_image3_1.png,2026-09-05T02:12:16.857334+09:00
4011326,38,리바이스 가로수플래그쉽스토어,서울특별시 강남구 가로수길 12 (신사동),37.5187152061378,127.023430893931,11,680,SH,SH04,SH040300,2026-03-30 09:16:11+09:00,https://tong.visitkorea.or.kr/cms/resource/40/4044040_image2_1.png,https://tong.visitkorea.or.kr/cms/resource/40/4044040_image3_1.png,2026-09-05T02:12:16.857334+09:00
4011328,38,다미 강남점,서울특별시 강남구 가로수길 26 (신사동),37.5196295790897,127.023254148239,11,680,SH,SH04,SH040300,2026-03-17 10:12:59+09:00,https://tong.visitkorea.or.kr/cms/resource/31/4024331_image2_1.jpeg,https://tong.visitkorea.or.kr/cms/resource/31/4024331_image3_1.jpeg,2026-09-05T02:12:16.857334+09:00
4011330,38,아르켓 가로수길점,서울특별시 강남구 가로수길 30 (신사동),37.5198633976761,127.023212027194,11,680,SH,SH04,SH040300,2026-03-30 09:16:11+09:00,https://tong.visitkorea.or.kr/cms/resource/44/4044044_image2_1.png,https://tong.visitkorea.or.kr/cms/resource/44/4044044_image3_1.png,2026-09-05T02:12:16.857334+09:00
4011332,38,아미 가로수길점,서울특별시 강남구 가로수길 48 (신사동),37.5211191631472,127.023019770319,11,680,SH,SH04,SH040300,2026-03-17 10:12:59+09:00,https://tong.visitkorea.or.kr/cms/resource/93/4024493_image2_1.jpeg,https://tong.visitkorea.or.kr/cms/resource/93/4024493_image3_1.jpeg,2026-09-05T02:12:16.857334+09:00
4011334,38,디오디너리 강남,서울특별시 강남구 가로수길 55-4 (신사동),37.5217045632229,127.022455469542,11,680,SH,SH04,SH040300,2026-03-30 09:16:11+09:00,https://tong.visitkorea.or.kr/cms/resource/35/4044035_image2_1.png,https://tong.visitkorea.or.kr/cms/resource/35/4044035_image3_1.png,2026-09-05T02:12:16.857334+09:00
4011336,38,글로우 플래그십 스토어 클리어,서울특별시 강남구 가로수길 57-6 (신사동) 1층,37.5218877720325,127.02227090829,11,680,SH,SH04,SH040300,2026-03-17 10:12:59+09:00,https://tong.visitkorea.or.kr/cms/resource/98/4024598_image2_1.jpeg,https://tong.visitkorea.or.kr/cms/resource/98/4024598_image3_1.jpeg,2026-09-05T02:12:16.857334+09:00
4011338,38,찰스앤키스 가로수길점,서울특별시 강남구 가로수길 59 (신사동) 1층,37.5218897968686,127.022521249316,11,680,SH,SH04,SH040300,2026-03-17 10:12:59+09:00,https://tong.visitkorea.or.kr/cms/resource/04/4023404_image2_1.jpeg,https://tong.visitkorea.or.kr/cms/resource/04/4023404_image3_1.jpeg,2026-09-05T02:12:16.857334+09:00
4011346,38,엘라부티크,서울특별시 강남구 가로수길 59 (신사동),37.5218897968686,127.022521249316,11,680,SH,SH04,SH040300,2026-03-17 10:12:59+09:00,https://tong.visitkorea.or.kr/cms/resource/58/4024558_image2_1.jpeg,https://tong.visitkorea.or.kr/cms/resource/58/4024558_image3_1.jpeg,2026-09-05T02:12:16.857334+09:00
4011348,38,에젤피부과의원,서울특별시 강남구 가로수길 80 (신사동) 한림빌딩 4층,37.5232269395312,127.022706044454,11,680,SH,SH04,SH040300,2026-03-26 09:20:41+09:00,https://tong.visitkorea.or.kr/cms/resource/55/4044155_image2_1.png,https://tong.visitkorea.or.kr/cms/resource/55/4044155_image3_1.png,2026-09-05T02:12:16.857334+09:00
4011350,38,캐리마켓 신사,서울특별시 강남구 가로수길 82 (신사동),37.52342947847,127.022739477703,11,680,SH,SH04,SH040300,2026-03-17 10:12:59+09:00,https://tong.visitkorea.or.kr/cms/resource/58/4024758_image2_1.jpeg,https://tong.visitkorea.or.kr/cms/resource/58/4024758_image3_1.jpeg,2026-09-05T02:12:16.857334+09:00
4011351,38,아디다스 오리지널스 플래그십 가로수길,서울특별시 강남구 가로수길 9 (신사동),37.5185682413729,127.02302939349,11,680,SH,SH04,SH040300,2026-03-12 12:39:47+09:00,https://tong.visitkorea.or.kr/cms/resource/32/4024632_image2_1.jpeg,https://tong.visitkorea.or.kr/cms/resource/32/4024632_image3_1.jpeg,2026-09-05T02:12:16.857334+09:00
4011352,38,큰길약국,서울특별시 강남구 강남대로 370 (역삼동) B1층,37.4958597444988,127.029219161362,11,680,SH,SH04,SH040300,2026-03-17 10:12:59+09:00,https://tong.visitkorea.or.kr/cms/resource/33/4024633_image2_1.jpeg,https://tong.visitkorea.or.kr/cms/resource/33/4024633_image3_1.jpeg,2026-09-05T02:12:16.857334+09:00
4011361,38,로이드 강남점,서울특별시 강남구 강남대로 410 (역삼동) 1층,37.499351321077,127.027352976015,11,680,SH,SH04,SH040300,2026-03-17 10:12:59+09:00,https://tong.visitkorea.or.kr/cms/resource/17/4022617_image2_1.jpg,https://tong.visitkorea.or.kr/cms/resource/17/4022617_image3_1.jpg,2026-09-05T02:12:16.857334+09:00
4011362,38,뉴발란스 강남점,서울특별시 강남구 강남대로 412 (역삼동) 규정빌딩 1층,37.4995058621367,127.027272965464,11,680,SH,SH04,SH040300,2026-03-12 09:08:40+09:00,https://tong.visitkorea.or.kr/cms/resource/32/4024332_image2_1.jpeg,https://tong.visitkorea.or.kr/cms/resource/32/4024332_image3_1.jpeg,2026-09-05T02:12:16.857334+09:00
4011367,38,듀얼소닉 강남신사점,서울특별시 강남구 강남대로 596 (논현동),37.5150205807468,127.020354102766,11,680,SH,SH04,SH040300,2026-03-17 10:12:59+09:00,https://tong.visitkorea.or.kr/cms/resource/83/4024483_image2_1.jpeg,https://tong.visitkorea.or.kr/cms/resource/83/4024483_image3_1.jpeg,2026-09-05T02:12:16.857334+09:00
4011368,38,1층엔약국,서울특별시 강남구 강남대로 624 (신사동),37.5175038906888,127.019500864334,11,680,SH,SH04,SH040300,2026-03-17 10:12:59+09:00,https://tong.visitkorea.or.kr/cms/resource/33/4024333_image2_1.jpeg,https://tong.visitkorea.or.kr/cms/resource/33/4024333_image3_1.jpeg,2026-09-05T02:12:16.857334+09:00
4011369,38,오콜로르 신사점,서울특별시 강남구 강남대로156길 20 (신사동) 정원빌딩 2층,37.5182277112271,127.020823504967,11,680,SH,SH04,SH040300,2026-03-17 10:12:59+09:00,https://tong.visitkorea.or.kr/cms/resource/62/4024562_image2_1.jpg,https://tong.visitkorea.or.kr/cms/resource/62/4024562_image3_1.jpg,2026-09-05T02:12:16.857334+09:00
4011371,38,WoooM,서울특별시 강남구 강남대로156길 31-8 (신사동) 1층,37.519280047022,127.021526830184,11,680,SH,SH04,SH040300,2026-03-17 10:12:59+09:00,https://tong.visitkorea.or.kr/cms/resource/34/4024634_image2_1.jpeg,https://tong.visitkorea.or.kr/cms/resource/34/4024634_image3_1.jpeg,2026-09-05T02:12:16.857334+09:00
4011373,38,케나인,서울특별시 강남구 강남대로156길 45 (신사동) 1층,37.5192035430046,127.022540237696,11,680,SH,SH04,SH040300,2026-03-30 09:16:11+09:00,https://tong.visitkorea.or.kr/cms/resource/36/4044036_image2_1.png,https://tong.visitkorea.or.kr/cms/resource/36/4044036_image3_1.png,2026-09-05T02:12:16.857334+09:00
4011374,38,아보아보,서울특별시 강남구 강남대로160길 40 (신사동) 1~2층,37.5202180303257,127.021804922683,11,680,SH,SH04,SH040300,2026-04-01 08:04:05+09:00,https://tong.visitkorea.or.kr/cms/resource/40/4024340_image2_1.jpeg,https://tong.visitkorea.or.kr/cms/resource/40/4024340_image3_1.jpeg,2026-09-05T02:12:16.857334+09:00
4011376,38,리웍스120,서울특별시 강남구 강남대로162길 24 (신사동),37.5201949083,127.0206133089,11,680,SH,SH04,SH040300,2026-07-15 19:40:19+09:00,https://tong.visitkorea.or.kr/cms/resource/46/4024446_image2_1.jpeg,https://tong.visitkorea.or.kr/cms/resource/46/4024446_image3_1.jpeg,2026-09-05T02:12:16.857334+09:00
4011378,38,풍류 스노우,서울특별시 강남구 논현로 619 (논현동) 1층,37.508909161079,127.032766069305,11,680,SH,SH04,SH040300,2026-04-06 00:59:47+09:00,https://tong.visitkorea.or.kr/cms/resource/87/4024487_image2_1.jpeg,https://tong.visitkorea.or.kr/cms/resource/87/4024487_image3_1.jpeg,2026-09-05T02:12:16.857334+09:00
4011379,38,루비약국,서울특별시 강남구 논현로 823 (신사동),37.5219142271279,127.02794277452,11,680,SH,SH04,SH040300,2026-03-17 10:12:59+09:00,https://tong.visitkorea.or.kr/cms/resource/22/4023622_image2_1.jpg,https://tong.visitkorea.or.kr/cms/resource/22/4023622_image3_1.jpg,2026-09-05T02:12:16.857334+09:00
4011380,38,힐링약국,서울특별시 강남구 논현로 829 (신사동),37.5224065392188,127.027924971498,11,680,SH,SH04,SH040300,2026-04-01 06:57:03+09:00,https://tong.visitkorea.or.kr/cms/resource/87/4022587_image2_1.jpg,https://tong.visitkorea.or.kr/cms/resource/87/4022587_image3_1.jpg,2026-09-05T02:12:16.857334+09:00
4011381,38,TWG Tea 압구정 안다즈점,서울특별시 강남구 논현로 854 (신사동) 1층,37.5253215967063,127.028865132152,11,680,SH,SH04,SH040300,2026-03-27 09:21:50+09:00,https://tong.visitkorea.or.kr/cms/resource/67/4044267_image2_1.png,https://tong.visitkorea.or.kr/cms/resource/67/4044267_image3_1.png,2026-09-05T02:12:16.857334+09:00
4011382,38,즐거운약국,서울특별시 강남구 논현로 863 (신사동) 1층,37.5258312809551,127.028171397701,11,680,SH,SH04,SH040300,2026-03-30 09:16:11+09:00,https://tong.visitkorea.or.kr/cms/resource/37/4044037_image2_1.png,https://tong.visitkorea.or.kr/cms/resource/37/4044037_image3_1.png,2026-09-05T02:12:16.857334+09:00
4011383,38,마리약국 강남점,서울특별시 강남구 논현로155길 6 (신사동) 1층,37.5219428445576,127.027706584935,11,680,SH,SH04,SH040300,2026-03-17 10:12:59+09:00,https://tong.visitkorea.or.kr/cms/resource/42/4024342_image2_1.jpeg,https://tong.visitkorea.or.kr/cms/resource/42/4024342_image3_1.jpeg,2026-09-05T02:12:16.857334+09:00
4011385,38,프레이트 신사 플래그십 스토어,서울특별시 강남구 논현로159길 54 (신사동) 1층,37.5219179071164,127.023901920224,11,680,SH,SH04,SH040300,2026-03-26 09:20:41+09:00,https://tong.visitkorea.or.kr/cms/resource/27/4044227_image2_1.png,https://tong.visitkorea.or.kr/cms/resource/27/4044227_image3_1.png,2026-09-05T02:12:16.857334+09:00
4011387,38,젝시믹스 핏 스토어 가로수길점,서울특별시 강남구 논현로159길 65 (신사동) 1층,37.5213861018791,127.023165100835,11,680,SH,SH04,SH040300,2026-03-26 09:20:41+09:00,https://tong.visitkorea.or.kr/cms/resource/97/4044197_image2_1.png,https://tong.visitkorea.or.kr/cms/resource/97/4044197_image3_1.png,2026-09-05T02:12:16.857334+09:00
4011388,38,굿밴,서울특별시 강남구 논현로167길 16 (신사동) 삼구빌딩,37.524787675725,127.026902059441,11,680,SH,SH04,SH040300,2026-03-17 10:12:59+09:00,https://tong.visitkorea.or.kr/cms/resource/43/4024343_image2_1.jpeg,https://tong.visitkorea.or.kr/cms/resource/43/4024343_image3_1.jpeg,2026-09-05T02:12:16.857334+09:00
4011390,38,AK골프 역삼본점,서울특별시 강남구 논현로81길 4 (역삼동) 2~3층,37.4983309089769,127.037595580936,11,680,SH,SH04,SH040300,2026-03-17 10:12:59+09:00,https://tong.visitkorea.or.kr/cms/resource/57/4024557_image2_1.jpg,https://tong.visitkorea.or.kr/cms/resource/57/4024557_image3_1.jpg,2026-09-05T02:12:16.857334+09:00
4011391,38,링스 강남점,서울특별시 강남구 도곡로 126 (도곡동) 1층,37.4900715164542,127.03417387295,11,680,SH,SH04,SH040300,2026-04-01 08:14:40+09:00,https://tong.visitkorea.or.kr/cms/resource/47/4024447_image2_1.jpeg,https://tong.visitkorea.or.kr/cms/resource/47/4024447_image3_1.jpeg,2026-09-05T02:12:16.857334+09:00
4011392,38,타이틀리스트 역삼점,서울특별시 강남구 도곡로 130 (도곡동),37.4902361025675,127.034579660652,11,680,SH,SH04,SH040300,2026-03-17 10:12:59+09:00,https://tong.visitkorea.or.kr/cms/resource/99/4024599_image2_1.jpeg,https://tong.visitkorea.or.kr/cms/resource/99/4024599_image3_1.jpeg,2026-09-05T02:12:16.857334+09:00
4011393,38,벤제프 강남점,서울특별시 강남구 도곡로 150 (도곡동) 대광빌딩 1층,37.4908032406299,127.036529461083,11,680,SH,SH04,SH040300,2026-03-17 10:12:59+09:00,https://tong.visitkorea.or.kr/cms/resource/50/4024850_image2_1.jpeg,https://tong.visitkorea.or.kr/cms/resource/50/4024850_image3_1.jpeg,2026-09-05T02:12:16.857334+09:00
4011395,38,나이키골프 도곡점,서울특별시 강남구 도곡로 163 (역삼동),37.4916452635753,127.0375780951,11,680,SH,SH04,SH040300,2026-03-27 09:21:50+09:00,https://tong.visitkorea.or.kr/cms/resource/19/4044019_image2_1.png,https://tong.visitkorea.or.kr/cms/resource/19/4044019_image3_1.png,2026-09-05T02:12:16.857334+09:00
4011397,38,크리스에프앤씨,서울특별시 강남구 도곡로 176 (도곡동),37.4914491505786,127.038858477647,11,680,SH,SH04,SH040300,2026-03-17 10:12:59+09:00,https://tong.visitkorea.or.kr/cms/resource/71/4024571_image2_1.jpg,https://tong.visitkorea.or.kr/cms/resource/71/4024571_image3_1.jpg,2026-09-05T02:12:16.857334+09:00
4011401,38,빈폴 롯데백화점 강남점,서울특별시 강남구 도곡로 401 (대치동) 5층,37.496979324799,127.053254695846,11,680,SH,SH04,SH040300,2026-03-19 06:57:14+09:00,https://tong.visitkorea.or.kr/cms/resource/99/4024499_image2_1.jpeg,https://tong.visitkorea.or.kr/cms/resource/99/4024499_image3_1.jpeg,2026-09-05T02:12:16.857334+09:00
4011404,38,에센허브 플래그십 스토어 강남,서울특별시 강남구 도산대로 138 (논현동) 1층,37.5174322865518,127.023786242369,11,680,SH,SH04,SH040300,2026-03-17 10:12:59+09:00,https://tong.visitkorea.or.kr/cms/resource/54/4024554_image2_1.jpeg,https://tong.visitkorea.or.kr/cms/resource/54/4024554_image3_1.jpeg,2026-09-05T02:12:16.857334+09:00
4011406,38,메종바카라서울,서울특별시 강남구 도산대로 313 (신사동),37.5224774744091,127.035540248064,11,680,SH,SH04,SH040300,2026-03-17 10:12:59+09:00,https://tong.visitkorea.or.kr/cms/resource/55/4024555_image2_1.jpeg,https://tong.visitkorea.or.kr/cms/resource/55/4024555_image3_1.jpeg,2026-09-05T02:12:16.857334+09:00
4011409,38,LG전자 플래그십 D5,서울특별시 강남구 도산대로 403 (청담동),37.5236371207764,127.039611950875,11,680,SH,SH04,SH040300,2026-03-27 09:21:50+09:00,https://tong.visitkorea.or.kr/cms/resource/81/4044581_image2_1.png,https://tong.visitkorea.or.kr/cms/resource/81/4044581_image3_1.png,2026-09-05T02:12:16.857334+09:00
4011412,38,아이스버그골프 청담플래그쉽스토어,서울특별시 강남구 도산대로 408 (청담동) 1층,37.5230199030985,127.040236636592,11,680,SH,SH04,SH040300,2026-03-26 09:20:41+09:00,https://tong.visitkorea.or.kr/cms/resource/52/4044152_image2_1.png,https://tong.visitkorea.or.kr/cms/resource/52/4044152_image3_1.png,2026-09-05T02:12:16.857334+09:00
4011414,38,라이카 스토어 청담,서울특별시 강남구 도산대로 420 (청담동) 청담스퀘어,37.5230539082669,127.042195064505,11,680,SH,SH04,SH040300,2026-04-01 08:06:12+09:00,https://tong.visitkorea.or.kr/cms/resource/44/4024344_image2_1.jpeg,https://tong.visitkorea.or.kr/cms/resource/44/4024344_image3_1.jpeg,2026-09-05T02:12:16.857334+09:00
4011416,38,CP컴퍼니 서울 플래그십 스토어,서울특별시 강남구 도산대로45길 18-2 (신사동) 1층,37.5236083689948,127.035685584821,11,680,SH,SH04,SH040300,2026-03-17 10:12:59+09:00,https://tong.visitkorea.or.kr/cms/resource/82/4024482_image2_1.jpeg,https://tong.visitkorea.or.kr/cms/resource/82/4024482_image3_1.jpeg,2026-09-05T02:12:16.857334+09:00
4011418,38,팜엔젤스 플래그십 스토어,서울특별시 강남구 도산대로45길 18-2 (신사동) 1층,37.5236083689948,127.035685584821,11,680,SH,SH04,SH040300,2026-03-17 10:12:59+09:00,https://tong.visitkorea.or.kr/cms/resource/30/4024430_image2_1.jpeg,https://tong.visitkorea.or.kr/cms/resource/30/4024430_image3_1.jpeg,2026-09-05T02:12:16.857334+09:00
4011420,38,뉴에라 압구정점,서울특별시 강남구 도산대로49길 17 (신사동) 1층,37.524062693803,127.037021252789,11,680,SH,SH04,SH040300,2026-03-30 09:16:11+09:00,https://tong.visitkorea.or.kr/cms/resource/25/4044025_image2_1.png,https://tong.visitkorea.or.kr/cms/resource/25/4044025_image3_1.png,2026-09-05T02:12:16.857334+09:00
4011422,38,락피쉬웨더웨어 도산점,서울특별시 강남구 도산대로49길 27 (신사동),37.5246549444157,127.036951746199,11,680,SH,SH04,SH040300,2026-03-17 10:12:59+09:00,https://tong.visitkorea.or.kr/cms/resource/71/4024771_image2_1.jpeg,https://tong.visitkorea.or.kr/cms/resource/71/4024771_image3_1.jpeg,2026-09-05T02:12:16.857334+09:00
4011424,38,샌프란시스코마켓,서울특별시 강남구 도산대로49길 29-10 (신사동),37.5250092308347,127.036331191139,11,680,SH,SH04,SH040300,2026-03-30 09:16:11+09:00,https://tong.visitkorea.or.kr/cms/resource/30/4044030_image2_1.png,https://tong.visitkorea.or.kr/cms/resource/30/4044030_image3_1.png,2026-09-05T02:12:16.857334+09:00
4011426,38,Solar901,서울특별시 강남구 도산대로49길 34 (신사동),37.5251429431653,127.037188084108,11,680,SH,SH04,SH040300,2026-03-17 10:12:59+09:00,https://tong.visitkorea.or.kr/cms/resource/36/4024636_image2_1.jpeg,https://tong.visitkorea.or.kr/cms/resource/36/4024636_image3_1.jpeg,2026-09-05T02:12:16.857334+09:00
4011428,38,내추럴보이,서울특별시 강남구 도산대로78길 19 (청담동),37.5227370700792,127.046857175415,11,680,SH,SH04,SH040300,2026-03-27 09:21:50+09:00,https://tong.visitkorea.or.kr/cms/resource/20/4044020_image2_1.png,https://tong.visitkorea.or.kr/cms/resource/20/4044020_image3_1.png,2026-09-05T02:12:16.857334+09:00
4011434,38,컬럼비아 스타필드 코엑스몰점,서울특별시 강남구 영동대로 513 (삼성동) B1층,37.5118239121138,127.059159043842,11,680,SH,SH04,SH040300,2026-03-30 09:16:11+09:00,https://tong.visitkorea.or.kr/cms/resource/27/4044027_image2_1.png,https://tong.visitkorea.or.kr/cms/resource/27/4044027_image3_1.png,2026-09-05T02:12:16.857334+09:00
4011436,38,오니츠카타이거 스타필드 코엑스몰점,서울특별시 강남구 영동대로 513 (삼성동) B1층,37.5118239121138,127.059159043842,11,680,SH,SH04,SH040300,2026-03-30 09:16:11+09:00,https://tong.visitkorea.or.kr/cms/resource/34/4044034_image2_1.png,https://tong.visitkorea.or.kr/cms/resource/34/4044034_image3_1.png,2026-09-05T02:12:16.857334+09:00
4011440,38,트위 스타필드 코엑스몰점,서울특별시 강남구 영동대로 513 (삼성동) B1층,37.5118239121138,127.059159043842,11,680,SH,SH04,SH040300,2026-03-30 09:16:11+09:00,https://tong.visitkorea.or.kr/cms/resource/78/4024578_image2_1.jpeg,https://tong.visitkorea.or.kr/cms/resource/78/4024578_image3_1.jpeg,2026-09-05T02:12:16.857334+09:00
4011443,38,나이키 스타필드 코엑스몰점,서울특별시 강남구 영동대로 513 (삼성동) B1층,37.5118239121138,127.059159043842,11,680,SH,SH04,SH040300,2026-03-30 09:16:11+09:00,https://tong.visitkorea.or.kr/cms/resource/49/4024349_image2_1.jpeg,https://tong.visitkorea.or.kr/cms/resource/49/4024349_image3_1.jpeg,2026-09-05T02:12:16.857334+09:00
4011452,38,푸른안경,서울특별시 강남구 봉은사로2길 24 (역삼동),37.5030888422286,127.025893953062,11,680,SH,SH04,SH040300,2026-04-01 06:52:01+09:00,https://tong.visitkorea.or.kr/cms/resource/60/4022560_image2_1.jpg,https://tong.visitkorea.or.kr/cms/resource/60/4022560_image3_1.jpg,2026-09-05T02:12:16.857334+09:00
4011454,38,프레임몬타나 본점,서울특별시 강남구 봉은사로38길 4 (역삼동) MEW빌딩 4층,37.5078835028906,127.037176805999,11,680,SH,SH04,SH040300,2026-03-17 10:12:59+09:00,https://tong.visitkorea.or.kr/cms/resource/82/4024582_image2_1.jpeg,https://tong.visitkorea.or.kr/cms/resource/82/4024582_image3_1.jpeg,2026-09-05T02:12:16.857334+09:00
4011457,38,루이까스텔 삼성점,서울특별시 강남구 삼성로 560 (삼성동),37.5115699156925,127.0544834499,11,680,SH,SH04,SH040300,2026-03-17 10:12:59+09:00,https://tong.visitkorea.or.kr/cms/resource/79/4024779_image2_1.jpeg,https://tong.visitkorea.or.kr/cms/resource/79/4024779_image3_1.jpeg,2026-09-05T02:12:16.857334+09:00
4011459,38,노브랜드 강남삼성점,서울특별시 강남구 삼성로 633 (삼성동) 삼광빌딩,37.5162938562313,127.051107823804,11,680,SH,SH04,SH040300,2026-03-17 10:12:59+09:00,https://tong.visitkorea.or.kr/cms/resource/41/4024741_image2_1.jpeg,https://tong.visitkorea.or.kr/cms/resource/41/4024741_image3_1.jpeg,2026-09-05T02:12:16.857334+09:00
4011461,38,미라이안경,서울특별시 강남구 삼성로 716 (청담동) 2층,37.5199060766075,127.050036555762,11,680,SH,SH04,SH040300,2026-03-17 10:12:59+09:00,https://tong.visitkorea.or.kr/cms/resource/41/4024641_image2_1.jpeg,https://tong.visitkorea.or.kr/cms/resource/41/4024641_image3_1.jpeg,2026-09-05T02:12:16.857334+09:00
4011463,38,딘트 청담본점,서울특별시 강남구 삼성로 734 (청담동),37.5211138844809,127.049362140259,11,680,SH,SH04,SH040300,2026-03-17 10:12:59+09:00,https://tong.visitkorea.or.kr/cms/resource/45/4024345_image2_1.jpeg,https://tong.visitkorea.or.kr/cms/resource/45/4024345_image3_1.jpeg,2026-09-05T02:12:16.857334+09:00
4011473,38,압구정약국,서울특별시 강남구 선릉로 845 (신사동) 1층,37.5275312678594,127.040363730171,11,680,SH,SH04,SH040300,2026-03-17 10:12:59+09:00,https://tong.visitkorea.or.kr/cms/resource/43/4024643_image2_1.jpeg,https://tong.visitkorea.or.kr/cms/resource/43/4024643_image3_1.jpeg,2026-09-05T02:12:16.857334+09:00
4011484,38,바시몽트,서울특별시 강남구 선릉로153길 36 (신사동) 2층,37.5247997088646,127.036457565564,11,680,SH,SH04,SH040300,2026-03-17 10:12:59+09:00,https://tong.visitkorea.or.kr/cms/resource/44/4024644_image2_1.jpeg,https://tong.visitkorea.or.kr/cms/resource/44/4024644_image3_1.jpeg,2026-09-05T02:12:16.857334+09:00
4011486,38,우잉,서울특별시 강남구 선릉로155길 13-1 (신사동) 5층,37.5251683674499,127.038543252202,11,680,SH,SH04,SH040300,2026-03-26 09:20:41+09:00,https://tong.visitkorea.or.kr/cms/resource/26/4042426_image2_1.jpg,https://tong.visitkorea.or.kr/cms/resource/26/4042426_image3_1.jpg,2026-09-05T02:12:16.857334+09:00
4011488,38,레페토 메종서울,서울특별시 강남구 선릉로157길 22 (신사동) 1층,37.5263370842465,127.038182970834,11,680,SH,SH04,SH040300,2026-03-30 09:16:11+09:00,https://tong.visitkorea.or.kr/cms/resource/31/4044031_image2_1.png,https://tong.visitkorea.or.kr/cms/resource/31/4044031_image3_1.png,2026-09-05T02:12:16.857334+09:00
4011496,38,로에베 현대백화점 압구정본점,서울특별시 강남구 압구정로 165 (압구정동) 3층,37.5273661232786,127.027468526838,11,680,SH,SH04,SH040300,2026-03-30 09:16:11+09:00,https://tong.visitkorea.or.kr/cms/resource/24/4044024_image2_1.png,https://tong.visitkorea.or.kr/cms/resource/24/4044024_image3_1.png,2026-09-05T02:12:16.857334+09:00
4011497,38,다미아니 현대백화점 압구정본점,서울특별시 강남구 압구정로 165 (압구정동) 2층,37.5273661232786,127.027468526838,11,680,SH,SH04,SH040300,2026-03-30 09:16:11+09:00,https://tong.visitkorea.or.kr/cms/resource/23/4044023_image2_1.png,https://tong.visitkorea.or.kr/cms/resource/23/4044023_image3_1.png,2026-09-05T02:12:16.857334+09:00
4011500,38,톰포드 현대백화점 압구정본점,서울특별시 강남구 압구정로 165 (압구정동) 1층,37.5273661232786,127.027468526838,11,680,SH,SH04,SH040300,2026-03-30 09:16:11+09:00,https://tong.visitkorea.or.kr/cms/resource/89/4044089_image2_1.jpg,https://tong.visitkorea.or.kr/cms/resource/89/4044089_image3_1.jpg,2026-09-05T02:12:16.857334+09:00
4011501,38,델보 현대백화점 압구정본점,서울특별시 강남구 압구정로 165 (압구정동) 2층,37.5273661232786,127.027468526838,11,680,SH,SH04,SH040300,2026-03-30 09:16:11+09:00,https://tong.visitkorea.or.kr/cms/resource/28/4044028_image2_1.png,https://tong.visitkorea.or.kr/cms/resource/28/4044028_image3_1.png,2026-09-05T02:12:16.857334+09:00
4011502,38,새하나약국,서울특별시 강남구 압구정로 326 (신사동),37.5283892381522,127.037236193093,11,680,SH,SH04,SH040300,2026-03-17 10:12:59+09:00,https://tong.visitkorea.or.kr/cms/resource/45/4024645_image2_1.jpeg,https://tong.visitkorea.or.kr/cms/resource/45/4024645_image3_1.jpeg,2026-09-05T02:12:16.857334+09:00
4011504,38,디젤 갤러리아백화점 명품관 WEST점,서울특별시 강남구 압구정로 343 (압구정동) 3층,37.5284754434309,127.040052671773,11,680,SH,SH04,SH040300,2026-03-30 09:16:11+09:00,https://tong.visitkorea.or.kr/cms/resource/69/4024769_image2_1.jpeg,https://tong.visitkorea.or.kr/cms/resource/69/4024769_image3_1.jpeg,2026-09-05T02:12:16.857334+09:00
4011505,38,타사키 갤러리아백화점 명품관 WEST점,서울특별시 강남구 압구정로 343 (압구정동) 1층,37.5284754434309,127.040052671773,11,680,SH,SH04,SH040300,2026-03-30 09:16:11+09:00,https://tong.visitkorea.or.kr/cms/resource/94/4023594_image2_1.jpg,https://tong.visitkorea.or.kr/cms/resource/94/4023594_image3_1.jpg,2026-09-05T02:12:16.857334+09:00
4011506,38,돌체앤가바나뷰티 갤러리아백화점 명품관 WEST점,서울특별시 강남구 압구정로 343 (압구정동) 2층,37.5284754434309,127.040052671773,11,680,SH,SH04,SH040300,2026-03-30 09:16:11+09:00,https://tong.visitkorea.or.kr/cms/resource/26/4043926_image2_1.png,https://tong.visitkorea.or.kr/cms/resource/26/4043926_image3_1.png,2026-09-05T02:12:16.857334+09:00
4011509,38,호간 갤러리아백화점 명품관 WEST점,서울특별시 강남구 압구정로 343 (압구정동) 3층,37.5284754434309,127.040052671773,11,680,SH,SH04,SH040300,2026-03-30 09:16:11+09:00,https://tong.visitkorea.or.kr/cms/resource/76/4044276_image2_1.png,https://tong.visitkorea.or.kr/cms/resource/76/4044276_image3_1.png,2026-09-05T02:12:16.857334+09:00
4011521,38,벨루티 갤러리아백화점 명품관 WEST점,서울특별시 강남구 압구정로 343 (압구정동) 4층,37.5284754434309,127.040052671773,11,680,SH,SH04,SH040300,2026-03-30 09:16:11+09:00,https://tong.visitkorea.or.kr/cms/resource/46/4024646_image2_1.jpeg,https://tong.visitkorea.or.kr/cms/resource/46/4024646_image3_1.jpeg,2026-09-05T02:12:16.857334+09:00
4011523,38,펜디남성 갤러리아백화점 명품관 WEST점,서울특별시 강남구 압구정로 343 (압구정동) 4층,37.5284754434309,127.040052671773,11,680,SH,SH04,SH040300,2026-03-30 09:16:11+09:00,https://tong.visitkorea.or.kr/cms/resource/24/4024724_image2_1.jpeg,https://tong.visitkorea.or.kr/cms/resource/24/4024724_image3_1.jpeg,2026-09-05T02:12:16.857334+09:00
4011527,38,크리스찬루부탱 갤러리아백화점 명품관 WEST점,서울특별시 강남구 압구정로 343 (압구정동) 3층,37.5284754434309,127.040052671773,11,680,SH,SH04,SH040300,2026-03-19 04:49:42+09:00,https://tong.visitkorea.or.kr/cms/resource/95/4023595_image2_1.jpg,https://tong.visitkorea.or.kr/cms/resource/95/4023595_image3_1.jpg,2026-09-05T02:12:16.857334+09:00
4011529,38,디올남성 갤러리아백화점 명품관 WEST점,서울특별시 강남구 압구정로 343 (압구정동) 4층,37.5284754434309,127.040052671773,11,680,SH,SH04,SH040300,2026-03-30 09:16:11+09:00,https://tong.visitkorea.or.kr/cms/resource/97/4023597_image2_1.jpg,https://tong.visitkorea.or.kr/cms/resource/97/4023597_image3_1.jpg,2026-09-05T02:12:16.857334+09:00
4011531,38,압구정광명안경,서울특별시 강남구 압구정로 344 (신사동),37.5277013711974,127.039850205178,11,680,SH,SH04,SH040300,2026-03-17 10:12:59+09:00,https://tong.visitkorea.or.kr/cms/resource/91/4024191_image2_1.jpg,https://tong.visitkorea.or.kr/cms/resource/91/4024191_image3_1.jpg,2026-09-05T02:12:16.857334+09:00
4011534,38,알렉산더 맥퀸 여성 갤러리아백화점 명품관 EAST점,서울특별시 강남구 압구정로 407 (압구정동) 3층,37.527918187812,127.041831709947,11,680,SH,SH04,SH040300,2026-03-27 09:21:50+09:00,https://tong.visitkorea.or.kr/cms/resource/28/4043928_image2_1.png,https://tong.visitkorea.or.kr/cms/resource/28/4043928_image3_1.png,2026-09-05T02:12:16.857334+09:00
4011537,38,랑에운트죄네 갤러리아백화점 명품관 EAST점,서울특별시 강남구 압구정로 407 (압구정동) B1층,37.527918187812,127.041831709947,11,680,SH,SH04,SH040300,2026-03-27 09:21:50+09:00,https://tong.visitkorea.or.kr/cms/resource/31/4043931_image2_1.png,https://tong.visitkorea.or.kr/cms/resource/31/4043931_image3_1.png,2026-09-05T02:12:16.857334+09:00
4011541,38,브레게 갤러리아백화점 명품관 EAST점,서울특별시 강남구 압구정로 407 (압구정동) B1층,37.527918187812,127.041831709947,11,680,SH,SH04,SH040300,2026-03-27 09:21:50+09:00,https://tong.visitkorea.or.kr/cms/resource/27/4043927_image2_1.jpg,https://tong.visitkorea.or.kr/cms/resource/27/4043927_image3_1.jpg,2026-09-05T02:12:16.857334+09:00
4011542,38,MCM HAUS,서울특별시 강남구 압구정로 412 (청담동),37.527148083197,127.041883433109,11,680,SH,SH04,SH040300,2026-03-17 10:12:59+09:00,https://tong.visitkorea.or.kr/cms/resource/49/4024649_image2_1.jpeg,https://tong.visitkorea.or.kr/cms/resource/49/4024649_image3_1.jpeg,2026-09-05T02:12:16.857334+09:00
4011544,38,돌체앤가바나 서울청담플래그십,서울특별시 강남구 압구정로 414 (청담동),37.5271505392937,127.042071118127,11,680,SH,SH04,SH040300,2026-03-19 09:49:59+09:00,https://tong.visitkorea.or.kr/cms/resource/65/4024765_image2_1.jpeg,https://tong.visitkorea.or.kr/cms/resource/65/4024765_image3_1.jpeg,2026-09-05T02:12:16.857334+09:00
4011548,38,제이린드버그 클럽하우스서울,서울특별시 강남구 압구정로 422 (청담동),37.5268256079178,127.043153364414,11,680,SH,SH04,SH040300,2026-03-19 09:49:59+09:00,https://tong.visitkorea.or.kr/cms/resource/75/4023875_image2_1.jpg,https://tong.visitkorea.or.kr/cms/resource/75/4023875_image3_1.jpg,2026-09-05T02:12:16.857334+09:00
4011549,38,바샤커피 청담 플래그십 스토어,서울특별시 강남구 압구정로 432 (청담동),37.5266074034274,127.044079997771,11,680,SH,SH04,SH040300,2026-03-19 09:49:59+09:00,https://tong.visitkorea.or.kr/cms/resource/71/4023971_image2_1.jpg,https://tong.visitkorea.or.kr/cms/resource/71/4023971_image3_1.jpg,2026-09-05T02:12:16.857334+09:00
4011551,38,까사 로에베 서울,서울특별시 강남구 압구정로 446 (청담동),37.5261289713969,127.045738527433,11,680,SH,SH04,SH040300,2026-03-19 09:49:59+09:00,https://tong.visitkorea.or.kr/cms/resource/76/4024776_image2_1.jpeg,https://tong.visitkorea.or.kr/cms/resource/76/4024776_image3_1.jpeg,2026-09-05T02:12:16.857334+09:00
4011553,38,논픽션 신사,서울특별시 강남구 압구정로10길 13 (신사동) 1층,37.5226433029849,127.022056763287,11,680,SH,SH04,SH040300,2026-03-19 09:49:59+09:00,https://tong.visitkorea.or.kr/cms/resource/45/4024745_image2_1.jpeg,https://tong.visitkorea.or.kr/cms/resource/45/4024745_image3_1.jpeg,2026-09-05T02:12:16.857334+09:00
4011555,38,COS 신사가로수점,서울특별시 강남구 압구정로10길 18 (신사동),37.5224029624328,127.02180386168,11,680,SH,SH04,SH040300,2026-03-27 09:21:50+09:00,https://tong.visitkorea.or.kr/cms/resource/33/4043933_image2_1.png,https://tong.visitkorea.or.kr/cms/resource/33/4043933_image3_1.png,2026-09-05T02:12:16.857334+09:00
4011556,38,메종 마르지엘라 프래그런스 서울 플래그십 스토어,서울특별시 강남구 압구정로10길 22 (신사동) 1~3층,37.5221742026598,127.021777776801,11,680,SH,SH04,SH040300,2026-03-27 09:21:50+09:00,https://tong.visitkorea.or.kr/cms/resource/98/4043998_image2_1.png,https://tong.visitkorea.or.kr/cms/resource/98/4043998_image3_1.png,2026-09-05T02:12:16.857334+09:00
4011557,38,아로코,서울특별시 강남구 압구정로14길 35 (신사동) 1층,37.5220472589361,127.023613950617,11,680,SH,SH04,SH040300,2026-03-19 09:49:59+09:00,https://tong.visitkorea.or.kr/cms/resource/50/4024550_image2_1.jpeg,https://tong.visitkorea.or.kr/cms/resource/50/4024550_image3_1.jpeg,2026-09-05T02:12:16.857334+09:00
4011558,38,밝은온누리약국,서울특별시 강남구 압구정로28길 48 (신사동) 1층,37.5233740565847,127.027452017567,11,680,SH,SH04,SH040300,2026-03-19 09:49:59+09:00,https://tong.visitkorea.or.kr/cms/resource/50/4024650_image2_1.jpeg,https://tong.visitkorea.or.kr/cms/resource/50/4024650_image3_1.jpeg,2026-09-05T02:12:16.857334+09:00
4011559,38,갤러리 느와 송지오,서울특별시 강남구 압구정로42길 54 (신사동),37.5255020772421,127.034225776804,11,680,SH,SH04,SH040300,2026-03-27 09:21:50+09:00,https://tong.visitkorea.or.kr/cms/resource/34/4043934_image2_1.png,https://tong.visitkorea.or.kr/cms/resource/34/4043934_image3_1.png,2026-09-05T02:12:16.857334+09:00
4011560,38,셉템,서울특별시 강남구 압구정로46길 32 (신사동) 1층,37.526568700914,127.035985996769,11,680,SH,SH04,SH040300,2026-03-19 09:49:59+09:00,https://tong.visitkorea.or.kr/cms/resource/44/4024544_image2_1.jpg,https://tong.visitkorea.or.kr/cms/resource/44/4024544_image3_1.jpg,2026-09-05T02:12:16.857334+09:00
4011561,38,메종디,서울특별시 강남구 압구정로46길 36 (신사동),37.5262838275602,127.035908818887,11,680,SH,SH04,SH040300,2026-03-19 09:49:59+09:00,https://tong.visitkorea.or.kr/cms/resource/51/4024651_image2_1.jpeg,https://tong.visitkorea.or.kr/cms/resource/51/4024651_image3_1.jpeg,2026-09-05T02:12:16.857334+09:00
4011562,38,메디큐브 스페이스 도산,서울특별시 강남구 압구정로46길 38 (신사동),37.5261558947739,127.035877533936,11,680,SH,SH04,SH040300,2026-03-27 09:21:50+09:00,https://tong.visitkorea.or.kr/cms/resource/02/4044002_image2_1.png,https://tong.visitkorea.or.kr/cms/resource/02/4044002_image3_1.png,2026-09-05T02:12:16.857334+09:00
4011563,38,농협홍삼인삼,서울특별시 강남구 압구정로46길 46 (신사동),37.525646536184,127.035652956546,11,680,SH,SH04,SH040300,2026-03-27 09:21:50+09:00,https://tong.visitkorea.or.kr/cms/resource/04/4043904_image2_1.png,https://tong.visitkorea.or.kr/cms/resource/04/4043904_image3_1.png,2026-09-05T02:12:16.857334+09:00
4011564,38,그로브스토어 가로수점,서울특별시 강남구 압구정로4길 13-19 (신사동) 1층,37.5225771737378,127.021545085379,11,680,SH,SH04,SH040300,2026-03-19 09:49:59+09:00,https://tong.visitkorea.or.kr/cms/resource/53/4022353_image2_1.jpeg,https://tong.visitkorea.or.kr/cms/resource/53/4022353_image3_1.jpeg,2026-09-05T02:12:16.857334+09:00
4011565,38,NOS7,서울특별시 강남구 압구정로4길 15 (신사동) 1층,37.5216994426659,127.020384650034,11,680,SH,SH04,SH040300,2026-03-27 09:21:50+09:00,https://tong.visitkorea.or.kr/cms/resource/53/4044253_image2_1.png,https://tong.visitkorea.or.kr/cms/resource/53/4044253_image3_1.png,2026-09-05T02:12:16.857334+09:00
4011566,38,강남중고명품매입블루,서울특별시 강남구 압구정로54길 6 (신사동),37.5275332691592,127.039507893974,11,680,SH,SH04,SH040300,2026-03-19 09:49:59+09:00,https://tong.visitkorea.or.kr/cms/resource/70/4022070_image2_1.jpg,https://tong.visitkorea.or.kr/cms/resource/70/4022070_image3_1.jpg,2026-09-05T02:12:16.857334+09:00
4011567,38,스누성형외과의원,서울특별시 강남구 압구정로60길 26 (청담동) 4층,37.5256252572544,127.041493081045,11,680,SH,SH04,SH040300,2026-03-27 09:21:50+09:00,https://tong.visitkorea.or.kr/cms/resource/01/4044001_image2_1.png,https://tong.visitkorea.or.kr/cms/resource/01/4044001_image3_1.png,2026-09-05T02:12:16.857334+09:00
4011568,38,웰던 플래그십 스토어,서울특별시 강남구 압구정로80길 24 (청담동),37.5248594628848,127.04478895516,11,680,SH,SH04,SH040300,2026-03-17 10:12:59+09:00,https://tong.visitkorea.or.kr/cms/resource/32/4024532_image2_1.jpeg,https://tong.visitkorea.or.kr/cms/resource/32/4024532_image3_1.jpeg,2026-09-05T02:12:16.857334+09:00
4011569,38,무이 압구정점,서울특별시 강남구 압구정로80길 40 (청담동),37.5246899879081,127.043330309088,11,680,SH,SH04,SH040300,2026-03-17 10:12:59+09:00,https://tong.visitkorea.or.kr/cms/resource/46/4024346_image2_1.jpeg,https://tong.visitkorea.or.kr/cms/resource/46/4024346_image3_1.jpeg,2026-09-05T02:12:16.857334+09:00
4011570,38,혼마골프 플래그십 스토어,서울특별시 강남구 언주로 825 (신사동) 포도빌딩,37.5238315836093,127.03276184743,11,680,SH,SH04,SH040300,2026-03-17 10:12:59+09:00,https://tong.visitkorea.or.kr/cms/resource/97/4022597_image2_1.jpeg,https://tong.visitkorea.or.kr/cms/resource/97/4022597_image3_1.jpeg,2026-09-05T02:12:16.857334+09:00
4011571,38,러쉬스파 압구정점,서울특별시 강남구 언주로 868 (신사동) B1층,37.5277473764051,127.033905961716,11,680,SH,SH04,SH040300,2026-03-17 10:12:59+09:00,https://tong.visitkorea.or.kr/cms/resource/96/4024596_image2_1.jpeg,https://tong.visitkorea.or.kr/cms/resource/96/4024596_image3_1.jpeg,2026-09-05T02:12:16.857334+09:00
4011572,38,삼정시계,서울특별시 강남구 언주로126길 21 (논현동) SJ빌딩,37.513941151927,127.037125291256,11,680,SH,SH04,SH040300,2026-03-17 10:12:59+09:00,https://tong.visitkorea.or.kr/cms/resource/52/4024652_image2_1.jpeg,https://tong.visitkorea.or.kr/cms/resource/52/4024652_image3_1.jpeg,2026-09-05T02:12:16.857334+09:00
4011573,38,아티산코리아,서울특별시 강남구 언주로147길 12 (논현동) 1층,37.5199345367672,127.03319124264,11,680,SH,SH04,SH040300,2026-03-27 09:21:50+09:00,https://tong.visitkorea.or.kr/cms/resource/52/4044252_image2_1.png,https://tong.visitkorea.or.kr/cms/resource/52/4044252_image3_1.png,2026-09-05T02:12:16.857334+09:00
4011574,38,감탄 도산공원 스토어,서울특별시 강남구 언주로151길 8 (신사동) 1층,37.5222385760073,127.032562845938,11,680,SH,SH04,SH040300,2026-03-27 09:21:50+09:00,https://tong.visitkorea.or.kr/cms/resource/93/4043993_image2_1.png,https://tong.visitkorea.or.kr/cms/resource/93/4043993_image3_1.png,2026-09-05T02:12:16.857334+09:00
4011575,38,힘도산 HDEX 플래그십스토어,서울특별시 강남구 언주로164길 29 (신사동) 영안빌딩 1층,37.525696784837,127.036039653313,11,680,SH,SH04,SH040300,2026-03-27 09:21:50+09:00,https://tong.visitkorea.or.kr/cms/resource/61/4044261_image2_1.png,https://tong.visitkorea.or.kr/cms/resource/61/4044261_image3_1.png,2026-09-05T02:12:16.857334+09:00
4011576,38,그로브스토어,서울특별시 강남구 언주로164길 39 (신사동),37.5254584321276,127.036746588867,11,680,SH,SH04,SH040300,2026-03-27 09:21:50+09:00,https://tong.visitkorea.or.kr/cms/resource/03/4043903_image2_1.png,https://tong.visitkorea.or.kr/cms/resource/03/4043903_image3_1.png,2026-09-05T02:12:16.857334+09:00
4011578,38,말본6451 도산플래그쉽스토어,서울특별시 강남구 언주로168길 16 (신사동) 1층,37.5261535649144,127.03493335748,11,680,SH,SH04,SH040300,2026-03-27 09:21:50+09:00,https://tong.visitkorea.or.kr/cms/resource/93/4043893_image2_1.png,https://tong.visitkorea.or.kr/cms/resource/93/4043893_image3_1.png,2026-09-05T02:12:16.857334+09:00
4011579,38,노블코코 도산점,서울특별시 강남구 언주로168길 37 (신사동) 1층,37.52600940474,127.03671506991,11,680,SH,SH04,SH040300,2026-03-17 10:12:59+09:00,https://tong.visitkorea.or.kr/cms/resource/36/4023436_image2_1.jpeg,https://tong.visitkorea.or.kr/cms/resource/36/4023436_image3_1.jpeg,2026-09-05T02:12:16.857334+09:00
4011580,38,테이블오브크래프트,서울특별시 강남구 언주로173길 16 (신사동) 아고빌딩 4층,37.5281905254045,127.032165623991,11,680,SH,SH04,SH040300,2026-03-17 10:12:59+09:00,https://tong.visitkorea.or.kr/cms/resource/04/4022304_image2_1.jpeg,https://tong.visitkorea.or.kr/cms/resource/04/4022304_image3_1.jpeg,2026-09-05T02:12:16.857334+09:00
4011586,38,바이셀골프 강남점,서울특별시 강남구 역삼로 461 (대치동) 1층,37.5029880675872,127.057804442034,11,680,SH,SH04,SH040300,2026-04-01 08:08:18+09:00,https://tong.visitkorea.or.kr/cms/resource/48/4024348_image2_1.jpeg,https://tong.visitkorea.or.kr/cms/resource/48/4024348_image3_1.jpeg,2026-09-05T02:12:16.857334+09:00
4011587,38,LG전자 베스트샵 대치본점,서울특별시 강남구 영동대로 202 (대치동),37.4971285669584,127.070553456159,11,680,SH,SH04,SH040300,2026-03-27 09:21:50+09:00,https://tong.visitkorea.or.kr/cms/resource/82/4044582_image2_1.png,https://tong.visitkorea.or.kr/cms/resource/82/4044582_image3_1.png,2026-09-05T02:12:16.857334+09:00
4011588,38,삼성스토어 대치,서울특별시 강남구 영동대로 237 (대치동),37.5004651329806,127.067064140734,11,680,SH,SH04,SH040300,2026-03-17 10:12:59+09:00,https://tong.visitkorea.or.kr/cms/resource/54/4024754_image2_1.jpeg,https://tong.visitkorea.or.kr/cms/resource/54/4024754_image3_1.jpeg,2026-09-05T02:12:16.857334+09:00
4011589,38,골프존마켓 대치점,서울특별시 강남구 영동대로 311 (대치동),37.5019564264171,127.066357288991,11,680,SH,SH04,SH040300,2026-04-01 01:24:47+09:00,https://tong.visitkorea.or.kr/cms/resource/90/4043890_image2_1.png,https://tong.visitkorea.or.kr/cms/resource/90/4043890_image3_1.png,2026-09-05T02:12:16.857334+09:00
4011590,38,탑텐키즈 스타필드 코엑스몰점,서울특별시 강남구 영동대로 513 (삼성동) B1층,37.5118239121138,127.059159043842,11,680,SH,SH04,SH040300,2026-03-30 09:16:11+09:00,https://tong.visitkorea.or.kr/cms/resource/80/4024680_image2_1.jpeg,https://tong.visitkorea.or.kr/cms/resource/80/4024680_image3_1.jpeg,2026-09-05T02:12:16.857334+09:00
4011596,38,스파오 스타필드 코엑스몰점,서울특별시 강남구 영동대로 513 (삼성동) B1층,37.5118239121138,127.059159043842,11,680,SH,SH04,SH040300,2026-03-30 09:16:11+09:00,https://tong.visitkorea.or.kr/cms/resource/13/4024013_image2_1.jpg,https://tong.visitkorea.or.kr/cms/resource/13/4024013_image3_1.jpg,2026-09-05T02:12:16.857334+09:00
4011597,38,노스페이스 스타필드 코엑스몰점,서울특별시 강남구 영동대로 513 (삼성동) B1층,37.5118239121138,127.059159043842,11,680,SH,SH04,SH040300,2026-03-30 09:16:11+09:00,https://tong.visitkorea.or.kr/cms/resource/05/4024705_image2_1.jpeg,https://tong.visitkorea.or.kr/cms/resource/05/4024705_image3_1.jpeg,2026-09-05T02:12:16.857334+09:00
4011598,38,쌤소나이트 스타필드 코엑스몰점,서울특별시 강남구 영동대로 513 (삼성동) B1층,37.5118239121138,127.059159043842,11,680,SH,SH04,SH040300,2026-03-30 09:16:11+09:00,https://tong.visitkorea.or.kr/cms/resource/91/4043891_image2_1.png,https://tong.visitkorea.or.kr/cms/resource/91/4043891_image3_1.png,2026-09-05T02:12:16.857334+09:00
4011610,38,호카 스타필드 코엑스몰점,서울특별시 강남구 영동대로 513 (삼성동) B1층,37.5118239121138,127.059159043842,11,680,SH,SH04,SH040300,2026-03-30 09:16:11+09:00,https://tong.visitkorea.or.kr/cms/resource/24/4024024_image2_1.jpg,https://tong.visitkorea.or.kr/cms/resource/24/4024024_image3_1.jpg,2026-09-05T02:12:16.857334+09:00
4011611,38,라미 스타필드 코엑스몰점,서울특별시 강남구 영동대로 513 (삼성동) B1층,37.5118239121138,127.059159043842,11,680,SH,SH04,SH040300,2026-03-30 09:16:11+09:00,https://tong.visitkorea.or.kr/cms/resource/51/4024351_image2_1.jpeg,https://tong.visitkorea.or.kr/cms/resource/51/4024351_image3_1.jpeg,2026-09-05T02:12:16.857334+09:00
4011612,38,만다리나덕 스타필드 코엑스몰점,서울특별시 강남구 영동대로 513 (삼성동) B1층,37.5118239121138,127.059159043842,11,680,SH,SH04,SH040300,2026-03-30 09:16:11+09:00,https://tong.visitkorea.or.kr/cms/resource/23/4024023_image2_1.jpg,https://tong.visitkorea.or.kr/cms/resource/23/4024023_image3_1.jpg,2026-09-05T02:12:16.857334+09:00
4011613,38,제옥스 스타필드 코엑스몰점,서울특별시 강남구 영동대로 513 (삼성동),37.5118239121138,127.059159043842,11,680,SH,SH04,SH040300,2026-03-30 09:16:11+09:00,https://tong.visitkorea.or.kr/cms/resource/17/4024017_image2_1.jpg,https://tong.visitkorea.or.kr/cms/resource/17/4024017_image3_1.jpg,2026-09-05T02:12:16.857334+09:00
4011631,38,미니골드 스타필드 코엑스몰점,서울특별시 강남구 영동대로 513 (삼성동) B1층,37.5118239121138,127.059159043842,11,680,SH,SH04,SH040300,2026-03-30 09:16:11+09:00,https://tong.visitkorea.or.kr/cms/resource/62/4043862_image2_1.png,https://tong.visitkorea.or.kr/cms/resource/62/4043862_image3_1.png,2026-09-05T02:12:16.857334+09:00
4011633,38,스와치 스타필드 코엑스몰점,서울특별시 강남구 영동대로 513 (삼성동) B1층,37.5118239121138,127.059159043842,11,680,SH,SH04,SH040300,2026-03-30 09:16:11+09:00,https://tong.visitkorea.or.kr/cms/resource/61/4043861_image2_1.png,https://tong.visitkorea.or.kr/cms/resource/61/4043861_image3_1.png,2026-09-05T02:12:16.857334+09:00
4011635,38,스와로브스키 스타필드 코엑스몰점,서울특별시 강남구 영동대로 513 (삼성동) B1층,37.5118239121138,127.059159043842,11,680,SH,SH04,SH040300,2026-03-30 09:16:11+09:00,https://tong.visitkorea.or.kr/cms/resource/50/4024350_image2_1.jpeg,https://tong.visitkorea.or.kr/cms/resource/50/4024350_image3_1.jpeg,2026-09-05T02:12:16.857334+09:00
4011637,38,폴햄 스타필드 코엑스몰점,서울특별시 강남구 영동대로 513 (삼성동) B1층,37.5118239121138,127.059159043842,11,680,SH,SH04,SH040300,2026-03-30 09:16:11+09:00,https://tong.visitkorea.or.kr/cms/resource/26/4024026_image2_1.jpg,https://tong.visitkorea.or.kr/cms/resource/26/4024026_image3_1.jpg,2026-09-05T02:12:16.857334+09:00
4011645,38,강남연세라인의원,서울특별시 강남구 테헤란로 101 (역삼동) 이즈타워 4층,37.4986232309429,127.028065727387,11,680,SH,SH04,SH040300,2026-03-26 09:20:41+09:00,https://tong.visitkorea.or.kr/cms/resource/60/4042060_image2_1.png,https://tong.visitkorea.or.kr/cms/resource/60/4042060_image3_1.png,2026-09-05T02:12:16.857334+09:00
4011647,38,플러스약국,서울특별시 강남구 테헤란로 111 (역삼동) 대건빌딩,37.4989136957534,127.029260610601,11,680,SH,SH04,SH040300,2026-03-17 10:12:59+09:00,https://tong.visitkorea.or.kr/cms/resource/53/4024653_image2_1.jpeg,https://tong.visitkorea.or.kr/cms/resource/53/4024653_image3_1.jpeg,2026-09-05T02:12:16.857334+09:00
4011649,38,수온누리약국,서울특별시 강남구 테헤란로 216 (역삼동) 1층,37.5014432260166,127.040146004168,11,680,SH,SH04,SH040300,2026-03-17 10:12:59+09:00,https://tong.visitkorea.or.kr/cms/resource/54/4024654_image2_1.jpeg,https://tong.visitkorea.or.kr/cms/resource/54/4024654_image3_1.jpeg,2026-09-05T02:12:16.857334+09:00
4011660,38,COS 현대백화점 무역센터점,서울특별시 강남구 테헤란로 517 (삼성동) 5층,37.5086151302204,127.059765116537,11,680,SH,SH04,SH040300,2026-03-30 09:16:11+09:00,https://tong.visitkorea.or.kr/cms/resource/68/4044568_image2_1.png,https://tong.visitkorea.or.kr/cms/resource/68/4044568_image3_1.png,2026-09-05T02:12:16.857334+09:00
4011661,38,스펙터 현대백화점 무역센터점,서울특별시 강남구 테헤란로 517 (삼성동) 5층,37.5086151302204,127.059765116537,11,680,SH,SH04,SH040300,2026-03-30 09:16:11+09:00,https://tong.visitkorea.or.kr/cms/resource/32/4024032_image2_1.jpg,https://tong.visitkorea.or.kr/cms/resource/32/4024032_image3_1.jpg,2026-09-05T02:12:16.857334+09:00
4011662,38,튜더 현대백화점 무역센터점,서울특별시 강남구 테헤란로 517 (삼성동) 2층,37.5086151302204,127.059765116537,11,680,SH,SH04,SH040300,2026-03-30 09:16:11+09:00,https://tong.visitkorea.or.kr/cms/resource/94/4024694_image2_1.jpeg,https://tong.visitkorea.or.kr/cms/resource/94/4024694_image3_1.jpeg,2026-09-05T02:12:16.857334+09:00
4011663,38,IWC 샤프하우젠 현대백화점 무역센터점,서울특별시 강남구 테헤란로 517 (삼성동) 2층,37.5086151302204,127.059765116537,11,680,SH,SH04,SH040300,2026-03-30 09:16:11+09:00,https://tong.visitkorea.or.kr/cms/resource/01/4043901_image2_1.png,https://tong.visitkorea.or.kr/cms/resource/01/4043901_image3_1.png,2026-09-05T02:12:16.857334+09:00
4011664,38,발렌시아가 남성 현대백화점 무역센터점,서울특별시 강남구 테헤란로 517 (삼성동) 7층,37.5086151302204,127.059765116537,11,680,SH,SH04,SH040300,2026-03-30 09:16:11+09:00,https://tong.visitkorea.or.kr/cms/resource/45/4024845_image2_1.jpeg,https://tong.visitkorea.or.kr/cms/resource/45/4024845_image3_1.jpeg,2026-09-05T02:12:16.857334+09:00
4011665,38,프라다퍼퓸 현대백화점 무역센터점,서울특별시 강남구 테헤란로 517 (삼성동) 9층,37.5086151302204,127.059765116537,11,680,SH,SH04,SH040300,2026-03-27 09:21:50+09:00,https://tong.visitkorea.or.kr/cms/resource/60/4043860_image2_1.png,https://tong.visitkorea.or.kr/cms/resource/60/4043860_image3_1.png,2026-09-05T02:12:16.857334+09:00
4011666,38,현대백화점 무역센터점,서울특별시 강남구 테헤란로 517 (삼성동),37.5086151302204,127.059765116537,11,680,SH,SH04,SH040300,2026-03-30 09:16:11+09:00,https://tong.visitkorea.or.kr/cms/resource/57/4023557_image2_1.jpg,https://tong.visitkorea.or.kr/cms/resource/57/4023557_image3_1.jpg,2026-09-05T02:12:16.857334+09:00
4011667,38,룰루레몬 파르나스몰점,서울특별시 강남구 테헤란로 521 (삼성동) B1층,37.5091916919873,127.06080691987,11,680,SH,SH04,SH040300,2026-03-19 07:25:47+09:00,https://tong.visitkorea.or.kr/cms/resource/34/4024834_image2_1.jpeg,https://tong.visitkorea.or.kr/cms/resource/34/4024834_image3_1.jpeg,2026-09-05T02:12:16.857334+09:00
4011668,38,라이프워크 파르나스몰점,서울특별시 강남구 테헤란로 521 (삼성동) B1층,37.5091916919873,127.06080691987,11,680,SH,SH04,SH040300,2026-03-27 09:21:50+09:00,https://tong.visitkorea.or.kr/cms/resource/08/4043908_image2_1.png,https://tong.visitkorea.or.kr/cms/resource/08/4043908_image3_1.png,2026-09-05T02:12:16.857334+09:00
4011669,38,러퓸 파르나스몰점,서울특별시 강남구 테헤란로 521 (삼성동) B1층,37.5091916919873,127.06080691987,11,680,SH,SH04,SH040300,2026-03-19 06:05:44+09:00,https://tong.visitkorea.or.kr/cms/resource/29/4024029_image2_1.jpg,https://tong.visitkorea.or.kr/cms/resource/29/4024029_image3_1.jpg,2026-09-05T02:12:16.857334+09:00
4011670,38,도심공항약국,서울특별시 강남구 테헤란로87길 22 (삼성동) 2층,37.5096322564759,127.059443354483,11,680,SH,SH04,SH040300,2026-03-17 10:12:59+09:00,https://tong.visitkorea.or.kr/cms/resource/27/4024027_image2_1.jpg,https://tong.visitkorea.or.kr/cms/resource/27/4024027_image3_1.jpg,2026-09-05T02:12:16.857334+09:00
4016987,39,지강한식당 압구정 본점,서울특별시 강남구 압구정로30길 17 (신사동),37.5263301884169,127.029553686621,11,680,FD,FD01,FD010100,2026-02-19 17:49:35+09:00,https://tong.visitkorea.or.kr/cms/resource/83/4016983_image2_1.jpg,https://tong.visitkorea.or.kr/cms/resource/83/4016983_image3_1.jpg,2026-09-05T02:12:16.857334+09:00
4026611,38,정샘물 플롭스,서울특별시 강남구 가로수길 51-1 (신사동),37.5213929909802,127.02248422225,11,680,SH,SH04,SH040300,2026-03-27 09:21:50+09:00,https://tong.visitkorea.or.kr/cms/resource/48/4043448_image2_1.jpg,https://tong.visitkorea.or.kr/cms/resource/48/4043448_image3_1.jpg,2026-09-05T02:12:16.857334+09:00
4026612,38,디자인스킨 강남지하점,서울특별시 강남구 강남대로 302-2 (역삼동),37.4903503986844,127.031507463771,11,680,SH,SH04,SH040300,2026-03-27 09:21:50+09:00,https://tong.visitkorea.or.kr/cms/resource/86/4044886_image2_1.JPG,https://tong.visitkorea.or.kr/cms/resource/86/4044886_image3_1.JPG,2026-09-05T02:12:16.857334+09:00
4026613,38,노브랜드 강남역삼점,서울특별시 강남구 강남대로 324 (역삼동),37.4921449015471,127.030953005686,11,680,SH,SH04,SH040300,2026-03-27 09:21:50+09:00,https://tong.visitkorea.or.kr/cms/resource/88/4044888_image2_1.JPG,https://tong.visitkorea.or.kr/cms/resource/88/4044888_image3_1.JPG,2026-09-05T02:12:16.857334+09:00
4026614,38,옵티마 강남정약국,서울특별시 강남구 강남대로 338 (역삼동) 1층,37.4935021866475,127.030576783854,11,680,SH,SH04,SH040300,2026-03-27 09:21:50+09:00,https://tong.visitkorea.or.kr/cms/resource/36/4043336_image2_1.jpg,https://tong.visitkorea.or.kr/cms/resource/36/4043336_image3_1.jpg,2026-09-05T02:12:16.857334+09:00
4026615,38,다이소 강남본점,서울특별시 강남구 강남대로 372 (역삼동) 1층,37.4960350270018,127.029070411585,11,680,SH,SH04,SH040300,2026-03-19 09:49:59+09:00,https://tong.visitkorea.or.kr/cms/resource/05/4029305_image2_1.jpg,https://tong.visitkorea.or.kr/cms/resource/05/4029305_image3_1.jpg,2026-09-05T02:12:16.857334+09:00
4026616,38,네이처컬렉션 강남역사점,서울특별시 강남구 강남대로 376 (역삼동) B1층,37.4965739855907,127.028798878563,11,680,SH,SH04,SH040300,2026-03-27 09:21:50+09:00,https://tong.visitkorea.or.kr/cms/resource/35/4045235_image2_1.JPG,https://tong.visitkorea.or.kr/cms/resource/35/4045235_image3_1.JPG,2026-09-05T02:12:16.857334+09:00
4026617,38,에잇세컨즈 강남대로점,서울특별시 강남구 강남대로 422 (역삼동) 1층,37.5003941401087,127.026984908497,11,680,SH,SH04,SH040300,2026-03-26 09:20:41+09:00,https://tong.visitkorea.or.kr/cms/resource/57/4045757_image2_1.jpg,https://tong.visitkorea.or.kr/cms/resource/57/4045757_image3_1.jpg,2026-09-05T02:12:16.857334+09:00
4026618,38,스파오 강남점,서울특별시 강남구 강남대로 432 (역삼동) 2-3층,37.5012350392984,127.026630556235,11,680,SH,SH04,SH040300,2026-03-27 09:21:50+09:00,https://tong.visitkorea.or.kr/cms/resource/34/4043334_image2_1.jpg,https://tong.visitkorea.or.kr/cms/resource/34/4043334_image3_1.jpg,2026-09-05T02:12:16.857334+09:00
4026619,38,렌즈미 CGV 강남점,서울특별시 강남구 강남대로 438 (역삼동) 1층,37.5016428105,127.0263360961,11,680,SH,SH04,SH040300,2026-07-15 19:39:31+09:00,https://tong.visitkorea.or.kr/cms/resource/90/4044890_image2_1.JPG,https://tong.visitkorea.or.kr/cms/resource/90/4044890_image3_1.JPG,2026-09-05T02:12:16.857334+09:00
4026620,38,오렌즈N카린 CGV 강남점,서울특별시 강남구 강남대로 438 (역삼동) 스타플렉스 1층,37.5016428104731,127.026336096148,11,680,SH,SH04,SH040300,2026-03-27 09:21:50+09:00,https://tong.visitkorea.or.kr/cms/resource/36/4045236_image2_1.JPG,https://tong.visitkorea.or.kr/cms/resource/36/4045236_image3_1.JPG,2026-09-05T02:12:16.857334+09:00
4026621,38,제일그랜드약국 공공심야약국,서울특별시 강남구 강남대로 478 (논현동) 제우빌딩 1층,37.5051062753525,127.024669466556,11,680,SH,SH04,SH040300,2026-03-27 09:21:50+09:00,https://tong.visitkorea.or.kr/cms/resource/65/4043465_image2_1.jpg,https://tong.visitkorea.or.kr/cms/resource/65/4043465_image3_1.jpg,2026-09-05T02:12:16.857334+09:00
4026622,38,블루밍약국,서울특별시 강남구 강남대로 492 (논현동) 1층,37.5062072384237,127.024113155649,11,680,SH,SH04,SH040300,2026-03-27 09:21:50+09:00,https://tong.visitkorea.or.kr/cms/resource/62/4043362_image2_1.jpg,https://tong.visitkorea.or.kr/cms/resource/62/4043362_image3_1.jpg,2026-09-05T02:12:16.857334+09:00
4026623,38,센느약국,서울특별시 강남구 강남대로 516 (논현동) 1층,37.508269022981,127.023138087086,11,680,SH,SH04,SH040300,2026-03-27 09:21:50+09:00,https://tong.visitkorea.or.kr/cms/resource/37/4045237_image2_1.JPG,https://tong.visitkorea.or.kr/cms/resource/37/4045237_image3_1.JPG,2026-09-05T02:12:16.857334+09:00
4026624,38,신사웰약국,서울특별시 강남구 강남대로 596 (논현동),37.5150205807468,127.020354102766,11,680,SH,SH04,SH040300,2026-04-06 00:58:02+09:00,https://tong.visitkorea.or.kr/cms/resource/95/4044095_image2_1.png,https://tong.visitkorea.or.kr/cms/resource/95/4044095_image3_1.png,2026-09-05T02:12:16.857334+09:00
4026625,38,다이소 신사역점,서울특별시 강남구 강남대로 606 (논현동) 1층,37.5158301681278,127.020146985592,11,680,SH,SH04,SH040300,2026-03-19 09:49:59+09:00,https://tong.visitkorea.or.kr/cms/resource/09/4029309_image2_1.jpg,https://tong.visitkorea.or.kr/cms/resource/09/4029309_image3_1.jpg,2026-09-05T02:12:16.857334+09:00
4026626,38,신사스퀘어약국,서울특별시 강남구 강남대로 652 (신사동),37.5195659036492,127.019091004701,11,680,SH,SH04,SH040300,2026-03-27 09:21:50+09:00,https://tong.visitkorea.or.kr/cms/resource/04/4044904_image2_1.JPG,https://tong.visitkorea.or.kr/cms/resource/04/4044904_image3_1.JPG,2026-09-05T02:12:16.857334+09:00
4026627,38,마리몽듀 강남점,서울특별시 강남구 강남대로158길 46 (신사동),37.519873595904,127.022186488005,11,680,SH,SH04,SH040300,2026-03-26 09:20:41+09:00,https://tong.visitkorea.or.kr/cms/resource/44/4045744_image2_1.jpg,https://tong.visitkorea.or.kr/cms/resource/44/4045744_image3_1.jpg,2026-09-05T02:12:16.857334+09:00
4026628,38,Extraordinary,서울특별시 강남구 강남대로158길 46 (신사동) B1층,37.519873595904,127.022186488005,11,680,SH,SH04,SH040300,2026-03-26 09:20:41+09:00,https://tong.visitkorea.or.kr/cms/resource/31/4042431_image2_1.jpg,https://tong.visitkorea.or.kr/cms/resource/31/4042431_image3_1.jpg,2026-09-05T02:12:16.857334+09:00
4026629,38,라인프렌즈 스퀘어 신사,서울특별시 강남구 강남대로160길 42 (신사동) 1-2층,37.5203509664913,127.022084142334,11,680,SH,SH04,SH040300,2026-03-30 09:16:11+09:00,https://tong.visitkorea.or.kr/cms/resource/53/4044053_image2_1.png,https://tong.visitkorea.or.kr/cms/resource/53/4044053_image3_1.png,2026-09-05T02:12:16.857334+09:00
4026630,38,아로마티카 신사,서울특별시 강남구 강남대로162길 41-4 (신사동) 1층,37.5212734812199,127.021717786737,11,680,SH,SH04,SH040300,2026-03-27 09:21:50+09:00,https://tong.visitkorea.or.kr/cms/resource/80/4045280_image2_1.jpg,https://tong.visitkorea.or.kr/cms/resource/80/4045280_image3_1.jpg,2026-09-05T02:12:16.857334+09:00
4026631,38,역삼다인약국,서울특별시 강남구 논현로 521-3 (역삼동),37.5027829855249,127.03547300662,11,680,SH,SH04,SH040300,2026-03-27 09:21:50+09:00,https://tong.visitkorea.or.kr/cms/resource/97/4043397_image2_1.jpg,https://tong.visitkorea.or.kr/cms/resource/97/4043397_image3_1.jpg,2026-09-05T02:12:16.857334+09:00
4026632,38,팝스노우보드,서울특별시 강남구 논현로 617 (논현동) 계현빌딩 1층,37.5087956886346,127.032895409406,11,680,SH,SH04,SH040300,2026-03-26 09:20:41+09:00,https://tong.visitkorea.or.kr/cms/resource/09/4042509_image2_1.jpg,https://tong.visitkorea.or.kr/cms/resource/09/4042509_image3_1.jpg,2026-09-05T02:12:16.857334+09:00
4026633,38,으뜸50안경 압구정역점,서울특별시 강남구 논현로 841 (신사동) 2층,37.5239684663137,127.027758806248,11,680,SH,SH04,SH040300,2026-03-27 09:21:50+09:00,https://tong.visitkorea.or.kr/cms/resource/29/4044929_image2_1.JPG,https://tong.visitkorea.or.kr/cms/resource/29/4044929_image3_1.JPG,2026-09-05T02:12:16.857334+09:00
4026634,38,생생온누리약국,서울특별시 강남구 논현로 842 (신사동),37.5240379714226,127.028730922791,11,680,SH,SH04,SH040300,2026-03-27 09:21:50+09:00,https://tong.visitkorea.or.kr/cms/resource/69/4043369_image2_1.jpg,https://tong.visitkorea.or.kr/cms/resource/69/4043369_image3_1.jpg,2026-09-05T02:12:16.857334+09:00
4026635,38,압구정퀸약국,서울특별시 강남구 논현로 853 (신사동) 1층,37.5251045508329,127.028094763361,11,680,SH,SH04,SH040300,2026-03-26 09:20:41+09:00,https://tong.visitkorea.or.kr/cms/resource/53/4044153_image2_1.png,https://tong.visitkorea.or.kr/cms/resource/53/4044153_image3_1.png,2026-09-05T02:12:16.857334+09:00
4026636,38,다비치안경 압구정4번출구점,서울특별시 강남구 논현로 857 (신사동) 1층,37.5253452973989,127.028099944398,11,680,SH,SH04,SH040300,2026-03-26 09:20:41+09:00,https://tong.visitkorea.or.kr/cms/resource/70/4042470_image2_1.jpg,https://tong.visitkorea.or.kr/cms/resource/70/4042470_image3_1.jpg,2026-09-05T02:12:16.857334+09:00
4026637,38,압구정프라자약국,서울특별시 강남구 논현로 857 (신사동) 1층,37.5253452973989,127.028099944398,11,680,SH,SH04,SH040300,2026-03-27 09:21:50+09:00,https://tong.visitkorea.or.kr/cms/resource/28/4043428_image2_1.jpg,https://tong.visitkorea.or.kr/cms/resource/28/4043428_image3_1.jpg,2026-09-05T02:12:16.857334+09:00
4026638,38,다이소 압구정역점,서울특별시 강남구 논현로 878 (신사동),37.527091413813,127.028952132655,11,680,SH,SH04,SH040300,2026-03-19 09:49:59+09:00,https://tong.visitkorea.or.kr/cms/resource/13/4029313_image2_1.jpg,https://tong.visitkorea.or.kr/cms/resource/13/4029313_image3_1.jpg,2026-09-05T02:12:16.857334+09:00
4026639,38,서은약국,서울특별시 강남구 논현로149길 50 (논현동) 1층,37.5173638401153,127.024521586571,11,680,SH,SH04,SH040300,2026-03-26 09:20:41+09:00,https://tong.visitkorea.or.kr/cms/resource/44/4042344_image2_1.jpg,https://tong.visitkorea.or.kr/cms/resource/44/4042344_image3_1.jpg,2026-09-05T02:12:16.857334+09:00
4026640,38,프로젝트 프로덕트,서울특별시 강남구 논현로153길 17 (신사동),37.5211029119436,127.02660843057,11,680,SH,SH04,SH040300,2026-03-27 09:21:50+09:00,https://tong.visitkorea.or.kr/cms/resource/96/4043596_image2_1.jpg,https://tong.visitkorea.or.kr/cms/resource/96/4043596_image3_1.jpg,2026-09-05T02:12:16.857334+09:00
4026641,38,세컨스트릿 본점,서울특별시 강남구 논현로153길 61 (신사동) 1층,37.5199507662667,127.023357639342,11,680,SH,SH04,SH040300,2026-03-27 09:21:50+09:00,https://tong.visitkorea.or.kr/cms/resource/70/4043370_image2_1.jpg,https://tong.visitkorea.or.kr/cms/resource/70/4043370_image3_1.jpg,2026-09-05T02:12:16.857334+09:00
4026642,38,미쉔주 본점,서울특별시 강남구 논현로155길 6 (신사동),37.5219428445576,127.027706584935,11,680,SH,SH04,SH040300,2026-03-27 09:21:50+09:00,https://tong.visitkorea.or.kr/cms/resource/34/4044934_image2_1.JPG,https://tong.visitkorea.or.kr/cms/resource/34/4044934_image3_1.JPG,2026-09-05T02:12:16.857334+09:00
4026643,38,느와르라르메스 플래그십 스토어 가로수길,서울특별시 강남구 논현로159길 55 (신사동) 1층,37.5216389539045,127.023915519032,11,680,SH,SH04,SH040300,2026-03-26 09:20:41+09:00,https://tong.visitkorea.or.kr/cms/resource/68/4042468_image2_1.jpg,https://tong.visitkorea.or.kr/cms/resource/68/4042468_image3_1.jpg,2026-09-05T02:12:16.857334+09:00
4026644,38,메디팜압구정약국,서울특별시 강남구 논현로160길 13 (신사동),37.5227614294012,127.029105665463,11,680,SH,SH04,SH040300,2026-03-27 09:21:50+09:00,https://tong.visitkorea.or.kr/cms/resource/43/4043343_image2_1.jpg,https://tong.visitkorea.or.kr/cms/resource/43/4043343_image3_1.jpg,2026-09-05T02:12:16.857334+09:00
4026645,38,제니의원 압구정역점,서울특별시 강남구 논현로175길 38 (신사동) 5층,37.5251917145917,127.025552252461,11,680,SH,SH04,SH040300,2026-03-26 09:20:41+09:00,https://tong.visitkorea.or.kr/cms/resource/96/4044196_image2_1.png,https://tong.visitkorea.or.kr/cms/resource/96/4044196_image3_1.png,2026-09-05T02:12:16.857334+09:00
4026646,38,조던 서울,서울특별시 강남구 논현로175길 88 (신사동),37.5234220386322,127.02206151754,11,680,SH,SH04,SH040300,2026-03-27 09:21:50+09:00,https://tong.visitkorea.or.kr/cms/resource/84/4043484_image2_1.jpg,https://tong.visitkorea.or.kr/cms/resource/84/4043484_image3_1.jpg,2026-09-05T02:12:16.857334+09:00
4026647,38,정관장 역삼점,서울특별시 강남구 도곡로 185 (역삼동) 하나기연빌딩,37.4923216143729,127.039616891715,11,680,SH,SH04,SH040300,2026-03-27 09:21:50+09:00,https://tong.visitkorea.or.kr/cms/resource/40/4043440_image2_1.jpg,https://tong.visitkorea.or.kr/cms/resource/40/4043440_image3_1.jpg,2026-09-05T02:12:16.857334+09:00
4026648,38,골든듀 롯데백화점 강남점,서울특별시 강남구 도곡로 401 (대치동) 1층,37.496979324799,127.053254695846,11,680,SH,SH04,SH040300,2026-03-30 09:16:11+09:00,https://tong.visitkorea.or.kr/cms/resource/52/4044952_image2_1.JPG,https://tong.visitkorea.or.kr/cms/resource/52/4044952_image3_1.JPG,2026-09-05T02:12:16.857334+09:00
4026649,38,노벨라 롯데백화점 강남점,서울특별시 강남구 도곡로 401 (대치동) 1층,37.496979324799,127.053254695846,11,680,SH,SH04,SH040300,2026-03-30 09:16:11+09:00,https://tong.visitkorea.or.kr/cms/resource/25/4043925_image2_1.JPG,https://tong.visitkorea.or.kr/cms/resource/25/4043925_image3_1.JPG,2026-09-05T02:12:16.857334+09:00
4026650,38,휴고보스 롯데백화점 강남점,서울특별시 강남구 도곡로 401 (대치동) 5층,37.496979324799,127.053254695846,11,680,SH,SH04,SH040300,2026-03-30 09:16:11+09:00,https://tong.visitkorea.or.kr/cms/resource/63/4044963_image2_1.JPG,https://tong.visitkorea.or.kr/cms/resource/63/4044963_image3_1.JPG,2026-09-05T02:12:16.857334+09:00
4026651,38,삼성스토어 롯데백화점 강남점,서울특별시 강남구 도곡로 401 (대치동) 8층,37.496979324799,127.053254695846,11,680,SH,SH04,SH040300,2026-03-30 09:16:11+09:00,https://tong.visitkorea.or.kr/cms/resource/92/4045292_image2_1.jpg,https://tong.visitkorea.or.kr/cms/resource/92/4045292_image3_1.jpg,2026-09-05T02:12:16.857334+09:00
4026652,38,정관장 대치본점,서울특별시 강남구 도곡로 442 (대치동),37.4979496722429,127.058839031611,11,680,SH,SH04,SH040300,2026-03-27 09:21:50+09:00,https://tong.visitkorea.or.kr/cms/resource/84/4045384_image2_1.jpg,https://tong.visitkorea.or.kr/cms/resource/84/4045384_image3_1.jpg,2026-09-05T02:12:16.857334+09:00
4026653,38,아이디약국,서울특별시 강남구 도산대로 111 (신사동) 1층,37.5169615546195,127.020689790302,11,680,SH,SH04,SH040300,2026-03-27 09:21:50+09:00,https://tong.visitkorea.or.kr/cms/resource/69/4044969_image2_1.JPG,https://tong.visitkorea.or.kr/cms/resource/69/4044969_image3_1.JPG,2026-09-05T02:12:16.857334+09:00
4026654,38,신사라라약국,서울특별시 강남구 도산대로 131 (신사동) 1층,37.5178330713125,127.022778501339,11,680,SH,SH04,SH040300,2026-03-30 09:16:11+09:00,https://tong.visitkorea.or.kr/cms/resource/20/4045620_image2_1.jpg,https://tong.visitkorea.or.kr/cms/resource/20/4045620_image3_1.jpg,2026-09-05T02:12:16.857334+09:00
4026655,38,파리게이츠 베셀직영점,서울특별시 강남구 도산대로 168 (논현동) 요진빌딩 1층,37.5188316536682,127.027048218789,11,680,SH,SH04,SH040300,2026-03-30 09:16:11+09:00,https://tong.visitkorea.or.kr/cms/resource/22/4045622_image2_1.jpg,https://tong.visitkorea.or.kr/cms/resource/22/4045622_image3_1.jpg,2026-09-05T02:12:16.857334+09:00
4026656,38,노블워치 논현점,서울특별시 강남구 도산대로 222 (논현동) 호산빌딩,37.5203025570951,127.031357047662,11,680,SH,SH04,SH040300,2026-03-26 09:20:41+09:00,https://tong.visitkorea.or.kr/cms/resource/64/4042464_image2_1.jpg,https://tong.visitkorea.or.kr/cms/resource/64/4042464_image3_1.jpg,2026-09-05T02:12:16.857334+09:00
4026657,38,피레티 도산FLAGSHOP,서울특별시 강남구 도산대로 311 (신사동),37.5224100465581,127.035349489973,11,680,SH,SH04,SH040300,2026-03-27 09:21:50+09:00,https://tong.visitkorea.or.kr/cms/resource/91/4045891_image2_1.png,https://tong.visitkorea.or.kr/cms/resource/91/4045891_image3_1.png,2026-09-05T02:12:16.857334+09:00
4026658,38,삼성스토어 청담,서울특별시 강남구 도산대로 336 (논현동),37.522633187522,127.038907790263,11,680,SH,SH04,SH040300,2026-03-30 09:16:11+09:00,https://tong.visitkorea.or.kr/cms/resource/93/4044093_image2_1.png,https://tong.visitkorea.or.kr/cms/resource/93/4044093_image3_1.png,2026-09-05T02:12:16.857334+09:00
4026659,38,아더에러 신사 스페이스,서울특별시 강남구 도산대로11길 31 (신사동),37.5195792522956,127.02211128973,11,680,SH,SH04,SH040300,2026-03-30 09:16:11+09:00,https://tong.visitkorea.or.kr/cms/resource/32/4044032_image2_1.png,https://tong.visitkorea.or.kr/cms/resource/32/4044032_image3_1.png,2026-09-05T02:12:16.857334+09:00
4026660,38,칼하트WIP 신사점,서울특별시 강남구 도산대로11길 40 (신사동),37.5200787011926,127.022467425485,11,680,SH,SH04,SH040300,2026-03-27 09:21:50+09:00,https://tong.visitkorea.or.kr/cms/resource/56/4045456_image2_1.jpg,https://tong.visitkorea.or.kr/cms/resource/56/4045456_image3_1.jpg,2026-09-05T02:12:16.857334+09:00
4026661,38,에스코티지,서울특별시 강남구 도산대로28길 38 (논현동) 1층,37.5167374864429,127.028805833593,11,680,SH,SH04,SH040300,2026-03-27 09:21:50+09:00,https://tong.visitkorea.or.kr/cms/resource/21/4044021_image2_1.png,https://tong.visitkorea.or.kr/cms/resource/21/4044021_image3_1.png,2026-09-05T02:12:16.857334+09:00
4026662,38,골든구스 서울 플래그십,서울특별시 강남구 도산대로45길 8 (신사동),37.5228830175415,127.03583230073,11,680,SH,SH04,SH040300,2026-03-26 09:20:41+09:00,https://tong.visitkorea.or.kr/cms/resource/49/4045749_image2_1.jpg,https://tong.visitkorea.or.kr/cms/resource/49/4045749_image3_1.jpg,2026-09-05T02:12:16.857334+09:00
4026663,38,유메르 도산지점,서울특별시 강남구 도산대로49길 11 (신사동) 1층,37.5236243325128,127.037096490732,11,680,SH,SH04,SH040300,2026-03-27 09:21:50+09:00,https://tong.visitkorea.or.kr/cms/resource/22/4044022_image2_1.png,https://tong.visitkorea.or.kr/cms/resource/22/4044022_image3_1.png,2026-09-05T02:12:16.857334+09:00
4026664,38,batutara716,서울특별시 강남구 도산대로49길 16 (신사동) 한창상가 1층,37.5239124774526,127.037368474461,11,680,SH,SH04,SH040300,2026-03-27 09:21:50+09:00,https://tong.visitkorea.or.kr/cms/resource/97/4045297_image2_1.jpg,https://tong.visitkorea.or.kr/cms/resource/97/4045297_image3_1.jpg,2026-09-05T02:12:16.857334+09:00
4026665,38,레몬버베나 강남점,서울특별시 강남구 도산대로49길 35 (신사동) 1층,37.5251822121,127.0369480468,11,680,SH,SH04,SH040300,2026-07-15 19:41:02+09:00,https://tong.visitkorea.or.kr/cms/resource/23/4042523_image2_1.jpg,https://tong.visitkorea.or.kr/cms/resource/23/4042523_image3_1.jpg,2026-09-05T02:12:16.857334+09:00
4026666,38,레스포색 압구정 플래그십 스토어,서울특별시 강남구 도산대로49길 8 (신사동) YK빌딩 1층,37.5233511349545,127.037425209409,11,680,SH,SH04,SH040300,2026-03-27 09:21:50+09:00,https://tong.visitkorea.or.kr/cms/resource/54/4045154_image2_1.png,https://tong.visitkorea.or.kr/cms/resource/54/4045154_image3_1.png,2026-09-05T02:12:16.857334+09:00
4026667,38,이마트24 청담본점,서울특별시 강남구 도산대로57길 22 (청담동),37.5250914281937,127.041707048828,11,680,SH,SH04,SH040300,2026-03-27 09:21:50+09:00,https://tong.visitkorea.or.kr/cms/resource/72/4044972_image2_1.JPG,https://tong.visitkorea.or.kr/cms/resource/72/4044972_image3_1.JPG,2026-09-05T02:12:16.857334+09:00
4026668,38,래코드 청담 플래그십스토어,서울특별시 강남구 도산대로75길 11 (청담동),37.5249681019239,127.045785784669,11,680,SH,SH04,SH040300,2026-03-27 09:21:50+09:00,https://tong.visitkorea.or.kr/cms/resource/73/4044973_image2_1.JPG,https://tong.visitkorea.or.kr/cms/resource/73/4044973_image3_1.JPG,2026-09-05T02:12:16.857334+09:00
4026669,38,김해김 청담 플래그십,서울특별시 강남구 도산대로75길 17-4 (청담동),37.5252568174139,127.045463547096,11,680,SH,SH04,SH040300,2026-03-30 09:16:11+09:00,https://tong.visitkorea.or.kr/cms/resource/91/4044091_image2_1.png,https://tong.visitkorea.or.kr/cms/resource/91/4044091_image3_1.png,2026-09-05T02:12:16.857334+09:00
4026670,38,크라운구스 하우스 도산 청담 부티크점,서울특별시 강남구 도산대로78길 40 (청담동),37.521654759788,127.046237040915,11,680,SH,SH04,SH040300,2026-03-27 09:21:50+09:00,https://tong.visitkorea.or.kr/cms/resource/74/4044974_image2_1.JPG,https://tong.visitkorea.or.kr/cms/resource/74/4044974_image3_1.JPG,2026-09-05T02:12:16.857334+09:00
4026671,38,브라운햇,서울특별시 강남구 도산대로92길 26 (청담동) 1층,37.5229612313395,127.049311659539,11,680,SH,SH04,SH040300,2026-03-27 09:21:50+09:00,https://tong.visitkorea.or.kr/cms/resource/75/4044975_image2_1.JPG,https://tong.visitkorea.or.kr/cms/resource/75/4044975_image3_1.JPG,2026-09-05T02:12:16.857334+09:00
4026672,38,닥터망고의원,서울특별시 강남구 봉은사로 108 (역삼동) 글라스톤빌딩 10층,37.5045343907375,127.025594068116,11,680,SH,SH04,SH040300,2026-03-30 09:16:11+09:00,https://tong.visitkorea.or.kr/cms/resource/92/4044092_image2_1.png,https://tong.visitkorea.or.kr/cms/resource/92/4044092_image3_1.png,2026-09-05T02:12:16.857334+09:00
4026673,38,영원약국,서울특별시 강남구 봉은사로 108 (역삼동) 글라스톤빌딩 1층,37.5045343907375,127.025594068116,11,680,SH,SH04,SH040300,2026-03-26 09:20:41+09:00,https://tong.visitkorea.or.kr/cms/resource/01/4042801_image2_1.jpg,https://tong.visitkorea.or.kr/cms/resource/01/4042801_image3_1.jpg,2026-09-05T02:12:16.857334+09:00
4026674,38,뷰렌코리아,서울특별시 강남구 봉은사로 146 (역삼동) 2층,37.5060497681124,127.030615604146,11,680,SH,SH04,SH040300,2026-03-27 09:21:50+09:00,https://tong.visitkorea.or.kr/cms/resource/94/4045894_image2_1.png,https://tong.visitkorea.or.kr/cms/resource/94/4045894_image3_1.png,2026-09-05T02:12:16.857334+09:00
4026675,38,로데오안경원 삼성점,서울특별시 강남구 봉은사로 471 (삼성동) 1층,37.5127262745682,127.051239538093,11,680,SH,SH04,SH040300,2026-03-27 09:21:50+09:00,https://tong.visitkorea.or.kr/cms/resource/76/4044976_image2_1.JPG,https://tong.visitkorea.or.kr/cms/resource/76/4044976_image3_1.JPG,2026-09-05T02:12:16.857334+09:00
4026676,38,사봉 스타필드 코엑스몰점,서울특별시 강남구 봉은사로 513 (삼성동) B1층,37.514074512855,127.055096182226,11,680,SH,SH04,SH040300,2026-03-27 09:21:50+09:00,https://tong.visitkorea.or.kr/cms/resource/77/4044977_image2_1.JPG,https://tong.visitkorea.or.kr/cms/resource/77/4044977_image3_1.JPG,2026-09-05T02:12:16.857334+09:00
4026677,38,지오다노 스타필드 코엑스몰점,서울특별시 강남구 봉은사로 513 (삼성동) B1층,37.514074512855,127.055096182226,11,680,SH,SH04,SH040300,2026-03-30 09:16:11+09:00,https://tong.visitkorea.or.kr/cms/resource/54/4044054_image2_1.png,https://tong.visitkorea.or.kr/cms/resource/54/4044054_image3_1.png,2026-09-05T02:12:16.857334+09:00
4026678,38,대치342,서울특별시 강남구 삼성로 342 (대치동) 1층,37.5022364049283,127.059525476966,11,680,SH,SH04,SH040300,2026-03-26 09:20:41+09:00,https://tong.visitkorea.or.kr/cms/resource/68/4042568_image2_1.jpg,https://tong.visitkorea.or.kr/cms/resource/68/4042568_image3_1.jpg,2026-09-05T02:12:16.857334+09:00
4026679,38,AK골프 삼성점,서울특별시 강남구 삼성로 531 (삼성동) 1층,37.5093593808934,127.054895463509,11,680,SH,SH04,SH040300,2026-03-30 09:16:11+09:00,https://tong.visitkorea.or.kr/cms/resource/50/4044050_image2_1.png,https://tong.visitkorea.or.kr/cms/resource/50/4044050_image3_1.png,2026-09-05T02:12:16.857334+09:00
4026680,38,피카소 라운지,서울특별시 강남구 삼성로148길 10 (청담동) 2층,37.523710792146,127.048619033608,11,680,SH,SH04,SH040300,2026-03-30 09:16:11+09:00,https://tong.visitkorea.or.kr/cms/resource/25/4045625_image2_1.jpg,https://tong.visitkorea.or.kr/cms/resource/25/4045625_image3_1.jpg,2026-09-05T02:12:16.857334+09:00
4026681,38,다니엘케이 주얼리 청담본점,서울특별시 강남구 삼성로149길 3-8 (청담동) 2층,37.5229425482934,127.047185137944,11,680,SH,SH04,SH040300,2026-03-30 09:16:11+09:00,https://tong.visitkorea.or.kr/cms/resource/27/4045627_image2_1.jpg,https://tong.visitkorea.or.kr/cms/resource/27/4045627_image3_1.jpg,2026-09-05T02:12:16.857334+09:00
4026682,38,라온안경원 삼성점,서울특별시 강남구 삼성로96길 14 (삼성동) 1층,37.5087832347265,127.057078944646,11,680,SH,SH04,SH040300,2026-03-27 09:21:50+09:00,https://tong.visitkorea.or.kr/cms/resource/58/4045458_image2_1.jpg,https://tong.visitkorea.or.kr/cms/resource/58/4045458_image3_1.jpg,2026-09-05T02:12:16.857334+09:00
4026683,38,노브랜드 강남한티역점,서울특별시 강남구 선릉로 318 (대치동),37.4980695774469,127.052370453579,11,680,SH,SH04,SH040300,2026-03-27 09:21:50+09:00,https://tong.visitkorea.or.kr/cms/resource/60/4045460_image2_1.jpg,https://tong.visitkorea.or.kr/cms/resource/60/4045460_image3_1.jpg,2026-09-05T02:12:16.857334+09:00
4026684,38,올리브영 강남구청역점,서울특별시 강남구 선릉로 703 (논현동) 1층,37.5176931767639,127.040753093301,11,680,SH,SH04,SH040300,2026-03-13 23:42:33+09:00,https://tong.visitkorea.or.kr/cms/resource/90/4029190_image2_1.jpg,https://tong.visitkorea.or.kr/cms/resource/90/4029190_image3_1.jpg,2026-09-05T02:12:16.857334+09:00
4026685,38,청담더약국,서울특별시 강남구 선릉로 834 (청담동) 모던빌딩 1층,37.5264378741075,127.04044527307,11,680,SH,SH04,SH040300,2026-03-27 09:21:50+09:00,https://tong.visitkorea.or.kr/cms/resource/93/4043493_image2_1.jpg,https://tong.visitkorea.or.kr/cms/resource/93/4043493_image3_1.jpg,2026-09-05T02:12:16.857334+09:00
4026686,38,라운지엘,서울특별시 강남구 선릉로 845 (신사동),37.5275312678594,127.040363730171,11,680,SH,SH04,SH040300,2026-03-27 09:21:50+09:00,https://tong.visitkorea.or.kr/cms/resource/61/4045461_image2_1.jpg,https://tong.visitkorea.or.kr/cms/resource/61/4045461_image3_1.jpg,2026-09-05T02:12:16.857334+09:00
4026687,38,원천인터내셔널,서울특별시 강남구 선릉로132길 33 (청담동),37.5186359416544,127.043895790371,11,680,SH,SH04,SH040300,2026-03-27 09:21:50+09:00,https://tong.visitkorea.or.kr/cms/resource/67/4044567_image2_1.png,https://tong.visitkorea.or.kr/cms/resource/67/4044567_image3_1.png,2026-09-05T02:12:16.857334+09:00
4026688,38,크레아티오,서울특별시 강남구 선릉로132길 5 (청담동) 동신빌딩 3층,37.5181592528535,127.041565866271,11,680,SH,SH04,SH040300,2026-03-27 09:21:50+09:00,https://tong.visitkorea.or.kr/cms/resource/05/4045905_image2_1.png,https://tong.visitkorea.or.kr/cms/resource/05/4045905_image3_1.png,2026-09-05T02:12:16.857334+09:00
4026689,38,비앤디 청담 쇼룸,서울특별시 강남구 선릉로146길 29 (청담동) 1층,37.5219144026761,127.042216255458,11,680,SH,SH04,SH040300,2026-03-27 09:21:50+09:00,https://tong.visitkorea.or.kr/cms/resource/78/4044978_image2_1.JPG,https://tong.visitkorea.or.kr/cms/resource/78/4044978_image3_1.JPG,2026-09-05T02:12:16.857334+09:00
4026690,38,아이디어안경원 도산점,서울특별시 강남구 선릉로153길 13 (신사동) 1층,37.5246312679025,127.038303486478,11,680,SH,SH04,SH040300,2026-03-26 09:20:41+09:00,https://tong.visitkorea.or.kr/cms/resource/49/4044149_image2_1.png,https://tong.visitkorea.or.kr/cms/resource/49/4044149_image3_1.png,2026-09-05T02:12:16.857334+09:00
4026691,38,비비씨어스 도산점,서울특별시 강남구 선릉로155길 25 (신사동),37.5256207392673,127.037490034403,11,680,SH,SH04,SH040300,2026-03-27 09:21:50+09:00,https://tong.visitkorea.or.kr/cms/resource/79/4044979_image2_1.JPG,https://tong.visitkorea.or.kr/cms/resource/79/4044979_image3_1.JPG,2026-09-05T02:12:16.857334+09:00
4026692,38,아크테릭스 플래그십스토어 강남,서울특별시 강남구 선릉로157길 18 (신사동),37.5262303371107,127.038394241771,11,680,SH,SH04,SH040300,2026-03-27 09:21:50+09:00,https://tong.visitkorea.or.kr/cms/resource/48/4045948_image2_1.png,https://tong.visitkorea.or.kr/cms/resource/48/4045948_image3_1.png,2026-09-05T02:12:16.857334+09:00
4026693,38,브라이드앤유,서울특별시 강남구 선릉로158길 9 (청담동) 1층,37.5256947433997,127.040922499933,11,680,SH,SH04,SH040300,2026-03-27 09:21:50+09:00,https://tong.visitkorea.or.kr/cms/resource/80/4044980_image2_1.JPG,https://tong.visitkorea.or.kr/cms/resource/80/4044980_image3_1.JPG,2026-09-05T02:12:16.857334+09:00
4026694,38,무냐무냐 플래그십스토어,서울특별시 강남구 선릉로161길 17 (신사동) 1층,37.5272721617522,127.038956583144,11,680,SH,SH04,SH040300,2026-03-30 09:16:11+09:00,https://tong.visitkorea.or.kr/cms/resource/29/4044029_image2_1.png,https://tong.visitkorea.or.kr/cms/resource/29/4044029_image3_1.png,2026-09-05T02:12:16.857334+09:00
4026695,38,골든듀 현대백화점 압구정본점,서울특별시 강남구 압구정로 165 (압구정동) 1층,37.5273661232786,127.027468526838,11,680,SH,SH04,SH040300,2026-03-30 09:16:11+09:00,https://tong.visitkorea.or.kr/cms/resource/82/4044982_image2_1.JPG,https://tong.visitkorea.or.kr/cms/resource/82/4044982_image3_1.JPG,2026-09-05T02:12:16.857334+09:00
4026696,38,미꼬 현대백화점 압구정본점,서울특별시 강남구 압구정로 165 (압구정동) 1층,37.5273661232786,127.027468526838,11,680,SH,SH04,SH040300,2026-03-30 09:16:11+09:00,https://tong.visitkorea.or.kr/cms/resource/97/4045997_image2_1.png,https://tong.visitkorea.or.kr/cms/resource/97/4045997_image3_1.png,2026-09-05T02:12:16.857334+09:00
4026697,38,발렌시아가 남성 현대백화점 압구정본점,서울특별시 강남구 압구정로 165 (압구정동) 4층,37.5273661232786,127.027468526838,11,680,SH,SH04,SH040300,2026-03-30 09:16:11+09:00,https://tong.visitkorea.or.kr/cms/resource/81/4044981_image2_1.JPG,https://tong.visitkorea.or.kr/cms/resource/81/4044981_image3_1.JPG,2026-09-05T02:12:16.857334+09:00
4026698,38,라움 웨스트,서울특별시 강남구 압구정로 230 (신사동) 2층,37.528754270626,127.033184402579,11,680,SH,SH04,SH040300,2026-03-30 09:16:11+09:00,https://tong.visitkorea.or.kr/cms/resource/45/4046545_image2_1.jpg,https://tong.visitkorea.or.kr/cms/resource/45/4046545_image3_1.jpg,2026-09-05T02:12:16.857334+09:00
4026699,38,언더아머 압구정점,서울특별시 강남구 압구정로 340 (신사동),37.5279239627917,127.039179678536,11,680,SH,SH04,SH040300,2026-03-30 09:16:11+09:00,https://tong.visitkorea.or.kr/cms/resource/26/4044026_image2_1.png,https://tong.visitkorea.or.kr/cms/resource/26/4044026_image3_1.png,2026-09-05T02:12:16.857334+09:00
4026700,38,미우미우 갤러리아백화점 명품관 WEST점,서울특별시 강남구 압구정로 343 (압구정동) 1층,37.5284754434309,127.040052671773,11,680,SH,SH04,SH040300,2026-03-30 09:16:11+09:00,https://tong.visitkorea.or.kr/cms/resource/84/4044984_image2_1.JPG,https://tong.visitkorea.or.kr/cms/resource/84/4044984_image3_1.JPG,2026-09-05T02:12:16.857334+09:00
4026701,38,입생로랑 갤러리아백화점 명품관 WEST점,서울특별시 강남구 압구정로 343 (압구정동) 2층,37.5284754434309,127.040052671773,11,680,SH,SH04,SH040300,2026-03-30 09:16:11+09:00,https://tong.visitkorea.or.kr/cms/resource/73/4044573_image2_1.jpg,https://tong.visitkorea.or.kr/cms/resource/73/4044573_image3_1.jpg,2026-09-05T02:12:16.857334+09:00
4026702,38,델보 갤러리아백화점 명품관 EAST점,서울특별시 강남구 압구정로 407 (압구정동) 2층,37.527918187812,127.041831709947,11,680,SH,SH04,SH040300,2026-03-30 09:16:11+09:00,https://tong.visitkorea.or.kr/cms/resource/73/4045973_image2_1.jpg,https://tong.visitkorea.or.kr/cms/resource/73/4045973_image3_1.jpg,2026-09-05T02:12:16.857334+09:00
4026703,38,부첼라티 갤러리아백화점 명품관 EAST점,서울특별시 강남구 압구정로 407 (압구정동) 2층,37.527918187812,127.041831709947,11,680,SH,SH04,SH040300,2026-03-27 09:21:50+09:00,https://tong.visitkorea.or.kr/cms/resource/90/4044990_image2_1.JPG,https://tong.visitkorea.or.kr/cms/resource/90/4044990_image3_1.JPG,2026-09-05T02:12:16.857334+09:00
4026704,38,메종마르지엘라 갤러리아백화점 명품관 EAST점,서울특별시 강남구 압구정로 407 (압구정동) 3층,37.527918187812,127.041831709947,11,680,SH,SH04,SH040300,2026-03-30 09:16:11+09:00,https://tong.visitkorea.or.kr/cms/resource/63/4045463_image2_1.jpg,https://tong.visitkorea.or.kr/cms/resource/63/4045463_image3_1.jpg,2026-09-05T02:12:16.857334+09:00
4026705,38,질샌더 갤러리아백화점 명품관 EAST점,서울특별시 강남구 압구정로 407 (압구정동) 3층,37.527918187812,127.041831709947,11,680,SH,SH04,SH040300,2026-03-27 09:21:50+09:00,https://tong.visitkorea.or.kr/cms/resource/29/4043929_image2_1.png,https://tong.visitkorea.or.kr/cms/resource/29/4043929_image3_1.png,2026-09-05T02:12:16.857334+09:00
4026706,38,토즈 갤러리아백화점 명품관 EAST점,서울특별시 강남구 압구정로 407 (압구정동) 3층,37.527918187812,127.041831709947,11,680,SH,SH04,SH040300,2026-03-30 09:16:11+09:00,https://tong.visitkorea.or.kr/cms/resource/86/4043986_image2_1.jpg,https://tong.visitkorea.or.kr/cms/resource/86/4043986_image3_1.jpg,2026-09-05T02:12:16.857334+09:00
4026707,38,오메가 갤러리아백화점 명품관 EAST점,서울특별시 강남구 압구정로 407 (압구정동) B1층,37.527918187812,127.041831709947,11,680,SH,SH04,SH040300,2026-03-30 09:16:11+09:00,https://tong.visitkorea.or.kr/cms/resource/87/4044987_image2_1.JPG,https://tong.visitkorea.or.kr/cms/resource/87/4044987_image3_1.JPG,2026-09-05T02:12:16.857334+09:00
4026708,38,위블로 갤러리아백화점 명품관 EAST점,서울특별시 강남구 압구정로 407 (압구정동) B1층,37.527918187812,127.041831709947,11,680,SH,SH04,SH040300,2026-03-27 09:21:50+09:00,https://tong.visitkorea.or.kr/cms/resource/30/4043930_image2_1.png,https://tong.visitkorea.or.kr/cms/resource/30/4043930_image3_1.png,2026-09-05T02:12:16.857334+09:00
4026709,38,키톤 플래그십스토어,서울특별시 강남구 압구정로 444 (청담동),37.5262226449278,127.045584842062,11,680,SH,SH04,SH040300,2026-03-26 09:20:41+09:00,https://tong.visitkorea.or.kr/cms/resource/59/4045759_image2_1.jpg,https://tong.visitkorea.or.kr/cms/resource/59/4045759_image3_1.jpg,2026-09-05T02:12:16.857334+09:00
4026710,38,로로피아나 청담플래그십스토어,서울특별시 강남구 압구정로 448 (청담동) 1층,37.5259710010888,127.045802122504,11,680,SH,SH04,SH040300,2026-03-26 09:20:41+09:00,https://tong.visitkorea.or.kr/cms/resource/51/4045751_image2_1.jpg,https://tong.visitkorea.or.kr/cms/resource/51/4045751_image3_1.jpg,2026-09-05T02:12:16.857334+09:00
4026711,38,바이오프로그래밍클럽 서울,서울특별시 강남구 압구정로 449 (청담동) 1층,37.526249850504,127.046521116092,11,680,SH,SH04,SH040300,2026-03-27 09:21:50+09:00,https://tong.visitkorea.or.kr/cms/resource/99/4043999_image2_1.png,https://tong.visitkorea.or.kr/cms/resource/99/4043999_image3_1.png,2026-09-05T02:12:16.857334+09:00
4026712,38,리차드 밀 압구정,"서울특별시 강남구 압구정로 450 (청담동) 1, 2층",37.5259005752328,127.045950391171,11,680,SH,SH04,SH040300,2026-03-27 09:21:50+09:00,https://tong.visitkorea.or.kr/cms/resource/55/4045555_image2_1.jpg,https://tong.visitkorea.or.kr/cms/resource/55/4045555_image3_1.jpg,2026-09-05T02:12:16.857334+09:00
4026713,38,리모와 청담 플래그십,서울특별시 강남구 압구정로 461 (청담동) 1층,37.5252547717564,127.047232410937,11,680,SH,SH04,SH040300,2026-03-27 09:21:50+09:00,https://tong.visitkorea.or.kr/cms/resource/92/4045992_image2_1.png,https://tong.visitkorea.or.kr/cms/resource/92/4045992_image3_1.png,2026-09-05T02:12:16.857334+09:00
4026714,38,넘버링 플래그십스토어 가로수길점,서울특별시 강남구 압구정로10길 28 (신사동) 1층,37.5217611553103,127.021927430879,11,680,SH,SH04,SH040300,2026-03-30 09:16:11+09:00,https://tong.visitkorea.or.kr/cms/resource/29/4045629_image2_1.jpg,https://tong.visitkorea.or.kr/cms/resource/29/4045629_image3_1.jpg,2026-09-05T02:12:16.857334+09:00
4026715,38,모노로우,서울특별시 강남구 압구정로10길 42 (신사동) 1층,37.5208015665842,127.022038574253,11,680,SH,SH04,SH040300,2026-03-27 09:21:50+09:00,https://tong.visitkorea.or.kr/cms/resource/97/4044997_image2_1.JPG,https://tong.visitkorea.or.kr/cms/resource/97/4044997_image3_1.JPG,2026-09-05T02:12:16.857334+09:00
4026716,38,옵틱프로젝트,서울특별시 강남구 압구정로14길 41 (신사동) 1층,37.521727302756,127.023664415494,11,680,SH,SH04,SH040300,2026-03-26 09:20:41+09:00,https://tong.visitkorea.or.kr/cms/resource/93/4042393_image2_1.jpeg,https://tong.visitkorea.or.kr/cms/resource/93/4042393_image3_1.jpeg,2026-09-05T02:12:16.857334+09:00
4026717,38,압구정화이트약국,서울특별시 강남구 압구정로30길 23 (신사동) 미승빌딩 1층,37.5258914152554,127.029494234094,11,680,SH,SH04,SH040300,2026-03-27 09:21:50+09:00,https://tong.visitkorea.or.kr/cms/resource/34/4043434_image2_1.jpg,https://tong.visitkorea.or.kr/cms/resource/34/4043434_image3_1.jpg,2026-09-05T02:12:16.857334+09:00
4026718,38,아이워즈어카,"서울특별시 강남구 압구정로42길 36 (신사동, 금광아크존1)",37.5265698563086,127.034530244173,11,680,SH,SH04,SH040300,2026-04-09 16:47:01+09:00,https://tong.visitkorea.or.kr/cms/resource/54/4045554_image2_1.jpg,https://tong.visitkorea.or.kr/cms/resource/54/4045554_image3_1.jpg,2026-09-05T02:12:16.857334+09:00
4026719,38,아뜰리에 에디션,서울특별시 강남구 압구정로46길 34 (신사동) 1-2층,37.5264406811881,127.03594441674,11,680,SH,SH04,SH040300,2026-03-26 09:20:41+09:00,https://tong.visitkorea.or.kr/cms/resource/86/4045786_image2_1.jpg,https://tong.visitkorea.or.kr/cms/resource/86/4045786_image3_1.jpg,2026-09-05T02:12:16.857334+09:00
4026720,38,브랜드나라,서울특별시 강남구 압구정로46길 5-6 (신사동),37.5279805531567,127.0372063494,11,680,SH,SH04,SH040300,2026-03-26 09:20:41+09:00,https://tong.visitkorea.or.kr/cms/resource/67/4045767_image2_1.jpg,https://tong.visitkorea.or.kr/cms/resource/67/4045767_image3_1.jpg,2026-09-05T02:12:16.857334+09:00
4026721,38,아틀리에나인 도산 플래그십 스토어,서울특별시 강남구 압구정로48길 39 (신사동),37.525941356205,127.037076709218,11,680,SH,SH04,SH040300,2026-03-27 09:21:50+09:00,https://tong.visitkorea.or.kr/cms/resource/52/4045352_image2_1.jpg,https://tong.visitkorea.or.kr/cms/resource/52/4045352_image3_1.jpg,2026-09-05T02:12:16.857334+09:00
4026722,38,하파크리스틴 압구정로데오점,서울특별시 강남구 압구정로50길 23 (신사동) 1층,37.5267488147482,127.03798859712,11,680,SH,SH04,SH040300,2026-03-27 09:21:50+09:00,https://tong.visitkorea.or.kr/cms/resource/72/4045272_image2_1.jpg,https://tong.visitkorea.or.kr/cms/resource/72/4045272_image3_1.jpg,2026-09-05T02:12:16.857334+09:00
4026723,38,나나피어싱 압구정점,서울특별시 강남구 압구정로50길 8 (신사동) 1층,37.5277893680236,127.038031549131,11,680,SH,SH04,SH040300,2026-03-26 09:20:41+09:00,https://tong.visitkorea.or.kr/cms/resource/26/4042526_image2_1.jpg,https://tong.visitkorea.or.kr/cms/resource/26/4042526_image3_1.jpg,2026-09-05T02:12:16.857334+09:00
4026724,38,디자인스킨 압구정점,서울특별시 강남구 압구정로50길 8 (신사동) 1층,37.5277893680236,127.038031549131,11,680,SH,SH04,SH040300,2026-03-26 09:20:41+09:00,https://tong.visitkorea.or.kr/cms/resource/94/4044194_image2_1.png,https://tong.visitkorea.or.kr/cms/resource/94/4044194_image3_1.png,2026-09-05T02:12:16.857334+09:00
4026725,38,로맨시크,서울특별시 강남구 압구정로80길 19 (청담동) 4-5층,37.5246454036587,127.045212260815,11,680,SH,SH04,SH040300,2026-03-26 09:20:41+09:00,https://tong.visitkorea.or.kr/cms/resource/28/4044228_image2_1.png,https://tong.visitkorea.or.kr/cms/resource/28/4044228_image3_1.png,2026-09-05T02:12:16.857334+09:00
4026726,38,분크 청담직영점,서울특별시 강남구 압구정로80길 31 (청담동) 1층,37.5244603533508,127.044219237636,11,680,SH,SH04,SH040300,2026-03-27 09:21:50+09:00,https://tong.visitkorea.or.kr/cms/resource/50/4045150_image2_1.png,https://tong.visitkorea.or.kr/cms/resource/50/4045150_image3_1.png,2026-09-05T02:12:16.857334+09:00
4026727,38,이자벨마랑 서울점,서울특별시 강남구 압구정로80길 6 (청담동),37.5250654259606,127.046207922618,11,680,SH,SH04,SH040300,2026-03-27 09:21:50+09:00,https://tong.visitkorea.or.kr/cms/resource/98/4044998_image2_1.JPG,https://tong.visitkorea.or.kr/cms/resource/98/4044998_image3_1.JPG,2026-09-05T02:12:16.857334+09:00
4026728,38,앱섹 캐시미어,서울특별시 강남구 압구정로8길 10 (신사동) 1층,37.5227715627471,127.021309504024,11,680,SH,SH04,SH040300,2026-03-27 09:21:50+09:00,https://tong.visitkorea.or.kr/cms/resource/44/4045144_image2_1.png,https://tong.visitkorea.or.kr/cms/resource/44/4045144_image3_1.png,2026-09-05T02:12:16.857334+09:00
4026729,38,제너럴아이디어 신사점,서울특별시 강남구 압구정로8길 20 (신사동) B1-2층,37.5223979627605,127.022041758772,11,680,SH,SH04,SH040300,2026-03-27 09:21:50+09:00,https://tong.visitkorea.or.kr/cms/resource/71/4045171_image2_1.png,https://tong.visitkorea.or.kr/cms/resource/71/4045171_image3_1.png,2026-09-05T02:12:16.857334+09:00
4026730,38,삼성스토어 도곡,서울특별시 강남구 언주로 201 (도곡동),37.4884272763055,127.048777977062,11,680,SH,SH04,SH040300,2026-03-27 09:21:50+09:00,https://tong.visitkorea.or.kr/cms/resource/04/4045004_image2_1.JPG,https://tong.visitkorea.or.kr/cms/resource/04/4045004_image3_1.JPG,2026-09-05T02:12:16.857334+09:00
4026731,38,나이키골프 압구정 프리미엄점,서울특별시 강남구 언주로 823 (신사동) 1-2층,37.5236875971251,127.032784522665,11,680,SH,SH04,SH040300,2026-03-26 09:20:41+09:00,https://tong.visitkorea.or.kr/cms/resource/62/4042462_image2_1.jpg,https://tong.visitkorea.or.kr/cms/resource/62/4042462_image3_1.jpg,2026-09-05T02:12:16.857334+09:00
4026732,38,먼데이플로우,서울특별시 강남구 언주로 852 (신사동) 1-2층,37.5264637634038,127.033750732648,11,680,SH,SH04,SH040300,2026-03-27 09:21:50+09:00,https://tong.visitkorea.or.kr/cms/resource/89/4043889_image2_1.jpg,https://tong.visitkorea.or.kr/cms/resource/89/4043889_image3_1.jpg,2026-09-05T02:12:16.857334+09:00
4026733,38,나이프샵 마이도,서울특별시 강남구 언주로151길 19 (신사동) B1층,37.5217661874802,127.031875874179,11,680,SH,SH04,SH040300,2026-03-26 09:20:41+09:00,https://tong.visitkorea.or.kr/cms/resource/69/4045869_image2_1.png,https://tong.visitkorea.or.kr/cms/resource/69/4045869_image3_1.png,2026-09-05T02:12:16.857334+09:00
4026734,38,Mod9 도산,서울특별시 강남구 언주로152길 15-5 (신사동) 1층,37.5231247243711,127.034733524825,11,680,SH,SH04,SH040300,2026-03-27 09:21:50+09:00,https://tong.visitkorea.or.kr/cms/resource/88/4043888_image2_1.png,https://tong.visitkorea.or.kr/cms/resource/88/4043888_image3_1.png,2026-09-05T02:12:16.857334+09:00
4026735,38,코오롱인더스트리FNC부문 지포어 서울점,서울특별시 강남구 언주로154길 14 (신사동) 1층,37.5232151485665,127.034550644189,11,680,SH,SH04,SH040300,2026-03-27 09:21:50+09:00,https://tong.visitkorea.or.kr/cms/resource/95/4043495_image2_1.jpg,https://tong.visitkorea.or.kr/cms/resource/95/4043495_image3_1.jpg,2026-09-05T02:12:16.857334+09:00
4026736,38,스페이스로직,서울특별시 강남구 언주로164길 14-1 (신사동),37.5251678768264,127.034599171449,11,680,SH,SH04,SH040300,2026-03-27 09:21:50+09:00,https://tong.visitkorea.or.kr/cms/resource/18/4045918_image2_1.png,https://tong.visitkorea.or.kr/cms/resource/18/4045918_image3_1.png,2026-09-05T02:12:16.857334+09:00
4026737,38,드레익스 도산,서울특별시 강남구 언주로164길 32 (신사동),37.5254062772078,127.036119947537,11,680,SH,SH04,SH040300,2026-03-27 09:21:50+09:00,https://tong.visitkorea.or.kr/cms/resource/65/4045465_image2_1.jpg,https://tong.visitkorea.or.kr/cms/resource/65/4045465_image3_1.jpg,2026-09-05T02:12:16.857334+09:00
4026738,38,프리터 도산,서울특별시 강남구 언주로164길 38 (신사동) 1층,37.5253144327771,127.036518000045,11,680,SH,SH04,SH040300,2026-03-30 09:16:11+09:00,https://tong.visitkorea.or.kr/cms/resource/33/4045633_image2_1.jpg,https://tong.visitkorea.or.kr/cms/resource/33/4045633_image3_1.jpg,2026-09-05T02:12:16.857334+09:00
4026739,38,스포츠일러스트레이티드 패션도산점,서울특별시 강남구 언주로168길 19 (신사동) 1층,37.5263549444829,127.035217858669,11,680,SH,SH04,SH040300,2026-03-27 09:21:50+09:00,https://tong.visitkorea.or.kr/cms/resource/68/4045168_image2_1.png,https://tong.visitkorea.or.kr/cms/resource/68/4045168_image3_1.png,2026-09-05T02:12:16.857334+09:00
4026740,38,디젤 도산점,서울특별시 강남구 언주로168길 23 (신사동),37.5262420530741,127.035504927554,11,680,SH,SH04,SH040300,2026-03-27 09:21:50+09:00,https://tong.visitkorea.or.kr/cms/resource/97/4043897_image2_1.png,https://tong.visitkorea.or.kr/cms/resource/97/4043897_image3_1.png,2026-09-05T02:12:16.857334+09:00
4026741,38,위글위글집 도산,서울특별시 강남구 언주로168길 31 (신사동),37.5261144088019,127.036302879204,11,680,SH,SH04,SH040300,2026-03-27 09:21:50+09:00,https://tong.visitkorea.or.kr/cms/resource/98/4043898_image2_1.jpg,https://tong.visitkorea.or.kr/cms/resource/98/4043898_image3_1.jpg,2026-09-05T02:12:16.857334+09:00
4026742,38,요즘우리술,서울특별시 강남구 역삼로 139 (역삼동) 1층,37.4946067650502,127.034694078673,11,680,SH,SH04,SH040300,2026-03-27 09:21:50+09:00,https://tong.visitkorea.or.kr/cms/resource/39/4045039_image2_1.JPG,https://tong.visitkorea.or.kr/cms/resource/39/4045039_image3_1.JPG,2026-09-05T02:12:16.857334+09:00
4026743,38,아레나 스타필드 코엑스몰점,서울특별시 강남구 영동대로 513 (삼성동) B1층,37.5118239121138,127.059159043842,11,680,SH,SH04,SH040300,2026-03-30 09:16:11+09:00,https://tong.visitkorea.or.kr/cms/resource/23/4045923_image2_1.png,https://tong.visitkorea.or.kr/cms/resource/23/4045923_image3_1.png,2026-09-05T02:12:16.857334+09:00
4026744,38,아크테릭스 스타필드 코엑스몰점,서울특별시 강남구 영동대로 513 (삼성동) B1층,37.5118239121138,127.059159043842,11,680,SH,SH04,SH040300,2026-03-30 09:16:11+09:00,https://tong.visitkorea.or.kr/cms/resource/59/4045159_image2_1.jpg,https://tong.visitkorea.or.kr/cms/resource/59/4045159_image3_1.jpg,2026-09-05T02:12:16.857334+09:00
4026745,38,에이랜드 스타필드 코엑스몰점,서울특별시 강남구 영동대로 513 (삼성동) B1층,37.5118239121138,127.059159043842,11,680,SH,SH04,SH040300,2026-03-30 09:16:11+09:00,https://tong.visitkorea.or.kr/cms/resource/65/4043865_image2_1.png,https://tong.visitkorea.or.kr/cms/resource/65/4043865_image3_1.png,2026-09-05T02:12:16.857334+09:00
4026746,38,카카오프렌즈 스타필드 코엑스몰점,서울특별시 강남구 영동대로 513 (삼성동) B1층,37.5118239121138,127.059159043842,11,680,SH,SH04,SH040300,2026-03-30 09:16:11+09:00,https://tong.visitkorea.or.kr/cms/resource/68/4045468_image2_1.jpg,https://tong.visitkorea.or.kr/cms/resource/68/4045468_image3_1.jpg,2026-09-05T02:12:16.857334+09:00
4026747,38,토니모리 강남지하상가점,서울특별시 강남구 테헤란로 101 (역삼동),37.4986232309429,127.028065727387,11,680,SH,SH04,SH040300,2026-03-26 09:20:41+09:00,https://tong.visitkorea.or.kr/cms/resource/02/4042502_image2_1.jpg,https://tong.visitkorea.or.kr/cms/resource/02/4042502_image3_1.jpg,2026-09-05T02:12:16.857334+09:00
4026748,38,다이소 강남역2호점,서울특별시 강남구 테헤란로 109 (역삼동) B1층,37.4988253733783,127.028991540151,11,680,SH,SH04,SH040300,2026-03-19 09:49:59+09:00,https://tong.visitkorea.or.kr/cms/resource/17/4029317_image2_1.jpg,https://tong.visitkorea.or.kr/cms/resource/17/4029317_image3_1.jpg,2026-09-05T02:12:16.857334+09:00
4026749,38,모두약국,서울특별시 강남구 테헤란로 지하156 (역삼동) B2층,37.5007162693593,127.036618203089,11,680,SH,SH04,SH040300,2026-03-27 09:21:50+09:00,https://tong.visitkorea.or.kr/cms/resource/47/4043347_image2_1.jpg,https://tong.visitkorea.or.kr/cms/resource/47/4043347_image3_1.jpg,2026-09-05T02:12:16.857334+09:00
4026750,38,다이소 선릉점,서울특별시 강남구 테헤란로 414 (대치동) B1층,37.5049127733133,127.051627322774,11,680,SH,SH04,SH040300,2026-03-19 09:49:59+09:00,https://tong.visitkorea.or.kr/cms/resource/21/4029321_image2_1.jpg,https://tong.visitkorea.or.kr/cms/resource/21/4029321_image3_1.jpg,2026-09-05T02:12:16.857334+09:00
4026751,38,입생로랑뷰티 현대백화점 무역센터점,서울특별시 강남구 테헤란로 517 (삼성동) 1층,37.5086151302204,127.059765116537,11,680,SH,SH04,SH040300,2026-03-30 09:16:11+09:00,https://tong.visitkorea.or.kr/cms/resource/40/4045040_image2_1.JPG,https://tong.visitkorea.or.kr/cms/resource/40/4045040_image3_1.JPG,2026-09-05T02:12:16.857334+09:00
4026752,38,로저비비에 현대백화점 무역센터점,서울특별시 강남구 테헤란로 517 (삼성동) 2층,37.5086151302204,127.059765116537,11,680,SH,SH04,SH040300,2026-03-30 09:16:11+09:00,https://tong.visitkorea.or.kr/cms/resource/41/4045041_image2_1.JPG,https://tong.visitkorea.or.kr/cms/resource/41/4045041_image3_1.JPG,2026-09-05T02:12:16.857334+09:00
4026753,38,리모와 현대백화점 무역센터점,서울특별시 강남구 테헤란로 517 (삼성동) 2층,37.5086151302204,127.059765116537,11,680,SH,SH04,SH040300,2026-03-30 09:16:11+09:00,https://tong.visitkorea.or.kr/cms/resource/43/4045043_image2_1.JPG,https://tong.visitkorea.or.kr/cms/resource/43/4045043_image3_1.JPG,2026-09-05T02:12:16.857334+09:00
4026754,38,부쉐론 현대백화점 무역센터점,서울특별시 강남구 테헤란로 517 (삼성동) 2층,37.5086151302204,127.059765116537,11,680,SH,SH04,SH040300,2026-03-30 09:16:11+09:00,https://tong.visitkorea.or.kr/cms/resource/00/4043900_image2_1.png,https://tong.visitkorea.or.kr/cms/resource/00/4043900_image3_1.png,2026-09-05T02:12:16.857334+09:00
4026755,38,메종마르지엘라 현대백화점 무역센터점,서울특별시 강남구 테헤란로 517 (삼성동) 3층,37.5086151302204,127.059765116537,11,680,SH,SH04,SH040300,2026-03-30 09:16:11+09:00,https://tong.visitkorea.or.kr/cms/resource/95/4043895_image2_1.png,https://tong.visitkorea.or.kr/cms/resource/95/4043895_image3_1.png,2026-09-05T02:12:16.857334+09:00
4026756,38,질샌더 현대백화점 무역센터점,서울특별시 강남구 테헤란로 517 (삼성동) 3층,37.5086151302204,127.059765116537,11,680,SH,SH04,SH040300,2026-03-30 09:16:11+09:00,https://tong.visitkorea.or.kr/cms/resource/96/4043896_image2_1.png,https://tong.visitkorea.or.kr/cms/resource/96/4043896_image3_1.png,2026-09-05T02:12:16.857334+09:00
4026757,38,룰루레몬 현대백화점 무역센터점,서울특별시 강남구 테헤란로 517 (삼성동) 5층,37.5086151302204,127.059765116537,11,680,SH,SH04,SH040300,2026-03-30 09:16:11+09:00,https://tong.visitkorea.or.kr/cms/resource/42/4045042_image2_1.JPG,https://tong.visitkorea.or.kr/cms/resource/42/4045042_image3_1.JPG,2026-09-05T02:12:16.857334+09:00
4026758,38,시스티나 파르나스몰점,서울특별시 강남구 테헤란로 521 (삼성동) B1층,37.5091916919873,127.06080691987,11,680,SH,SH04,SH040300,2026-03-27 09:21:50+09:00,https://tong.visitkorea.or.kr/cms/resource/67/4045967_image2_1.png,https://tong.visitkorea.or.kr/cms/resource/67/4045967_image3_1.png,2026-09-05T02:12:16.857334+09:00
4026759,38,삼성온누리약국 글라스타워,서울특별시 강남구 테헤란로 534 (대치동) B1층,37.5080381764122,127.06279566981,11,680,SH,SH04,SH040300,2026-03-26 09:20:41+09:00,https://tong.visitkorea.or.kr/cms/resource/61/4042361_image2_1.jpeg,https://tong.visitkorea.or.kr/cms/resource/61/4042361_image3_1.jpeg,2026-09-05T02:12:16.857334+09:00
4026760,38,CU 삼성1호점,서울특별시 강남구 테헤란로69길 9 (삼성동) 1층,37.5065083423896,127.052289487697,11,680,SH,SH04,SH040300,2026-03-27 09:21:50+09:00,https://tong.visitkorea.or.kr/cms/resource/55/4045155_image2_1.png,https://tong.visitkorea.or.kr/cms/resource/55/4045155_image3_1.png,2026-09-05T02:12:16.857334+09:00
4026761,38,삼성온누리약국 coex,서울특별시 강남구 테헤란로87길 58 (삼성동) B1층,37.51201518432,127.057539718301,11,680,SH,SH04,SH040300,2026-03-27 09:21:50+09:00,https://tong.visitkorea.or.kr/cms/resource/65/4043365_image2_1.jpg,https://tong.visitkorea.or.kr/cms/resource/65/4043365_image3_1.jpg,2026-09-05T02:12:16.857334+09:00
4026762,38,MLB 강남사옥점,서울특별시 강남구 테헤란로8길 8 (역삼동),37.4982005447361,127.031043373544,11,680,SH,SH04,SH040300,2026-03-26 09:20:41+09:00,https://tong.visitkorea.or.kr/cms/resource/37/4042437_image2_1.jpg,https://tong.visitkorea.or.kr/cms/resource/37/4042437_image3_1.jpg,2026-09-05T02:12:16.857334+09:00
4026763,38,으뜸50안경 강남구청역점,서울특별시 강남구 학동로 342 (논현동),37.5167560126387,127.040841265738,11,680,SH,SH04,SH040300,2026-03-27 09:21:50+09:00,https://tong.visitkorea.or.kr/cms/resource/11/4043411_image2_1.jpg,https://tong.visitkorea.or.kr/cms/resource/11/4043411_image3_1.jpg,2026-09-05T02:12:16.857334+09:00
402880,39,미 피아체,서울특별시 강남구 도산대로70길 34 (청담동) 1층,37.5215134469,127.0448856938,11,680,FD,FD02,FD020300,2025-10-28 11:34:34+09:00,http://tong.visitkorea.or.kr/cms/resource/62/398862_image2_1.jpg,http://tong.visitkorea.or.kr/cms/resource/62/398862_image3_1.jpg,2026-09-05T02:12:16.857334+09:00
4029584,39,칙바이칙 선릉역점,서울특별시 강남구 선릉로 523 (역삼동) 유림빌딩 1층,37.5062009307086,127.047796643158,11,680,FD,FD02,FD020300,2026-03-05 09:58:51+09:00,https://tong.visitkorea.or.kr/cms/resource/77/4029577_image2_1.jpg,https://tong.visitkorea.or.kr/cms/resource/77/4029577_image3_1.jpg,2026-09-05T02:12:16.857334+09:00
403515,39,고래불,서울특별시 강남구 논현로79길 62 (역삼동),37.4963300643,127.0339707338,11,680,FD,FD01,FD010100,2025-12-16 11:22:03+09:00,http://tong.visitkorea.or.kr/cms/resource/01/3584401_image2_1.jpg,http://tong.visitkorea.or.kr/cms/resource/01/3584401_image3_1.jpg,2026-09-05T02:12:16.857334+09:00
4054307,38,캐논플렉스[면세점(TAX REFUND SHOP)],서울특별시 강남구 봉은사로 217 (논현동) 1층,37.5081818217753,127.035729361993,11,680,SH,SH04,SH040300,2026-04-01 02:20:37+09:00,https://tong.visitkorea.or.kr/cms/resource/39/4054239_image2_1.png,https://tong.visitkorea.or.kr/cms/resource/39/4054239_image3_1.png,2026-09-05T02:12:16.857334+09:00
4057278,39,천장지구,서울특별시 강남구 언주로150길 51 (논현동) 2층,37.5221662900104,127.038350529847,11,680,FD,FD05,FD050100,2026-04-14 09:19:50+09:00,https://tong.visitkorea.or.kr/cms/resource/45/4057245_image2_1.jpg,https://tong.visitkorea.or.kr/cms/resource/45/4057245_image3_1.jpg,2026-09-05T02:12:16.857334+09:00
4057337,39,무지개수프,서울특별시 강남구 역삼로 145 (역삼동) 1층 101호,37.4947631163567,127.035213196089,11,680,FD,FD02,FD020300,2026-04-14 09:19:50+09:00,https://tong.visitkorea.or.kr/cms/resource/07/4057307_image2_1.jpg,https://tong.visitkorea.or.kr/cms/resource/07/4057307_image3_1.jpg,2026-09-05T02:12:16.857334+09:00
4068175,39,고움,서울특별시 강남구 도곡로23길 33 (역삼동) 1층,37.4944247834549,127.038685534981,11,680,FD,FD02,FD020300,2026-05-27 14:44:32+09:00,https://tong.visitkorea.or.kr/cms/resource/77/4068177_image2_1.jpg,https://tong.visitkorea.or.kr/cms/resource/77/4068177_image3_1.jpg,2026-09-05T02:12:16.857334+09:00
4078819,32,AC 호텔 바이 메리어트 서울 강남,서울특별시 강남구 테헤란로25길 10 (역삼동),37.5012416495,127.0354244397,11,680,AC,AC01,AC010100,2026-06-24 15:30:28+09:00,https://tong.visitkorea.or.kr/cms/resource/38/4078838_image2_1.jpg,https://tong.visitkorea.or.kr/cms/resource/38/4078838_image3_1.jpg,2026-09-05T02:12:16.857334+09:00
4091313,12,코코리색채연구소(강남점) (외국어사이트용),서울특별시 강남구 강남대로158길 28 (신사동) 3층,37.519365539,127.0211008492,11,680,EX,EX07,EX070200,2026-07-27 14:09:25+09:00,https://tong.visitkorea.or.kr/cms/resource/99/4091299_image2_1.jpg,https://tong.visitkorea.or.kr/cms/resource/99/4091299_image3_1.jpg,2026-09-05T02:12:16.857334+09:00
4093912,39,토속촌앤와이씨 역삼본점,서울특별시 강남구 언주로85길 23-12 (역삼동) 1층,37.5000215098,127.0415044675,11,680,FD,FD01,FD010100,2026-07-29 08:36:56+09:00,https://tong.visitkorea.or.kr/cms/resource/19/4093919_image2_1.jpg,https://tong.visitkorea.or.kr/cms/resource/19/4093919_image3_1.jpg,2026-09-05T02:12:16.857334+09:00
4103228,39,만장,서울특별시 강남구 도산대로 152 (논현동) 1층,37.5181618896,127.0252308652,11,680,FD,FD01,FD010100,2026-08-24 13:32:55+09:00,https://tong.visitkorea.or.kr/cms/resource/33/4103233_image2_1.jpg,https://tong.visitkorea.or.kr/cms/resource/33/4103233_image3_1.jpg,2026-09-05T02:12:16.857334+09:00
513509,39,일일향 압구정본점,서울특별시 강남구 도산대로35길 39 (신사동) 1~2층,37.5234914068832,127.0303390176372,11,680,FD,FD02,FD020100,2026-03-04 10:04:26+09:00,,,2026-09-05T02:12:16.857334+09:00
596511,14,국기원(세계태권도본부),서울특별시 강남구 테헤란로7길 32 (역삼동),37.5027681388,127.0302403356,11,680,VE,VE09,VE090400,2025-11-17 16:10:19+09:00,http://tong.visitkorea.or.kr/cms/resource/96/3567696_image2_1.jpg,http://tong.visitkorea.or.kr/cms/resource/96/3567696_image3_1.jpg,2026-09-05T02:12:16.857334+09:00
645791,14,포니정홀,서울특별시 강남구 영동대로 520,37.5136743058,127.0610593496,11,680,VE,VE06,VE060100,2026-06-23 13:57:26+09:00,https://tong.visitkorea.or.kr/cms/resource/91/3565291_image2_1.jpg,https://tong.visitkorea.or.kr/cms/resource/91/3565291_image3_1.jpg,2026-09-05T02:12:16.857334+09:00
719514,14,지식재산전문도서관,서울특별시 강남구 테헤란로 131 한국지식재산센터 3층,37.500135159,127.0329540519,11,680,VE,VE09,VE090300,2025-03-27 13:45:07+09:00,http://tong.visitkorea.or.kr/cms/resource/08/3400808_image2_1.JPG,http://tong.visitkorea.or.kr/cms/resource/08/3400808_image3_1.JPG,2026-09-05T02:12:16.857334+09:00
736915,14,김리아 갤러리,서울특별시 강남구 압구정로75길 5 리아빌딩 1층,37.526358614,127.0468520385,11,680,VE,VE07,VE070600,2026-06-18 15:32:30+09:00,https://tong.visitkorea.or.kr/cms/resource/01/3565301_image2_1.jpg,https://tong.visitkorea.or.kr/cms/resource/01/3565301_image3_1.jpg,2026-09-05T02:12:16.857334+09:00
737479,15,강남페스티벌,서울특별시 강남구 도산대로 320 (논현동),37.5221428648,127.0369343307,11,680,EV,EV01,EV010200,2026-08-26 18:37:54+09:00,https://tong.visitkorea.or.kr/cms/resource/43/4101843_image2_1.jpg,https://tong.visitkorea.or.kr/cms/resource/43/4101843_image3_1.jpg,2026-09-05T02:12:16.857334+09:00
753941,14,호림박물관 신사분관,서울특별시 강남구 도산대로 317 (신사동),37.52269632366295,127.03636414456068,11,680,VE,VE07,VE070100,2026-03-18 10:10:05+09:00,https://tong.visitkorea.or.kr/cms/resource/54/3507854_image2_1.jpg,https://tong.visitkorea.or.kr/cms/resource/54/3507854_image3_1.jpg,2026-09-05T02:12:16.857334+09:00
753954,12,전주이씨광평대군파묘역,서울특별시 강남구 광평로31길 20 (수서동),37.48565562406891,127.09189227858606,11,680,HS,HS01,HS010800,2026-03-11 10:03:40+09:00,https://tong.visitkorea.or.kr/cms/resource/93/3511193_image2_1.jpg,https://tong.visitkorea.or.kr/cms/resource/93/3511193_image3_1.jpg,2026-09-05T02:12:16.857334+09:00
767780,28,리버시티수상스키장,"서울특별시 강남구 압구정로11길 37-53 (압구정동) 한강시민공원 내 잠원1지구, 리버시티수상스키장",37.5290589376,127.0191571926,11,680,LS,LS02,LS020100,2026-07-09 10:56:58+09:00,,,2026-09-05T02:12:16.857334+09:00
835066,39,허형만의 압구정커피집,서울특별시 강남구 압구정로 151 신현대상가 2동 107호,37.5283579578356,127.024073646194,11,680,FD,FD05,FD050100,2026-02-24 16:29:57+09:00,https://tong.visitkorea.or.kr/cms/resource/60/1838660_image2_1.jpg,https://tong.visitkorea.or.kr/cms/resource/60/1838660_image3_1.jpg,2026-09-05T02:12:16.857334+09:00
836702,39,뱃고동,서울특별시 강남구 언주로172길 54,37.5268182631,127.0380278349,11,680,FD,FD01,FD010100,2025-11-20 10:31:48+09:00,,,2026-09-05T02:12:16.857334+09:00
838829,39,청담골,서울특별시 강남구 선릉로148길 48,37.5226839995109,127.043416367199,11,680,FD,FD01,FD010100,2026-02-05 10:32:35+09:00,,,2026-09-05T02:12:16.857334+09:00
838949,39,배정철 어도,서울특별시 강남구 언주로148길 14,37.5205646817178,127.036150469195,11,680,FD,FD02,FD020200,2026-02-05 10:02:02+09:00,,,2026-09-05T02:12:16.857334+09:00
987669,38,한순례한복침구,서울특별시 강남구 압구정로 164 (신사동),37.5265819931,127.0276621188,11,680,SH,SH05,SH050200,2025-12-08 14:30:48+09:00,http://tong.visitkorea.or.kr/cms/resource/49/3579249_image2_1.jpg,http://tong.visitkorea.or.kr/cms/resource/49/3579249_image3_1.jpg,2026-09-05T02:12:16.857334+09:00
987720,12,신사동 가로수길,서울특별시 강남구 가로수길 23 (신사동),37.5197049261,127.0227572041,11,680,EX,EX07,EX070200,2025-11-14 11:25:40+09:00,http://tong.visitkorea.or.kr/cms/resource/61/3566961_image2_1.jpg,http://tong.visitkorea.or.kr/cms/resource/61/3566961_image3_1.jpg,2026-09-05T02:12:16.857334+09:00
