content_id,content_type_id,title,address,latitude,longitude,area_code,district_code,lcls_systm1,lcls_systm2,lcls_systm3,source_modified_at,first_image_url,thumbnail_url,list_fetched_at
1021339,12,서래마을,서울특별시 서초구 반포동,37.49785147,126.9983156029,11,650,VE,VE04,VE040200,2025-11-27 13:41:13+09:00,http://tong.visitkorea.or.kr/cms/resource/59/3571659_image2_1.jpg,http://tong.visitkorea.or.kr/cms/resource/59/3571659_image3_1.jpg,2026-08-29T22:50:16.951430+09:00
1046650,32,프로비스타 호텔,서울특별시 서초구 서초대로 338,37.4947786169455,127.018597359426,11,650,AC,AC02,AC020100,2026-02-25 16:55:49+09:00,,,2026-08-29T22:50:16.951430+09:00
1131275,12,매헌시민의 숲,서울특별시 서초구 매헌로 99 (양재동),37.4691610476,127.0368379074,11,650,NA,NA01,NA010200,2025-11-28 11:28:25+09:00,http://tong.visitkorea.or.kr/cms/resource/02/3571602_image2_1.jpg,http://tong.visitkorea.or.kr/cms/resource/02/3571602_image3_1.jpg,2026-08-29T22:50:16.951430+09:00
1221790,38,센트럴시티,서울특별시 서초구 신반포로 176 (반포동),37.5056062193,127.0035815712,11,650,SH,SH07,SH070100,2025-12-23 10:39:24+09:00,http://tong.visitkorea.or.kr/cms/resource/99/3463399_image2_1.jpg,http://tong.visitkorea.or.kr/cms/resource/99/3463399_image3_1.jpg,2026-08-29T22:50:16.951430+09:00
1245865,12,심산기념문화센터,서울특별시 서초구 사평대로 55 (반포동),37.4985345878,126.9907301631,11,650,VE,VE12,VE120300,2025-09-18 09:53:41+09:00,http://tong.visitkorea.or.kr/cms/resource/88/3540488_image2_1.jpg,http://tong.visitkorea.or.kr/cms/resource/88/3540488_image3_1.jpg,2026-08-29T22:50:16.951430+09:00
125452,12,청계산,서울특별시 서초구 원지동,37.4437532162,127.0553147223,11,650,NA,NA01,NA010100,2025-09-02 14:06:26+09:00,http://tong.visitkorea.or.kr/cms/resource/25/1796725_image2_1.jpg,http://tong.visitkorea.or.kr/cms/resource/25/1796725_image3_1.jpg,2026-08-29T22:50:16.951430+09:00
126530,12,서울 헌릉(태종·원경왕후)과 인릉(순조·순원황후) [유네스코 세계유산],서울특별시 서초구 헌인릉길 34 (내곡동),37.464415194,127.082364456,11,650,HS,HS01,HS010800,2025-09-02 13:34:35+09:00,http://tong.visitkorea.or.kr/cms/resource/76/3530376_image2_1.jpg,http://tong.visitkorea.or.kr/cms/resource/76/3530376_image3_1.jpg,2026-08-29T22:50:16.951430+09:00
129747,14,예술의전당,서울특별시 서초구 남부순환로 2406 (서초동),37.480484313,127.0134702692,11,650,VE,VE06,VE060100,2025-10-23 14:30:00+09:00,,,2026-08-29T22:50:16.951430+09:00
129763,14,한원미술관,서울특별시 서초구 남부순환로 2423 (서초동),37.48177914045834,127.0154405333206,11,650,VE,VE07,VE070600,2026-03-13 13:43:36+09:00,https://tong.visitkorea.or.kr/cms/resource/55/3527455_image2_1.JPG,https://tong.visitkorea.or.kr/cms/resource/55/3527455_image3_1.JPG,2026-08-29T22:50:16.951430+09:00
130124,14,국립국악원,서울특별시 서초구 남부순환로 2364,37.4778373158,127.0088596528,11,650,VE,VE09,VE090400,2025-12-04 09:47:58+09:00,http://tong.visitkorea.or.kr/cms/resource/46/3540546_image2_1.jpg,http://tong.visitkorea.or.kr/cms/resource/46/3540546_image3_1.jpg,2026-08-29T22:50:16.951430+09:00
130125,14,국립국악박물관,서울특별시 서초구 남부순환로 2364 (서초동),37.4784066973,127.0090512856,11,650,VE,VE07,VE070100,2025-12-24 17:14:58+09:00,http://tong.visitkorea.or.kr/cms/resource/74/3540474_image2_1.jpg,http://tong.visitkorea.or.kr/cms/resource/74/3540474_image3_1.jpg,2026-08-29T22:50:16.951430+09:00
130156,14,외교사료관,서울특별시 서초구 남부순환로 2572 (서초동),37.4836759292,127.0312796697,11,650,VE,VE07,VE070100,2025-09-18 10:13:04+09:00,http://tong.visitkorea.or.kr/cms/resource/21/3540521_image2_1.jpg,http://tong.visitkorea.or.kr/cms/resource/21/3540521_image3_1.jpg,2026-08-29T22:50:16.951430+09:00
130179,14,분재박물관,서울특별시 서초구 신흥안길 40-10 (내곡동),37.4541495916,127.0753292756,11,650,VE,VE07,VE070100,2025-09-18 10:51:49+09:00,http://tong.visitkorea.or.kr/cms/resource/97/3540597_image2_1.jpg,http://tong.visitkorea.or.kr/cms/resource/97/3540597_image3_1.jpg,2026-08-29T22:50:16.951430+09:00
130301,14,한전갤러리,서울특별시 서초구 효령로72길 60,37.4851840297,127.0280576979,11,650,VE,VE07,VE070600,2025-12-05 15:48:48+09:00,http://tong.visitkorea.or.kr/cms/resource/24/682224_image2_1.jpg,http://tong.visitkorea.or.kr/cms/resource/24/682224_image3_1.jpg,2026-08-29T22:50:16.951430+09:00
130303,14,국립중앙도서관,서울특별시 서초구 반포대로 201,37.4979251706395,127.002821029464,11,650,VE,VE09,VE090300,2026-03-05 17:54:05+09:00,https://tong.visitkorea.or.kr/cms/resource/72/3491272_image2_1.jpg,https://tong.visitkorea.or.kr/cms/resource/72/3491272_image3_1.jpg,2026-08-29T22:50:16.951430+09:00
130315,14,한전아트센터 공연장,서울특별시 서초구 효령로72길 60 (서초동),37.4856423108,127.0280882379,11,650,VE,VE06,VE060100,2025-04-15 09:41:12+09:00,http://tong.visitkorea.or.kr/cms/resource/99/3109799_image2_1.JPG,http://tong.visitkorea.or.kr/cms/resource/99/3109799_image3_1.JPG,2026-08-29T22:50:16.951430+09:00
130503,14,모차르트 콘서트홀,서울특별시 서초구 명달로 104 (서초동),37.4864779022,127.0045514676,11,650,VE,VE06,VE060100,2025-04-03 09:36:04+09:00,http://tong.visitkorea.or.kr/cms/resource/56/2024256_image2_1.jpg,http://tong.visitkorea.or.kr/cms/resource/56/2024256_image3_1.jpg,2026-08-29T22:50:16.951430+09:00
130951,14,전기박물관,서울특별시 서초구 효령로72길 60 (서초동),37.4856423108,127.0280882379,11,650,VE,VE07,VE070100,2025-09-18 11:04:44+09:00,http://tong.visitkorea.or.kr/cms/resource/11/3540611_image2_1.jpg,http://tong.visitkorea.or.kr/cms/resource/11/3540611_image3_1.jpg,2026-08-29T22:50:16.951430+09:00
131315,28,한강시민공원 잠원수영장(실외),서울특별시 서초구 잠원로 221-124,37.5208018331,127.012297015,11,650,LS,LS02,LS020700,2025-04-02 17:24:24+09:00,,,2026-08-29T22:50:16.951430+09:00
132184,38,서울고속버스터미널 의류도매상가,서울특별시 서초구 신반포로 194 (반포동) 6층~8층,37.5062061855,127.0055841495,11,650,SH,SH05,SH050200,2025-09-01 16:55:28+09:00,http://tong.visitkorea.or.kr/cms/resource/41/3527841_image2_1.jpg,http://tong.visitkorea.or.kr/cms/resource/41/3527841_image3_1.jpg,2026-08-29T22:50:16.951430+09:00
132201,38,강남고속터미널 혼수상가,서울특별시 서초구 신반포로 194 (반포동) 4층,37.5062061855,127.0055841495,11,650,SH,SH05,SH050200,2025-09-01 17:08:52+09:00,http://tong.visitkorea.or.kr/cms/resource/32/3527832_image2_1.jpg,http://tong.visitkorea.or.kr/cms/resource/32/3527832_image3_1.jpg,2026-08-29T22:50:16.951430+09:00
132230,38,서울고속버스터미널 꽃도매상가,서울특별시 서초구 신반포로 194 (반포동) 3층,37.5062061855,127.0055841495,11,650,SH,SH05,SH050200,2025-09-01 16:20:00+09:00,http://tong.visitkorea.or.kr/cms/resource/24/3527824_image2_1.jpg,http://tong.visitkorea.or.kr/cms/resource/24/3527824_image3_1.jpg,2026-08-29T22:50:16.951430+09:00
132492,38,고투몰(강남터미널 지하쇼핑몰),서울특별시 서초구 신반포로 지하200 (잠원동),37.506220282885394,127.00505172282101,11,650,SH,SH05,SH050200,2026-05-14 08:27:38+09:00,https://tong.visitkorea.or.kr/cms/resource/15/3503415_image2_1.jpg,https://tong.visitkorea.or.kr/cms/resource/15/3503415_image3_1.jpg,2026-08-29T22:50:16.951430+09:00
133267,39,삼학도,서울특별시 서초구 효령로57길 4,37.4853575140773,127.017031113616,11,650,FD,FD01,FD010100,2026-02-05 14:41:22+09:00,,,2026-08-29T22:50:16.951430+09:00
133785,39,서석대,서울특별시 서초구 서초대로 346,37.4951604943,127.0194526437,11,650,FD,FD01,FD010100,2025-10-28 13:58:58+09:00,http://tong.visitkorea.or.kr/cms/resource/31/1808731_image2_1.jpg,http://tong.visitkorea.or.kr/cms/resource/31/1808731_image3_1.jpg,2026-08-29T22:50:16.951430+09:00
134732,39,자인뭉티기,서울특별시 서초구 강남대로37길 24-7 (서초동),37.48516903572094,127.03212265326103,11,650,FD,FD01,FD010100,2026-02-11 08:10:09+09:00,,,2026-08-29T22:50:16.951430+09:00
134733,39,카나디안 랍스터,서울특별시 서초구 남부순환로 2385,37.4801648677,127.0113149193,11,650,FD,FD02,FD020300,2025-11-18 13:44:58+09:00,http://tong.visitkorea.or.kr/cms/resource/33/3568533_image2_1.jpg,http://tong.visitkorea.or.kr/cms/resource/33/3568533_image3_1.jpg,2026-08-29T22:50:16.951430+09:00
134760,39,생선구이대풍,서울특별시 서초구 신반포로45길 9-26 (잠원동),37.5108460918305,127.017935854995,11,650,FD,FD01,FD010100,2026-04-10 10:54:20+09:00,,,2026-08-29T22:50:16.951430+09:00
134771,39,부일갈비,서울특별시 서초구 서초중앙로2길 42,37.4838466346109,127.019664233414,11,650,FD,FD01,FD010100,2026-04-09 17:33:38+09:00,,,2026-08-29T22:50:16.951430+09:00
134807,39,영광밥상,서울특별시 서초구 사평대로56길 7,37.5032040779,127.0235020482,11,650,FD,FD01,FD010100,2025-12-12 17:14:56+09:00,,,2026-08-29T22:50:16.951430+09:00
143033,32,JW 메리어트 호텔 서울,서울특별시 서초구 신반포로 176,37.5049159926,127.003212459,11,650,AC,AC01,AC010100,2026-08-07 09:33:21+09:00,https://tong.visitkorea.or.kr/cms/resource/59/4096659_image2_1.jpg,https://tong.visitkorea.or.kr/cms/resource/59/4096659_image3_1.jpg,2026-08-29T22:50:16.951430+09:00
1985744,39,통나무집,서울특별시 서초구 헌인릉길 9 (내곡동),37.46186353271656,127.0817529392806,11,650,FD,FD01,FD010100,2026-04-09 14:20:34+09:00,,,2026-08-29T22:50:16.951430+09:00
2049449,39,텍사스 데 브라질 센트럴시티점,서울특별시 서초구 사평대로 205,37.5044161368,127.0078203574,11,650,FD,FD02,FD020300,2026-08-27 09:11:23+09:00,https://tong.visitkorea.or.kr/cms/resource/32/3570532_image2_1.jpg,https://tong.visitkorea.or.kr/cms/resource/32/3570532_image3_1.jpg,2026-08-29T22:50:16.951430+09:00
2049609,39,모던눌랑 센트럴시티점,서울특별시 서초구 사평대로 205 (반포동),37.5044775387,127.0077734562,11,650,FD,FD02,FD020100,2026-08-27 08:58:31+09:00,https://tong.visitkorea.or.kr/cms/resource/81/3570681_image2_1.jpg,https://tong.visitkorea.or.kr/cms/resource/81/3570681_image3_1.jpg,2026-08-29T22:50:16.951430+09:00
231962,14,이스탄불문화원,서울특별시 서초구 반포대로 98 (서초동) 2층 터키이스탄불문화원,37.4891499025,127.0094759443,11,650,VE,VE09,VE090200,2025-08-13 17:37:02+09:00,http://tong.visitkorea.or.kr/cms/resource/85/3476885_image2_1.JPG,http://tong.visitkorea.or.kr/cms/resource/85/3476885_image3_1.JPG,2026-08-29T22:50:16.951430+09:00
232215,39,바바인디아 강남역점,서울특별시 서초구 강남대로 359 도씨에빛 2차,37.4947510229755,127.028574165853,11,650,FD,FD02,FD020400,2026-04-09 17:30:06+09:00,,,2026-08-29T22:50:16.951430+09:00
232261,39,버드나무집 본점,서울특별시 서초구 효령로 434 (서초동),37.4890947428,127.031179526,11,650,FD,FD01,FD010100,2025-07-29 11:01:06+09:00,http://tong.visitkorea.or.kr/cms/resource/76/2926776_image2_1.jpg,http://tong.visitkorea.or.kr/cms/resource/76/2926776_image3_1.jpg,2026-08-29T22:50:16.951430+09:00
2357761,12,구룡산(서울),서울특별시 서초구 염곡동,37.4690781677,127.0615995465,11,650,NA,NA01,NA010100,2025-09-02 13:56:34+09:00,http://tong.visitkorea.or.kr/cms/resource/90/3530390_image2_1.jpg,http://tong.visitkorea.or.kr/cms/resource/90/3530390_image3_1.jpg,2026-08-29T22:50:16.951430+09:00
2363243,14,서초구립반포도서관,서울특별시 서초구 고무래로 34 (반포동),37.5024870768,127.0125134326,11,650,VE,VE09,VE090300,2026-08-27 08:29:45+09:00,https://tong.visitkorea.or.kr/cms/resource/69/3573069_image2_1.jpg,https://tong.visitkorea.or.kr/cms/resource/69/3573069_image3_1.jpg,2026-08-29T22:50:16.951430+09:00
2391348,12,여의천,서울특별시 서초구 양재동,37.4710525137,127.0379155335,11,650,NA,NA02,NA020100,2025-09-18 11:12:14+09:00,http://tong.visitkorea.or.kr/cms/resource/49/3540649_image2_1.jpg,http://tong.visitkorea.or.kr/cms/resource/49/3540649_image3_1.jpg,2026-08-29T22:50:16.951430+09:00
2501597,14,흰물결아트센터,서울특별시 서초구 반포대로 150 (서초동),37.49343307536919,127.00728442805293,11,650,VE,VE06,VE060100,2026-03-05 09:58:51+09:00,https://tong.visitkorea.or.kr/cms/resource/04/3485604_image2_1.jpg,https://tong.visitkorea.or.kr/cms/resource/04/3485604_image3_1.jpg,2026-08-29T22:50:16.951430+09:00
250466,14,aT센터,서울특별시 서초구 강남대로 27 (양재동),37.467391878,127.0407514903,11,650,VE,VE07,VE070400,2025-10-23 15:34:08+09:00,http://tong.visitkorea.or.kr/cms/resource/36/3554636_image2_1.jpg,http://tong.visitkorea.or.kr/cms/resource/36/3554636_image3_1.jpg,2026-08-29T22:50:16.951430+09:00
2528117,32,교대게스트하우스,서울특별시 서초구 사임당로17길 116 서초삼성래미안아파트,37.4933329219,127.0190443994,11,650,AC,AC06,AC060200,2024-12-22 17:44:05+09:00,http://tong.visitkorea.or.kr/cms/resource/81/2529081_image2_1.jpg,http://tong.visitkorea.or.kr/cms/resource/81/2529081_image3_1.jpg,2026-08-29T22:50:16.951430+09:00
2535556,39,린스시,서울특별시 서초구 반포대로12길 10,37.4846115843,127.0119369587,11,650,FD,FD02,FD020200,2025-09-19 17:36:16+09:00,http://tong.visitkorea.or.kr/cms/resource/52/2535552_image2_1.jpg,http://tong.visitkorea.or.kr/cms/resource/52/2535552_image2_1.jpg,2026-08-29T22:50:16.951430+09:00
2535558,39,홍루몽,서울특별시 서초구 반포대로12길 26 (서초동),37.48478940300704,127.01275101125998,11,650,FD,FD02,FD020100,2026-04-09 11:00:41+09:00,,,2026-08-29T22:50:16.951430+09:00
2540520,15,양재천 벚꽃 등(燈) 축제,서울특별시 서초구 양재동 261-23 양재천 벚꽃길(영동1교~영동2교 구간),37.476614,127.041515,11,650,EV,EV01,EV010200,2026-03-30 15:37:08+09:00,https://tong.visitkorea.or.kr/cms/resource/57/4054157_image2_1.jpg,https://tong.visitkorea.or.kr/cms/resource/57/4054157_image3_1.jpg,2026-08-29T22:50:16.951430+09:00
2570692,32,엘스테이(Gangnam AN guesthouse),"서울특별시 서초구 사평대로53길 8-3 (반포동,세종빌리지) 201호",37.5048705253,127.0220687977,11,650,AC,AC06,AC060200,2025-10-23 14:30:00+09:00,http://tong.visitkorea.or.kr/cms/resource/32/2568832_image2_1.jpg,http://tong.visitkorea.or.kr/cms/resource/32/2568832_image3_1.jpg,2026-08-29T22:50:16.951430+09:00
2573604,32,티롤관광호텔,서울특별시 서초구 나루터로 64 (잠원동),37.515160907,127.0170467416,11,650,AC,AC01,AC010100,2025-09-22 17:39:28+09:00,http://tong.visitkorea.or.kr/cms/resource/44/2574344_image2_1.jpg,http://tong.visitkorea.or.kr/cms/resource/44/2574344_image2_1.jpg,2026-08-29T22:50:16.951430+09:00
2604812,39,언구비육회,서울특별시 서초구 강남대로83길 33 (반포동),37.5056049803218,127.02189354258148,11,650,FD,FD01,FD010100,2026-03-12 09:08:40+09:00,,,2026-08-29T22:50:16.951430+09:00
2616325,15,서울국악축제,서울특별시 서초구 신반포로11길 40 (반포동) 반포 한강공원 달빛광장,37.5076939718,126.9927309841,11,650,EV,EV01,EV010200,2026-06-10 14:03:36+09:00,https://tong.visitkorea.or.kr/cms/resource/47/4061947_image2_1.jpg,https://tong.visitkorea.or.kr/cms/resource/47/4061947_image3_1.jpg,2026-08-29T22:50:16.951430+09:00
2623617,39,로리스 더 프라임 립,서울특별시 서초구 서초대로 411 (서초동) 3층,37.4981083450113,127.025922653572,11,650,FD,FD02,FD020300,2026-03-12 10:12:52+09:00,,,2026-08-29T22:50:16.951430+09:00
2647687,28,골든블루마리나,서울특별시 서초구 올림픽대로 2085-14,37.5124510548547,126.995979616066,11,650,LS,LS02,LS020300,2026-05-11 16:35:09+09:00,https://tong.visitkorea.or.kr/cms/resource/57/4063457_image2_1.jpg,https://tong.visitkorea.or.kr/cms/resource/57/4063457_image3_1.jpg,2026-08-29T22:50:16.951430+09:00
2650614,32,강남아르누보씨티호텔,서울특별시 서초구 서초대로74길 49 (서초동),37.4934664031,127.0281518997,11,650,AC,AC01,AC010100,2025-05-16 15:04:45+09:00,http://tong.visitkorea.or.kr/cms/resource/94/2650594_image2_1.jpg,http://tong.visitkorea.or.kr/cms/resource/94/2650594_image2_1.jpg,2026-08-29T22:50:16.951430+09:00
2700928,32,업플로 호스텔,서울특별시 서초구 서초대로56길 18 (서초동),37.4937911663,127.0170584559,11,650,AC,AC06,AC060200,2024-11-27 11:17:38+09:00,,,2026-08-29T22:50:16.951430+09:00
2718257,12,서울웨이브아트센터,서울특별시 서초구 잠원로 145-35 (잠원동),37.518440907,127.007297537,11,650,VE,VE12,VE120300,2025-10-27 16:43:41+09:00,http://tong.visitkorea.or.kr/cms/resource/30/3096830_image2_1.jpg,http://tong.visitkorea.or.kr/cms/resource/30/3096830_image3_1.jpg,2026-08-29T22:50:16.951430+09:00
2733856,39,백년옥,서울특별시 서초구 남부순환로 2407 (서초동),37.4812481191,127.0137952186,11,650,FD,FD01,FD010100,2025-08-29 09:30:22+09:00,http://tong.visitkorea.or.kr/cms/resource/37/2787337_image2_1.jpg,http://tong.visitkorea.or.kr/cms/resource/37/2787337_image2_1.jpg,2026-08-29T22:50:16.951430+09:00
2733859,39,대나무골,서울특별시 서초구 법원로3길 15 (서초동),37.4931453061478,127.008837245896,11,650,FD,FD01,FD010100,2026-02-11 09:50:36+09:00,,,2026-08-29T22:50:16.951430+09:00
2733973,28,반포종합운동장,서울특별시 서초구 신반포로16길 30 (반포동),37.5001654101747,126.995840102191,11,650,VE,VE10,VE100100,2026-05-26 16:24:45+09:00,https://tong.visitkorea.or.kr/cms/resource/99/2779899_image2_1.jpg,https://tong.visitkorea.or.kr/cms/resource/99/2779899_image3_1.jpg,2026-08-29T22:50:16.951430+09:00
2745504,39,예촌 본관,서울특별시 서초구 서운로 11 (서초동) 서초대우디오빌 1층 106호,37.484984905404836,127.02909863867083,11,650,FD,FD01,FD010100,2026-03-12 11:31:38+09:00,,,2026-08-29T22:50:16.951430+09:00
2745526,39,우참판,서울특별시 서초구 서래로 23 (반포동),37.4971571026,126.9981128632,11,650,FD,FD01,FD010100,2025-01-16 11:36:12+09:00,http://tong.visitkorea.or.kr/cms/resource/75/2787375_image2_1.jpg,http://tong.visitkorea.or.kr/cms/resource/75/2787375_image2_1.jpg,2026-08-29T22:50:16.951430+09:00
2745569,39,서래본갈비,서울특별시 서초구 사평대로 126 (반포동),37.4998290187,126.998362765,11,650,FD,FD01,FD010100,2025-10-23 14:30:00+09:00,http://tong.visitkorea.or.kr/cms/resource/97/2787797_image2_1.jpg,http://tong.visitkorea.or.kr/cms/resource/97/2787797_image3_1.jpg,2026-08-29T22:50:16.951430+09:00
2745572,39,서관면옥,서울특별시 서초구 서초대로56길 11 (서초동),37.4940466965,127.0172973157,11,650,FD,FD01,FD010100,2025-01-17 10:39:22+09:00,http://tong.visitkorea.or.kr/cms/resource/17/2779917_image2_1.jpg,http://tong.visitkorea.or.kr/cms/resource/17/2779917_image2_1.jpg,2026-08-29T22:50:16.951430+09:00
2745580,39,배나무골오리집 양재본점,서울특별시 서초구 마방로2길 12 (양재동),37.4731578472,127.0391598057,11,650,FD,FD01,FD010100,2025-06-26 13:17:52+09:00,http://tong.visitkorea.or.kr/cms/resource/01/2779901_image2_1.jpeg,http://tong.visitkorea.or.kr/cms/resource/01/2779901_image3_1.jpeg,2026-08-29T22:50:16.951430+09:00
2745583,12,플로팅아일랜드,서울특별시 서초구 올림픽대로 2085-14 (반포동),37.5123025381,126.9965764639,11,650,VE,VE12,VE120300,2025-03-17 22:42:34+09:00,http://tong.visitkorea.or.kr/cms/resource/50/3386650_image2_1.jpg,http://tong.visitkorea.or.kr/cms/resource/50/3386650_image3_1.jpg,2026-08-29T22:50:16.951430+09:00
2753817,14,한생연 휴먼탐구과학관,"서울특별시 서초구 신반포로3길 8 (반포동) 6층 604, 608, 612호",37.5021924286,126.9869165183,11,650,VE,VE07,VE070500,2025-09-15 11:15:55+09:00,http://tong.visitkorea.or.kr/cms/resource/38/3393138_image2_1.JPG,http://tong.visitkorea.or.kr/cms/resource/38/3393138_image3_1.JPG,2026-08-29T22:50:16.951430+09:00
2757738,39,한국순대(서초구),서울특별시 서초구 바우뫼로35길 4 (양재동),37.478857197,127.0397706998,11,650,FD,FD01,FD010100,2025-11-26 14:17:12+09:00,http://tong.visitkorea.or.kr/cms/resource/03/3574303_image2_1.jpg,http://tong.visitkorea.or.kr/cms/resource/03/3574303_image3_1.jpg,2026-08-29T22:50:16.951430+09:00
2757826,39,영동설렁탕,서울특별시 서초구 강남대로101안길 24 (잠원동),37.51609735642514,127.01745532293192,11,650,FD,FD01,FD010100,2026-03-12 11:36:55+09:00,,,2026-08-29T22:50:16.951430+09:00
2757827,39,소나무집,서울특별시 서초구 식유촌길 71 (우면동),37.4584106974505,127.011571300818,11,650,FD,FD01,FD010100,2026-03-12 11:35:56+09:00,,,2026-08-29T22:50:16.951430+09:00
2757828,39,소백산 양재별관,서울특별시 서초구 강남대로8길 36 (양재동),37.4684683750681,127.043054059498,11,650,FD,FD01,FD010100,2026-03-12 11:34:44+09:00,,,2026-08-29T22:50:16.951430+09:00
2757829,39,장꼬방김치찌개전문,서울특별시 서초구 효령로 364 (서초동),37.4868991131792,127.02368042188,11,650,FD,FD01,FD010100,2026-03-12 11:33:18+09:00,,,2026-08-29T22:50:16.951430+09:00
2757830,39,오선채,서울특별시 서초구 남부순환로 2634-8 (양재동),37.4847037214,127.0387178528,11,650,FD,FD01,FD010100,2025-10-28 17:43:32+09:00,,,2026-08-29T22:50:16.951430+09:00
2757831,12,우면산자연생태공원,서울특별시 서초구 우면동 산 34-1,37.4692523493,127.0171146993,11,650,NA,NA04,NA040500,2025-09-18 13:16:22+09:00,http://tong.visitkorea.or.kr/cms/resource/96/3540696_image2_1.jpg,http://tong.visitkorea.or.kr/cms/resource/96/3540696_image3_1.jpg,2026-08-29T22:50:16.951430+09:00
2759788,15,서리풀뮤직페스티벌,서울특별시 서초구 서초대로 233 서초역 반포대로(서초역~서초3동사거리),37.4918235233,127.0075934663,11,650,EV,EV01,EV010200,2026-08-19 10:26:44+09:00,https://tong.visitkorea.or.kr/cms/resource/46/4100646_image2_1.jpg,https://tong.visitkorea.or.kr/cms/resource/46/4100646_image3_1.jpg,2026-08-29T22:50:16.951430+09:00
2759920,38,서울 남부종합시장,서울특별시 서초구 방배중앙로27길 17 (방배동),37.49516331227796,126.98487460662994,11,650,SH,SH06,SH060200,2026-03-18 10:10:05+09:00,https://tong.visitkorea.or.kr/cms/resource/13/3524913_image2_1.jpg,https://tong.visitkorea.or.kr/cms/resource/13/3524913_image3_1.jpg,2026-08-29T22:50:16.951430+09:00
2763742,39,미우야,서울특별시 서초구 강남대로23길 90 (양재동),37.4740342250658,127.035379648495,11,650,FD,FD02,FD020200,2026-03-12 13:03:39+09:00,,,2026-08-29T22:50:16.951430+09:00
2763749,39,밴건디스테이크하우스,서울특별시 서초구 사평대로22길 5 (반포동),37.4993929474,126.9977544996,11,650,FD,FD02,FD020300,2025-09-24 09:39:58+09:00,http://tong.visitkorea.or.kr/cms/resource/49/2787349_image2_1.jpg,http://tong.visitkorea.or.kr/cms/resource/49/2787349_image3_1.jpg,2026-08-29T22:50:16.951430+09:00
2763871,12,방배배수지체육공원,서울특별시 서초구 남부순환로296길 4-9 (방배동),19.69442748,117.9925662504,11,650,VE,VE03,VE030500,2025-06-11 09:17:22+09:00,http://tong.visitkorea.or.kr/cms/resource/93/3467593_image2_1.jpg,http://tong.visitkorea.or.kr/cms/resource/93/3467593_image3_1.jpg,2026-08-29T22:50:16.951430+09:00
2763875,12,반포한강공원 달빛광장,서울특별시 서초구 반포동,37.5116,126.9975,11,650,VE,VE03,VE030500,2026-03-12 09:08:40+09:00,https://tong.visitkorea.or.kr/cms/resource/62/3515062_image2_1.jpg,https://tong.visitkorea.or.kr/cms/resource/62/3515062_image3_1.jpg,2026-08-29T22:50:16.951430+09:00
2769990,15,2025 대한민국 우리술 대축제,서울특별시 서초구 강남대로 27 (양재동),37.467391878,127.0407514903,11,650,EV,EV03,EV030200,2025-10-23 14:30:00+09:00,http://tong.visitkorea.or.kr/cms/resource/72/3550272_image2_1.jpg,http://tong.visitkorea.or.kr/cms/resource/72/3550272_image3_1.jpg,2026-08-29T22:50:16.951430+09:00
2773271,12,양재근린공원,서울특별시 서초구 동산로 35 (양재동),37.4719802653,127.0424567609,11,650,VE,VE03,VE030400,2025-09-18 13:20:27+09:00,http://tong.visitkorea.or.kr/cms/resource/05/3540705_image2_1.jpg,http://tong.visitkorea.or.kr/cms/resource/05/3540705_image3_1.jpg,2026-08-29T22:50:16.951430+09:00
2773409,12,서리풀공원,서울특별시 서초구 서초동 산 160-24,37.4908523076,126.9997156731,11,650,VE,VE03,VE030100,2025-09-18 13:25:17+09:00,http://tong.visitkorea.or.kr/cms/resource/16/3540716_image2_1.jpg,http://tong.visitkorea.or.kr/cms/resource/16/3540716_image3_1.jpg,2026-08-29T22:50:16.951430+09:00
2773417,28,다이브라이프,서울특별시 서초구 반포대로20길 27 (서초동) 지하1층,37.4881167222,127.0113174718,11,650,LS,LS02,LS020400,2025-05-22 13:08:03+09:00,http://tong.visitkorea.or.kr/cms/resource/16/2794416_image2_1.jpg,http://tong.visitkorea.or.kr/cms/resource/16/2794416_image2_1.jpg,2026-08-29T22:50:16.951430+09:00
2779508,12,우면산 소망탑,서울특별시 서초구 서초동 419-3,37.4820092204,127.0181503561,11,650,VE,VE01,VE010200,2025-06-11 09:13:12+09:00,http://tong.visitkorea.or.kr/cms/resource/59/3467859_image2_1.jpg,http://tong.visitkorea.or.kr/cms/resource/59/3467859_image3_1.jpg,2026-08-29T22:50:16.951430+09:00
2783567,14,흰물결갤러리,서울특별시 서초구 반포대로 150 (서초동),37.4934854711,127.0072982423,11,650,VE,VE07,VE070600,2025-11-27 11:30:33+09:00,http://tong.visitkorea.or.kr/cms/resource/67/3571567_image2_1.jpg,http://tong.visitkorea.or.kr/cms/resource/67/3571567_image3_1.jpg,2026-08-29T22:50:16.951430+09:00
2784052,38,양재꽃시장,서울특별시 서초구 강남대로 27 (양재동),37.467391878,127.0407514903,11,650,SH,SH06,SH060200,2025-11-21 14:02:41+09:00,http://tong.visitkorea.or.kr/cms/resource/89/2796289_image2_1.jpg,http://tong.visitkorea.or.kr/cms/resource/89/2796289_image3_1.jpg,2026-08-29T22:50:16.951430+09:00
2784696,39,동작구름카페,서울특별시 서초구 동작대로 350 (반포동),37.5058141254,126.9811002794,11,650,FD,FD05,FD050100,2025-12-29 16:44:03+09:00,http://tong.visitkorea.or.kr/cms/resource/99/2784699_image2_1.png,http://tong.visitkorea.or.kr/cms/resource/99/2784699_image2_1.png,2026-08-29T22:50:16.951430+09:00
2792588,28,서울 서초 글램핑 청계산장,서울특별시 서초구 청계산로 140-94 (원지동),37.4483608551,127.0464403991,11,650,AC,AC05,AC050400,2025-05-20 09:46:07+09:00,http://tong.visitkorea.or.kr/cms/resource/66/2800366_image2_1.jpeg,http://tong.visitkorea.or.kr/cms/resource/66/2800366_image3_1.jpeg,2026-08-29T22:50:16.951430+09:00
2810010,39,마얘(MAILLET),서울특별시 서초구 사평대로22길 14 (반포동),37.4990096559,126.9976184113,11,650,FD,FD05,FD050100,2025-09-23 18:12:29+09:00,http://tong.visitkorea.or.kr/cms/resource/83/2809083_image2_1.jpg,http://tong.visitkorea.or.kr/cms/resource/83/2809083_image3_1.jpg,2026-08-29T22:50:16.951430+09:00
2814165,32,오클라우드호텔,서울특별시 서초구 사평대로58길 12 오클라우드 호텔,37.5030929836,127.0237186979,11,650,AC,AC01,AC010100,2025-01-22 14:46:02+09:00,http://tong.visitkorea.or.kr/cms/resource/24/2813624_image2_1.jpg,http://tong.visitkorea.or.kr/cms/resource/24/2813624_image2_1.jpg,2026-08-29T22:50:16.951430+09:00
2847224,39,태양커피,서울특별시 서초구 서초대로25길 55 (방배동),37.4902466989,126.9928329833,11,650,FD,FD05,FD050100,2025-09-24 09:50:59+09:00,http://tong.visitkorea.or.kr/cms/resource/14/2847214_image2_1.jpg,http://tong.visitkorea.or.kr/cms/resource/14/2847214_image3_1.jpg,2026-08-29T22:50:16.951430+09:00
2847260,39,프리퍼,서울특별시 서초구 반포대로5길 4 (서초동),37.4821313078,127.0114454078,11,650,FD,FD05,FD050100,2025-09-18 09:26:20+09:00,http://tong.visitkorea.or.kr/cms/resource/47/2847247_image2_1.jpg,http://tong.visitkorea.or.kr/cms/resource/47/2847247_image3_1.jpg,2026-08-29T22:50:16.951430+09:00
2854224,39,옛골토성 청계산점,서울특별시 서초구 청계산로 434 (신원동),37.4305105888,127.0709275653,11,650,FD,FD01,FD010100,2025-09-19 08:59:22+09:00,http://tong.visitkorea.or.kr/cms/resource/08/2854208_image2_1.jpg,http://tong.visitkorea.or.kr/cms/resource/08/2854208_image3_1.jpg,2026-08-29T22:50:16.951430+09:00
2854248,39,카페 토다,서울특별시 서초구 성촌6길 39,37.4675748651,127.022644799,11,650,FD,FD05,FD050100,2025-01-16 14:34:16+09:00,http://tong.visitkorea.or.kr/cms/resource/36/2854236_image2_1.jpg,http://tong.visitkorea.or.kr/cms/resource/36/2854236_image3_1.jpg,2026-08-29T22:50:16.951430+09:00
2854987,39,한국회관,서울특별시 서초구 사평대로18길 10 (반포동),37.4984596841,126.9956213868,11,650,FD,FD01,FD010100,2025-09-19 09:13:42+09:00,http://tong.visitkorea.or.kr/cms/resource/83/2854983_image2_1.jpg,http://tong.visitkorea.or.kr/cms/resource/83/2854983_image3_1.jpg,2026-08-29T22:50:16.951430+09:00
2855008,39,한성돈까스,서울특별시 서초구 강남대로97길 10 (잠원동),37.51475886019416,127.019096031985,11,650,FD,FD02,FD020200,2026-03-12 16:57:45+09:00,,,2026-08-29T22:50:16.951430+09:00
2855086,39,혜장국,서울특별시 서초구 사평대로56길 4 (서초동),37.5035123612,127.0227104442,11,650,FD,FD01,FD010100,2025-09-19 09:16:24+09:00,http://tong.visitkorea.or.kr/cms/resource/79/2855079_image2_1.jpg,http://tong.visitkorea.or.kr/cms/resource/79/2855079_image3_1.jpg,2026-08-29T22:50:16.951430+09:00
2855762,39,3대삼계장인,서울특별시 서초구 반포대로28길 56-3 (서초동),37.4913552401,127.0116062432,11,650,FD,FD01,FD010100,2025-09-19 10:17:12+09:00,http://tong.visitkorea.or.kr/cms/resource/51/2855751_image2_1.jpg,http://tong.visitkorea.or.kr/cms/resource/51/2855751_image3_1.jpg,2026-08-29T22:50:16.951430+09:00
2855797,39,무한쌈밥집,서울특별시 서초구 강남대로93길 23-10 (잠원동),37.5124556978,127.018866097,11,650,FD,FD01,FD010100,2025-09-19 10:18:54+09:00,http://tong.visitkorea.or.kr/cms/resource/89/2855789_image2_1.jpg,http://tong.visitkorea.or.kr/cms/resource/89/2855789_image3_1.jpg,2026-08-29T22:50:16.951430+09:00
2855835,39,바다축제 서초점,서울특별시 서초구 사평대로 335 금성빌딩 금성빌딩 1층,37.5034553596265,127.019813660388,11,650,FD,FD01,FD010100,2026-04-07 11:12:31+09:00,,,2026-08-29T22:50:16.951430+09:00
2855865,39,바른고기 정육점 서래마을본점,서울특별시 서초구 동광로 80 (방배동),37.492926916,126.9913191564,11,650,FD,FD01,FD010100,2025-09-19 10:23:24+09:00,http://tong.visitkorea.or.kr/cms/resource/63/2855863_image2_1.jpg,http://tong.visitkorea.or.kr/cms/resource/63/2855863_image3_1.jpg,2026-08-29T22:50:16.951430+09:00
2855877,39,볼라레,서울특별시 서초구 사평대로20길 8 성훈빌딩,37.4991318518,126.9969073621,11,650,FD,FD02,FD020300,2025-09-19 10:26:31+09:00,http://tong.visitkorea.or.kr/cms/resource/72/2855872_image2_1.jpg,http://tong.visitkorea.or.kr/cms/resource/72/2855872_image3_1.jpg,2026-08-29T22:50:16.951430+09:00
2855896,39,브루스리,서울특별시 서초구 양재천로 147-1 (양재동),37.4798265841,127.0428787231,11,650,FD,FD02,FD020100,2025-09-19 10:28:22+09:00,http://tong.visitkorea.or.kr/cms/resource/85/2855885_image2_1.jpg,http://tong.visitkorea.or.kr/cms/resource/85/2855885_image3_1.jpg,2026-08-29T22:50:16.951430+09:00
2855918,39,비스트로누,서울특별시 서초구 사평대로26길 26-6 (반포동),37.4991485492,126.9987683029,11,650,FD,FD02,FD020300,2025-09-19 10:32:52+09:00,http://tong.visitkorea.or.kr/cms/resource/07/2855907_image2_1.jpg,http://tong.visitkorea.or.kr/cms/resource/07/2855907_image3_1.jpg,2026-08-29T22:50:16.951430+09:00
2855972,39,서래향,서울특별시 서초구 사평대로26길 48 (반포동),37.4981292257,126.9988822101,11,650,FD,FD02,FD020100,2025-09-19 10:35:15+09:00,http://tong.visitkorea.or.kr/cms/resource/62/2855962_image2_1.jpg,http://tong.visitkorea.or.kr/cms/resource/62/2855962_image3_1.jpg,2026-08-29T22:50:16.951430+09:00
2855984,39,설눈,서울특별시 서초구 서초대로46길 20-7 (서초동),37.4912829935,127.0097841885,11,650,FD,FD01,FD010100,2025-09-19 10:37:22+09:00,http://tong.visitkorea.or.kr/cms/resource/81/2855981_image2_1.jpg,http://tong.visitkorea.or.kr/cms/resource/81/2855981_image3_1.jpg,2026-08-29T22:50:16.951430+09:00
2856008,39,송강,서울특별시 서초구 명달로9길 5 (방배동),37.4819367623,127.0045016003,11,650,FD,FD01,FD010100,2025-09-19 10:39:33+09:00,http://tong.visitkorea.or.kr/cms/resource/99/2855999_image2_1.jpg,http://tong.visitkorea.or.kr/cms/resource/99/2855999_image3_1.jpg,2026-08-29T22:50:16.951430+09:00
2856026,39,송화유수,서울특별시 서초구 강남대로79길 21 (반포동),37.5048177707,127.0230159352,11,650,FD,FD01,FD010100,2025-09-19 10:42:04+09:00,http://tong.visitkorea.or.kr/cms/resource/18/2856018_image2_1.jpg,http://tong.visitkorea.or.kr/cms/resource/18/2856018_image3_1.jpg,2026-08-29T22:50:16.951430+09:00
2856044,39,스시고,서울특별시 서초구 사평대로22길 15 (반포동),37.4989874418,126.9978989421,11,650,FD,FD02,FD020200,2025-09-19 10:44:22+09:00,http://tong.visitkorea.or.kr/cms/resource/34/2856034_image2_1.jpg,http://tong.visitkorea.or.kr/cms/resource/34/2856034_image3_1.jpg,2026-08-29T22:50:16.951430+09:00
2856068,39,스시타노,서울특별시 서초구 동광로 93 (방배동),37.4937935034,126.9924940248,11,650,FD,FD02,FD020200,2025-09-19 10:47:34+09:00,http://tong.visitkorea.or.kr/cms/resource/58/2856058_image2_1.jpg,http://tong.visitkorea.or.kr/cms/resource/58/2856058_image3_1.jpg,2026-08-29T22:50:16.951430+09:00
2856108,39,양재해장국,서울특별시 서초구 강남대로10길 11 (양재동),37.4682084547,127.0409847794,11,650,FD,FD01,FD010100,2025-09-19 10:53:10+09:00,http://tong.visitkorea.or.kr/cms/resource/03/2856103_image2_1.jpg,http://tong.visitkorea.or.kr/cms/resource/03/2856103_image3_1.jpg,2026-08-29T22:50:16.951430+09:00
2856174,39,채미가,서울특별시 서초구 법원로2길 15 (서초동),37.4942271434,127.0124116447,11,650,FD,FD01,FD010100,2025-09-19 11:00:44+09:00,http://tong.visitkorea.or.kr/cms/resource/67/2856167_image2_1.jpg,http://tong.visitkorea.or.kr/cms/resource/67/2856167_image3_1.jpg,2026-08-29T22:50:16.951430+09:00
2856199,39,보아즈,서울특별시 서초구 양재천로 53 (양재동),37.4742576593,127.0358073019,11,650,FD,FD05,FD050100,2025-09-19 11:03:46+09:00,http://tong.visitkorea.or.kr/cms/resource/91/2856191_image2_1.jpg,http://tong.visitkorea.or.kr/cms/resource/91/2856191_image3_1.jpg,2026-08-29T22:50:16.951430+09:00
2856564,39,다 피타(Da Pitta),서울특별시 서초구 효령로 202 (서초동),37.4828922412,127.006434731,11,650,FD,FD02,FD020300,2025-09-19 11:30:00+09:00,http://tong.visitkorea.or.kr/cms/resource/60/2856560_image2_1.jpg,http://tong.visitkorea.or.kr/cms/resource/60/2856560_image3_1.jpg,2026-08-29T22:50:16.951430+09:00
2856579,39,댓짱돈까스 본점,서울특별시 서초구 방배로6길 13 1층,37.4792385085169,127.000069051482,11,650,FD,FD02,FD020200,2026-03-12 16:58:49+09:00,,,2026-08-29T22:50:16.951430+09:00
2856611,39,동달식당 강남본점,서울특별시 서초구 서운로 133 (서초동),37.4954272255,127.0247327106,11,650,FD,FD01,FD010100,2025-09-19 11:32:23+09:00,http://tong.visitkorea.or.kr/cms/resource/93/2856593_image2_1.jpg,http://tong.visitkorea.or.kr/cms/resource/93/2856593_image3_1.jpg,2026-08-29T22:50:16.951430+09:00
2856638,39,디토,서울특별시 서초구 명달로 94 (서초동),37.4857363185,127.0043487294,11,650,FD,FD02,FD020300,2025-09-19 11:35:08+09:00,http://tong.visitkorea.or.kr/cms/resource/30/2856630_image2_1.jpg,http://tong.visitkorea.or.kr/cms/resource/30/2856630_image3_1.jpg,2026-08-29T22:50:16.951430+09:00
2856645,39,로얄맨션,서울특별시 서초구 사평대로22길 9 (반포동),37.4992568527,126.9978128312,11,650,FD,FD02,FD020300,2025-09-19 11:38:27+09:00,http://tong.visitkorea.or.kr/cms/resource/40/2856640_image2_1.jpg,http://tong.visitkorea.or.kr/cms/resource/40/2856640_image3_1.jpg,2026-08-29T22:50:16.951430+09:00
2856652,39,르지우,서울특별시 서초구 사평대로26길 40 (반포동),37.498373643,126.9989349762,11,650,FD,FD02,FD020300,2025-09-19 13:08:47+09:00,http://tong.visitkorea.or.kr/cms/resource/49/2856649_image2_1.jpg,http://tong.visitkorea.or.kr/cms/resource/49/2856649_image3_1.jpg,2026-08-29T22:50:16.951430+09:00
2856695,39,만다린,서울특별시 서초구 방배로6길 10-15 (방배동),37.4785370871,127.0006270489,11,650,FD,FD02,FD020100,2025-09-19 15:38:25+09:00,http://tong.visitkorea.or.kr/cms/resource/91/2856691_image2_1.jpg,http://tong.visitkorea.or.kr/cms/resource/91/2856691_image3_1.jpg,2026-08-29T22:50:16.951430+09:00
2856707,39,이솔라 레스토랑,서울특별시 서초구 올림픽대로 2085-14,37.5116,126.9949,11,650,FD,FD02,FD020300,2026-07-31 10:58:40+09:00,https://tong.visitkorea.or.kr/cms/resource/06/2856706_image2_1.jpg,https://tong.visitkorea.or.kr/cms/resource/06/2856706_image3_1.jpg,2026-08-29T22:50:16.951430+09:00
2856713,39,일식 신태평양,서울특별시 서초구 서초대로 307 (서초동),37.4944604988,127.0151530549,11,650,FD,FD02,FD020200,2025-09-19 15:43:52+09:00,http://tong.visitkorea.or.kr/cms/resource/10/2856710_image2_1.jpg,http://tong.visitkorea.or.kr/cms/resource/10/2856710_image3_1.jpg,2026-08-29T22:50:16.951430+09:00
2856741,39,조양관한정식,"서울특별시 서초구 서초대로74길 29 (서초동, 서초파라곤)",37.4949939907,127.0274408097,11,650,FD,FD01,FD010100,2025-09-19 15:49:13+09:00,http://tong.visitkorea.or.kr/cms/resource/38/2856738_image2_1.jpg,http://tong.visitkorea.or.kr/cms/resource/38/2856738_image3_1.jpg,2026-08-29T22:50:16.951430+09:00
2856747,39,줄라이,서울특별시 서초구 동광로 164 (반포동),37.4947796342,126.9999933147,11,650,FD,FD02,FD020300,2025-09-19 15:52:08+09:00,http://tong.visitkorea.or.kr/cms/resource/44/2856744_image2_1.jpg,http://tong.visitkorea.or.kr/cms/resource/44/2856744_image3_1.jpg,2026-08-29T22:50:16.951430+09:00
2856763,39,해우담 본점,서울특별시 서초구 강남대로 349 (서초동),37.4940302453,127.0291879005,11,650,FD,FD01,FD010100,2025-09-19 15:56:39+09:00,http://tong.visitkorea.or.kr/cms/resource/60/2856760_image2_1.jpg,http://tong.visitkorea.or.kr/cms/resource/60/2856760_image3_1.jpg,2026-08-29T22:50:16.951430+09:00
2857428,39,까르니브라질그릴,서울특별시 서초구 방배로 83-9 동화빌딩 5층,37.4820464381529,126.996655415369,11,650,FD,FD02,FD020300,2026-02-13 14:44:54+09:00,,,2026-08-29T22:50:16.951430+09:00
2860128,39,장수원,서울특별시 서초구 방배중앙로 153 (방배동),37.4929157178,126.9863668303,11,650,FD,FD01,FD010100,2025-09-02 13:32:52+09:00,http://tong.visitkorea.or.kr/cms/resource/18/2860118_image2_1.jpg,http://tong.visitkorea.or.kr/cms/resource/18/2860118_image3_1.jpg,2026-08-29T22:50:16.951430+09:00
2860349,39,하오차이,서울특별시 서초구 효령로 260 (서초동),37.4840949903,127.0126507972,11,650,FD,FD02,FD020100,2025-09-02 13:37:25+09:00,http://tong.visitkorea.or.kr/cms/resource/40/2860340_image2_1.jpg,http://tong.visitkorea.or.kr/cms/resource/40/2860340_image3_1.jpg,2026-08-29T22:50:16.951430+09:00
2860770,39,갈비사랑,서울특별시 서초구 강남대로 204 (양재동),37.482531716,127.0367458713,11,650,FD,FD01,FD010100,2025-09-02 13:44:39+09:00,http://tong.visitkorea.or.kr/cms/resource/58/2860758_image2_1.jpg,http://tong.visitkorea.or.kr/cms/resource/58/2860758_image3_1.jpg,2026-08-29T22:50:16.951430+09:00
2860811,39,Merci,서울특별시 서초구 논현로 23,37.4730123740904,127.049020015693,11,650,FD,FD02,FD020300,2026-02-11 10:21:17+09:00,,,2026-08-29T22:50:16.951430+09:00
2860963,39,탐라도야지 본점,서울특별시 서초구 서초대로50길 82 (서초동),37.4896443629,127.0135727797,11,650,FD,FD01,FD010100,2025-09-02 13:48:10+09:00,http://tong.visitkorea.or.kr/cms/resource/59/2860959_image2_1.jpg,http://tong.visitkorea.or.kr/cms/resource/59/2860959_image3_1.jpg,2026-08-29T22:50:16.951430+09:00
2864321,39,미나미,서울특별시 서초구 서초대로58길 31-2 (서초동),37.4933912319,127.0181361469,11,650,FD,FD02,FD020200,2025-09-02 14:30:07+09:00,http://tong.visitkorea.or.kr/cms/resource/13/2864313_image2_1.jpg,http://tong.visitkorea.or.kr/cms/resource/13/2864313_image3_1.jpg,2026-08-29T22:50:16.951430+09:00
2864341,39,메종조,서울특별시 서초구 반포대로7길 35 (서초동),37.4820368509,127.0101399735,11,650,FD,FD02,FD020300,2025-09-02 14:41:10+09:00,http://tong.visitkorea.or.kr/cms/resource/27/2864327_image2_1.jpg,http://tong.visitkorea.or.kr/cms/resource/27/2864327_image3_1.jpg,2026-08-29T22:50:16.951430+09:00
2893674,38,강남테마피부과의원,서울특별시 서초구 강남대로 423 (서초동) 한승빌딩 7층,37.5003097069231,127.025815300449,11,650,SH,SH04,SH040300,2026-03-30 09:16:11+09:00,https://tong.visitkorea.or.kr/cms/resource/63/4020463_image2_1.jpg,https://tong.visitkorea.or.kr/cms/resource/63/4020463_image3_1.jpg,2026-08-29T22:50:16.951430+09:00
2895266,38,펜디 신세계백화점 강남점,서울특별시 서초구 신반포로 176 (반포동) 2층,37.5039351769908,127.002413006799,11,650,SH,SH04,SH040300,2026-03-27 09:21:50+09:00,https://tong.visitkorea.or.kr/cms/resource/02/4019602_image2_1.jpg,https://tong.visitkorea.or.kr/cms/resource/02/4019602_image3_1.jpg,2026-08-29T22:50:16.951430+09:00
2895300,38,펜디남성 신세계백화점 강남점,서울특별시 서초구 신반포로 176 (반포동) 6층,37.5039351769908,127.002413006799,11,650,SH,SH04,SH040300,2026-03-27 09:21:50+09:00,https://tong.visitkorea.or.kr/cms/resource/46/4019546_image2_1.jpg,https://tong.visitkorea.or.kr/cms/resource/46/4019546_image3_1.jpg,2026-08-29T22:50:16.951430+09:00
2899191,38,프라다슈즈 신세계백화점 강남점,서울특별시 서초구 신반포로 176 (반포동) 4층,37.5039351769908,127.002413006799,11,650,SH,SH04,SH040300,2026-03-27 09:21:50+09:00,https://tong.visitkorea.or.kr/cms/resource/68/4019568_image2_1.jpg,https://tong.visitkorea.or.kr/cms/resource/68/4019568_image3_1.jpg,2026-08-29T22:50:16.951430+09:00
2900943,38,태그호이어 신세계백화점 강남점,서울특별시 서초구 신반포로 176 (반포동) 3층,37.5039351769908,127.002413006799,11,650,SH,SH04,SH040300,2026-03-19 09:49:59+09:00,https://tong.visitkorea.or.kr/cms/resource/76/4019576_image2_1.jpg,https://tong.visitkorea.or.kr/cms/resource/76/4019576_image3_1.jpg,2026-08-29T22:50:16.951430+09:00
2901144,38,미꼬 신세계백화점 강남점,서울특별시 서초구 신반포로 176 (반포동) 3층,37.5039351769908,127.002413006799,11,650,SH,SH04,SH040300,2026-03-19 09:49:59+09:00,https://tong.visitkorea.or.kr/cms/resource/80/4019580_image2_1.jpg,https://tong.visitkorea.or.kr/cms/resource/80/4019580_image3_1.jpg,2026-08-29T22:50:16.951430+09:00
2901609,38,뉴코아아울렛 강남점,서울특별시 서초구 잠원로 51 (잠원동),37.5092394548535,127.007438594863,11,650,SH,SH04,SH040300,2026-03-27 09:21:50+09:00,https://tong.visitkorea.or.kr/cms/resource/57/4045257_image2_1.jpg,https://tong.visitkorea.or.kr/cms/resource/57/4045257_image3_1.jpg,2026-08-29T22:50:16.951430+09:00
2901636,38,발렌시아가 남성 신세계백화점 강남점,서울특별시 서초구 신반포로 176 (반포동) 6층,37.5039351769908,127.002413006799,11,650,SH,SH04,SH040300,2026-03-27 09:21:50+09:00,https://tong.visitkorea.or.kr/cms/resource/47/4019547_image2_1.jpg,https://tong.visitkorea.or.kr/cms/resource/47/4019547_image3_1.jpg,2026-08-29T22:50:16.951430+09:00
2901789,38,크롬하츠 신세계백화점 강남점,서울특별시 서초구 신반포로 176 (반포동) 2층,37.5039351769908,127.002413006799,11,650,SH,SH04,SH040300,2026-03-27 09:21:50+09:00,https://tong.visitkorea.or.kr/cms/resource/69/4019669_image2_1.jpg,https://tong.visitkorea.or.kr/cms/resource/69/4019669_image3_1.jpg,2026-08-29T22:50:16.951430+09:00
2902037,38,올리브영 서초타운점,서울특별시 서초구 서초대로78길 32 (서초동) 1층,37.4949996682957,127.028000253814,11,650,SH,SH04,SH040300,2026-03-17 10:12:58+09:00,https://tong.visitkorea.or.kr/cms/resource/56/4028656_image2_1.jpeg,https://tong.visitkorea.or.kr/cms/resource/56/4028656_image3_1.jpeg,2026-08-29T22:50:16.951430+09:00
2902361,38,이마트 양재점,서울특별시 서초구 매헌로 16 (양재동),37.462467348157,127.036947909974,11,650,SH,SH04,SH040300,2026-03-26 09:20:41+09:00,https://tong.visitkorea.or.kr/cms/resource/63/4042663_image2_1.jpg,https://tong.visitkorea.or.kr/cms/resource/63/4042663_image3_1.jpg,2026-08-29T22:50:16.951430+09:00
2902971,38,다미아니 신세계백화점 강남점,서울특별시 서초구 신반포로 176 (반포동) 3층,37.5039351769908,127.002413006799,11,650,SH,SH04,SH040300,2026-03-27 09:21:50+09:00,https://tong.visitkorea.or.kr/cms/resource/81/4019581_image2_1.jpg,https://tong.visitkorea.or.kr/cms/resource/81/4019581_image3_1.jpg,2026-08-29T22:50:16.951430+09:00
2903302,38,그레이스성형외과의원,서울특별시 서초구 강남대로 623 (잠원동) 우일빌딩 4층-5층,37.5174081481835,127.018733121908,11,650,SH,SH04,SH040300,2026-03-30 09:16:11+09:00,https://tong.visitkorea.or.kr/cms/resource/35/4017635_image2_1.jpg,https://tong.visitkorea.or.kr/cms/resource/35/4017635_image3_1.jpg,2026-08-29T22:50:16.951430+09:00
2903776,39,낙원타코 강남역점,서울특별시 서초구 서초대로73길 7 (서초동) 2층,37.498132173973865,127.02527874486732,11,650,FD,FD02,FD020300,2026-05-29 16:54:52+09:00,,,2026-08-29T22:50:16.951430+09:00
2903795,38,톡스앤필의원 강남,"서울특별시 서초구 강남대로 415 (서초동) 대동빌딩 10, 11층",37.4995604045649,127.026339775243,11,650,SH,SH04,SH040300,2026-03-30 09:16:11+09:00,https://tong.visitkorea.or.kr/cms/resource/26/4020526_image2_1.jpeg,https://tong.visitkorea.or.kr/cms/resource/26/4020526_image3_1.jpeg,2026-08-29T22:50:16.951430+09:00
2904010,38,올리브영 서초역점,서울특별시 서초구 반포대로 110 (서초동) 산우빌딩,37.4899185120215,127.009232074157,11,650,SH,SH04,SH040300,2026-03-30 09:16:11+09:00,https://tong.visitkorea.or.kr/cms/resource/48/4028648_image2_1.jpeg,https://tong.visitkorea.or.kr/cms/resource/48/4028648_image3_1.jpeg,2026-08-29T22:50:16.951430+09:00
2904011,38,튜더 신세계백화점 강남점,서울특별시 서초구 신반포로 176 (반포동) 3층,37.5039351769908,127.002413006799,11,650,SH,SH04,SH040300,2026-03-19 09:49:59+09:00,https://tong.visitkorea.or.kr/cms/resource/77/4019577_image2_1.jpg,https://tong.visitkorea.or.kr/cms/resource/77/4019577_image3_1.jpg,2026-08-29T22:50:16.951430+09:00
2904115,38,올리브영 방배이수점,서울특별시 서초구 동작대로 118 (방배동) 방배동예다인프라자빌딩,37.4870042036257,126.982744496134,11,650,SH,SH04,SH040300,2026-03-30 09:16:11+09:00,https://tong.visitkorea.or.kr/cms/resource/47/4028647_image2_1.jpg,https://tong.visitkorea.or.kr/cms/resource/47/4028647_image3_1.jpg,2026-08-29T22:50:16.951430+09:00
2904475,38,아식스 강남직영점,서울특별시 서초구 강남대로 517 (반포동) 형제빌딩,37.5081106083941,127.022294298364,11,650,SH,SH04,SH040300,2026-04-07 00:06:27+09:00,https://tong.visitkorea.or.kr/cms/resource/80/4043180_image2_1.jpg,https://tong.visitkorea.or.kr/cms/resource/80/4043180_image3_1.jpg,2026-08-29T22:50:16.951430+09:00
2904551,38,프레드 신세계백화점 강남점,서울특별시 서초구 신반포로 176 (반포동) 3층,37.5039351769908,127.002413006799,11,650,SH,SH04,SH040300,2026-03-16 10:54:17+09:00,https://tong.visitkorea.or.kr/cms/resource/78/4019578_image2_1.jpg,https://tong.visitkorea.or.kr/cms/resource/78/4019578_image3_1.jpg,2026-08-29T22:50:16.951430+09:00
2904585,38,라이안성형외과의원,서울특별시 서초구 강남대로 429 (서초동) 6층,37.5007943673082,127.025772945159,11,650,SH,SH04,SH040300,2026-03-16 10:54:17+09:00,https://tong.visitkorea.or.kr/cms/resource/64/4020464_image2_1.jpg,https://tong.visitkorea.or.kr/cms/resource/64/4020464_image3_1.jpg,2026-08-29T22:50:16.951430+09:00
2904733,38,글램외과의원,서울특별시 서초구 강남대로 483 (반포동) 청호빌딩 2층,37.5053254283579,127.023648945463,11,650,SH,SH04,SH040300,2026-03-17 10:12:58+09:00,https://tong.visitkorea.or.kr/cms/resource/29/4020529_image2_1.jpeg,https://tong.visitkorea.or.kr/cms/resource/29/4020529_image3_1.jpeg,2026-08-29T22:50:16.951430+09:00
2905146,38,롯데마트 서초점,"서울특별시 서초구 서초대로38길 12 (서초동, 마제스타시티, 힐스테이트 서리풀)",37.4904950346372,127.005381592272,11,650,SH,SH04,SH040300,2026-03-26 09:20:41+09:00,https://tong.visitkorea.or.kr/cms/resource/64/4042664_image2_1.jpg,https://tong.visitkorea.or.kr/cms/resource/64/4042664_image3_1.jpg,2026-08-29T22:50:16.951430+09:00
2905321,39,메종엠오,서울특별시 서초구 방배로26길 22,37.4893038411,126.9940943474,11,650,FD,FD03,FD030100,2026-06-25 16:30:06+09:00,,,2026-08-29T22:50:16.951430+09:00
2905998,38,금강 신세계백화점 강남점,서울특별시 서초구 신반포로 176 (반포동) 4층,37.5039351769908,127.002413006799,11,650,SH,SH04,SH040300,2026-03-19 09:49:59+09:00,https://tong.visitkorea.or.kr/cms/resource/69/4019569_image2_1.jpg,https://tong.visitkorea.or.kr/cms/resource/69/4019569_image3_1.jpg,2026-08-29T22:50:16.951430+09:00
2906689,38,고야드 신세계백화점 강남점,서울특별시 서초구 신반포로 176 (반포동) 2층,37.5039351769908,127.002413006799,11,650,SH,SH04,SH040300,2026-03-16 10:54:17+09:00,https://tong.visitkorea.or.kr/cms/resource/87/4019587_image2_1.jpg,https://tong.visitkorea.or.kr/cms/resource/87/4019587_image3_1.jpg,2026-08-29T22:50:16.951430+09:00
2907181,39,남미플랜트랩,서울특별시 서초구 방배천로4안길 55 일신빌딩,37.4806047048253,126.983234541912,11,650,FD,FD02,FD020300,2026-04-09 17:57:11+09:00,https://tong.visitkorea.or.kr/cms/resource/73/4056973_image2_1.jpg,https://tong.visitkorea.or.kr/cms/resource/73/4056973_image3_1.jpg,2026-08-29T22:50:16.951430+09:00
2907611,38,프라다 신세계백화점 강남점,서울특별시 서초구 신반포로 176 (반포동) 2층,37.5039351769908,127.002413006799,11,650,SH,SH04,SH040300,2026-03-27 09:21:50+09:00,https://tong.visitkorea.or.kr/cms/resource/99/4019599_image2_1.jpg,https://tong.visitkorea.or.kr/cms/resource/99/4019599_image3_1.jpg,2026-08-29T22:50:16.951430+09:00
2907617,38,구찌 여성 신세계백화점 강남점,서울특별시 서초구 신반포로 176 (반포동) 2층,37.5039351769908,127.002413006799,11,650,SH,SH04,SH040300,2026-03-19 09:49:59+09:00,https://tong.visitkorea.or.kr/cms/resource/94/4019594_image2_1.jpg,https://tong.visitkorea.or.kr/cms/resource/94/4019594_image3_1.jpg,2026-08-29T22:50:16.951430+09:00
2908373,38,반클리프아펠 신세계백화점 강남점,서울특별시 서초구 신반포로 176 (반포동) 2층,37.5039351769908,127.002413006799,11,650,SH,SH04,SH040300,2026-03-27 09:21:50+09:00,https://tong.visitkorea.or.kr/cms/resource/88/4019588_image2_1.jpg,https://tong.visitkorea.or.kr/cms/resource/88/4019588_image3_1.jpg,2026-08-29T22:50:16.951430+09:00
2908436,38,페라가모남성 신세계백화점 강남점,서울특별시 서초구 신반포로 176 (반포동) 6층,37.5039351769908,127.002413006799,11,650,SH,SH04,SH040300,2026-03-27 09:21:50+09:00,https://tong.visitkorea.or.kr/cms/resource/51/4019551_image2_1.jpg,https://tong.visitkorea.or.kr/cms/resource/51/4019551_image3_1.jpg,2026-08-29T22:50:16.951430+09:00
2908498,38,까르띠에 신세계백화점 강남점,서울특별시 서초구 신반포로 176 (반포동) 2층,37.5039351769908,127.002413006799,11,650,SH,SH04,SH040300,2026-03-27 09:21:50+09:00,https://tong.visitkorea.or.kr/cms/resource/03/4019603_image2_1.jpg,https://tong.visitkorea.or.kr/cms/resource/03/4019603_image3_1.jpg,2026-08-29T22:50:16.951430+09:00
2908799,38,윌성형외과의원,서울특별시 서초구 강남대로 437 (서초동) 대원빌딩 8층,37.5013634093685,127.025511220431,11,650,SH,SH04,SH040300,2026-03-30 09:16:11+09:00,https://tong.visitkorea.or.kr/cms/resource/65/4020465_image2_1.jpg,https://tong.visitkorea.or.kr/cms/resource/65/4020465_image3_1.jpg,2026-08-29T22:50:16.951430+09:00
2908828,38,미우미우 신세계백화점 강남점,서울특별시 서초구 신반포로 176 (반포동) 2층,37.5039351769908,127.002413006799,11,650,SH,SH04,SH040300,2026-03-27 09:21:50+09:00,https://tong.visitkorea.or.kr/cms/resource/85/4019585_image2_1.jpg,https://tong.visitkorea.or.kr/cms/resource/85/4019585_image3_1.jpg,2026-08-29T22:50:16.951430+09:00
2908860,38,오메가 신세계백화점 강남점,서울특별시 서초구 신반포로 176 (반포동) 3층,37.5039351769908,127.002413006799,11,650,SH,SH04,SH040300,2026-03-27 09:21:50+09:00,https://tong.visitkorea.or.kr/cms/resource/74/4019574_image2_1.jpg,https://tong.visitkorea.or.kr/cms/resource/74/4019574_image3_1.jpg,2026-08-29T22:50:16.951430+09:00
2909029,38,버버리칠드런 신세계백화점 강남점,서울특별시 서초구 신반포로 176 (반포동) 10층,37.5039351769908,127.002413006799,11,650,SH,SH04,SH040300,2026-03-27 09:21:50+09:00,https://tong.visitkorea.or.kr/cms/resource/66/4019566_image2_1.jpg,https://tong.visitkorea.or.kr/cms/resource/66/4019566_image3_1.jpg,2026-08-29T22:50:16.951430+09:00
2909335,38,헤리티지플로스 신세계백화점 강남점,서울특별시 서초구 신반포로 176 (반포동) 7층,37.5039351769908,127.002413006799,11,650,SH,SH04,SH040300,2026-03-19 09:49:59+09:00,https://tong.visitkorea.or.kr/cms/resource/42/4019542_image2_1.jpg,https://tong.visitkorea.or.kr/cms/resource/42/4019542_image3_1.jpg,2026-08-29T22:50:16.951430+09:00
2909981,38,닥터진이비인후과의원,서울특별시 서초구 강남대로 621 (잠원동) K TOWER 2층,37.5171318016078,127.018788592522,11,650,SH,SH04,SH040300,2026-03-16 10:54:17+09:00,https://tong.visitkorea.or.kr/cms/resource/36/4017636_image2_1.jpg,https://tong.visitkorea.or.kr/cms/resource/36/4017636_image3_1.jpg,2026-08-29T22:50:16.951430+09:00
2910402,38,보테가베네타 신세계백화점 강남점,서울특별시 서초구 신반포로 176 (반포동) 2층,37.5039351769908,127.002413006799,11,650,SH,SH04,SH040300,2026-03-27 09:21:50+09:00,https://tong.visitkorea.or.kr/cms/resource/84/4019584_image2_1.jpg,https://tong.visitkorea.or.kr/cms/resource/84/4019584_image3_1.jpg,2026-08-29T22:50:16.951430+09:00
2910431,38,미네타니 신세계백화점 강남점,서울특별시 서초구 신반포로 176 (반포동) 3층,37.5039351769908,127.002413006799,11,650,SH,SH04,SH040300,2026-03-16 10:54:17+09:00,https://tong.visitkorea.or.kr/cms/resource/68/4017268_image2_1.jpg,https://tong.visitkorea.or.kr/cms/resource/68/4017268_image3_1.jpg,2026-08-29T22:50:16.951430+09:00
2910478,38,불가리 신세계백화점 강남점,서울특별시 서초구 신반포로 176 (반포동) 2층,37.5039351769908,127.002413006799,11,650,SH,SH04,SH040300,2026-03-27 09:21:50+09:00,https://tong.visitkorea.or.kr/cms/resource/86/4019586_image2_1.jpg,https://tong.visitkorea.or.kr/cms/resource/86/4019586_image3_1.jpg,2026-08-29T22:50:16.951430+09:00
2910586,38,나인 엔터식스 신세계백화점 강남점,서울특별시 서초구 신반포로 176 (반포동),37.5039351769908,127.002413006799,11,650,SH,SH04,SH040300,2026-03-27 09:21:50+09:00,https://tong.visitkorea.or.kr/cms/resource/52/4019652_image2_1.jpg,https://tong.visitkorea.or.kr/cms/resource/52/4019652_image3_1.jpg,2026-08-29T22:50:16.951430+09:00
2911417,38,신세계 팩토리스토어 강남점,서울특별시 서초구 신반포로 194 (반포동) B1층,37.5064357442307,127.006834366246,11,650,SH,SH04,SH040300,2026-03-27 09:21:50+09:00,https://tong.visitkorea.or.kr/cms/resource/07/4024007_image2_1.jpg,https://tong.visitkorea.or.kr/cms/resource/07/4024007_image3_1.jpg,2026-08-29T22:50:16.951430+09:00
2911452,38,토즈 신세계백화점 강남점,서울특별시 서초구 신반포로 176 (반포동) 2층,37.5039351769908,127.002413006799,11,650,SH,SH04,SH040300,2026-03-27 09:21:50+09:00,https://tong.visitkorea.or.kr/cms/resource/08/4019608_image2_1.jpg,https://tong.visitkorea.or.kr/cms/resource/08/4019608_image3_1.jpg,2026-08-29T22:50:16.951430+09:00
2911768,38,톰포드 신세계백화점 강남점,서울특별시 서초구 신반포로 176 (반포동) 6층,37.5039351769908,127.002413006799,11,650,SH,SH04,SH040300,2026-03-27 09:21:50+09:00,https://tong.visitkorea.or.kr/cms/resource/54/4019554_image2_1.jpg,https://tong.visitkorea.or.kr/cms/resource/54/4019554_image3_1.jpg,2026-08-29T22:50:16.951430+09:00
2911911,38,구찌 남성 신세계백화점 강남점,서울특별시 서초구 신반포로 176 (반포동),37.5039351769908,127.002413006799,11,650,SH,SH04,SH040300,2026-03-27 09:21:50+09:00,https://tong.visitkorea.or.kr/cms/resource/64/4019564_image2_1.jpg,https://tong.visitkorea.or.kr/cms/resource/64/4019564_image3_1.jpg,2026-08-29T22:50:16.951430+09:00
2912204,38,보테가베네타남성 신세계백화점 강남점,서울특별시 서초구 신반포로 176 (반포동) 6층,37.5039351769908,127.002413006799,11,650,SH,SH04,SH040300,2026-03-19 09:49:59+09:00,https://tong.visitkorea.or.kr/cms/resource/48/4019548_image2_1.jpg,https://tong.visitkorea.or.kr/cms/resource/48/4019548_image3_1.jpg,2026-08-29T22:50:16.951430+09:00
2912351,38,올리브영 내방역점,서울특별시 서초구 방배로 178 (방배동) 1층,37.4895431159289,126.992842764204,11,650,SH,SH04,SH040300,2026-03-17 10:12:59+09:00,https://tong.visitkorea.or.kr/cms/resource/49/4028649_image2_1.png,https://tong.visitkorea.or.kr/cms/resource/49/4028649_image3_1.png,2026-08-29T22:50:16.951430+09:00
2912379,38,올리브영 서초대로점,서울특별시 서초구 서초대로 314 (서초동),37.4940331549084,127.015892124665,11,650,SH,SH04,SH040300,2026-03-17 10:12:59+09:00,https://tong.visitkorea.or.kr/cms/resource/55/4028655_image2_1.jpg,https://tong.visitkorea.or.kr/cms/resource/55/4028655_image3_1.jpg,2026-08-29T22:50:16.951430+09:00
2913470,38,올리브영 서래마을점,서울특별시 서초구 서래로 39 (반포동),37.4985482538591,126.998214914885,11,650,SH,SH04,SH040300,2026-03-17 10:12:59+09:00,https://tong.visitkorea.or.kr/cms/resource/54/4028654_image2_1.png,https://tong.visitkorea.or.kr/cms/resource/54/4028654_image3_1.png,2026-08-29T22:50:16.951430+09:00
2915551,38,입생로랑뷰티 신세계백화점 강남점,서울특별시 서초구 신반포로 176 (반포동) 1층,37.5039351769908,127.002413006799,11,650,SH,SH04,SH040300,2026-03-19 09:49:59+09:00,https://tong.visitkorea.or.kr/cms/resource/89/4019589_image2_1.jpg,https://tong.visitkorea.or.kr/cms/resource/89/4019589_image3_1.jpg,2026-08-29T22:50:16.951430+09:00
2917287,38,올리브영 강남 타운,서울특별시 서초구 강남대로 429 (서초동),37.5007943673082,127.025772945159,11,650,SH,SH04,SH040300,2026-03-19 09:49:59+09:00,https://tong.visitkorea.or.kr/cms/resource/42/4028642_image2_1.png,https://tong.visitkorea.or.kr/cms/resource/42/4028642_image3_1.png,2026-08-29T22:50:16.951430+09:00
2918637,38,올리브영 신논현점,서울특별시 서초구 강남대로 507 (반포동),37.5071756488272,127.022697788895,11,650,SH,SH04,SH040300,2026-03-17 10:12:59+09:00,https://tong.visitkorea.or.kr/cms/resource/43/4028643_image2_1.jpg,https://tong.visitkorea.or.kr/cms/resource/43/4028643_image3_1.jpg,2026-08-29T22:50:16.951430+09:00
2922392,38,갤럭시 신세계백화점 강남점,서울특별시 서초구 신반포로 176 (반포동) 7층,37.5039351769908,127.002413006799,11,650,SH,SH04,SH040300,2026-03-27 09:21:50+09:00,https://tong.visitkorea.or.kr/cms/resource/41/4019541_image2_1.jpg,https://tong.visitkorea.or.kr/cms/resource/41/4019541_image3_1.jpg,2026-08-29T22:50:16.951430+09:00
2922873,38,셀트리온스킨큐어 플래그십스토어,서울특별시 서초구 강남대로 601 (잠원동) 1-2층,37.5152856421282,127.019365230581,11,650,SH,SH04,SH040300,2026-03-18 10:10:05+09:00,https://tong.visitkorea.or.kr/cms/resource/39/4017639_image2_1.jpg,https://tong.visitkorea.or.kr/cms/resource/39/4017639_image3_1.jpg,2026-08-29T22:50:16.951430+09:00
2922919,38,몽블랑 신세계백화점 강남점,서울특별시 서초구 신반포로 176 (반포동) 3층,37.5039351769908,127.002413006799,11,650,SH,SH04,SH040300,2026-03-27 09:21:50+09:00,https://tong.visitkorea.or.kr/cms/resource/75/4019575_image2_1.jpg,https://tong.visitkorea.or.kr/cms/resource/75/4019575_image3_1.jpg,2026-08-29T22:50:16.951430+09:00
2923313,38,모이나 신세계백화점 강남점,서울특별시 서초구 신반포로 176 (반포동),37.5039351769908,127.002413006799,11,650,SH,SH04,SH040300,2026-03-16 10:54:17+09:00,https://tong.visitkorea.or.kr/cms/resource/65/4017265_image2_1.jpg,https://tong.visitkorea.or.kr/cms/resource/65/4017265_image3_1.jpg,2026-08-29T22:50:16.951430+09:00
2923439,38,LG전자 베스트샵 반포점,서울특별시 서초구 신반포로 165 (잠원동),37.5057251189753,127.002171712729,11,650,SH,SH04,SH040300,2026-03-19 09:49:59+09:00,https://tong.visitkorea.or.kr/cms/resource/18/4020318_image2_1.jpg,https://tong.visitkorea.or.kr/cms/resource/18/4020318_image3_1.jpg,2026-08-29T22:50:16.951430+09:00
2924100,38,이니스프리 강남고속터미널점,서울특별시 서초구 신반포로 194 (반포동) B1층,37.5064357442307,127.006834366246,11,650,SH,SH04,SH040300,2026-03-27 09:21:50+09:00,https://tong.visitkorea.or.kr/cms/resource/86/4043186_image2_1.jpg,https://tong.visitkorea.or.kr/cms/resource/86/4043186_image3_1.jpg,2026-08-29T22:50:16.951430+09:00
2924146,38,올리브영 강남엔터식스점,서울특별시 서초구 신반포로 지하188 (반포동),37.5049267445237,127.004949918697,11,650,SH,SH04,SH040300,2026-03-17 10:12:59+09:00,https://tong.visitkorea.or.kr/cms/resource/57/4028657_image2_1.jpg,https://tong.visitkorea.or.kr/cms/resource/57/4028657_image3_1.jpg,2026-08-29T22:50:16.951430+09:00
2924478,38,발렌티노 신세계백화점 강남점,서울특별시 서초구 신반포로 176 (반포동) 3층,37.5039351769908,127.002413006799,11,650,SH,SH04,SH040300,2026-03-27 09:21:50+09:00,https://tong.visitkorea.or.kr/cms/resource/73/4019573_image2_1.jpg,https://tong.visitkorea.or.kr/cms/resource/73/4019573_image3_1.jpg,2026-08-29T22:50:16.951430+09:00
2924839,38,올리브영 남부터미널점,서울특별시 서초구 효령로 283 (서초동) 서경빌딩 1층,37.485018595965,127.015025591396,11,650,SH,SH04,SH040300,2026-03-30 09:16:11+09:00,https://tong.visitkorea.or.kr/cms/resource/59/4028659_image2_1.jpg,https://tong.visitkorea.or.kr/cms/resource/59/4028659_image3_1.jpg,2026-08-29T22:50:16.951430+09:00
2925569,38,쇼메 신세계백화점 강남점,서울특별시 서초구 신반포로 176 (반포동),37.5039351769908,127.002413006799,11,650,SH,SH04,SH040300,2026-03-27 09:21:50+09:00,https://tong.visitkorea.or.kr/cms/resource/98/4019598_image2_1.jpg,https://tong.visitkorea.or.kr/cms/resource/98/4019598_image3_1.jpg,2026-08-29T22:50:16.951430+09:00
2925799,38,신세계백화점 강남점,서울특별시 서초구 신반포로 176 (반포동),37.5039351769908,127.002413006799,11,650,SH,SH04,SH040300,2026-03-27 09:21:50+09:00,https://tong.visitkorea.or.kr/cms/resource/40/4019540_image2_1.jpg,https://tong.visitkorea.or.kr/cms/resource/40/4019540_image3_1.jpg,2026-08-29T22:50:16.951430+09:00
2926582,38,발렌티노 남성 신세계백화점 강남점,서울특별시 서초구 신반포로 176 (반포동) 6층,37.5039351769908,127.002413006799,11,650,SH,SH04,SH040300,2026-03-27 09:21:50+09:00,https://tong.visitkorea.or.kr/cms/resource/53/4019553_image2_1.jpg,https://tong.visitkorea.or.kr/cms/resource/53/4019553_image3_1.jpg,2026-08-29T22:50:16.951430+09:00
2926610,38,캠브리지멤버스 신세계백화점 강남점,서울특별시 서초구 신반포로 176 (반포동) 7층,37.5039351769908,127.002413006799,11,650,SH,SH04,SH040300,2026-03-19 09:49:59+09:00,https://tong.visitkorea.or.kr/cms/resource/44/4019544_image2_1.jpg,https://tong.visitkorea.or.kr/cms/resource/44/4019544_image3_1.jpg,2026-08-29T22:50:16.951430+09:00
2927020,39,진도울돌목가는길,서울특별시 서초구 서초대로40길 41 (서초동),37.4898402992,127.0080136771,11,650,FD,FD01,FD010100,2026-07-20 13:20:35+09:00,https://tong.visitkorea.or.kr/cms/resource/16/2926916_image2_1.jpg,https://tong.visitkorea.or.kr/cms/resource/16/2926916_image3_1.jpg,2026-08-29T22:50:16.951430+09:00
2927044,38,피아제 신세계백화점 강남점,서울특별시 서초구 신반포로 176 (반포동) 3층,37.5039351769908,127.002413006799,11,650,SH,SH04,SH040300,2026-03-27 09:21:50+09:00,https://tong.visitkorea.or.kr/cms/resource/82/4019582_image2_1.jpg,https://tong.visitkorea.or.kr/cms/resource/82/4019582_image3_1.jpg,2026-08-29T22:50:16.951430+09:00
2927059,38,COS 신세계백화점 강남점,서울특별시 서초구 신반포로 176 (반포동) 4층,37.5039351769908,127.002413006799,11,650,SH,SH04,SH040300,2026-03-27 09:21:50+09:00,https://tong.visitkorea.or.kr/cms/resource/71/4019571_image2_1.jpg,https://tong.visitkorea.or.kr/cms/resource/71/4019571_image3_1.jpg,2026-08-29T22:50:16.951430+09:00
2927061,38,쇼파드 신세계백화점 강남점,서울특별시 서초구 신반포로 176 (반포동) 3층,37.5039351769908,127.002413006799,11,650,SH,SH04,SH040300,2026-03-27 09:21:50+09:00,https://tong.visitkorea.or.kr/cms/resource/79/4019579_image2_1.jpg,https://tong.visitkorea.or.kr/cms/resource/79/4019579_image3_1.jpg,2026-08-29T22:50:16.951430+09:00
2927424,38,다비치안경 방배점,서울특별시 서초구 방배로20길 4 (방배동) 원등빌딩,37.4855069052781,126.995346130522,11,650,SH,SH04,SH040300,2026-03-27 09:21:50+09:00,https://tong.visitkorea.or.kr/cms/resource/42/4045142_image2_1.png,https://tong.visitkorea.or.kr/cms/resource/42/4045142_image3_1.png,2026-08-29T22:50:16.951430+09:00
2928182,38,벨루티 신세계백화점 강남점,서울특별시 서초구 신반포로 176 (반포동) 6층,37.5039351769908,127.002413006799,11,650,SH,SH04,SH040300,2026-03-16 10:54:17+09:00,https://tong.visitkorea.or.kr/cms/resource/49/4019549_image2_1.jpg,https://tong.visitkorea.or.kr/cms/resource/49/4019549_image3_1.jpg,2026-08-29T22:50:16.951430+09:00
2928286,38,프라다 남성 신세계백화점 강남점,서울특별시 서초구 신반포로 176 (반포동) 6층,37.5039351769908,127.002413006799,11,650,SH,SH04,SH040300,2026-03-27 09:21:50+09:00,https://tong.visitkorea.or.kr/cms/resource/63/4019563_image2_1.jpg,https://tong.visitkorea.or.kr/cms/resource/63/4019563_image3_1.jpg,2026-08-29T22:50:16.951430+09:00
2928856,38,겐조키즈 신세계백화점 강남점,서울특별시 서초구 신반포로 176 (반포동),37.5039351769908,127.002413006799,11,650,SH,SH04,SH040300,2026-03-19 09:49:59+09:00,https://tong.visitkorea.or.kr/cms/resource/65/4019565_image2_1.jpg,https://tong.visitkorea.or.kr/cms/resource/65/4019565_image3_1.jpg,2026-08-29T22:50:16.951430+09:00
2928866,38,폴로랄프로렌 신세계백화점 강남점,서울특별시 서초구 신반포로 176 (반포동) 4층,37.5039351769908,127.002413006799,11,650,SH,SH04,SH040300,2026-03-19 09:49:59+09:00,https://tong.visitkorea.or.kr/cms/resource/70/4019570_image2_1.jpg,https://tong.visitkorea.or.kr/cms/resource/70/4019570_image3_1.jpg,2026-08-29T22:50:16.951430+09:00
2928869,38,헤지스레이디스 신세계백화점 강남점,서울특별시 서초구 신반포로 176 (반포동) 5층,37.5039351769908,127.002413006799,11,650,SH,SH04,SH040300,2026-03-19 09:49:59+09:00,https://tong.visitkorea.or.kr/cms/resource/67/4019567_image2_1.jpg,https://tong.visitkorea.or.kr/cms/resource/67/4019567_image3_1.jpg,2026-08-29T22:50:16.951430+09:00
2928872,38,타미힐피거남성 신세계백화점 강남점,서울특별시 서초구 신반포로 176 (반포동) 7층,37.5039351769908,127.002413006799,11,650,SH,SH04,SH040300,2026-03-19 09:49:59+09:00,https://tong.visitkorea.or.kr/cms/resource/43/4019543_image2_1.jpg,https://tong.visitkorea.or.kr/cms/resource/43/4019543_image3_1.jpg,2026-08-29T22:50:16.951430+09:00
2928874,38,질스튜어트뉴욕 신세계백화점 강남점,서울특별시 서초구 신반포로 176 (반포동) 6층,37.5039351769908,127.002413006799,11,650,SH,SH04,SH040300,2026-03-19 09:49:59+09:00,https://tong.visitkorea.or.kr/cms/resource/55/4019555_image2_1.jpg,https://tong.visitkorea.or.kr/cms/resource/55/4019555_image3_1.jpg,2026-08-29T22:50:16.951430+09:00
2928877,38,DKNY 신세계백화점 강남점,서울특별시 서초구 신반포로 176 (반포동),37.5039351769908,127.002413006799,11,650,SH,SH04,SH040300,2026-03-27 09:21:50+09:00,https://tong.visitkorea.or.kr/cms/resource/56/4019556_image2_1.jpg,https://tong.visitkorea.or.kr/cms/resource/56/4019556_image3_1.jpg,2026-08-29T22:50:16.951430+09:00
2929324,38,로로피아나 여성 신세계백화점 강남점,서울특별시 서초구 신반포로 176 (반포동) 2층,37.5039351769908,127.002413006799,11,650,SH,SH04,SH040300,2026-03-19 09:49:59+09:00,https://tong.visitkorea.or.kr/cms/resource/01/4019601_image2_1.jpg,https://tong.visitkorea.or.kr/cms/resource/01/4019601_image3_1.jpg,2026-08-29T22:50:16.951430+09:00
2929369,38,로저비비에 신세계백화점 강남점,서울특별시 서초구 신반포로 176 (반포동) 2층,37.5039351769908,127.002413006799,11,650,SH,SH04,SH040300,2026-03-27 09:21:50+09:00,https://tong.visitkorea.or.kr/cms/resource/93/4019593_image2_1.jpg,https://tong.visitkorea.or.kr/cms/resource/93/4019593_image3_1.jpg,2026-08-29T22:50:16.951430+09:00
2930093,38,디올 신세계백화점 강남점,서울특별시 서초구 신반포로 176 (반포동) 2층,37.5039351769908,127.002413006799,11,650,SH,SH04,SH040300,2026-03-27 09:21:50+09:00,https://tong.visitkorea.or.kr/cms/resource/00/4019600_image2_1.jpg,https://tong.visitkorea.or.kr/cms/resource/00/4019600_image3_1.jpg,2026-08-29T22:50:16.951430+09:00
2930523,38,티파니앤코 신세계백화점 강남점,서울특별시 서초구 신반포로 176 (반포동) 2층,37.5039351769908,127.002413006799,11,650,SH,SH04,SH040300,2026-03-25 09:34:32+09:00,https://tong.visitkorea.or.kr/cms/resource/48/4041948_image2_1.jpg,https://tong.visitkorea.or.kr/cms/resource/48/4041948_image3_1.jpg,2026-08-29T22:50:16.951430+09:00
2930615,38,유니클로 파스텔시티 사당점,"서울특별시 서초구 방배천로 11 (방배동, SK리더스뷰) B1층",37.4777007617804,126.982236074572,11,650,SH,SH04,SH040300,2026-04-07 00:07:27+09:00,https://tong.visitkorea.or.kr/cms/resource/37/4045537_image2_1.jpg,https://tong.visitkorea.or.kr/cms/resource/37/4045537_image3_1.jpg,2026-08-29T22:50:16.951430+09:00
2930692,38,닥스남성 신세계백화점 강남점,서울특별시 서초구 신반포로 176 (반포동) 7층,37.5039351769908,127.002413006799,11,650,SH,SH04,SH040300,2026-03-27 09:21:50+09:00,https://tong.visitkorea.or.kr/cms/resource/45/4019545_image2_1.jpg,https://tong.visitkorea.or.kr/cms/resource/45/4019545_image3_1.jpg,2026-08-29T22:50:16.951430+09:00
2930964,38,에르메스 신세계백화점 강남점,서울특별시 서초구 신반포로 176 (반포동) 2층,37.5039351769908,127.002413006799,11,650,SH,SH04,SH040300,2026-03-27 09:21:50+09:00,https://tong.visitkorea.or.kr/cms/resource/83/4019583_image2_1.jpg,https://tong.visitkorea.or.kr/cms/resource/83/4019583_image3_1.jpg,2026-08-29T22:50:16.951430+09:00
2931783,38,레쿠 신세계백화점 강남점,서울특별시 서초구 신반포로 176 (반포동) 1층,37.5039351769908,127.002413006799,11,650,SH,SH04,SH040300,2026-03-27 09:21:50+09:00,https://tong.visitkorea.or.kr/cms/resource/92/4019592_image2_1.jpg,https://tong.visitkorea.or.kr/cms/resource/92/4019592_image3_1.jpg,2026-08-29T22:50:16.951430+09:00
2931795,38,지오다노 강남점,서울특별시 서초구 강남대로65길 1 (서초동) 효봉빌딩,37.5005039452946,127.025899958924,11,650,SH,SH04,SH040300,2026-03-27 09:21:50+09:00,https://tong.visitkorea.or.kr/cms/resource/83/4043183_image2_1.jpg,https://tong.visitkorea.or.kr/cms/resource/83/4043183_image3_1.jpg,2026-08-29T22:50:16.951430+09:00
2943363,38,코오롱스포츠 솟솟618점,서울특별시 서초구 원터2길 9,37.4439226495,127.0557785643,11,650,SH,SH05,SH050200,2025-01-06 17:33:26+09:00,,,2026-08-29T22:50:16.951430+09:00
2946113,12,길상도예,서울특별시 서초구 강남대로39길 15-9 (서초동) 101호,37.48583681,127.0324406141,11,650,EX,EX02,EX020400,2025-11-05 09:13:06+09:00,http://tong.visitkorea.or.kr/cms/resource/05/2947505_image2_1.jpg,http://tong.visitkorea.or.kr/cms/resource/05/2947505_image3_1.jpg,2026-08-29T22:50:16.951430+09:00
2989981,15,서초뮤직앤아트페스티벌(SMAF),서울특별시 서초구 신반포로 194 (반포동),37.5061540847,127.0055699583,11,650,EV,EV01,EV010200,2026-08-25 10:03:52+09:00,https://tong.visitkorea.or.kr/cms/resource/29/4094029_image2_1.jpg,https://tong.visitkorea.or.kr/cms/resource/29/4094029_image3_1.jpg,2026-08-29T22:50:16.951430+09:00
300076,12,대성사(서울),서울특별시 서초구 남부순환로328길 49 (서초동),37.4763181306,127.0134731649,11,650,HS,HS03,HS030100,2025-09-18 10:01:19+09:00,http://tong.visitkorea.or.kr/cms/resource/09/3540509_image2_1.jpg,http://tong.visitkorea.or.kr/cms/resource/09/3540509_image3_1.jpg,2026-08-29T22:50:16.951430+09:00
3011948,15,양재아트살롱,서울특별시 서초구 양재동 261-23 양재천길 살롱스트림(수변무대~영동1교),37.476743,127.041497,11,650,EV,EV01,EV010600,2026-05-11 16:37:13+09:00,https://tong.visitkorea.or.kr/cms/resource/76/3530176_image2_1.jpg,https://tong.visitkorea.or.kr/cms/resource/76/3530176_image3_1.jpg,2026-08-29T22:50:16.951430+09:00
3058180,14,서울서예박물관,서울특별시 서초구 남부순환로 2406 (서초동),37.48043036729147,127.01345631835446,11,650,VE,VE07,VE070100,2026-04-01 16:13:34+09:00,https://tong.visitkorea.or.kr/cms/resource/98/3549598_image2_1.jpg,https://tong.visitkorea.or.kr/cms/resource/98/3549598_image3_1.jpg,2026-08-29T22:50:16.951430+09:00
3071613,28,현대요트 서울지점,서울특별시 서초구 동작대로 350 (반포동),37.507062,126.984638,11,650,LS,LS02,LS020300,2026-04-01 10:21:25+09:00,https://tong.visitkorea.or.kr/cms/resource/69/3071569_image2_1.jpg,https://tong.visitkorea.or.kr/cms/resource/69/3071569_image3_1.jpg,2026-08-29T22:50:16.951430+09:00
3080864,14,국립국악원 예악당,서울특별시 서초구 남부순환로 2364 (서초동),37.47835443543395,127.00903574407111,11,650,VE,VE06,VE060100,2026-03-31 13:49:33+09:00,https://tong.visitkorea.or.kr/cms/resource/58/3080858_image2_1.JPG,https://tong.visitkorea.or.kr/cms/resource/58/3080858_image3_1.JPG,2026-08-29T22:50:16.951430+09:00
3080870,14,SCC홀,서울특별시 서초구 남부순환로325길 9 (서초동),37.4817730723,127.0145340254,11,650,VE,VE06,VE060100,2025-10-31 11:07:56+09:00,http://tong.visitkorea.or.kr/cms/resource/65/3080865_image2_1.JPG,http://tong.visitkorea.or.kr/cms/resource/65/3080865_image3_1.JPG,2026-08-29T22:50:16.951430+09:00
3080901,14,영산양재홀,서울특별시 서초구 바우뫼로37길 45 (양재동),37.48048450889321,127.03842375880568,11,650,VE,VE06,VE060100,2026-04-01 10:36:02+09:00,https://tong.visitkorea.or.kr/cms/resource/96/3080896_image2_1.JPG,https://tong.visitkorea.or.kr/cms/resource/96/3080896_image3_1.JPG,2026-08-29T22:50:16.951430+09:00
3084394,32,호텔아르누보서초,서울특별시 서초구 서초대로 357 (서초동),37.4962215019,127.0204969632,11,650,AC,AC01,AC010100,2025-10-31 13:57:10+09:00,http://tong.visitkorea.or.kr/cms/resource/51/3084351_image2_1.JPG,http://tong.visitkorea.or.kr/cms/resource/51/3084351_image3_1.JPG,2026-08-29T22:50:16.951430+09:00
3084395,32,토요코인호텔 강남,서울특별시 서초구 강남대로 323 (서초동),37.4919277261,127.0299906645,11,650,AC,AC01,AC010100,2025-11-20 13:30:15+09:00,http://tong.visitkorea.or.kr/cms/resource/54/3084354_image2_1.JPG,http://tong.visitkorea.or.kr/cms/resource/54/3084354_image3_1.JPG,2026-08-29T22:50:16.951430+09:00
3084396,32,라바호텔,서울특별시 서초구 효령로53길 40 (서초동),37.4865502789,127.0136311949,11,650,AC,AC04,AC040100,2025-11-04 09:26:20+09:00,http://tong.visitkorea.or.kr/cms/resource/61/3084361_image2_1.jpg,http://tong.visitkorea.or.kr/cms/resource/61/3084361_image3_1.jpg,2026-08-29T22:50:16.951430+09:00
3084397,32,호텔소설,서울특별시 서초구 반포대로14길 53 (서초동),37.4864308513,127.0137950723,11,650,AC,AC01,AC010100,2025-11-04 09:36:52+09:00,http://tong.visitkorea.or.kr/cms/resource/65/3084365_image2_1.jpg,http://tong.visitkorea.or.kr/cms/resource/65/3084365_image3_1.jpg,2026-08-29T22:50:16.951430+09:00
3093268,15,2026 도서관의 날 · 도서관주간,서울특별시 서초구 반포대로 201 (반포동),37.497628949318255,127.0045323824191,11,650,EV,EV03,EV030400,2026-04-07 15:31:48+09:00,https://tong.visitkorea.or.kr/cms/resource/35/4054535_image2_1.png,https://tong.visitkorea.or.kr/cms/resource/35/4054535_image3_1.png,2026-08-29T22:50:16.951430+09:00
3107440,15,무브살롱 : 살롱그라운드,서울특별시 서초구 양재동 126-6,37.475101,127.03817,11,650,EV,EV03,EV030400,2026-04-09 10:52:53+09:00,https://tong.visitkorea.or.kr/cms/resource/59/4055559_image2_1.jpg,https://tong.visitkorea.or.kr/cms/resource/59/4055559_image3_1.jpg,2026-08-29T22:50:16.951430+09:00
3113583,15,차 없는 잠수교 뚜벅뚜벅축제,서울특별시 서초구 반포동 잠수교,37.512861,126.997353,11,650,EV,EV01,EV010600,2026-08-27 14:44:32+09:00,https://tong.visitkorea.or.kr/cms/resource/54/4103754_image2_1.jpg,https://tong.visitkorea.or.kr/cms/resource/54/4103754_image3_1.jpg,2026-08-29T22:50:16.951430+09:00
3305440,38,이브살로몬 신세계백화점 강남점,서울특별시 서초구 신반포로 176 (반포동) 3층,37.503935177,127.0024130068,11,650,SH,SH04,SH040300,2026-07-15 20:01:16+09:00,https://tong.visitkorea.or.kr/cms/resource/72/4019572_image2_1.jpg,https://tong.visitkorea.or.kr/cms/resource/72/4019572_image3_1.jpg,2026-08-29T22:50:16.951430+09:00
3305552,38,버버리(남) 신세계백화점 강남점,서울특별시 서초구 신반포로 176 (반포동) 6층,37.5039351769908,127.002413006799,11,650,SH,SH04,SH040300,2026-03-27 09:21:50+09:00,https://tong.visitkorea.or.kr/cms/resource/52/4019552_image2_1.jpg,https://tong.visitkorea.or.kr/cms/resource/52/4019552_image3_1.jpg,2026-08-29T22:50:16.951430+09:00
3305765,38,올리브영 신사서초점,서울특별시 서초구 강남대로 589 (잠원동),37.5144406772564,127.019386390307,11,650,SH,SH04,SH040300,2026-03-17 10:12:59+09:00,https://tong.visitkorea.or.kr/cms/resource/45/4028645_image2_1.jpg,https://tong.visitkorea.or.kr/cms/resource/45/4028645_image3_1.jpg,2026-08-29T22:50:16.951430+09:00
3305821,38,올리브영 양재역점,서울특별시 서초구 남부순환로 지하2585 (서초동),37.4839347328908,127.034544193436,11,650,SH,SH04,SH040300,2026-03-17 10:12:59+09:00,https://tong.visitkorea.or.kr/cms/resource/46/4028646_image2_1.jpg,https://tong.visitkorea.or.kr/cms/resource/46/4028646_image3_1.jpg,2026-08-29T22:50:16.951430+09:00
3305918,38,아베크 성형외과의원,서울특별시 서초구 강남대로 557 (잠원동) 성한빌딩 3층,37.5115409433608,127.020640675895,11,650,SH,SH04,SH040300,2026-03-30 09:16:11+09:00,https://tong.visitkorea.or.kr/cms/resource/68/4020468_image2_1.jpg,https://tong.visitkorea.or.kr/cms/resource/68/4020468_image3_1.jpg,2026-08-29T22:50:16.951430+09:00
3306043,38,에이비성형외과의원,"서울특별시 서초구 서초대로77길 17 (서초동) 2,3,4층",37.4995535963247,127.025752388871,11,650,SH,SH04,SH040300,2026-03-16 10:54:17+09:00,https://tong.visitkorea.or.kr/cms/resource/09/4017209_image2_1.JPEG,https://tong.visitkorea.or.kr/cms/resource/09/4017209_image3_1.JPEG,2026-08-29T22:50:16.951430+09:00
3306445,38,메이필의원,서울특별시 서초구 강남대로 423 (서초동) 한승빌딩 8층,37.5003097069231,127.025815300449,11,650,SH,SH04,SH040300,2026-03-30 09:16:11+09:00,https://tong.visitkorea.or.kr/cms/resource/62/4020462_image2_1.png,https://tong.visitkorea.or.kr/cms/resource/62/4020462_image3_1.png,2026-08-29T22:50:16.951430+09:00
3306476,38,으뜸50안경 고속터미널점반포,서울특별시 서초구 신반포로 205 (잠원동),37.5070244820045,127.006460397501,11,650,SH,SH04,SH040300,2026-03-27 09:21:50+09:00,https://tong.visitkorea.or.kr/cms/resource/77/4044577_image2_1.jpg,https://tong.visitkorea.or.kr/cms/resource/77/4044577_image3_1.jpg,2026-08-29T22:50:16.951430+09:00
3306742,38,모먼트의원,서울특별시 서초구 강남대로 423 (서초동) 한승빌딩 9층,37.5003097069231,127.025815300449,11,650,SH,SH04,SH040300,2026-03-30 09:16:11+09:00,https://tong.visitkorea.or.kr/cms/resource/27/4020527_image2_1.jpeg,https://tong.visitkorea.or.kr/cms/resource/27/4020527_image3_1.jpeg,2026-08-29T22:50:16.951430+09:00
3306822,38,미앤미의원 강남,서울특별시 서초구 강남대로 439 (서초동) 유화빌딩 9층,37.5015434614787,127.025366637091,11,650,SH,SH04,SH040300,2026-03-19 09:49:59+09:00,https://tong.visitkorea.or.kr/cms/resource/28/4020528_image2_1.jpeg,https://tong.visitkorea.or.kr/cms/resource/28/4020528_image3_1.jpeg,2026-08-29T22:50:16.951430+09:00
3307008,38,사적인아름다움지유의원,서울특별시 서초구 서초대로77길 54 (서초동) 더블유타워 3-4층,37.5025798250034,127.024816900875,11,650,SH,SH04,SH040300,2026-03-27 09:21:50+09:00,https://tong.visitkorea.or.kr/cms/resource/70/4044570_image2_1.jpg,https://tong.visitkorea.or.kr/cms/resource/70/4044570_image3_1.jpg,2026-08-29T22:50:16.951430+09:00
3307119,38,이미지업성형외과의원,서울특별시 서초구 나루터로 76 (잠원동) 이미지업빌딩,37.5154553226881,127.018092866991,11,650,SH,SH04,SH040300,2026-03-16 10:54:17+09:00,https://tong.visitkorea.or.kr/cms/resource/37/4017637_image2_1.jpg,https://tong.visitkorea.or.kr/cms/resource/37/4017637_image3_1.jpg,2026-08-29T22:50:16.951430+09:00
3307148,38,브이엔성형외과의원,서울특별시 서초구 강남대로 441 (서초동) 서산빌딩 5층,37.5017358451233,127.025278490231,11,650,SH,SH04,SH040300,2026-03-30 09:16:11+09:00,https://tong.visitkorea.or.kr/cms/resource/67/4020467_image2_1.jpg,https://tong.visitkorea.or.kr/cms/resource/67/4020467_image3_1.jpg,2026-08-29T22:50:16.951430+09:00
3307168,38,저스트성형외과의원,서울특별시 서초구 서초대로77길 62 (서초동),37.5027308418076,127.023903040367,11,650,SH,SH04,SH040300,2026-03-19 09:49:59+09:00,https://tong.visitkorea.or.kr/cms/resource/31/4020531_image2_1.jpeg,https://tong.visitkorea.or.kr/cms/resource/31/4020531_image3_1.jpeg,2026-08-29T22:50:16.951430+09:00
3307521,38,비티성형외과의원,서울특별시 서초구 서초대로77길 17 (서초동) 7층,37.4995535963247,127.025752388871,11,650,SH,SH04,SH040300,2026-03-17 10:12:59+09:00,https://tong.visitkorea.or.kr/cms/resource/30/4020530_image2_1.jpeg,https://tong.visitkorea.or.kr/cms/resource/30/4020530_image3_1.jpeg,2026-08-29T22:50:16.951430+09:00
3307670,38,디아이성형외과의원,서울특별시 서초구 강남대로 441 (서초동) 서산빌딩 12층,37.5017358451233,127.025278490231,11,650,SH,SH04,SH040300,2026-03-30 09:16:11+09:00,https://tong.visitkorea.or.kr/cms/resource/66/4020466_image2_1.jpg,https://tong.visitkorea.or.kr/cms/resource/66/4020466_image3_1.jpg,2026-08-29T22:50:16.951430+09:00
3351700,12,서초문화예술공원,서울특별시 서초구 바우뫼로12길 40 (양재동),37.47013562094086,127.03208667403636,11,650,VE,VE03,VE030500,2026-03-12 09:08:40+09:00,https://tong.visitkorea.or.kr/cms/resource/16/3515016_image2_1.jpg,https://tong.visitkorea.or.kr/cms/resource/16/3515016_image3_1.jpg,2026-08-29T22:50:16.951430+09:00
3367338,15,2025 K-웨이브 댄스 페스티벌,서울특별시 서초구 올림픽대로 2085-14 (반포동),37.5123025381,126.9965764639,11,650,EV,EV02,EV020700,2025-10-23 14:30:00+09:00,http://tong.visitkorea.or.kr/cms/resource/65/3546365_image2_1.jpg,http://tong.visitkorea.or.kr/cms/resource/65/3546365_image3_1.jpg,2026-08-29T22:50:16.951430+09:00
3383832,15,케미스트릿 강남역 페스티벌,서울특별시 서초구 서초대로77길 17 (서초동) (BLOCK 77),37.4996073141,127.0257686102,11,650,EV,EV01,EV010200,2025-11-03 13:13:45+09:00,http://tong.visitkorea.or.kr/cms/resource/64/3553464_image2_1.jpg,http://tong.visitkorea.or.kr/cms/resource/64/3553464_image3_1.jpg,2026-08-29T22:50:16.951430+09:00
3384166,14,서울아트나우 갤러리,서울특별시 서초구 반포대로24길 41-14 (서초동) 102호,37.48976924404638,127.01174745433308,11,650,VE,VE07,VE070600,2026-04-06 09:42:39+09:00,https://tong.visitkorea.or.kr/cms/resource/67/3384167_image2_1.jpg,https://tong.visitkorea.or.kr/cms/resource/67/3384167_image3_1.jpg,2026-08-29T22:50:16.951430+09:00
3410603,39,채빛퀴진,서울특별시 서초구 올림픽대로 2085-14 (반포동) 세빛섬 내 채빛섬 2층,37.512398,126.995975,11,650,FD,FD02,FD020500,2026-03-23 17:59:45+09:00,https://tong.visitkorea.or.kr/cms/resource/67/3409767_image2_1.jpg,https://tong.visitkorea.or.kr/cms/resource/67/3409767_image3_1.jpg,2026-08-29T22:50:16.951430+09:00
3410623,39,카페 돌체,서울특별시 서초구 올림픽대로 2085-14 (반포동) 세빛섬 내 가빛섬 1층,37.51225061459623,126.99656174188814,11,650,FD,FD05,FD050100,2026-03-23 18:17:48+09:00,https://tong.visitkorea.or.kr/cms/resource/95/3409795_image2_1.jpg,https://tong.visitkorea.or.kr/cms/resource/95/3409795_image3_1.jpg,2026-08-29T22:50:16.951430+09:00
3438411,32,행복스테이,"서울특별시 서초구 바우뫼로11길 71 (우면동, 행복한집) 2층 201호",37.4729215135,127.0252333019,11,650,AC,AC06,AC060200,2025-10-23 14:30:00+09:00,,,2026-08-29T22:50:16.951430+09:00
3465128,32,힐튼 가든 인 서울 강남,서울특별시 서초구 강남대로 253 (서초동),37.4859840219,127.0327822456,11,650,AC,AC01,AC010100,2025-04-11 09:09:50+09:00,,,2026-08-29T22:50:16.951430+09:00
3466132,32,오라카이 청계산 호텔,서울특별시 서초구 청계산로9길 1-7 (신원동),37.4491275806,127.0546396319,11,650,AC,AC01,AC010100,2025-04-11 09:11:15+09:00,,,2026-08-29T22:50:16.951430+09:00
3491755,15,2026 서울식품유통대전(K푸드쇼),서울특별시 서초구 강남대로 27 (양재동),37.4682787075426,127.039136433366,11,650,EV,EV03,EV030400,2026-04-20 10:33:32+09:00,https://tong.visitkorea.or.kr/cms/resource/63/4058663_image2_1.jpg,https://tong.visitkorea.or.kr/cms/resource/63/4058663_image3_1.jpg,2026-08-29T22:50:16.951430+09:00
3525664,12,하이디하우스,서울특별시 서초구 성촌4길 11 (우면동),37.467027639123046,127.021814277629,11,650,EX,EX05,EX050100,2026-04-07 17:52:57+09:00,https://tong.visitkorea.or.kr/cms/resource/68/3525668_image2_1.jpg,https://tong.visitkorea.or.kr/cms/resource/68/3525668_image3_1.jpg,2026-08-29T22:50:16.951430+09:00
3526332,12,[서울둘레길 10코스] 우면산코스,서울특별시 서초구 양재동 (매헌시민의숲 (양재시민의숲역)~사당역 갈림길),37.469,127.0373,11,650,VE,VE04,VE040300,2026-04-09 09:16:46+09:00,https://tong.visitkorea.or.kr/cms/resource/45/3526145_image2_1.jpg,https://tong.visitkorea.or.kr/cms/resource/45/3526145_image3_1.jpg,2026-08-29T22:50:16.951430+09:00
3551135,39,도정육관,서울특별시 서초구 서초대로78길 42 (서초동),37.4940256225851,127.02822439844962,11,650,FD,FD01,FD010100,2026-04-27 15:36:48+09:00,https://tong.visitkorea.or.kr/cms/resource/28/3551128_image2_1.jpg,https://tong.visitkorea.or.kr/cms/resource/28/3551128_image3_1.jpg,2026-08-29T22:50:16.951430+09:00
3551926,39,고깃집열,서울특별시 서초구 서초대로78길 48 (서초동) 2층,37.493489911645966,127.02860631742551,11,650,FD,FD01,FD010100,2026-04-27 15:53:35+09:00,https://tong.visitkorea.or.kr/cms/resource/93/3587093_image2_1.jpg,https://tong.visitkorea.or.kr/cms/resource/93/3587093_image3_1.jpg,2026-08-29T22:50:16.951430+09:00
3554794,15,2025 대한민국 김장대축제,서울특별시 서초구 강남대로 27 (양재동),37.467391878,127.0407514903,11,650,EV,EV03,EV030400,2025-11-18 15:05:36+09:00,http://tong.visitkorea.or.kr/cms/resource/85/3562885_image2_1.jpg,http://tong.visitkorea.or.kr/cms/resource/85/3562885_image3_1.jpg,2026-08-29T22:50:16.951430+09:00
3563444,15,방배카페 골목페스타,서울특별시 서초구 방배중앙로 193 (방배동) 방배카페골목 상권 일대,37.4963319705,126.9854168201,11,650,EV,EV01,EV010600,2025-11-11 11:37:20+09:00,http://tong.visitkorea.or.kr/cms/resource/52/3564652_image2_1.png,http://tong.visitkorea.or.kr/cms/resource/52/3564652_image3_1.png,2026-08-29T22:50:16.951430+09:00
3566919,39,디오디아(DIODIA),서울특별시 서초구 강남대로 213 (양재동),37.482862229385326,127.03528069955479,11,650,FD,FD02,FD020300,2026-03-09 16:24:24+09:00,https://tong.visitkorea.or.kr/cms/resource/51/3566851_image2_1.JPG,https://tong.visitkorea.or.kr/cms/resource/51/3566851_image3_1.JPG,2026-08-29T22:50:16.951430+09:00
3575096,12,한강 해치카,서울특별시 서초구 신반포로11길 40 (반포동) 반포한강공원,37.507686231406566,126.99275144012104,11,650,EX,EX07,EX070200,2026-03-09 16:08:36+09:00,https://tong.visitkorea.or.kr/cms/resource/88/3575088_image2_1.jpg,https://tong.visitkorea.or.kr/cms/resource/88/3575088_image3_1.jpg,2026-08-29T22:50:16.951430+09:00
4001148,12,피카소 벽화,"서울특별시 서초구 반포대로 333 (반포동, 래미안 원베일리) 지하공공보행통로",37.507509,126.999451,11,650,VE,VE01,VE010900,2026-05-14 08:27:38+09:00,https://tong.visitkorea.or.kr/cms/resource/72/4061272_image2_1.jpg,https://tong.visitkorea.or.kr/cms/resource/72/4061272_image3_1.jpg,2026-08-29T22:50:16.951430+09:00
4009050,38,올리브영 서초우성점,서울특별시 서초구 강남대로 331 (서초동) 광일빌딩 1층,37.4926256682761,127.029588346617,11,650,SH,SH04,SH040300,2026-03-09 09:36:31+09:00,https://tong.visitkorea.or.kr/cms/resource/38/4028638_image2_1.png,https://tong.visitkorea.or.kr/cms/resource/38/4028638_image3_1.png,2026-08-29T22:50:16.951430+09:00
4009051,38,올리브영 센트럴 강남 타운,서울특별시 서초구 강남대로 403 (서초동),37.4984575559368,127.026815711545,11,650,SH,SH04,SH040300,2026-03-09 09:36:31+09:00,https://tong.visitkorea.or.kr/cms/resource/39/4028639_image2_1.png,https://tong.visitkorea.or.kr/cms/resource/39/4028639_image3_1.png,2026-08-29T22:50:16.951430+09:00
4009090,38,올리브영 방배점,서울특별시 서초구 방배로 83 (방배동),37.4818646316946,126.997007580557,11,650,SH,SH04,SH040300,2026-03-09 09:36:31+09:00,https://tong.visitkorea.or.kr/cms/resource/51/4028651_image2_1.png,https://tong.visitkorea.or.kr/cms/resource/51/4028651_image3_1.png,2026-08-29T22:50:16.951430+09:00
4009091,38,올리브영 방배카페거리점,서울특별시 서초구 방배중앙로 175 (방배동) 1층,37.494660023489,126.985822624485,11,650,SH,SH04,SH040300,2026-03-09 09:36:31+09:00,https://tong.visitkorea.or.kr/cms/resource/53/4028653_image2_1.jpeg,https://tong.visitkorea.or.kr/cms/resource/53/4028653_image3_1.jpeg,2026-08-29T22:50:16.951430+09:00
4009107,38,올리브영 NC 강남점,서울특별시 서초구 잠원로 51 (잠원동) 1층,37.5092394548535,127.007438594863,11,650,SH,SH04,SH040300,2026-03-09 09:36:31+09:00,https://tong.visitkorea.or.kr/cms/resource/58/4028658_image2_1.jpg,https://tong.visitkorea.or.kr/cms/resource/58/4028658_image3_1.jpg,2026-08-29T22:50:16.951430+09:00
4011377,38,요넥스 강남점,서울특별시 서초구 언남길 45 (양재동) 1층,37.4733753452,127.0425773777,11,650,SH,SH04,SH040300,2026-08-07 16:32:47+09:00,https://tong.visitkorea.or.kr/cms/resource/39/4044039_image2_1.png,https://tong.visitkorea.or.kr/cms/resource/39/4044039_image3_1.png,2026-08-29T22:50:16.951430+09:00
4013037,38,해피약국,서울특별시 서초구 강남대로 365 (서초동),37.495323407006,127.028348895147,11,650,SH,SH04,SH040300,2026-03-17 10:12:59+09:00,https://tong.visitkorea.or.kr/cms/resource/61/4024661_image2_1.jpeg,https://tong.visitkorea.or.kr/cms/resource/61/4024661_image3_1.jpeg,2026-08-29T22:50:16.951430+09:00
4013038,38,삼성 강남,서울특별시 서초구 강남대로 411 (서초동),37.4991603195447,127.026510850477,11,650,SH,SH04,SH040300,2026-03-27 09:21:50+09:00,https://tong.visitkorea.or.kr/cms/resource/18/4043818_image2_1.png,https://tong.visitkorea.or.kr/cms/resource/18/4043818_image3_1.png,2026-08-29T22:50:16.951430+09:00
4013039,38,나이스약국,서울특별시 서초구 강남대로 421 (서초동) 1층,37.500088523645,127.026162522931,11,650,SH,SH04,SH040300,2026-04-01 07:10:54+09:00,https://tong.visitkorea.or.kr/cms/resource/71/4022771_image2_1.jpeg,https://tong.visitkorea.or.kr/cms/resource/71/4022771_image3_1.jpeg,2026-08-29T22:50:16.951430+09:00
4013040,38,데상트 서울,서울특별시 서초구 강남대로 439 (서초동),37.5015434614787,127.025366637091,11,650,SH,SH04,SH040300,2026-03-12 16:50:22+09:00,https://tong.visitkorea.or.kr/cms/resource/59/4024759_image2_1.jpeg,https://tong.visitkorea.or.kr/cms/resource/59/4024759_image3_1.jpeg,2026-08-29T22:50:16.951430+09:00
4013041,38,스와치 강남플래그십스토어,서울특별시 서초구 강남대로 453 (서초동) 1층,37.5027451435467,127.024892954599,11,650,SH,SH04,SH040300,2026-03-27 09:21:50+09:00,https://tong.visitkorea.or.kr/cms/resource/04/4043704_image2_1.png,https://tong.visitkorea.or.kr/cms/resource/04/4043704_image3_1.png,2026-08-29T22:50:16.951430+09:00
4013042,38,더하늘약국,서울특별시 서초구 강남대로 509 (반포동) 1층,37.5076445712488,127.022491634375,11,650,SH,SH04,SH040300,2026-03-17 10:12:59+09:00,https://tong.visitkorea.or.kr/cms/resource/68/4024368_image2_1.jpeg,https://tong.visitkorea.or.kr/cms/resource/68/4024368_image3_1.jpeg,2026-08-29T22:50:16.951430+09:00
4013043,38,셀트리온스킨큐어,서울특별시 서초구 강남대로 601 (잠원동) 14층,37.5152856421282,127.019365230581,11,650,SH,SH04,SH040300,2026-03-17 10:12:59+09:00,https://tong.visitkorea.or.kr/cms/resource/69/4024369_image2_1.jpeg,https://tong.visitkorea.or.kr/cms/resource/69/4024369_image3_1.jpeg,2026-08-29T22:50:16.951430+09:00
4013044,38,골든듀 갤러리 예술의전당점,서울특별시 서초구 남부순환로 2406 (서초동),37.4802401962069,127.014215239186,11,650,SH,SH04,SH040300,2026-03-27 09:21:50+09:00,https://tong.visitkorea.or.kr/cms/resource/89/4043689_image2_1.png,https://tong.visitkorea.or.kr/cms/resource/89/4043689_image3_1.png,2026-08-29T22:50:16.951430+09:00
4013045,38,유니클로 이마트양재점,서울특별시 서초구 매헌로 16 (양재동) B1층,37.462467348157,127.036947909974,11,650,SH,SH04,SH040300,2026-03-13 12:24:21+09:00,https://tong.visitkorea.or.kr/cms/resource/16/4024816_image2_1.jpeg,https://tong.visitkorea.or.kr/cms/resource/16/4024816_image3_1.jpeg,2026-08-29T22:50:16.951430+09:00
4013046,38,구구스 반포신세계점,서울특별시 서초구 반포대로 287 (반포동),37.5043279449175,127.001088324244,11,650,SH,SH04,SH040300,2026-03-27 09:21:50+09:00,https://tong.visitkorea.or.kr/cms/resource/95/4043695_image2_1.png,https://tong.visitkorea.or.kr/cms/resource/95/4043695_image3_1.png,2026-08-29T22:50:16.951430+09:00
4013047,38,골프존마켓 서초점,서울특별시 서초구 반포대로 59 (서초동) 1층,37.4856964807152,127.010297786373,11,650,SH,SH04,SH040300,2026-03-27 09:21:50+09:00,https://tong.visitkorea.or.kr/cms/resource/91/4043691_image2_1.png,https://tong.visitkorea.or.kr/cms/resource/91/4043691_image3_1.png,2026-08-29T22:50:16.951430+09:00
4013048,38,삼성스토어 방배,서울특별시 서초구 방배로 120 (방배동),37.4849685688369,126.995773670092,11,650,SH,SH04,SH040300,2026-03-17 10:12:59+09:00,https://tong.visitkorea.or.kr/cms/resource/94/4024794_image2_1.jpeg,https://tong.visitkorea.or.kr/cms/resource/94/4024794_image3_1.jpeg,2026-08-29T22:50:16.951430+09:00
4013049,38,골프존마켓 반포점,서울특별시 서초구 사평대로 98 (반포동),37.4986515253737,126.995455801462,11,650,SH,SH04,SH040300,2026-03-27 09:21:50+09:00,https://tong.visitkorea.or.kr/cms/resource/90/4043690_image2_1.jpg,https://tong.visitkorea.or.kr/cms/resource/90/4043690_image3_1.jpg,2026-08-29T22:50:16.951430+09:00
4013050,38,정관장 교대역점,서울특별시 서초구 서초대로 341 (서초동),37.4954931842039,127.018710910342,11,650,SH,SH04,SH040300,2026-03-27 09:21:50+09:00,https://tong.visitkorea.or.kr/cms/resource/13/4043913_image2_1.png,https://tong.visitkorea.or.kr/cms/resource/13/4043913_image3_1.png,2026-08-29T22:50:16.951430+09:00
4013051,38,GBH FLAGSHIP STORE,서울특별시 서초구 서초대로32길 1 (방배동),37.48850056266,126.997176811225,11,650,SH,SH04,SH040300,2026-03-27 09:21:50+09:00,https://tong.visitkorea.or.kr/cms/resource/62/4044262_image2_1.png,https://tong.visitkorea.or.kr/cms/resource/62/4044262_image3_1.png,2026-08-29T22:50:16.951430+09:00
4013052,38,삼성스토어 서초,서울특별시 서초구 서초대로52길 12 (서초동),37.4934337383961,127.014297912857,11,650,SH,SH04,SH040300,2026-03-27 09:21:50+09:00,https://tong.visitkorea.or.kr/cms/resource/03/4043703_image2_1.png,https://tong.visitkorea.or.kr/cms/resource/03/4043703_image3_1.png,2026-08-29T22:50:16.951430+09:00
4013053,38,타사키 신세계백화점 강남점,서울특별시 서초구 신반포로 176 (반포동) 3층,37.5039351769908,127.002413006799,11,650,SH,SH04,SH040300,2026-03-30 09:16:11+09:00,https://tong.visitkorea.or.kr/cms/resource/92/4023592_image2_1.jpg,https://tong.visitkorea.or.kr/cms/resource/92/4023592_image3_1.jpg,2026-08-29T22:50:16.951430+09:00
4013054,38,베르사체 신세계백화점 강남점,서울특별시 서초구 신반포로 176 (반포동) 3층,37.5039351769908,127.002413006799,11,650,SH,SH04,SH040300,2026-03-30 09:16:11+09:00,https://tong.visitkorea.or.kr/cms/resource/49/4024849_image2_1.jpeg,https://tong.visitkorea.or.kr/cms/resource/49/4024849_image3_1.jpeg,2026-08-29T22:50:16.951430+09:00
4013055,38,다이아미 신세계백화점 강남점,서울특별시 서초구 신반포로 176 (반포동) 3층,37.5039351769908,127.002413006799,11,650,SH,SH04,SH040300,2026-03-30 09:16:11+09:00,https://tong.visitkorea.or.kr/cms/resource/06/4024006_image2_1.jpg,https://tong.visitkorea.or.kr/cms/resource/06/4024006_image3_1.jpg,2026-08-29T22:50:16.951430+09:00
4013056,38,파네라이 신세계백화점 강남점,서울특별시 서초구 신반포로 176 (반포동) 3층,37.5039351769908,127.002413006799,11,650,SH,SH04,SH040300,2026-03-30 09:16:11+09:00,https://tong.visitkorea.or.kr/cms/resource/29/4043729_image2_1.png,https://tong.visitkorea.or.kr/cms/resource/29/4043729_image3_1.png,2026-08-29T22:50:16.951430+09:00
4013057,38,라르디니 신세계백화점 강남점,서울특별시 서초구 신반포로 176 (반포동) 6층,37.5039351769908,127.002413006799,11,650,SH,SH04,SH040300,2026-03-30 09:16:11+09:00,https://tong.visitkorea.or.kr/cms/resource/41/4043741_image2_1.png,https://tong.visitkorea.or.kr/cms/resource/41/4043741_image3_1.png,2026-08-29T22:50:16.951430+09:00
4013058,38,블랑팡 신세계백화점 강남점,서울특별시 서초구 신반포로 176 (반포동) 3층,37.5039351769908,127.002413006799,11,650,SH,SH04,SH040300,2026-03-27 09:21:50+09:00,https://tong.visitkorea.or.kr/cms/resource/02/4043702_image2_1.png,https://tong.visitkorea.or.kr/cms/resource/02/4043702_image3_1.png,2026-08-29T22:50:16.951430+09:00
4013059,38,라이카 스토어 신세계백화점 강남점,서울특별시 서초구 신반포로 176 (반포동) 6층,37.5039351769908,127.002413006799,11,650,SH,SH04,SH040300,2026-03-30 09:16:11+09:00,https://tong.visitkorea.or.kr/cms/resource/05/4024005_image2_1.jpg,https://tong.visitkorea.or.kr/cms/resource/05/4024005_image3_1.jpg,2026-08-29T22:50:16.951430+09:00
4013060,38,콜렉트안경 신세계백화점 강남점,서울특별시 서초구 신반포로 176 (반포동) 6층,37.5039351769908,127.002413006799,11,650,SH,SH04,SH040300,2026-03-30 09:16:11+09:00,https://tong.visitkorea.or.kr/cms/resource/70/4024570_image2_1.jpeg,https://tong.visitkorea.or.kr/cms/resource/70/4024570_image3_1.jpeg,2026-08-29T22:50:16.951430+09:00
4013061,38,포멜라토 신세계백화점 강남점,서울특별시 서초구 신반포로 176 (반포동) 1층,37.5039351769908,127.002413006799,11,650,SH,SH04,SH040300,2026-03-27 09:21:50+09:00,https://tong.visitkorea.or.kr/cms/resource/87/4043987_image2_1.png,https://tong.visitkorea.or.kr/cms/resource/87/4043987_image3_1.png,2026-08-29T22:50:16.951430+09:00
4013062,38,윤연화 신세계백화점 강남점,서울특별시 서초구 신반포로 176 (반포동) 3층,37.5039351769908,127.002413006799,11,650,SH,SH04,SH040300,2026-03-19 04:47:11+09:00,https://tong.visitkorea.or.kr/cms/resource/93/4023593_image2_1.jpg,https://tong.visitkorea.or.kr/cms/resource/93/4023593_image3_1.jpg,2026-08-29T22:50:16.951430+09:00
4013063,38,디올 신세계 강남점 남성,서울특별시 서초구 신반포로 176 (반포동) 6층,37.5039351769908,127.002413006799,11,650,SH,SH04,SH040300,2026-03-30 09:16:11+09:00,https://tong.visitkorea.or.kr/cms/resource/86/4023586_image2_1.jpg,https://tong.visitkorea.or.kr/cms/resource/86/4023586_image3_1.jpg,2026-08-29T22:50:16.951430+09:00
4013064,38,랑에운트죄네 신세계백화점 강남점,서울특별시 서초구 신반포로 176 (반포동) 3층,37.5039351769908,127.002413006799,11,650,SH,SH04,SH040300,2026-03-30 09:16:11+09:00,https://tong.visitkorea.or.kr/cms/resource/28/4043728_image2_1.png,https://tong.visitkorea.or.kr/cms/resource/28/4043728_image3_1.png,2026-08-29T22:50:16.951430+09:00
4013065,38,호간 신세계백화점 강남점,서울특별시 서초구 신반포로 176 (반포동) 4층,37.5039351769908,127.002413006799,11,650,SH,SH04,SH040300,2026-03-30 09:16:11+09:00,https://tong.visitkorea.or.kr/cms/resource/74/4044274_image2_1.png,https://tong.visitkorea.or.kr/cms/resource/74/4044274_image3_1.png,2026-08-29T22:50:16.951430+09:00
4013066,38,휴고보스 신세계백화점 강남점,서울특별시 서초구 신반포로 176 (반포동) 6층,37.5039351769908,127.002413006799,11,650,SH,SH04,SH040300,2026-03-30 09:16:11+09:00,https://tong.visitkorea.or.kr/cms/resource/20/4043720_image2_1.png,https://tong.visitkorea.or.kr/cms/resource/20/4043720_image3_1.png,2026-08-29T22:50:16.951430+09:00
4013067,38,S.T.Dupont 신세계백화점 강남점,서울특별시 서초구 신반포로 176 (반포동) 6층,37.5039351769908,127.002413006799,11,650,SH,SH04,SH040300,2026-03-19 06:42:59+09:00,https://tong.visitkorea.or.kr/cms/resource/41/4024341_image2_1.jpeg,https://tong.visitkorea.or.kr/cms/resource/41/4024341_image3_1.jpeg,2026-08-29T22:50:16.951430+09:00
4013068,38,스톤헨지 신세계백화점 강남점,서울특별시 서초구 신반포로 176 (반포동) 1층,37.5039351769908,127.002413006799,11,650,SH,SH04,SH040300,2026-03-27 09:21:50+09:00,https://tong.visitkorea.or.kr/cms/resource/06/4043706_image2_1.jpg,https://tong.visitkorea.or.kr/cms/resource/06/4043706_image3_1.jpg,2026-08-29T22:50:16.951430+09:00
4013069,38,예거르쿨트르 신세계백화점 강남점,서울특별시 서초구 신반포로 176 (반포동) 3층,37.5039351769908,127.002413006799,11,650,SH,SH04,SH040300,2026-03-30 09:16:11+09:00,https://tong.visitkorea.or.kr/cms/resource/27/4043727_image2_1.png,https://tong.visitkorea.or.kr/cms/resource/27/4043727_image3_1.png,2026-08-29T22:50:16.951430+09:00
4013070,38,토즈 남성 신세계백화점 강남점,서울특별시 서초구 신반포로 176 (반포동) 6층,37.5039351769908,127.002413006799,11,650,SH,SH04,SH040300,2026-03-30 09:16:11+09:00,https://tong.visitkorea.or.kr/cms/resource/80/4044580_image2_1.png,https://tong.visitkorea.or.kr/cms/resource/80/4044580_image3_1.png,2026-08-29T22:50:16.951430+09:00
4013071,38,삼성스토어 신세계백화점 강남점,서울특별시 서초구 신반포로 176 (반포동) 9층,37.5039351769908,127.002413006799,11,650,SH,SH04,SH040300,2026-03-30 09:16:11+09:00,https://tong.visitkorea.or.kr/cms/resource/07/4043707_image2_1.jpg,https://tong.visitkorea.or.kr/cms/resource/07/4043707_image3_1.jpg,2026-08-29T22:50:16.951430+09:00
4013072,38,코오롱스포츠 신세계백화점 강남점,서울특별시 서초구 신반포로 176 (반포동) 8층,37.5039351769908,127.002413006799,11,650,SH,SH04,SH040300,2026-03-30 09:16:11+09:00,https://tong.visitkorea.or.kr/cms/resource/04/4024004_image2_1.jpg,https://tong.visitkorea.or.kr/cms/resource/04/4024004_image3_1.jpg,2026-08-29T22:50:16.951430+09:00
4013073,38,디올 여성 신세계백화점 강남점,서울특별시 서초구 신반포로 176 (반포동) 2층,37.5039351769908,127.002413006799,11,650,SH,SH04,SH040300,2026-03-26 09:20:41+09:00,https://tong.visitkorea.or.kr/cms/resource/50/4041950_image2_1.jpg,https://tong.visitkorea.or.kr/cms/resource/50/4041950_image3_1.jpg,2026-08-29T22:50:16.951430+09:00
4013074,38,브레게 신세계백화점 강남점,서울특별시 서초구 신반포로 176 (반포동) 3층,37.5039351769908,127.002413006799,11,650,SH,SH04,SH040300,2026-03-27 09:21:50+09:00,https://tong.visitkorea.or.kr/cms/resource/00/4043700_image2_1.png,https://tong.visitkorea.or.kr/cms/resource/00/4043700_image3_1.png,2026-08-29T22:50:16.951430+09:00
4013075,38,ABC마트 MS 강남엔터식스점,서울특별시 서초구 신반포로 지하188 (반포동) B1층,37.5049267445237,127.004949918697,11,650,SH,SH04,SH040300,2026-03-27 09:21:50+09:00,https://tong.visitkorea.or.kr/cms/resource/22/4043722_image2_1.png,https://tong.visitkorea.or.kr/cms/resource/22/4043722_image3_1.png,2026-08-29T22:50:16.951430+09:00
4013076,38,아트박스 강남엔터식스점,서울특별시 서초구 신반포로 지하188 (반포동) B1층,37.5049267445237,127.004949918697,11,650,SH,SH04,SH040300,2026-03-30 09:16:11+09:00,https://tong.visitkorea.or.kr/cms/resource/45/4043745_image2_1.png,https://tong.visitkorea.or.kr/cms/resource/45/4043745_image3_1.png,2026-08-29T22:50:16.951430+09:00
4013077,38,노브랜드 강남터미널점,서울특별시 서초구 신반포로 194 (반포동) B1층,37.5064357442307,127.006834366246,11,650,SH,SH04,SH040300,2026-03-27 09:21:50+09:00,https://tong.visitkorea.or.kr/cms/resource/96/4043696_image2_1.jpg,https://tong.visitkorea.or.kr/cms/resource/96/4043696_image3_1.jpg,2026-08-29T22:50:16.951430+09:00
4013078,38,골프존마켓 잠원파스텔점,서울특별시 서초구 신반포로33길 23 (잠원동),37.5096124766896,127.009823997802,11,650,SH,SH04,SH040300,2026-03-27 09:21:50+09:00,https://tong.visitkorea.or.kr/cms/resource/92/4043692_image2_1.png,https://tong.visitkorea.or.kr/cms/resource/92/4043692_image3_1.png,2026-08-29T22:50:16.951430+09:00
4013079,38,엘앤씨퓨처랩,서울특별시 서초구 효령로 105 (방배동) 2층,37.48110170648,126.995684117355,11,650,SH,SH04,SH040300,2026-03-26 09:20:41+09:00,https://tong.visitkorea.or.kr/cms/resource/21/4042421_image2_1.jpg,https://tong.visitkorea.or.kr/cms/resource/21/4042421_image3_1.jpg,2026-08-29T22:50:16.951430+09:00
4013301,38,버버리여성 신세계백화점 강남점,서울특별시 서초구 신반포로 176 (반포동) 2층,37.5039351769908,127.002413006799,11,650,SH,SH04,SH040300,2026-03-30 09:16:11+09:00,https://tong.visitkorea.or.kr/cms/resource/08/4024608_image2_1.jpeg,https://tong.visitkorea.or.kr/cms/resource/08/4024608_image3_1.jpeg,2026-08-29T22:50:16.951430+09:00
4025586,38,정관장 양재역본점,서울특별시 서초구 강남대로 213 (양재동),37.4827666361943,127.034949554107,11,650,SH,SH04,SH040300,2026-03-26 09:20:41+09:00,https://tong.visitkorea.or.kr/cms/resource/75/4045875_image2_1.png,https://tong.visitkorea.or.kr/cms/resource/75/4045875_image3_1.png,2026-08-29T22:50:16.951430+09:00
4025592,38,초이스약국,"서울특별시 서초구 강남대로 375 (서초동, 서초현대타워아파트) 서초현대타워 1층",37.4963476993282,127.027852956171,11,650,SH,SH04,SH040300,2026-03-27 09:21:50+09:00,https://tong.visitkorea.or.kr/cms/resource/91/4045091_image2_1.JPG,https://tong.visitkorea.or.kr/cms/resource/91/4045091_image3_1.JPG,2026-08-29T22:50:16.951430+09:00
4025593,38,스파오 강남2호점,"서울특별시 서초구 강남대로 415 (서초동) 대동빌딩 1, 2층",37.4995604045649,127.026339775243,11,650,SH,SH04,SH040300,2026-03-27 09:21:50+09:00,https://tong.visitkorea.or.kr/cms/resource/33/4043333_image2_1.jpg,https://tong.visitkorea.or.kr/cms/resource/33/4043333_image3_1.jpg,2026-08-29T22:50:16.951430+09:00
4025599,38,미니골드 강남본점,서울특별시 서초구 강남대로 421 (서초동),37.500088523645,127.026162522931,11,650,SH,SH04,SH040300,2026-03-27 09:21:50+09:00,https://tong.visitkorea.or.kr/cms/resource/95/4045995_image2_1.png,https://tong.visitkorea.or.kr/cms/resource/95/4045995_image3_1.png,2026-08-29T22:50:16.951430+09:00
4025600,38,에이트약국,서울특별시 서초구 강남대로 423 (서초동) 1층,37.5003097069231,127.025815300449,11,650,SH,SH04,SH040300,2026-03-27 09:21:50+09:00,https://tong.visitkorea.or.kr/cms/resource/92/4045092_image2_1.JPG,https://tong.visitkorea.or.kr/cms/resource/92/4045092_image3_1.JPG,2026-08-29T22:50:16.951430+09:00
4025601,38,강남드림약국,서울특별시 서초구 강남대로 435 (서초동) 1층,37.5011776111829,127.025561030522,11,650,SH,SH04,SH040300,2026-03-27 09:21:50+09:00,https://tong.visitkorea.or.kr/cms/resource/15/4043515_image2_1.jpg,https://tong.visitkorea.or.kr/cms/resource/15/4043515_image3_1.jpg,2026-08-29T22:50:16.951430+09:00
4025602,38,찰스앤키스 강남 플래그십스토어,"서울특별시 서초구 강남대로 445 (서초동) 우신빌딩 1,2층",37.5019926393081,127.025243291906,11,650,SH,SH04,SH040300,2026-03-27 09:21:50+09:00,https://tong.visitkorea.or.kr/cms/resource/25/4045925_image2_1.png,https://tong.visitkorea.or.kr/cms/resource/25/4045925_image3_1.png,2026-08-29T22:50:16.951430+09:00
4025603,38,신논현민약국,서울특별시 서초구 강남대로 475 (반포동) 브라운성형외과빌딩 1층,37.5047497261489,127.023896898208,11,650,SH,SH04,SH040300,2026-03-27 09:21:50+09:00,https://tong.visitkorea.or.kr/cms/resource/93/4045093_image2_1.JPG,https://tong.visitkorea.or.kr/cms/resource/93/4045093_image3_1.JPG,2026-08-29T22:50:16.951430+09:00
4025604,38,씨티약국,서울특별시 서초구 강남대로 597 (잠원동) 진미선빌딩,37.5150359817667,127.019317658902,11,650,SH,SH04,SH040300,2026-03-27 09:21:50+09:00,https://tong.visitkorea.or.kr/cms/resource/94/4045094_image2_1.JPG,https://tong.visitkorea.or.kr/cms/resource/94/4045094_image3_1.JPG,2026-08-29T22:50:16.951430+09:00
4025605,38,스마트온누리약국,서울특별시 서초구 강남대로53길 7 (서초동) 애니타워 1층,37.4942643848404,127.028259839376,11,650,SH,SH04,SH040300,2026-03-27 09:21:50+09:00,https://tong.visitkorea.or.kr/cms/resource/74/4043374_image2_1.jpg,https://tong.visitkorea.or.kr/cms/resource/74/4043374_image3_1.jpg,2026-08-29T22:50:16.951430+09:00
4025606,38,으뜸50안경 강남1호점,서울특별시 서초구 강남대로61길 10 (서초동) 센타프라자 2층,37.4992617284625,127.025484268881,11,650,SH,SH04,SH040300,2026-03-27 09:21:50+09:00,https://tong.visitkorea.or.kr/cms/resource/95/4045095_image2_1.JPG,https://tong.visitkorea.or.kr/cms/resource/95/4045095_image3_1.JPG,2026-08-29T22:50:16.951430+09:00
4025607,38,뉴뉴 강남점,서울특별시 서초구 강남대로65길 1 (서초동) B1층,37.5005039452946,127.025899958924,11,650,SH,SH04,SH040300,2026-03-27 09:21:50+09:00,https://tong.visitkorea.or.kr/cms/resource/96/4045096_image2_1.JPG,https://tong.visitkorea.or.kr/cms/resource/96/4045096_image3_1.JPG,2026-08-29T22:50:16.951430+09:00
4025608,38,분홍약국,서울특별시 서초구 강남대로69길 10 (서초동) 1층,37.5017648931173,127.024249020995,11,650,SH,SH04,SH040300,2026-03-27 09:21:50+09:00,https://tong.visitkorea.or.kr/cms/resource/98/4045098_image2_1.JPG,https://tong.visitkorea.or.kr/cms/resource/98/4045098_image3_1.JPG,2026-08-29T22:50:16.951430+09:00
4025614,38,토니모리 신분당선양재점,서울특별시 서초구 남부순환로 지하2585 (서초동),37.4839347328908,127.034544193436,11,650,SH,SH04,SH040300,2026-03-27 09:21:50+09:00,https://tong.visitkorea.or.kr/cms/resource/15/4043915_image2_1.png,https://tong.visitkorea.or.kr/cms/resource/15/4043915_image3_1.png,2026-08-29T22:50:16.951430+09:00
4025615,38,으뜸50안경 양재역점,"서울특별시 서초구 남부순환로 2614 (양재동, 한솔로이젠트) 2층",37.4844741553292,127.036674496114,11,650,SH,SH04,SH040300,2026-03-27 09:21:50+09:00,https://tong.visitkorea.or.kr/cms/resource/99/4045099_image2_1.JPG,https://tong.visitkorea.or.kr/cms/resource/99/4045099_image3_1.JPG,2026-08-29T22:50:16.951430+09:00
4025616,38,이발레샵 예술의전당점,서울특별시 서초구 반포대로 10 (서초동) 신원빌딩 2층,37.4816501466664,127.012984826868,11,650,SH,SH04,SH040300,2026-03-27 09:21:50+09:00,https://tong.visitkorea.or.kr/cms/resource/01/4045101_image2_1.JPG,https://tong.visitkorea.or.kr/cms/resource/01/4045101_image3_1.JPG,2026-08-29T22:50:16.951430+09:00
4025621,38,LG전자 베스트샵 서초본점,서울특별시 서초구 반포대로 33 (서초동),37.4835000881949,127.011327730889,11,650,SH,SH04,SH040300,2026-03-26 09:20:41+09:00,https://tong.visitkorea.or.kr/cms/resource/29/4044229_image2_1.png,https://tong.visitkorea.or.kr/cms/resource/29/4044229_image3_1.png,2026-08-29T22:50:16.951430+09:00
4025624,38,AK골프 서초점,서울특별시 서초구 반포대로 43 (서초동) 코스모빌딩 1층,37.4842297705628,127.010841544849,11,650,SH,SH04,SH040300,2026-03-27 09:21:50+09:00,https://tong.visitkorea.or.kr/cms/resource/08/4043808_image2_1.png,https://tong.visitkorea.or.kr/cms/resource/08/4043808_image3_1.png,2026-08-29T22:50:16.951430+09:00
4025633,38,은파악기,서울특별시 서초구 반포대로9길 7 (서초동) 서초미래빌딩,37.4830819355995,127.011269891996,11,650,SH,SH04,SH040300,2026-03-27 09:21:50+09:00,https://tong.visitkorea.or.kr/cms/resource/02/4045102_image2_1.JPG,https://tong.visitkorea.or.kr/cms/resource/02/4045102_image3_1.JPG,2026-08-29T22:50:16.951430+09:00
4025635,38,노브랜드 서초방배점,서울특별시 서초구 방배로 110 (방배동),37.4841105552808,126.996273694804,11,650,SH,SH04,SH040300,2026-03-27 09:21:50+09:00,https://tong.visitkorea.or.kr/cms/resource/98/4043698_image2_1.png,https://tong.visitkorea.or.kr/cms/resource/98/4043698_image3_1.png,2026-08-29T22:50:16.951430+09:00
4025636,38,정관장 내방역점,서울특별시 서초구 방배로 196 (방배동),37.491057918019,126.991883620941,11,650,SH,SH04,SH040300,2026-03-27 09:21:50+09:00,https://tong.visitkorea.or.kr/cms/resource/03/4045103_image2_1.JPG,https://tong.visitkorea.or.kr/cms/resource/03/4045103_image3_1.JPG,2026-08-29T22:50:16.951430+09:00
4025637,38,미앤아이의원 방배점,서울특별시 서초구 방배로 76 (방배동) 머리재빌딩,37.4811603381547,126.998265188613,11,650,SH,SH04,SH040300,2026-03-27 09:21:50+09:00,https://tong.visitkorea.or.kr/cms/resource/04/4045104_image2_1.JPG,https://tong.visitkorea.or.kr/cms/resource/04/4045104_image3_1.JPG,2026-08-29T22:50:16.951430+09:00
4025660,38,강남엔비의원,서울특별시 서초구 서초대로77길 17 (서초동),37.4995535963247,127.025752388871,11,650,SH,SH04,SH040300,2026-03-27 09:21:50+09:00,https://tong.visitkorea.or.kr/cms/resource/46/4045946_image2_1.png,https://tong.visitkorea.or.kr/cms/resource/46/4045946_image3_1.png,2026-08-29T22:50:16.951430+09:00
4025666,38,글로스안경원,"서울특별시 서초구 서초중앙로 188 (서초동, 아크로비스타)",37.4973504144781,127.013538045649,11,650,SH,SH04,SH040300,2026-03-27 09:21:50+09:00,https://tong.visitkorea.or.kr/cms/resource/05/4045105_image2_1.JPG,https://tong.visitkorea.or.kr/cms/resource/05/4045105_image3_1.JPG,2026-08-29T22:50:16.951430+09:00
4025672,38,그라프 신세계백화점 강남점,서울특별시 서초구 신반포로 176 (반포동) 2층,37.5039351769908,127.002413006799,11,650,SH,SH04,SH040300,2026-03-30 09:16:11+09:00,https://tong.visitkorea.or.kr/cms/resource/07/4045107_image2_1.JPG,https://tong.visitkorea.or.kr/cms/resource/07/4045107_image3_1.JPG,2026-08-29T22:50:16.951430+09:00
4025673,38,IWC 샤프하우젠 신세계백화점 강남점,서울특별시 서초구 신반포로 176 (반포동) 3층,37.5039351769908,127.002413006799,11,650,SH,SH04,SH040300,2026-03-30 09:16:11+09:00,https://tong.visitkorea.or.kr/cms/resource/24/4043724_image2_1.png,https://tong.visitkorea.or.kr/cms/resource/24/4043724_image3_1.png,2026-08-29T22:50:16.951430+09:00
4025684,38,골든듀 신세계백화점 강남점,서울특별시 서초구 신반포로 176 (반포동) 3층,37.5039351769908,127.002413006799,11,650,SH,SH04,SH040300,2026-03-30 09:16:11+09:00,https://tong.visitkorea.or.kr/cms/resource/11/4045111_image2_1.JPG,https://tong.visitkorea.or.kr/cms/resource/11/4045111_image3_1.JPG,2026-08-29T22:50:16.951430+09:00
4025685,38,끌로에 신세계백화점 강남점,서울특별시 서초구 신반포로 176 (반포동) 3층,37.5039351769908,127.002413006799,11,650,SH,SH04,SH040300,2026-03-30 09:16:11+09:00,https://tong.visitkorea.or.kr/cms/resource/25/4043725_image2_1.png,https://tong.visitkorea.or.kr/cms/resource/25/4043725_image3_1.png,2026-08-29T22:50:16.951430+09:00
4025686,38,로에베 신세계백화점 강남점,서울특별시 서초구 신반포로 176 (반포동) 3층,37.5039351769908,127.002413006799,11,650,SH,SH04,SH040300,2026-03-30 09:16:11+09:00,https://tong.visitkorea.or.kr/cms/resource/70/4045870_image2_1.png,https://tong.visitkorea.or.kr/cms/resource/70/4045870_image3_1.png,2026-08-29T22:50:16.951430+09:00
4025687,38,로저드뷔 신세계백화점 강남점,서울특별시 서초구 신반포로 176 (반포동) 3층,37.5039351769908,127.002413006799,11,650,SH,SH04,SH040300,2026-03-30 09:16:11+09:00,https://tong.visitkorea.or.kr/cms/resource/83/4045983_image2_1.png,https://tong.visitkorea.or.kr/cms/resource/83/4045983_image3_1.png,2026-08-29T22:50:16.951430+09:00
4025688,38,바쉐론콘스탄틴 신세계백화점 강남점,서울특별시 서초구 신반포로 176 (반포동) 3층,37.5039351769908,127.002413006799,11,650,SH,SH04,SH040300,2026-03-30 09:16:11+09:00,https://tong.visitkorea.or.kr/cms/resource/26/4043726_image2_1.png,https://tong.visitkorea.or.kr/cms/resource/26/4043726_image3_1.png,2026-08-29T22:50:16.951430+09:00
4025689,38,오데마 피게 신세계백화점 강남점,서울특별시 서초구 신반포로 176 (반포동) 3층,37.5039351769908,127.002413006799,11,650,SH,SH04,SH040300,2026-03-27 09:21:50+09:00,https://tong.visitkorea.or.kr/cms/resource/06/4045106_image2_1.JPG,https://tong.visitkorea.or.kr/cms/resource/06/4045106_image3_1.JPG,2026-08-29T22:50:16.951430+09:00
4025690,38,위블로 신세계백화점 강남점,서울특별시 서초구 신반포로 176 (반포동) 3층,37.5039351769908,127.002413006799,11,650,SH,SH04,SH040300,2026-03-30 09:16:11+09:00,https://tong.visitkorea.or.kr/cms/resource/17/4043817_image2_1.png,https://tong.visitkorea.or.kr/cms/resource/17/4043817_image3_1.png,2026-08-29T22:50:16.951430+09:00
4025699,38,코치 신세계백화점 강남점,서울특별시 서초구 신반포로 176 (반포동) 4층,37.5039351769908,127.002413006799,11,650,SH,SH04,SH040300,2026-03-30 09:16:11+09:00,https://tong.visitkorea.or.kr/cms/resource/18/4045118_image2_1.JPG,https://tong.visitkorea.or.kr/cms/resource/18/4045118_image3_1.JPG,2026-08-29T22:50:16.951430+09:00
4025700,38,리모와 신세계백화점 강남점,서울특별시 서초구 신반포로 176 (반포동) 6층,37.5039351769908,127.002413006799,11,650,SH,SH04,SH040300,2026-03-30 09:16:11+09:00,https://tong.visitkorea.or.kr/cms/resource/72/4045972_image2_1.png,https://tong.visitkorea.or.kr/cms/resource/72/4045972_image3_1.png,2026-08-29T22:50:16.951430+09:00
4025701,38,다이소 강남고속터미널점,서울특별시 서초구 신반포로 194 (반포동) B1층,37.5064357442307,127.006834366246,11,650,SH,SH04,SH040300,2026-03-19 00:11:27+09:00,https://tong.visitkorea.or.kr/cms/resource/93/4029393_image2_1.jpg,https://tong.visitkorea.or.kr/cms/resource/93/4029393_image3_1.jpg,2026-08-29T22:50:16.951430+09:00
4025703,38,곰베,서울특별시 서초구 신반포로 지하200 (잠원동),37.5062203134857,127.005051680109,11,650,SH,SH04,SH040300,2026-03-27 09:21:50+09:00,https://tong.visitkorea.or.kr/cms/resource/75/4045475_image2_1.jpg,https://tong.visitkorea.or.kr/cms/resource/75/4045475_image3_1.jpg,2026-08-29T22:50:16.951430+09:00
4025709,38,똥싼바지 고투몰점,서울특별시 서초구 신반포로 지하200 (잠원동),37.5062203134857,127.005051680109,11,650,SH,SH04,SH040300,2026-03-27 09:21:50+09:00,https://tong.visitkorea.or.kr/cms/resource/96/4043996_image2_1.png,https://tong.visitkorea.or.kr/cms/resource/96/4043996_image3_1.png,2026-08-29T22:50:16.951430+09:00
4025710,38,크리스탈 안경,서울특별시 서초구 신반포로 지하200 (잠원동),37.5062203134857,127.005051680109,11,650,SH,SH04,SH040300,2026-03-27 09:21:50+09:00,https://tong.visitkorea.or.kr/cms/resource/22/4045122_image2_1.JPG,https://tong.visitkorea.or.kr/cms/resource/22/4045122_image3_1.JPG,2026-08-29T22:50:16.951430+09:00
4025712,38,쿄우마샵,서울특별시 서초구 효령로 304 (서초동) 9층,37.4847315992014,127.017803806463,11,650,SH,SH04,SH040300,2026-03-26 09:20:41+09:00,https://tong.visitkorea.or.kr/cms/resource/03/4042103_image2_1.jpeg,https://tong.visitkorea.or.kr/cms/resource/03/4042103_image3_1.jpeg,2026-08-29T22:50:16.951430+09:00
4025713,38,다비치안경 서초그랑자이아파트앞점,서울특별시 서초구 효령로 402 (서초동) 1층,37.4881309663803,127.027840294062,11,650,SH,SH04,SH040300,2026-03-27 09:21:50+09:00,https://tong.visitkorea.or.kr/cms/resource/23/4045123_image2_1.JPG,https://tong.visitkorea.or.kr/cms/resource/23/4045123_image3_1.JPG,2026-08-29T22:50:16.951430+09:00
4027290,38,다이소 강남고속버스터미널2호점,서울특별시 서초구 신반포로 194 (반포동) 1층,37.5064357442307,127.006834366246,11,650,SH,SH04,SH040300,2026-03-19 07:24:31+09:00,https://tong.visitkorea.or.kr/cms/resource/10/4029510_image2_1.jpg,https://tong.visitkorea.or.kr/cms/resource/10/4029510_image3_1.jpg,2026-08-29T22:50:16.951430+09:00
403534,39,톰볼라,서울특별시 서초구 서래로7길 16,37.4987888571387,126.997443751172,11,650,FD,FD02,FD020300,2026-02-05 14:07:29+09:00,,,2026-08-29T22:50:16.951430+09:00
4054313,38,라인프렌즈 강남 플래그십스토어[면세점(TAX REFUND SHOP)],서울특별시 서초구 강남대로 437 (서초동) 1~2층,37.5013634093685,127.025511220431,11,650,SH,SH04,SH040300,2026-04-01 02:05:44+09:00,https://tong.visitkorea.or.kr/cms/resource/20/4054220_image2_1.jpeg,https://tong.visitkorea.or.kr/cms/resource/20/4054220_image3_1.jpeg,2026-08-29T22:50:16.951430+09:00
4060158,15,한강 서래섬 피크닉 콘서트,서울특별시 서초구 신반포로11길 40 (반포동),37.5076939718271,126.992730984132,11,650,EV,EV02,EV020700,2026-04-29 17:17:12+09:00,https://tong.visitkorea.or.kr/cms/resource/56/4061456_image2_1.jpg,https://tong.visitkorea.or.kr/cms/resource/56/4061456_image3_1.jpg,2026-08-29T22:50:16.951430+09:00
4060617,28,세빛섬 튜브스터,서울특별시 서초구 올림픽대로 2085-14 (반포동),37.5124362037118,126.995962256954,11,650,LS,LS02,LS020200,2026-04-27 16:28:06+09:00,https://tong.visitkorea.or.kr/cms/resource/12/4060612_image2_1.jpg,https://tong.visitkorea.or.kr/cms/resource/12/4060612_image3_1.jpg,2026-08-29T22:50:16.951430+09:00
4061724,14,고터 세빛 관광안내센터,"서울특별시 서초구 반포대로 333 (반포동, 래미안 원베일리) 공공보행통로 내",37.5077735030051,126.995904034712,11,650,VE,VE12,VE120300,2026-06-02 18:10:35+09:00,https://tong.visitkorea.or.kr/cms/resource/83/4061283_image2_1.jpg,https://tong.visitkorea.or.kr/cms/resource/83/4061283_image3_1.jpg,2026-08-29T22:50:16.951430+09:00
4069856,15,서초 클래식 테마파크,서울특별시 서초구 방배중앙로19길 4 (방배동),37.4898764289,126.9868918551,11,650,EV,EV01,EV010200,2026-06-10 08:34:38+09:00,https://tong.visitkorea.or.kr/cms/resource/62/4069862_image2_1.jpg,https://tong.visitkorea.or.kr/cms/resource/62/4069862_image3_1.jpg,2026-08-29T22:50:16.951430+09:00
4076709,15,문구전 2026 여름,서울특별시 서초구 강남대로 27 (양재동),37.4682787075,127.0391364334,11,650,EV,EV03,EV030200,2026-06-17 17:49:27+09:00,https://tong.visitkorea.or.kr/cms/resource/26/4076726_image2_1.png,https://tong.visitkorea.or.kr/cms/resource/26/4076726_image3_1.png,2026-08-29T22:50:16.951430+09:00
4094595,15,컨템포러리 아티스트 프로젝트 《이완 - 나는 쓴다》,서울특별시 서초구 남부순환로 2406 (서초동),37.4802401962,127.0142152392,11,650,EV,EV03,EV030100,2026-07-30 14:19:44+09:00,https://tong.visitkorea.or.kr/cms/resource/83/4094783_image2_1.png,https://tong.visitkorea.or.kr/cms/resource/83/4094783_image3_1.png,2026-08-29T22:50:16.951430+09:00
581154,39,상락원,서울특별시 서초구 원터길 23,37.4431411404737,127.05615905995,11,650,FD,FD01,FD010100,2026-02-06 15:29:12+09:00,,,2026-08-29T22:50:16.951430+09:00
581825,39,노랑저고리,서울특별시 서초구 서초대로73길 9 (서초동) 5층,37.4983602268,127.0252436924,11,650,FD,FD01,FD010100,2025-12-15 15:41:07+09:00,,,2026-08-29T22:50:16.951430+09:00
584698,12,스파레이,서울특별시 서초구 강남대로107길 5 (잠원동),37.5182911216,127.0182965393,11,650,EX,EX05,EX050200,2025-11-17 15:46:01+09:00,http://tong.visitkorea.or.kr/cms/resource/72/2024972_image2_1.jpg,http://tong.visitkorea.or.kr/cms/resource/72/2024972_image3_1.jpg,2026-08-29T22:50:16.951430+09:00
729167,12,반포대교 달빛무지개분수,서울특별시 서초구 반포동 647,37.5126,126.9985,11,650,VE,VE01,VE010400,2026-03-18 10:10:05+09:00,https://tong.visitkorea.or.kr/cms/resource/46/3515046_image2_1.jpg,https://tong.visitkorea.or.kr/cms/resource/46/3515046_image3_1.jpg,2026-08-29T22:50:16.951430+09:00
736807,14,샘터화랑,서울특별시 서초구 고무래로8길 4 (반포동) 2층,37.5026605163,127.0103059528,11,650,VE,VE07,VE070600,2026-06-18 15:10:59+09:00,https://tong.visitkorea.or.kr/cms/resource/70/3554670_image2_1.jpg,https://tong.visitkorea.or.kr/cms/resource/70/3554670_image3_1.jpg,2026-08-29T22:50:16.951430+09:00
753972,14,매헌 윤봉길의사 기념관,서울특별시 서초구 매헌로 99 (양재동),37.4691610476,127.0368379074,11,650,VE,VE07,VE070200,2025-09-10 15:23:46+09:00,http://tong.visitkorea.or.kr/cms/resource/39/3521639_image2_1.jpg,http://tong.visitkorea.or.kr/cms/resource/39/3521639_image3_1.jpg,2026-08-29T22:50:16.951430+09:00
753981,12,몽마르뜨공원,서울특별시 서초구 반포대로 201 (반포동),37.4976821568,127.0045483736,11,650,VE,VE03,VE030100,2025-08-07 16:07:45+09:00,http://tong.visitkorea.or.kr/cms/resource/12/3456312_image2_1.jpg,http://tong.visitkorea.or.kr/cms/resource/12/3456312_image3_1.jpg,2026-08-29T22:50:16.951430+09:00
753983,12,반포 서래섬,서울특별시 서초구 반포동,37.5078,126.9896,11,650,NA,NA02,NA020500,2026-03-11 10:03:40+09:00,https://tong.visitkorea.or.kr/cms/resource/23/3515023_image2_1.jpg,https://tong.visitkorea.or.kr/cms/resource/23/3515023_image3_1.jpg,2026-08-29T22:50:16.951430+09:00
753986,12,효령대군 이보 묘역,서울특별시 서초구 효령로 135 (방배동),37.4824,127.0,11,650,HS,HS01,HS010800,2026-03-11 10:03:40+09:00,https://tong.visitkorea.or.kr/cms/resource/17/3515817_image2_1.jpg,https://tong.visitkorea.or.kr/cms/resource/17/3515817_image3_1.jpg,2026-08-29T22:50:16.951430+09:00
776082,12,관문사(서울),서울특별시 서초구 바우뫼로7길 111,37.4736868077,127.0222476042,11,650,HS,HS03,HS030100,2026-07-21 16:53:14+09:00,https://tong.visitkorea.or.kr/cms/resource/03/3393103_image2_1.JPG,https://tong.visitkorea.or.kr/cms/resource/03/3393103_image3_1.JPG,2026-08-29T22:50:16.951430+09:00
827585,12,양재천 근린공원,서울특별시 서초구 양재동 261-23,37.4765,127.0417,11,650,NA,NA04,NA040500,2026-02-27 10:12:05+09:00,https://tong.visitkorea.or.kr/cms/resource/88/3540688_image2_1.jpg,https://tong.visitkorea.or.kr/cms/resource/88/3540688_image3_1.jpg,2026-08-29T22:50:16.951430+09:00
827642,12,헌인릉 생태경관보전지역(오리나무림),서울특별시 서초구 헌인릉길 36-10 (내곡동),37.4642401896,127.0810118065,11,650,NA,NA04,NA040500,2025-11-20 16:46:08+09:00,http://tong.visitkorea.or.kr/cms/resource/20/3499820_image2_1.jpg,http://tong.visitkorea.or.kr/cms/resource/20/3499820_image3_1.jpg,2026-08-29T22:50:16.951430+09:00
836020,39,비노인빌라,서울특별시 서초구 남부순환로319길 14,37.4807857515608,127.01165398984,11,650,FD,FD02,FD020300,2026-02-11 09:21:31+09:00,https://tong.visitkorea.or.kr/cms/resource/08/1807908_image2_1.jpg,https://tong.visitkorea.or.kr/cms/resource/08/1807908_image3_1.jpg,2026-08-29T22:50:16.951430+09:00
970052,12,세빛섬,서울특별시 서초구 올림픽대로 2085-14 (반포동),37.5125,126.996,11,650,VE,VE02,VE020100,2026-03-18 10:10:05+09:00,https://tong.visitkorea.or.kr/cms/resource/10/3515810_image2_1.jpg,https://tong.visitkorea.or.kr/cms/resource/10/3515810_image3_1.jpg,2026-08-29T22:50:16.951430+09:00
970138,12,반포한강공원,서울특별시 서초구 신반포로11길 40 (반포동),37.5076862314,126.9927514401,11,650,VE,VE03,VE030100,2026-06-11 16:19:51+09:00,https://tong.visitkorea.or.kr/cms/resource/07/4061307_image2_1.jpg,https://tong.visitkorea.or.kr/cms/resource/07/4061307_image3_1.jpg,2026-08-29T22:50:16.951430+09:00
970342,12,잠원한강공원,서울특별시 서초구 잠원로 221-124 (잠원동),37.52075383481676,127.01227464007395,11,650,VE,VE03,VE030100,2026-03-18 10:10:05+09:00,https://tong.visitkorea.or.kr/cms/resource/29/3515029_image2_1.jpg,https://tong.visitkorea.or.kr/cms/resource/29/3515029_image3_1.jpg,2026-08-29T22:50:16.951430+09:00
984650,32,더리버사이드 호텔,서울특별시 서초구 강남대로107길 6 (잠원동),37.5187882827,127.0180965434,11,650,AC,AC01,AC010100,2025-10-27 13:53:16+09:00,http://tong.visitkorea.or.kr/cms/resource/62/2503562_image2_1.jpg,http://tong.visitkorea.or.kr/cms/resource/62/2503562_image2_1.jpg,2026-08-29T22:50:16.951430+09:00
