content_id,content_type_id,title,address,latitude,longitude,area_code,district_code,lcls_systm1,lcls_systm2,lcls_systm3,source_modified_at,first_image_url,thumbnail_url,list_fetched_at
1054888,28,여의도 둘레길(여의도 자전거도로),서울특별시 영등포구 여의동로 330,37.5263886632,126.933612357,11,560,LS,LS01,LS010200,2025-10-23 14:30:00+09:00,http://tong.visitkorea.or.kr/cms/resource/87/3551287_image2_1.jpg,http://tong.visitkorea.or.kr/cms/resource/87/3551287_image3_1.jpg,2026-08-29T22:50:14.744448+09:00
1059479,12,여의도한강공원,서울특별시 영등포구 여의동로 330 (여의도동),37.5263997727,126.9336095794,11,560,VE,VE03,VE030100,2025-12-12 09:11:31+09:00,http://tong.visitkorea.or.kr/cms/resource/89/3544389_image2_1.jpg,http://tong.visitkorea.or.kr/cms/resource/89/3544389_image3_1.jpg,2026-08-29T22:50:14.744448+09:00
1059877,12,양화한강공원,서울특별시 영등포구 노들로 221 (당산동),37.5382819489,126.902365881,11,560,VE,VE03,VE030100,2026-06-22 15:05:12+09:00,https://tong.visitkorea.or.kr/cms/resource_photo/46/3551346_image2_1.jpg,https://tong.visitkorea.or.kr/cms/resource_photo/46/3551346_image3_1.jpg,2026-08-29T22:50:14.744448+09:00
1102250,32,코트야드 바이 메리어트 서울타임스퀘어,서울특별시 영등포구 영중로 15 (영등포동4가),37.51778060722777,126.90536773973882,11,560,AC,AC01,AC010100,2026-01-23 13:35:49+09:00,https://tong.visitkorea.or.kr/cms/resource/37/3534037_image2_1.jpg,https://tong.visitkorea.or.kr/cms/resource/37/3534037_image3_1.jpg,2026-08-29T22:50:14.744448+09:00
1190304,32,하이서울유스호스텔,서울특별시 영등포구 영신로 200 (영등포동7가),37.5253021252,126.9026707626,11,560,AC,AC06,AC060100,2025-11-06 13:35:53+09:00,http://tong.visitkorea.or.kr/cms/resource/17/3562617_image2_1.jpg,http://tong.visitkorea.or.kr/cms/resource/17/3562617_image3_1.jpg,2026-08-29T22:50:14.744448+09:00
126701,12,이랜드크루즈(한강유람선),서울특별시 영등포구 여의동로 280 (여의도동),37.5250139197,126.9390341239,11,560,EX,EX07,EX070100,2025-11-14 18:03:04+09:00,http://tong.visitkorea.or.kr/cms/resource/80/3567180_image2_1.jpg,http://tong.visitkorea.or.kr/cms/resource/80/3567180_image3_1.jpg,2026-08-29T22:50:14.744448+09:00
126827,12,국회의사당,서울특별시 영등포구 의사당대로 1 (여의도동),37.529424118,126.9166304856,11,560,VE,VE01,VE010100,2025-11-27 14:43:30+09:00,http://tong.visitkorea.or.kr/cms/resource/82/3573082_image2_1.jpg,http://tong.visitkorea.or.kr/cms/resource/82/3573082_image3_1.jpg,2026-08-29T22:50:14.744448+09:00
127955,12,여의도공원,서울특별시 영등포구 여의공원로 68 (여의도동),37.5268578503,126.922293931,11,560,VE,VE03,VE030100,2025-11-17 09:21:24+09:00,http://tong.visitkorea.or.kr/cms/resource/19/3558719_image2_1.jpg,http://tong.visitkorea.or.kr/cms/resource/19/3558719_image3_1.jpg,2026-08-29T22:50:14.744448+09:00
129798,14,한국잡지박물관,서울특별시 영등포구 여의대방로67길 11 (여의도동),37.51976557074535,126.93024200228307,11,560,VE,VE07,VE070300,2026-03-19 09:49:59+09:00,https://tong.visitkorea.or.kr/cms/resource/47/3498847_image2_1.jpg,https://tong.visitkorea.or.kr/cms/resource/47/3498847_image3_1.jpg,2026-08-29T22:50:14.744448+09:00
130243,14,영산아트홀,서울특별시 영등포구 여의공원로 101 (여의도동),37.5292719570904,126.924892738645,11,560,VE,VE06,VE060100,2026-02-24 10:23:43+09:00,https://tong.visitkorea.or.kr/cms/resource/93/2378593_image2_1.jpg,https://tong.visitkorea.or.kr/cms/resource/93/2378593_image3_1.jpg,2026-08-29T22:50:14.744448+09:00
130378,14,영등포문화원,서울특별시 영등포구 신길로 275 (영등포동),37.5162061316,126.9122840318,11,560,VE,VE09,VE090100,2025-03-15 14:51:42+09:00,http://tong.visitkorea.or.kr/cms/resource/31/3399431_image2_1.JPG,http://tong.visitkorea.or.kr/cms/resource/31/3399431_image3_1.JPG,2026-08-29T22:50:14.744448+09:00
130779,14,서울특별시교육청 영등포평생학습관,서울특별시 영등포구 버드나루로15길 10 (당산동),37.5260548983,126.9073230952,11,560,VE,VE09,VE090300,2025-12-12 18:57:52+09:00,http://tong.visitkorea.or.kr/cms/resource/95/3581795_image2_1.jpeg,http://tong.visitkorea.or.kr/cms/resource/95/3581795_image3_1.jpeg,2026-08-29T22:50:14.744448+09:00
131136,28,서울시립문래청소년센터,서울특별시 영등포구 문래로 110 (문래동3가),37.51885220427979,126.89411466167748,11,560,VE,VE10,VE100200,2026-03-12 09:08:40+09:00,https://tong.visitkorea.or.kr/cms/resource/84/3497984_image2_1.jpg,https://tong.visitkorea.or.kr/cms/resource/84/3497984_image3_1.jpg,2026-08-29T22:50:14.744448+09:00
131317,28,한강시민공원 여의도수영장(실외),서울특별시 영등포구 여의동로 330 (여의도동),37.5263886632,126.933612357,11,560,LS,LS02,LS020700,2025-10-28 14:17:05+09:00,http://tong.visitkorea.or.kr/cms/resource/63/3557763_image2_1.jpg,http://tong.visitkorea.or.kr/cms/resource/63/3557763_image3_1.jpg,2026-08-29T22:50:14.744448+09:00
1327006,32,메리어트 이그제큐티브 아파트먼트 서울 여의도,서울특별시 영등포구 여의대로 8 (여의도동),37.5212667678,126.9186194232,11,560,AC,AC01,AC010100,2025-10-23 18:29:45+09:00,http://tong.visitkorea.or.kr/cms/resource/66/3555066_image2_1.JPG,http://tong.visitkorea.or.kr/cms/resource/66/3555066_image3_1.JPG,2026-08-29T22:50:14.744448+09:00
133381,39,영등포복집,서울특별시 영등포구 영등포로42길 10-1,37.5186501901,126.9065900374,11,560,FD,FD01,FD010100,2025-11-20 11:07:33+09:00,,,2026-08-29T22:50:14.744448+09:00
135114,39,대문점,서울특별시 영등포구 영중로10길 30,37.5185918989,126.908556527,11,560,FD,FD02,FD020100,2025-10-30 16:36:51+09:00,,,2026-08-29T22:50:14.744448+09:00
135153,39,워킹온더클라우드,서울특별시 영등포구 63로 50 59층,37.5196408332035,126.939907101047,11,560,FD,FD02,FD020300,2026-02-24 09:31:10+09:00,,,2026-08-29T22:50:14.744448+09:00
135385,39,한강파라다이스,서울특별시 영등포구 여의동로 252 (여의도동),37.5228919897,126.9415922843,11,560,FD,FD02,FD020300,2025-03-06 11:06:13+09:00,,,2026-08-29T22:50:14.744448+09:00
1369066,12,서울색공원,서울특별시 영등포구 여의도동,37.5304520284,126.9307152844,11,560,VE,VE03,VE030100,2025-10-23 14:30:00+09:00,http://tong.visitkorea.or.kr/cms/resource/77/3544377_image2_1.jpg,http://tong.visitkorea.or.kr/cms/resource/77/3544377_image3_1.jpg,2026-08-29T22:50:14.744448+09:00
143113,32,켄싱턴호텔 여의도 (구. 렉싱턴호텔),서울특별시 영등포구 국회대로76길 16 (여의도동),37.5302197753517,126.921939108647,11,560,AC,AC01,AC010100,2026-02-24 17:30:58+09:00,,,2026-08-29T22:50:14.744448+09:00
1567395,39,슈치쿠,서울특별시 영등포구 63로 50 58층,37.519588061808,126.939904325039,11,560,FD,FD02,FD020200,2026-02-20 17:27:13+09:00,,,2026-08-29T22:50:14.744448+09:00
1567401,39,터치더스카이,서울특별시 영등포구 63로 50 (여의도동),37.5196641552816,126.939909338068,11,560,FD,FD02,FD020300,2026-02-24 09:27:27+09:00,,,2026-08-29T22:50:14.744448+09:00
1603237,12,영등포공원,서울특별시 영등포구 신길로 275 (영등포동),37.515186,126.910807,11,560,VE,VE03,VE030100,2026-03-12 09:08:40+09:00,https://tong.visitkorea.or.kr/cms/resource/59/3497559_image2_1.jpg,https://tong.visitkorea.or.kr/cms/resource/59/3497559_image3_1.jpg,2026-08-29T22:50:14.744448+09:00
1817328,15,창립 65주년 기념 한국경제인협회와 함께하는 2026 서울시향 강변음악회,서울특별시 영등포구 한강남자전거길 1451 (여의도동),37.5308485071395,126.927745696174,11,560,EV,EV02,EV020600,2026-05-29 13:38:07+09:00,https://tong.visitkorea.or.kr/cms/resource/83/4069183_image2_1.jpg,https://tong.visitkorea.or.kr/cms/resource/83/4069183_image3_1.jpg,2026-08-29T22:50:14.744448+09:00
1826438,12,경찰혼,서울특별시 영등포구 국회대로 608 (당산동3가),37.5262468515,126.9015258773,11,560,HS,HS02,HS020100,2026-08-21 15:49:47+09:00,https://tong.visitkorea.or.kr/cms/resource/27/3466927_image2_1.jpg,https://tong.visitkorea.or.kr/cms/resource/27/3466927_image3_1.jpg,2026-08-29T22:50:14.744448+09:00
1828631,12,반공순국용사 위령탑,서울특별시 영등포구 신길동 20-4,37.5171409,126.9185722,11,560,HS,HS02,HS020100,2026-08-21 14:42:52+09:00,https://tong.visitkorea.or.kr/cms/resource/77/3568277_image2_1.jpg,https://tong.visitkorea.or.kr/cms/resource/77/3568277_image3_1.jpg,2026-08-29T22:50:14.744448+09:00
1835206,12,이탈리아 의무부대 6·25전쟁 참전기념비,서울특별시 영등포구 신길로 190 (신길동),37.5091235992,126.91106212,11,560,HS,HS02,HS020100,2025-04-10 15:44:48+09:00,http://tong.visitkorea.or.kr/cms/resource/62/3476962_image2_1.JPG,http://tong.visitkorea.or.kr/cms/resource/62/3476962_image3_1.JPG,2026-08-29T22:50:14.744448+09:00
1836261,12,한강방어 백골부대 전적비,서울특별시 영등포구 여의동로 지하343 (여의도동) 여의나루역 2번 출구 근처,37.52714134,126.9328707368,11,560,HS,HS02,HS020100,2025-04-07 11:26:14+09:00,http://tong.visitkorea.or.kr/cms/resource/08/3399708_image2_1.JPG,http://tong.visitkorea.or.kr/cms/resource/08/3399708_image3_1.JPG,2026-08-29T22:50:14.744448+09:00
1853800,32,콘래드 서울,서울특별시 영등포구 국제금융로 10 (여의도동),37.5258580443,126.9266241202,11,560,AC,AC01,AC010100,2025-10-23 14:30:00+09:00,http://tong.visitkorea.or.kr/cms/resource/23/3550123_image2_1.jpeg,http://tong.visitkorea.or.kr/cms/resource/23/3550123_image3_1.jpeg,2026-08-29T22:50:14.744448+09:00
1985338,39,영일분식,서울특별시 영등포구 도림로141가길 34-1 (문래동4가),37.516369598,126.889694419,11,560,FD,FD03,FD030400,2025-03-06 10:23:42+09:00,,,2026-08-29T22:50:14.744448+09:00
1988288,38,IFC몰,서울특별시 영등포구 국제금융로 10 (여의도동),37.525053,126.925912,11,560,SH,SH02,SH020100,2026-03-12 09:08:40+09:00,https://tong.visitkorea.or.kr/cms/resource/95/3498895_image2_1.jpg,https://tong.visitkorea.or.kr/cms/resource/95/3498895_image3_1.jpg,2026-08-29T22:50:14.744448+09:00
2023561,39,아승지,서울특별시 영등포구 신길로 176 (신길동),37.5078987438,126.9112204743,11,560,FD,FD02,FD020500,2025-10-24 16:48:54+09:00,,,2026-08-29T22:50:14.744448+09:00
2037026,38,대림중앙시장,서울특별시 영등포구 디지털로37나길 21 (대림동),37.4915329515,126.8996675988,11,560,SH,SH06,SH060200,2026-08-27 10:23:40+09:00,https://tong.visitkorea.or.kr/cms/resource/39/3581039_image2_1.jpg,https://tong.visitkorea.or.kr/cms/resource/39/3581039_image3_1.jpg,2026-08-29T22:50:14.744448+09:00
2373320,12,맥아더 사령관 한강방어선 시찰지,서울특별시 영등포구 신길로 275 (영등포동),37.5162061316,126.9122840318,11,560,HS,HS01,HS011200,2025-03-15 14:51:18+09:00,http://tong.visitkorea.or.kr/cms/resource/48/3384448_image2_1.JPG,http://tong.visitkorea.or.kr/cms/resource/48/3384448_image3_1.JPG,2026-08-29T22:50:14.744448+09:00
2402981,12,대림동 차이나타운,서울특별시 영등포구 대림동 1050-43,37.4924530714,126.8975138236,11,560,VE,VE04,VE040100,2025-08-27 16:51:20+09:00,http://tong.visitkorea.or.kr/cms/resource/92/3526892_image2_1.jpg,http://tong.visitkorea.or.kr/cms/resource/92/3526892_image3_1.jpg,2026-08-29T22:50:14.744448+09:00
2439432,39,정인면옥 (외국어사이트용),서울특별시 영등포구 국회대로76길 10 (여의도동),37.5305836122779,126.921516917276,11,560,FD,FD01,FD010100,2026-03-09 09:36:31+09:00,https://tong.visitkorea.or.kr/cms/resource/05/2478105_image2_1.jpg,https://tong.visitkorea.or.kr/cms/resource/05/2478105_image3_1.jpg,2026-08-29T22:50:14.744448+09:00
2497537,15,2026 한강나이트워크42K with 토레타!,서울특별시 영등포구 여의공원로 68 (여의도동),37.524979,126.937696,11,560,EV,EV03,EV030400,2026-06-25 11:30:06+09:00,https://tong.visitkorea.or.kr/cms/resource/63/4071363_image2_1.jpg,https://tong.visitkorea.or.kr/cms/resource/63/4071363_image3_1.jpg,2026-08-29T22:50:14.744448+09:00
2563211,39,[백년가게] 삼거리 먼지막 순대국,서울특별시 영등포구 시흥대로185길 11 (대림동),37.4917755462,126.9072601771,11,560,FD,FD01,FD010100,2025-03-19 19:31:25+09:00,,,2026-08-29T22:50:14.744448+09:00
2624028,32,Sweet Home Seoul,"서울특별시 영등포구 영중로 145 (영등포동8가,영등포삼환아파트) 102동 1601호",37.5296488819,126.9049204352,11,560,AC,AC06,AC060200,2025-09-15 13:32:06+09:00,,,2026-08-29T22:50:14.744448+09:00
2650230,12,문래예술공장,서울특별시 영등포구 경인로88길 5-4,37.5132812541,126.900160219,11,560,VE,VE12,VE120300,2025-11-05 11:02:18+09:00,http://tong.visitkorea.or.kr/cms/resource/16/3466116_image2_1.jpg,http://tong.visitkorea.or.kr/cms/resource/16/3466116_image3_1.jpg,2026-08-29T22:50:14.744448+09:00
2661405,12,선유도공원,서울특별시 영등포구 선유로 343 (당산동),37.54223754535507,126.90242756770019,11,560,VE,VE03,VE030100,2026-03-11 10:03:40+09:00,https://tong.visitkorea.or.kr/cms/resource/83/3512483_image2_1.jpg,https://tong.visitkorea.or.kr/cms/resource/83/3512483_image3_1.jpg,2026-08-29T22:50:14.744448+09:00
2663444,39,거창 왕돈까스,서울특별시 영등포구 국제금융로6길 30 (여의도동),37.521775185,126.9266186801,11,560,FD,FD01,FD010100,2025-08-22 14:16:59+09:00,http://tong.visitkorea.or.kr/cms/resource/45/2663445_image2_1.jpg,http://tong.visitkorea.or.kr/cms/resource/45/2663445_image2_1.jpg,2026-08-29T22:50:14.744448+09:00
2663450,39,고려정,서울특별시 영등포구 국제금융로6길 30 (여의도동),37.521775185,126.9266186801,11,560,FD,FD01,FD010100,2025-08-22 14:20:15+09:00,http://tong.visitkorea.or.kr/cms/resource/51/2663451_image2_1.jpg,http://tong.visitkorea.or.kr/cms/resource/51/2663451_image2_1.jpg,2026-08-29T22:50:14.744448+09:00
2663464,39,명보정,서울특별시 영등포구 국제금융로6길 30 (여의도동),37.521775185,126.9266186801,11,560,FD,FD01,FD010100,2025-08-22 14:27:17+09:00,http://tong.visitkorea.or.kr/cms/resource/65/2663465_image2_1.jpg,http://tong.visitkorea.or.kr/cms/resource/65/2663465_image3_1.jpg,2026-08-29T22:50:14.744448+09:00
2663476,39,성하,서울특별시 영등포구 국제금융로6길 30,37.5217779627,126.9266297904,11,560,FD,FD01,FD010100,2025-08-22 14:30:11+09:00,http://tong.visitkorea.or.kr/cms/resource/77/2663477_image2_1.jpg,http://tong.visitkorea.or.kr/cms/resource/77/2663477_image3_1.jpg,2026-08-29T22:50:14.744448+09:00
2663518,39,쌍대포 맷돌순두부,서울특별시 영등포구 국제금융로6길 30 (여의도동),37.521775185,126.9266186801,11,560,FD,FD01,FD010100,2025-08-22 14:32:50+09:00,http://tong.visitkorea.or.kr/cms/resource/22/2663522_image2_1.jpg,http://tong.visitkorea.or.kr/cms/resource/22/2663522_image2_1.jpg,2026-08-29T22:50:14.744448+09:00
2663525,39,여의도 양꼬치,"서울특별시 영등포구 국제금융로6길 30, 2층",37.5217779627,126.9266297904,11,560,FD,FD02,FD020100,2025-08-22 14:36:15+09:00,http://tong.visitkorea.or.kr/cms/resource/26/2663526_image2_1.jpg,http://tong.visitkorea.or.kr/cms/resource/26/2663526_image2_1.jpg,2026-08-29T22:50:14.744448+09:00
2663533,39,진가,서울특별시 영등포구 국제금융로6길 30 (여의도동),37.521775185,126.9266186801,11,560,FD,FD01,FD010100,2025-08-22 14:41:02+09:00,http://tong.visitkorea.or.kr/cms/resource/34/2663534_image2_1.jpg,http://tong.visitkorea.or.kr/cms/resource/34/2663534_image2_1.jpg,2026-08-29T22:50:14.744448+09:00
2663552,39,향토,서울특별시 영등포구 국제금융로6길 30 (여의도동),37.521775185,126.9266186801,11,560,FD,FD01,FD010100,2025-08-22 14:44:59+09:00,http://tong.visitkorea.or.kr/cms/resource/53/2663553_image2_1.jpg,http://tong.visitkorea.or.kr/cms/resource/53/2663553_image2_1.jpg,2026-08-29T22:50:14.744448+09:00
2667567,39,청하,서울특별시 영등포구 국제금융로 78,37.5209281453,126.9313238308,11,560,FD,FD02,FD020200,2025-01-17 11:03:11+09:00,http://tong.visitkorea.or.kr/cms/resource/70/2667570_image2_1.jpg,http://tong.visitkorea.or.kr/cms/resource/70/2667570_image2_1.jpg,2026-08-29T22:50:14.744448+09:00
2671202,39,금룡,서울특별시 영등포구 국회대로70길 19 (여의도동),37.5292714336,126.9208523275,11,560,FD,FD02,FD020100,2025-10-23 14:30:00+09:00,http://tong.visitkorea.or.kr/cms/resource/07/2671207_image2_1.jpg,http://tong.visitkorea.or.kr/cms/resource/07/2671207_image2_1.jpg,2026-08-29T22:50:14.744448+09:00
2679810,39,만다린,서울특별시 영등포구 국회대로29길 16 (당산동4가),37.5295432042,126.8973572393,11,560,FD,FD02,FD020100,2025-01-14 17:27:33+09:00,http://tong.visitkorea.or.kr/cms/resource/11/2679811_image2_1.jpg,http://tong.visitkorea.or.kr/cms/resource/11/2679811_image2_1.jpg,2026-08-29T22:50:14.744448+09:00
2708109,38,더현대 서울,서울특별시 영등포구 여의대로 108 (여의도동),37.5270972265,126.9273012282,11,560,SH,SH01,SH010100,2026-08-11 09:19:50+09:00,https://tong.visitkorea.or.kr/cms/resource/71/4097071_image2_1.png,https://tong.visitkorea.or.kr/cms/resource/71/4097071_image3_1.png,2026-08-29T22:50:14.744448+09:00
2721755,32,페어몬트 앰배서더 서울(Fairmont Ambassador Seoul),서울특별시 영등포구 여의대로 108,37.5259691729,126.92832674,11,560,AC,AC01,AC010100,2025-10-27 17:31:04+09:00,http://tong.visitkorea.or.kr/cms/resource/98/2721798_image2_1.jpg,http://tong.visitkorea.or.kr/cms/resource/98/2721798_image2_1.jpg,2026-08-29T22:50:14.744448+09:00
2733852,12,여의도 물빛광장,서울특별시 영등포구 한강남자전거길 1451 (여의도동),37.53084851503771,126.92774574191691,11,560,VE,VE01,VE010400,2026-03-12 09:08:40+09:00,https://tong.visitkorea.or.kr/cms/resource/44/3499244_image2_1.jpg,https://tong.visitkorea.or.kr/cms/resource/44/3499244_image3_1.jpg,2026-08-29T22:50:14.744448+09:00
2751339,14,KBS온,서울특별시 영등포구 여의공원로 13 (여의도동),37.5260245145,126.91674446,11,560,VE,VE07,VE070300,2025-01-10 11:41:04+09:00,http://tong.visitkorea.or.kr/cms/resource/24/2784524_image2_1.jpg,http://tong.visitkorea.or.kr/cms/resource/24/2784524_image2_1.jpg,2026-08-29T22:50:14.744448+09:00
2751348,12,문래근린공원,서울특별시 영등포구 문래동3가 61,37.5171,126.894,11,560,VE,VE03,VE030400,2026-03-12 09:08:40+09:00,https://tong.visitkorea.or.kr/cms/resource/26/3496726_image2_1.jpg,https://tong.visitkorea.or.kr/cms/resource/26/3496726_image3_1.jpg,2026-08-29T22:50:14.744448+09:00
2753103,12,대림어린이공원,서울특별시 영등포구 대림로 106 (대림동),37.491122772,126.9032244523,11,560,VE,VE03,VE030300,2025-03-06 13:38:44+09:00,http://tong.visitkorea.or.kr/cms/resource/93/3399393_image2_1.JPG,http://tong.visitkorea.or.kr/cms/resource/93/3399393_image3_1.JPG,2026-08-29T22:50:14.744448+09:00
2753117,38,대신시장,서울특별시 영등포구 도신로60길 7 (신길동),37.5111234834,126.9176003574,11,560,SH,SH06,SH060200,2025-04-08 10:12:08+09:00,http://tong.visitkorea.or.kr/cms/resource/25/3463525_image2_1.jpg,http://tong.visitkorea.or.kr/cms/resource/25/3463525_image3_1.jpg,2026-08-29T22:50:14.744448+09:00
2760268,12,여의도한강공원 멀티프라자,서울특별시 영등포구 여의도동 84-4,37.5282689639,126.9316013762,11,560,VE,VE03,VE030100,2025-10-23 14:30:00+09:00,http://tong.visitkorea.or.kr/cms/resource/84/3544384_image2_1.jpg,http://tong.visitkorea.or.kr/cms/resource/84/3544384_image3_1.jpg,2026-08-29T22:50:14.744448+09:00
2763905,38,영일시장,서울특별시 영등포구 문래로30길 27 (문래동3가),37.5162531419,126.9007600806,11,560,SH,SH06,SH060200,2025-12-02 16:45:40+09:00,http://tong.visitkorea.or.kr/cms/resource/42/3463442_image2_1.jpg,http://tong.visitkorea.or.kr/cms/resource/42/3463442_image3_1.jpg,2026-08-29T22:50:14.744448+09:00
2764364,38,영등포전통시장,서울특별시 영등포구 영등포동2가 30-1,37.5198528553,126.908114865,11,560,SH,SH06,SH060200,2025-06-02 17:45:19+09:00,http://tong.visitkorea.or.kr/cms/resource/82/2779882_image2_1.png,http://tong.visitkorea.or.kr/cms/resource/82/2779882_image3_1.png,2026-08-29T22:50:14.744448+09:00
2764375,38,영등포청과시장,"서울특별시 영등포구 영신로41길 5-1 (당산동1가, 에이원하우징)",37.5218580438,126.900601604,11,560,SH,SH06,SH060200,2025-06-26 13:56:04+09:00,http://tong.visitkorea.or.kr/cms/resource/92/2779892_image2_1.png,http://tong.visitkorea.or.kr/cms/resource/92/2779892_image3_1.png,2026-08-29T22:50:14.744448+09:00
2774291,12,안양천제방벚꽃길,서울특별시 영등포구 양평동1가,37.524551829,126.8812144059,11,560,NA,NA05,NA050100,2025-09-18 09:41:14+09:00,http://tong.visitkorea.or.kr/cms/resource/44/3540444_image2_1.jpg,http://tong.visitkorea.or.kr/cms/resource/44/3540444_image3_1.jpg,2026-08-29T22:50:14.744448+09:00
2774305,12,여의도공원 문화의마당,서울특별시 영등포구 여의도동 17,37.5247525022,126.9202136244,11,560,VE,VE03,VE030100,2025-04-07 11:10:51+09:00,http://tong.visitkorea.or.kr/cms/resource/00/3399700_image2_1.JPG,http://tong.visitkorea.or.kr/cms/resource/00/3399700_image3_1.JPG,2026-08-29T22:50:14.744448+09:00
2781318,12,문래창작촌,서울특별시 영등포구 도림로128가길 13-8 (문래동3가),37.5142928537,126.8976745773,11,560,VE,VE04,VE040200,2026-06-05 11:56:46+09:00,https://tong.visitkorea.or.kr/cms/resource/55/4063655_image2_1.jpg,https://tong.visitkorea.or.kr/cms/resource/55/4063655_image3_1.jpg,2026-08-29T22:50:14.744448+09:00
2782825,39,골목집,서울특별시 영등포구 도림로125길 34 (문래동2가),37.5133061252,126.8931053057,11,560,FD,FD01,FD010100,2025-08-07 15:08:20+09:00,http://tong.visitkorea.or.kr/cms/resource/74/2782574_image2_1.jpg,http://tong.visitkorea.or.kr/cms/resource/74/2782574_image3_1.jpg,2026-08-29T22:50:14.744448+09:00
2782928,39,소문난식당,서울특별시 영등포구 도림로141가길 32-1 (문래동4가),37.5162668351,126.8899027363,11,560,FD,FD01,FD010100,2025-08-01 10:39:32+09:00,http://tong.visitkorea.or.kr/cms/resource/69/2782769_image2_1.jpg,http://tong.visitkorea.or.kr/cms/resource/69/2782769_image2_1.jpg,2026-08-29T22:50:14.744448+09:00
2783104,39,매일낙지,서울특별시 영등포구 경인로78길 3-16,37.5119118844,126.8953829154,11,560,FD,FD01,FD010100,2025-07-28 14:47:41+09:00,http://tong.visitkorea.or.kr/cms/resource/12/2782612_image2_1.jpg,http://tong.visitkorea.or.kr/cms/resource/12/2782612_image3_1.jpg,2026-08-29T22:50:14.744448+09:00
2783331,28,한강레져스포츠,서울특별시 영등포구 여의동로 290 (여의도동),37.5258888069,126.9384174889,11,560,LS,LS02,LS021400,2025-05-27 09:49:24+09:00,http://tong.visitkorea.or.kr/cms/resource/45/2794845_image2_1.jpeg,http://tong.visitkorea.or.kr/cms/resource/45/2794845_image2_1.jpeg,2026-08-29T22:50:14.744448+09:00
2808930,39,훈카츠,서울특별시 영등포구 선유로9길 10 문래 SK V1 center,37.5178650997687,126.887151186264,11,560,FD,FD02,FD020200,2026-02-05 15:00:54+09:00,,,2026-08-29T22:50:14.744448+09:00
2827995,39,맛뿔감자탕,서울특별시 영등포구 시흥대로 629 대진빌딩 1층,37.4886356620542,126.905664097704,11,560,FD,FD01,FD010100,2026-02-05 16:56:21+09:00,,,2026-08-29T22:50:14.744448+09:00
2828328,15,서울스프링페스티벌,서울특별시 영등포구 여의동로 330 (여의도동) 한강공원 일원,37.5263474738219,126.933595431713,11,560,EV,EV01,EV010600,2026-04-07 14:37:23+09:00,https://tong.visitkorea.or.kr/cms/resource/60/4025160_image2_1.jpg,https://tong.visitkorea.or.kr/cms/resource/60/4025160_image3_1.jpg,2026-08-29T22:50:14.744448+09:00
2836227,39,또순이네집,서울특별시 영등포구 선유로47길 16 (양평동4가),37.5359285378,126.8954016819,11,560,FD,FD01,FD010100,2025-08-06 15:58:58+09:00,http://tong.visitkorea.or.kr/cms/resource/17/2836217_image2_1.jpg,http://tong.visitkorea.or.kr/cms/resource/17/2836217_image3_1.jpg,2026-08-29T22:50:14.744448+09:00
2836246,39,이한스시,서울특별시 영등포구 선유로22길 3 (양평동1가),37.5216578842,126.8903692083,11,560,FD,FD02,FD020200,2025-08-06 16:03:50+09:00,http://tong.visitkorea.or.kr/cms/resource/40/2836240_image2_1.jpg,http://tong.visitkorea.or.kr/cms/resource/40/2836240_image3_1.jpg,2026-08-29T22:50:14.744448+09:00
2836272,39,코끼리베이글,서울특별시 영등포구 선유로 176 (양평동3가),37.5293098155,126.8927437773,11,560,FD,FD05,FD050100,2025-08-06 16:07:37+09:00,http://tong.visitkorea.or.kr/cms/resource/57/2836257_image2_1.jpg,http://tong.visitkorea.or.kr/cms/resource/57/2836257_image3_1.jpg,2026-08-29T22:50:14.744448+09:00
2850091,39,청수우동메밀냉면,서울특별시 영등포구 국제금융로 112 (여의도동),37.5184507015,126.9339208863,11,560,FD,FD01,FD010100,2025-09-18 10:40:22+09:00,http://tong.visitkorea.or.kr/cms/resource/81/2850081_image2_1.jpg,http://tong.visitkorea.or.kr/cms/resource/81/2850081_image3_1.jpg,2026-08-29T22:50:14.744448+09:00
2850125,39,아리수만찬,서울특별시 영등포구 노들로 111 양화유람선선착장,37.5453940744,126.8936960153,11,560,FD,FD01,FD010100,2025-09-18 10:42:35+09:00,http://tong.visitkorea.or.kr/cms/resource/10/2850110_image2_1.jpg,http://tong.visitkorea.or.kr/cms/resource/10/2850110_image3_1.jpg,2026-08-29T22:50:14.744448+09:00
2850152,39,동해도 본점,서울특별시 영등포구 은행로 25 (여의도동),37.5287492815,126.9213967368,11,560,FD,FD02,FD020200,2025-09-18 10:46:01+09:00,http://tong.visitkorea.or.kr/cms/resource/33/2850133_image2_1.jpg,http://tong.visitkorea.or.kr/cms/resource/33/2850133_image3_1.jpg,2026-08-29T22:50:14.744448+09:00
2850183,39,대한옥,서울특별시 영등포구 영등포로51길 6 (영등포동2가),37.5194140671,126.9108951791,11,560,FD,FD01,FD010100,2025-09-18 10:49:00+09:00,http://tong.visitkorea.or.kr/cms/resource/70/2850170_image2_1.jpg,http://tong.visitkorea.or.kr/cms/resource/70/2850170_image3_1.jpg,2026-08-29T22:50:14.744448+09:00
2850213,39,가양칼국수버섯매운탕,서울특별시 영등포구 국제금융로 78 (여의도동),37.5209253677,126.9313127207,11,560,FD,FD01,FD010100,2025-09-18 10:52:57+09:00,http://tong.visitkorea.or.kr/cms/resource/00/2850200_image2_1.jpg,http://tong.visitkorea.or.kr/cms/resource/00/2850200_image3_1.jpg,2026-08-29T22:50:14.744448+09:00
2850926,39,3일한우국밥,서울특별시 영등포구 영등포로 204,37.5199861014,126.9040957827,11,560,FD,FD01,FD010100,2025-01-13 09:21:08+09:00,http://tong.visitkorea.or.kr/cms/resource/20/2850920_image2_1.jpg,http://tong.visitkorea.or.kr/cms/resource/20/2850920_image3_1.jpg,2026-08-29T22:50:14.744448+09:00
2851590,39,값진식육,서울특별시 영등포구 선유로 58-4 (문래동3가),37.5190803938,126.8896998979,11,560,FD,FD01,FD010100,2025-09-18 11:01:06+09:00,http://tong.visitkorea.or.kr/cms/resource/81/2851581_image2_1.jpg,http://tong.visitkorea.or.kr/cms/resource/81/2851581_image3_1.jpg,2026-08-29T22:50:14.744448+09:00
2851611,39,능이버섯백숙,서울특별시 영등포구 선유로 32,37.5168111987,126.8888722596,11,560,FD,FD01,FD010100,2025-01-10 15:43:20+09:00,http://tong.visitkorea.or.kr/cms/resource/95/2851595_image2_1.jpg,http://tong.visitkorea.or.kr/cms/resource/95/2851595_image3_1.jpg,2026-08-29T22:50:14.744448+09:00
2851644,39,라크라센타,서울특별시 영등포구 문래로 92-5,37.5188817332669,126.892197887326,11,560,FD,FD05,FD050100,2026-05-18 10:54:25+09:00,https://tong.visitkorea.or.kr/cms/resource/75/4063675_image2_1.jpg,https://tong.visitkorea.or.kr/cms/resource/75/4063675_image3_1.jpg,2026-08-29T22:50:14.744448+09:00
2852088,39,카페1953위드오드리,서울특별시 영등포구 경인로77가길 12,37.5118131515125,126.892253637803,11,560,FD,FD05,FD050100,2026-02-06 15:51:23+09:00,,,2026-08-29T22:50:14.744448+09:00
2852596,39,화목순대국,서울특별시 영등포구 여의대방로 383 경도빌딩 1층,37.5193949937,126.9315183007,11,560,FD,FD01,FD010100,2025-01-20 15:22:33+09:00,http://tong.visitkorea.or.kr/cms/resource/91/2852591_image2_1.jpg,http://tong.visitkorea.or.kr/cms/resource/91/2852591_image3_1.jpg,2026-08-29T22:50:14.744448+09:00
2852644,39,신길동매운짬뽕,서울특별시 영등포구 영등포로62길 10-1 (신길동),37.5153979682,126.916536445,11,560,FD,FD02,FD020100,2025-09-18 11:20:05+09:00,http://tong.visitkorea.or.kr/cms/resource/29/2852629_image2_1.jpg,http://tong.visitkorea.or.kr/cms/resource/29/2852629_image3_1.jpg,2026-08-29T22:50:14.744448+09:00
2852660,39,송죽장,서울특별시 영등포구 문래로 203,37.5183057517,126.9047152179,11,560,FD,FD02,FD020100,2025-01-16 14:45:51+09:00,http://tong.visitkorea.or.kr/cms/resource/54/2852654_image2_1.jpg,http://tong.visitkorea.or.kr/cms/resource/54/2852654_image3_1.jpg,2026-08-29T22:50:14.744448+09:00
2853574,39,라메흐꺄도,서울특별시 영등포구 선유로17길 24 (문래동6가),37.5211801026,126.8870500801,11,560,FD,FD01,FD010100,2025-09-18 11:31:56+09:00,http://tong.visitkorea.or.kr/cms/resource/63/2853563_image2_1.jpg,http://tong.visitkorea.or.kr/cms/resource/63/2853563_image3_1.jpg,2026-08-29T22:50:14.744448+09:00
2854328,39,가족천하 본점,서울특별시 영등포구 가마산로 330 (대림동),37.4989023017,126.8963415265,11,560,FD,FD01,FD010100,2025-03-06 09:58:27+09:00,,,2026-08-29T22:50:14.744448+09:00
2854383,39,단아,서울특별시 영등포구 여의대방로67길 21 정곡빌딩,37.5206059278,126.9294934507,11,560,FD,FD01,FD010100,2025-09-19 09:01:58+09:00,http://tong.visitkorea.or.kr/cms/resource/69/2854369_image2_1.jpg,http://tong.visitkorea.or.kr/cms/resource/69/2854369_image3_1.jpg,2026-08-29T22:50:14.744448+09:00
2854402,39,당산오돌 본점,서울특별시 영등포구 국회대로37길 6 (당산동4가),37.5276156945,126.8998320674,11,560,FD,FD01,FD010100,2025-09-19 09:04:23+09:00,http://tong.visitkorea.or.kr/cms/resource/93/2854393_image2_1.jpg,http://tong.visitkorea.or.kr/cms/resource/93/2854393_image3_1.jpg,2026-08-29T22:50:14.744448+09:00
2855118,39,노조미일식,서울특별시 영등포구 은행로 3 (여의도동),37.5275632774,126.9196802604,11,560,FD,FD02,FD020200,2025-09-19 09:19:32+09:00,http://tong.visitkorea.or.kr/cms/resource/09/2855109_image2_1.jpg,http://tong.visitkorea.or.kr/cms/resource/09/2855109_image3_1.jpg,2026-08-29T22:50:14.744448+09:00
2855151,39,민속돌솥설렁탕,서울특별시 영등포구 가마산로 366-1 (대림동),37.5011104349,126.8995495059,11,560,FD,FD01,FD010100,2025-09-19 09:22:44+09:00,http://tong.visitkorea.or.kr/cms/resource/47/2855147_image2_1.jpg,http://tong.visitkorea.or.kr/cms/resource/47/2855147_image3_1.jpg,2026-08-29T22:50:14.744448+09:00
2855178,39,서궁,"서울특별시 영등포구 국제금융로 86 (여의도동, 롯데캐슬 아이비)",37.5202560099,126.9318099165,11,560,FD,FD02,FD020100,2025-09-19 09:28:24+09:00,http://tong.visitkorea.or.kr/cms/resource/70/2855170_image2_1.jpg,http://tong.visitkorea.or.kr/cms/resource/70/2855170_image3_1.jpg,2026-08-29T22:50:14.744448+09:00
2855190,39,육영토종한우 본점,서울특별시 영등포구 당산로 160 (당산동4가),37.5287238688,126.8981433013,11,560,FD,FD01,FD010100,2025-09-19 09:30:38+09:00,http://tong.visitkorea.or.kr/cms/resource/81/2855181_image2_1.jpg,http://tong.visitkorea.or.kr/cms/resource/81/2855181_image3_1.jpg,2026-08-29T22:50:14.744448+09:00
2855203,39,화담,서울특별시 영등포구 국회대로 800 (여의도동),37.5309823503,126.9210967012,11,560,FD,FD02,FD020200,2025-09-19 09:33:54+09:00,http://tong.visitkorea.or.kr/cms/resource/92/2855192_image2_1.jpg,http://tong.visitkorea.or.kr/cms/resource/92/2855192_image3_1.jpg,2026-08-29T22:50:14.744448+09:00
2866398,39,대여죽집,서울특별시 영등포구 여의대방로67길 22 태양빌딩,37.5206988589525,126.929996926422,11,560,FD,FD01,FD010100,2026-03-18 10:10:05+09:00,,,2026-08-29T22:50:14.744448+09:00
2893633,38,더바디샵 롯데백화점 영등포점,서울특별시 영등포구 경인로 846 (영등포동) 3층,37.5156680341198,126.907665995469,11,560,SH,SH04,SH040300,2026-04-01 03:09:14+09:00,https://tong.visitkorea.or.kr/cms/resource/33/4018133_image2_1.jpg,https://tong.visitkorea.or.kr/cms/resource/33/4018133_image3_1.jpg,2026-08-29T22:50:14.744448+09:00
2893689,38,그랑프리안경원 대림점,서울특별시 영등포구 도림로 129 (대림동) 1층,37.4929625938697,126.896550474113,11,560,SH,SH04,SH040300,2026-03-18 10:10:05+09:00,https://tong.visitkorea.or.kr/cms/resource/76/4018376_image2_1.jpg,https://tong.visitkorea.or.kr/cms/resource/76/4018376_image3_1.jpg,2026-08-29T22:50:14.744448+09:00
2894279,38,뉴에라 타임스퀘어점,서울특별시 영등포구 영중로 15 (영등포동4가) B2층,37.5172332566615,126.903715993779,11,560,SH,SH04,SH040300,2026-03-16 10:35:59+09:00,https://tong.visitkorea.or.kr/cms/resource/04/4017504_image2_1.jpg,https://tong.visitkorea.or.kr/cms/resource/04/4017504_image3_1.jpg,2026-08-29T22:50:14.744448+09:00
2894597,38,롯데마트맥스 영등포점,서울특별시 영등포구 영중로 125 (영등포동8가),37.5278167645388,126.904683469106,11,560,SH,SH04,SH040300,2026-04-01 02:04:24+09:00,https://tong.visitkorea.or.kr/cms/resource/64/4017464_image2_1.jpg,https://tong.visitkorea.or.kr/cms/resource/64/4017464_image3_1.jpg,2026-08-29T22:50:14.744448+09:00
2895091,38,닥터마틴 타임스퀘어점,서울특별시 영등포구 영중로 15 (영등포동4가) 3층,37.5172332566615,126.903715993779,11,560,SH,SH04,SH040300,2026-03-16 10:54:17+09:00,https://tong.visitkorea.or.kr/cms/resource/95/4017595_image2_1.jpg,https://tong.visitkorea.or.kr/cms/resource/95/4017595_image3_1.jpg,2026-08-29T22:50:14.744448+09:00
2899176,38,ZARA HOME IFC몰점,서울특별시 영등포구 국제금융로 10 (여의도동),37.5251775245928,126.924876706923,11,560,SH,SH04,SH040300,2026-03-16 10:54:17+09:00,https://tong.visitkorea.or.kr/cms/resource/10/4018210_image2_1.jpg,https://tong.visitkorea.or.kr/cms/resource/10/4018210_image3_1.jpg,2026-08-29T22:50:14.744448+09:00
2899192,38,코스 IFC몰점,서울특별시 영등포구 국제금융로 10 (여의도동),37.5251775245928,126.924876706923,11,560,SH,SH04,SH040300,2026-03-16 10:54:17+09:00,https://tong.visitkorea.or.kr/cms/resource/01/4018201_image2_1.jpg,https://tong.visitkorea.or.kr/cms/resource/01/4018201_image3_1.jpg,2026-08-29T22:50:14.744448+09:00
2901439,38,올리브영 선유도역점,서울특별시 영등포구 양평로 115 (양평동4가),37.5373094341396,126.894605589361,11,560,SH,SH04,SH040300,2026-03-17 10:12:58+09:00,https://tong.visitkorea.or.kr/cms/resource/52/4028752_image2_1.jpg,https://tong.visitkorea.or.kr/cms/resource/52/4028752_image3_1.jpg,2026-08-29T22:50:14.744448+09:00
2901474,38,망고 IFC몰점,서울특별시 영등포구 국제금융로 10 (여의도동),37.5251775245928,126.924876706923,11,560,SH,SH04,SH040300,2026-03-16 10:54:17+09:00,https://tong.visitkorea.or.kr/cms/resource/13/4018213_image2_1.jpg,https://tong.visitkorea.or.kr/cms/resource/13/4018213_image3_1.jpg,2026-08-29T22:50:14.744448+09:00
2902164,38,매그제이 IFC몰점,서울특별시 영등포구 국제금융로 10 (여의도동),37.5251775245928,126.924876706923,11,560,SH,SH04,SH040300,2026-03-16 10:54:17+09:00,https://tong.visitkorea.or.kr/cms/resource/18/4018218_image2_1.jpg,https://tong.visitkorea.or.kr/cms/resource/18/4018218_image3_1.jpg,2026-08-29T22:50:14.744448+09:00
2902423,38,샤넬 화장품 IFC몰점,서울특별시 영등포구 국제금융로 10 (여의도동),37.5251775245928,126.924876706923,11,560,SH,SH04,SH040300,2026-03-18 10:10:05+09:00,https://tong.visitkorea.or.kr/cms/resource/21/4018221_image2_1.jpg,https://tong.visitkorea.or.kr/cms/resource/21/4018221_image3_1.jpg,2026-08-29T22:50:14.744448+09:00
2902505,38,원더플레이스 타임스퀘어점,서울특별시 영등포구 영중로 15 (영등포동4가) B2층,37.5172332566615,126.903715993779,11,560,SH,SH04,SH040300,2026-03-16 10:54:17+09:00,https://tong.visitkorea.or.kr/cms/resource/91/4017491_image2_1.jpg,https://tong.visitkorea.or.kr/cms/resource/91/4017491_image3_1.jpg,2026-08-29T22:50:14.744448+09:00
2903419,38,NIKE BY IFC,서울특별시 영등포구 국제금융로 10 (여의도동),37.5251775245928,126.924876706923,11,560,SH,SH04,SH040300,2026-04-01 03:11:20+09:00,https://tong.visitkorea.or.kr/cms/resource/00/4018200_image2_1.jpg,https://tong.visitkorea.or.kr/cms/resource/00/4018200_image3_1.jpg,2026-08-29T22:50:14.744448+09:00
2903650,38,로이드 영등포점,서울특별시 영등포구 영중로 지하20 (영등포동3가),37.5179049569355,126.905842514563,11,560,SH,SH04,SH040300,2026-03-16 10:54:17+09:00,https://tong.visitkorea.or.kr/cms/resource/75/4017475_image2_1.jpg,https://tong.visitkorea.or.kr/cms/resource/75/4017475_image3_1.jpg,2026-08-29T22:50:14.744448+09:00
2903787,38,폴로랄프로렌 타임스퀘어점,서울특별시 영등포구 영중로 15 (영등포동4가) 2층,37.5172332566615,126.903715993779,11,560,SH,SH04,SH040300,2026-03-18 10:10:05+09:00,https://tong.visitkorea.or.kr/cms/resource/08/4017608_image2_1.jpg,https://tong.visitkorea.or.kr/cms/resource/08/4017608_image3_1.jpg,2026-08-29T22:50:14.744448+09:00
2903802,38,닥터디자이너의원 영등포,서울특별시 영등포구 경인로 870 (영등포동1가) 2층,37.5169829500086,126.90928305399,11,560,SH,SH04,SH040300,2026-03-19 09:49:59+09:00,https://tong.visitkorea.or.kr/cms/resource/99/4019099_image2_1.jpg,https://tong.visitkorea.or.kr/cms/resource/99/4019099_image3_1.jpg,2026-08-29T22:50:14.744448+09:00
2903803,38,어니스트여성의원,서울특별시 영등포구 국제금융로 70 (여의도동) 미원빌딩 4층,37.5214946207638,126.930677790628,11,560,SH,SH04,SH040300,2026-03-30 09:16:11+09:00,https://tong.visitkorea.or.kr/cms/resource/98/4018298_image2_1.jpg,https://tong.visitkorea.or.kr/cms/resource/98/4018298_image3_1.jpg,2026-08-29T22:50:14.744448+09:00
2904056,38,플랫폼슈즈 신세계백화점 타임스퀘어점,서울특별시 영등포구 영중로 9 (영등포동4가) 6층,37.5171899712591,126.905567071705,11,560,SH,SH04,SH040300,2026-03-18 10:10:05+09:00,https://tong.visitkorea.or.kr/cms/resource/54/4018154_image2_1.jpg,https://tong.visitkorea.or.kr/cms/resource/54/4018154_image3_1.jpg,2026-08-29T22:50:14.744448+09:00
2904145,38,올리브영 IFC몰점,서울특별시 영등포구 국제금융로 10 (여의도동),37.5251775245928,126.924876706923,11,560,SH,SH04,SH040300,2026-03-19 09:49:59+09:00,https://tong.visitkorea.or.kr/cms/resource/41/4028741_image2_1.png,https://tong.visitkorea.or.kr/cms/resource/41/4028741_image3_1.png,2026-08-29T22:50:14.744448+09:00
2904442,38,올리브영 영등포역점,서울특별시 영등포구 영중로 6 (영등포동3가) 키스톤타워,37.5169636928472,126.906654619916,11,560,SH,SH04,SH040300,2026-03-30 09:16:11+09:00,https://tong.visitkorea.or.kr/cms/resource/62/4028762_image2_1.jpg,https://tong.visitkorea.or.kr/cms/resource/62/4028762_image3_1.jpg,2026-08-29T22:50:14.744448+09:00
2904658,38,난닝구 타임스퀘어점,서울특별시 영등포구 영중로 15 (영등포동4가),37.5172332566615,126.903715993779,11,560,SH,SH04,SH040300,2026-03-16 10:54:17+09:00,https://tong.visitkorea.or.kr/cms/resource/92/4018092_image2_1.jpg,https://tong.visitkorea.or.kr/cms/resource/92/4018092_image3_1.jpg,2026-08-29T22:50:14.744448+09:00
2905014,38,토이저러스 양평점,서울특별시 영등포구 선유로 138 (양평동3가),37.5260658911576,126.891572019703,11,560,SH,SH04,SH040300,2026-03-18 10:10:05+09:00,https://tong.visitkorea.or.kr/cms/resource/08/4018208_image2_1.jpg,https://tong.visitkorea.or.kr/cms/resource/08/4018208_image3_1.jpg,2026-08-29T22:50:14.744448+09:00
2905125,38,신세계백화점 타임스퀘어점,서울특별시 영등포구 영중로 15 (영등포동4가),37.5172332566615,126.903715993779,11,560,SH,SH04,SH040300,2026-03-27 09:21:50+09:00,https://tong.visitkorea.or.kr/cms/resource/98/4019098_image2_1.jpg,https://tong.visitkorea.or.kr/cms/resource/98/4019098_image3_1.jpg,2026-08-29T22:50:14.744448+09:00
2905140,38,롯데마트 양평점,서울특별시 영등포구 선유로 138 (양평동3가),37.5260658911576,126.891572019703,11,560,SH,SH04,SH040300,2026-03-18 10:10:05+09:00,https://tong.visitkorea.or.kr/cms/resource/07/4018207_image2_1.jpg,https://tong.visitkorea.or.kr/cms/resource/07/4018207_image3_1.jpg,2026-08-29T22:50:14.744448+09:00
2906166,38,루이비통 신세계백화점 타임스퀘어점,서울특별시 영등포구 영중로 9 (영등포동4가) 1층,37.5171899712591,126.905567071705,11,560,SH,SH04,SH040300,2026-03-30 09:16:11+09:00,https://tong.visitkorea.or.kr/cms/resource/82/4017582_image2_1.jpg,https://tong.visitkorea.or.kr/cms/resource/82/4017582_image3_1.jpg,2026-08-29T22:50:14.744448+09:00
2906470,38,나이키 타임스퀘어점,서울특별시 영등포구 영중로 15 (영등포동4가) 3층,37.5172332566615,126.903715993779,11,560,SH,SH04,SH040300,2026-03-16 10:35:59+09:00,https://tong.visitkorea.or.kr/cms/resource/94/4017594_image2_1.jpg,https://tong.visitkorea.or.kr/cms/resource/94/4017594_image3_1.jpg,2026-08-29T22:50:14.744448+09:00
2906674,38,올리브영 서여의도점,서울특별시 영등포구 국회대로74길 19 (여의도동),37.5298235476574,126.921970484355,11,560,SH,SH04,SH040300,2026-03-17 10:12:58+09:00,https://tong.visitkorea.or.kr/cms/resource/47/4028747_image2_1.jpg,https://tong.visitkorea.or.kr/cms/resource/47/4028747_image3_1.jpg,2026-08-29T22:50:14.744448+09:00
2907174,39,퍼스트플러스에이드,서울특별시 영등포구 의사당대로 83 오투타워,37.5233650826541,126.923450267029,11,560,FD,FD02,FD020300,2026-02-05 16:40:39+09:00,,,2026-08-29T22:50:14.744448+09:00
2907186,38,이솝 IFC몰점,서울특별시 영등포구 국제금융로 10 (여의도동),37.5251775245928,126.924876706923,11,560,SH,SH04,SH040300,2026-03-16 10:54:17+09:00,https://tong.visitkorea.or.kr/cms/resource/97/4018197_image2_1.jpg,https://tong.visitkorea.or.kr/cms/resource/97/4018197_image3_1.jpg,2026-08-29T22:50:14.744448+09:00
2907609,38,티파니앤코 신세계백화점 타임스퀘어점,서울특별시 영등포구 영중로 9 (영등포동4가),37.5171899712591,126.905567071705,11,560,SH,SH04,SH040300,2026-04-01 02:11:19+09:00,https://tong.visitkorea.or.kr/cms/resource/89/4017589_image2_1.jpg,https://tong.visitkorea.or.kr/cms/resource/89/4017589_image3_1.jpg,2026-08-29T22:50:14.744448+09:00
2907798,38,뉴발란스 타임스퀘어점,서울특별시 영등포구 영중로 15 (영등포동4가),37.5172332566615,126.903715993779,11,560,SH,SH04,SH040300,2026-03-16 10:35:59+09:00,https://tong.visitkorea.or.kr/cms/resource/91/4017591_image2_1.jpg,https://tong.visitkorea.or.kr/cms/resource/91/4017591_image3_1.jpg,2026-08-29T22:50:14.744448+09:00
2907831,38,태그호이어 신세계백화점 타임스퀘어점,서울특별시 영등포구 영중로 9 (영등포동4가) 1층,37.5171899712591,126.905567071705,11,560,SH,SH04,SH040300,2026-04-01 02:09:05+09:00,https://tong.visitkorea.or.kr/cms/resource/87/4017587_image2_1.jpg,https://tong.visitkorea.or.kr/cms/resource/87/4017587_image3_1.jpg,2026-08-29T22:50:14.744448+09:00
2908350,38,렌즈미 영등포점,서울특별시 영등포구 영중로 5 (영등포동4가),37.5168266350997,126.906180612683,11,560,SH,SH04,SH040300,2026-03-16 10:54:17+09:00,https://tong.visitkorea.or.kr/cms/resource/97/4019597_image2_1.jpg,https://tong.visitkorea.or.kr/cms/resource/97/4019597_image3_1.jpg,2026-08-29T22:50:14.744448+09:00
2909529,38,찰스앤키스 타임스퀘어점,서울특별시 영등포구 영중로 15 (영등포동4가) B1층,37.5172332566615,126.903715993779,11,560,SH,SH04,SH040300,2026-03-16 10:54:17+09:00,https://tong.visitkorea.or.kr/cms/resource/01/4018101_image2_1.jpg,https://tong.visitkorea.or.kr/cms/resource/01/4018101_image3_1.jpg,2026-08-29T22:50:14.744448+09:00
2910205,38,금강온누리약국,서울특별시 영등포구 영중로 8 (영등포동3가) 1층,37.5171546595226,126.906482559655,11,560,SH,SH04,SH040300,2026-03-27 09:21:50+09:00,https://tong.visitkorea.or.kr/cms/resource/60/4019060_image2_1.jpg,https://tong.visitkorea.or.kr/cms/resource/60/4019060_image3_1.jpg,2026-08-29T22:50:14.744448+09:00
2910574,38,골든듀 신세계백화점 타임스퀘어점,서울특별시 영등포구 영중로 9 (영등포동4가) 1층,37.5171899712591,126.905567071705,11,560,SH,SH04,SH040300,2026-03-30 09:16:11+09:00,https://tong.visitkorea.or.kr/cms/resource/11/4018111_image2_1.jpg,https://tong.visitkorea.or.kr/cms/resource/11/4018111_image3_1.jpg,2026-08-29T22:50:14.744448+09:00
2910646,38,까르띠에 신세계백화점 타임스퀘어점,서울특별시 영등포구 영중로 9 (영등포동4가) 1층,37.5171899712591,126.905567071705,11,560,SH,SH04,SH040300,2026-03-27 09:21:50+09:00,https://tong.visitkorea.or.kr/cms/resource/83/4017583_image2_1.jpg,https://tong.visitkorea.or.kr/cms/resource/83/4017583_image3_1.jpg,2026-08-29T22:50:14.744448+09:00
2910654,38,토즈 신세계백화점 타임스퀘어점,서울특별시 영등포구 영중로 9 (영등포동4가) 1층,37.5171899712591,126.905567071705,11,560,SH,SH04,SH040300,2026-03-30 09:16:11+09:00,https://tong.visitkorea.or.kr/cms/resource/81/4017581_image2_1.jpg,https://tong.visitkorea.or.kr/cms/resource/81/4017581_image3_1.jpg,2026-08-29T22:50:14.744448+09:00
2910674,38,ZARA 타임스퀘어점,서울특별시 영등포구 영중로 15 (영등포동4가) 1층,37.5172332566615,126.903715993779,11,560,SH,SH04,SH040300,2026-03-16 10:54:17+09:00,https://tong.visitkorea.or.kr/cms/resource/06/4018106_image2_1.jpg,https://tong.visitkorea.or.kr/cms/resource/06/4018106_image3_1.jpg,2026-08-29T22:50:14.744448+09:00
2910677,38,한강수병원,서울특별시 영등포구 영등포로 83 (양평동1가),37.5223803793707,126.890927120461,11,560,SH,SH04,SH040300,2026-03-16 10:54:17+09:00,https://tong.visitkorea.or.kr/cms/resource/06/4018206_image2_1.jpg,https://tong.visitkorea.or.kr/cms/resource/06/4018206_image3_1.jpg,2026-08-29T22:50:14.744448+09:00
2910678,38,아디다스 퍼포먼스 타임스퀘어점,서울특별시 영등포구 영중로 15 (영등포동4가) 3층,37.5172332566615,126.903715993779,11,560,SH,SH04,SH040300,2026-04-01 02:13:26+09:00,https://tong.visitkorea.or.kr/cms/resource/96/4017596_image2_1.jpg,https://tong.visitkorea.or.kr/cms/resource/96/4017596_image3_1.jpg,2026-08-29T22:50:14.744448+09:00
2910692,38,아디다스오리지널 신세계백화점 타임스퀘어점,서울특별시 영등포구 영중로 9 (영등포동4가) 6층,37.5171899712591,126.905567071705,11,560,SH,SH04,SH040300,2026-03-27 09:21:50+09:00,https://tong.visitkorea.or.kr/cms/resource/47/4018147_image2_1.jpg,https://tong.visitkorea.or.kr/cms/resource/47/4018147_image3_1.jpg,2026-08-29T22:50:14.744448+09:00
2910708,38,구찌 신세계백화점 타임스퀘어점,서울특별시 영등포구 영중로 9 (영등포동4가) 1층,37.5171899712591,126.905567071705,11,560,SH,SH04,SH040300,2026-03-27 09:21:50+09:00,https://tong.visitkorea.or.kr/cms/resource/84/4017584_image2_1.jpg,https://tong.visitkorea.or.kr/cms/resource/84/4017584_image3_1.jpg,2026-08-29T22:50:14.744448+09:00
2910716,38,프라다 신세계백화점 타임스퀘어점,서울특별시 영등포구 영중로 9 (영등포동4가),37.5171899712591,126.905567071705,11,560,SH,SH04,SH040300,2026-03-30 09:16:11+09:00,https://tong.visitkorea.or.kr/cms/resource/88/4017588_image2_1.jpg,https://tong.visitkorea.or.kr/cms/resource/88/4017588_image3_1.jpg,2026-08-29T22:50:14.744448+09:00
2910774,38,토니모리 영등포지하상가점,서울특별시 영등포구 영중로 지하20 (영등포동3가),37.5179049569355,126.905842514563,11,560,SH,SH04,SH040300,2026-04-01 02:06:58+09:00,https://tong.visitkorea.or.kr/cms/resource/76/4017476_image2_1.jpg,https://tong.visitkorea.or.kr/cms/resource/76/4017476_image3_1.jpg,2026-08-29T22:50:14.744448+09:00
2911170,38,금강제화 영등포본점,서울특별시 영등포구 영중로 18 (영등포동3가),37.5179856230448,126.906215359028,11,560,SH,SH04,SH040300,2026-03-18 10:10:05+09:00,https://tong.visitkorea.or.kr/cms/resource/34/4018134_image2_1.jpg,https://tong.visitkorea.or.kr/cms/resource/34/4018134_image3_1.jpg,2026-08-29T22:50:14.744448+09:00
2911354,38,MUJI 타임스퀘어점,서울특별시 영등포구 영중로 15 (영등포동4가) 2층,37.5172332566615,126.903715993779,11,560,SH,SH04,SH040300,2026-03-16 10:54:17+09:00,https://tong.visitkorea.or.kr/cms/resource/59/4019059_image2_1.jpg,https://tong.visitkorea.or.kr/cms/resource/59/4019059_image3_1.jpg,2026-08-29T22:50:14.744448+09:00
2911419,38,로엠 타임스퀘어점,서울특별시 영등포구 영중로 15 (영등포동4가) B1층,37.5172332566615,126.903715993779,11,560,SH,SH04,SH040300,2026-03-16 10:54:17+09:00,https://tong.visitkorea.or.kr/cms/resource/99/4018099_image2_1.jpg,https://tong.visitkorea.or.kr/cms/resource/99/4018099_image3_1.jpg,2026-08-29T22:50:14.744448+09:00
2911545,38,MLB 신세계백화점 타임스퀘어점,서울특별시 영등포구 영중로 9 (영등포동4가) B2층,37.5171899712591,126.905567071705,11,560,SH,SH04,SH040300,2026-03-27 09:21:50+09:00,https://tong.visitkorea.or.kr/cms/resource/61/4017561_image2_1.jpg,https://tong.visitkorea.or.kr/cms/resource/61/4017561_image3_1.jpg,2026-08-29T22:50:14.744448+09:00
2911781,38,스케쳐스 IFC몰점,서울특별시 영등포구 국제금융로 10 (여의도동),37.5251775245928,126.924876706923,11,560,SH,SH04,SH040300,2026-03-16 10:54:17+09:00,https://tong.visitkorea.or.kr/cms/resource/11/4018211_image2_1.jpg,https://tong.visitkorea.or.kr/cms/resource/11/4018211_image3_1.jpg,2026-08-29T22:50:14.744448+09:00
2912403,38,롯데하이마트 신길점,서울특별시 영등포구 신길로 141 (신길동),37.5050138749978,126.910284876715,11,560,SH,SH04,SH040300,2026-03-25 09:34:32+09:00,https://tong.visitkorea.or.kr/cms/resource/49/4041949_image2_1.jpg,https://tong.visitkorea.or.kr/cms/resource/49/4041949_image3_1.jpg,2026-08-29T22:50:14.744448+09:00
2912805,38,더일마 IFC몰점,서울특별시 영등포구 국제금융로 10 (여의도동),37.5251775245928,126.924876706923,11,560,SH,SH04,SH040300,2026-03-16 10:54:17+09:00,https://tong.visitkorea.or.kr/cms/resource/98/4018198_image2_1.jpg,https://tong.visitkorea.or.kr/cms/resource/98/4018198_image3_1.jpg,2026-08-29T22:50:14.744448+09:00
2913357,38,라코스테 타임스퀘어점,서울특별시 영등포구 영중로 15 (영등포동4가) 2층,37.5172332566615,126.903715993779,11,560,SH,SH04,SH040300,2026-03-16 10:54:17+09:00,https://tong.visitkorea.or.kr/cms/resource/03/4017603_image2_1.jpg,https://tong.visitkorea.or.kr/cms/resource/03/4017603_image3_1.jpg,2026-08-29T22:50:14.744448+09:00
2913977,38,칼하트WIP 타임스퀘어점,서울특별시 영등포구 영중로 15 (영등포동4가) 3층,37.5172332566615,126.903715993779,11,560,SH,SH04,SH040300,2026-03-16 10:54:17+09:00,https://tong.visitkorea.or.kr/cms/resource/03/4017303_image2_1.jpg,https://tong.visitkorea.or.kr/cms/resource/03/4017303_image3_1.jpg,2026-08-29T22:50:14.744448+09:00
2914265,38,스와치 IFC몰점,서울특별시 영등포구 국제금융로 10 (여의도동),37.5251775245928,126.924876706923,11,560,SH,SH04,SH040300,2026-03-16 10:54:17+09:00,https://tong.visitkorea.or.kr/cms/resource/16/4018216_image2_1.jpg,https://tong.visitkorea.or.kr/cms/resource/16/4018216_image3_1.jpg,2026-08-29T22:50:14.744448+09:00
2915426,38,마시모두띠 IFC몰점,서울특별시 영등포구 국제금융로 10 (여의도동),37.5251775245928,126.924876706923,11,560,SH,SH04,SH040300,2026-03-16 10:54:17+09:00,https://tong.visitkorea.or.kr/cms/resource/09/4018209_image2_1.jpg,https://tong.visitkorea.or.kr/cms/resource/09/4018209_image3_1.jpg,2026-08-29T22:50:14.744448+09:00
2915429,38,ZARA IFC몰점,서울특별시 영등포구 국제금융로 10 (여의도동),37.5251775245928,126.924876706923,11,560,SH,SH04,SH040300,2026-03-16 10:54:17+09:00,https://tong.visitkorea.or.kr/cms/resource/99/4018199_image2_1.jpg,https://tong.visitkorea.or.kr/cms/resource/99/4018199_image3_1.jpg,2026-08-29T22:50:14.744448+09:00
2915437,38,아디다스 퍼포먼스 IFC몰점,서울특별시 영등포구 국제금융로 10 (여의도동),37.5251775245928,126.924876706923,11,560,SH,SH04,SH040300,2026-03-18 10:10:05+09:00,https://tong.visitkorea.or.kr/cms/resource/15/4018215_image2_1.jpg,https://tong.visitkorea.or.kr/cms/resource/15/4018215_image3_1.jpg,2026-08-29T22:50:14.744448+09:00
2915469,38,영풍문고 IFC몰점,서울특별시 영등포구 국제금융로 10 (여의도동),37.5251775245928,126.924876706923,11,560,SH,SH04,SH040300,2026-03-16 10:54:17+09:00,https://tong.visitkorea.or.kr/cms/resource/14/4018214_image2_1.jpg,https://tong.visitkorea.or.kr/cms/resource/14/4018214_image3_1.jpg,2026-08-29T22:50:14.744448+09:00
2915472,38,지오다노 IFC몰점,서울특별시 영등포구 국제금융로 10 (여의도동),37.5251775245928,126.924876706923,11,560,SH,SH04,SH040300,2026-03-16 10:54:17+09:00,https://tong.visitkorea.or.kr/cms/resource/12/4018212_image2_1.jpg,https://tong.visitkorea.or.kr/cms/resource/12/4018212_image3_1.jpg,2026-08-29T22:50:14.744448+09:00
2915560,38,루이까스텔 영등포직영점,서울특별시 영등포구 영중로 126 (영등포동8가) 영일프라자/영일보링,37.527410700723,126.906281621036,11,560,SH,SH04,SH040300,2026-03-18 10:10:05+09:00,https://tong.visitkorea.or.kr/cms/resource/66/4017466_image2_1.jpg,https://tong.visitkorea.or.kr/cms/resource/66/4017466_image3_1.jpg,2026-08-29T22:50:14.744448+09:00
2915645,38,입생로랑뷰티 신세계백화점 타임스퀘어점,서울특별시 영등포구 영중로 9 (영등포동4가) 1층,37.5171899712591,126.905567071705,11,560,SH,SH04,SH040300,2026-03-27 09:21:50+09:00,https://tong.visitkorea.or.kr/cms/resource/85/4017585_image2_1.jpg,https://tong.visitkorea.or.kr/cms/resource/85/4017585_image3_1.jpg,2026-08-29T22:50:14.744448+09:00
2915864,38,위클 여의도점,서울특별시 영등포구 국제금융로8길 16 (여의도동) 신영증권 B1층,37.5212973163879,126.928884767419,11,560,SH,SH04,SH040300,2026-03-26 09:20:41+09:00,https://tong.visitkorea.or.kr/cms/resource/99/4041899_image2_1.jpg,https://tong.visitkorea.or.kr/cms/resource/99/4041899_image3_1.jpg,2026-08-29T22:50:14.744448+09:00
2916222,38,컨버스 타임스퀘어점,서울특별시 영등포구 영중로 15 (영등포동4가) 3층,37.5172332566615,126.903715993779,11,560,SH,SH04,SH040300,2026-03-16 10:54:17+09:00,https://tong.visitkorea.or.kr/cms/resource/97/4017597_image2_1.jpg,https://tong.visitkorea.or.kr/cms/resource/97/4017597_image3_1.jpg,2026-08-29T22:50:14.744448+09:00
2916389,38,에뛰드하우스 영등포지하상가점,서울특별시 영등포구 영중로 지하20 (영등포동3가),37.5179049569355,126.905842514563,11,560,SH,SH04,SH040300,2026-03-18 10:10:05+09:00,https://tong.visitkorea.or.kr/cms/resource/77/4017477_image2_1.jpg,https://tong.visitkorea.or.kr/cms/resource/77/4017477_image3_1.jpg,2026-08-29T22:50:14.744448+09:00
2917188,38,유니클로 타임스퀘어점,서울특별시 영등포구 영중로 15 (영등포동4가) B2층,37.5172332566615,126.903715993779,11,560,SH,SH04,SH040300,2026-03-16 10:54:17+09:00,https://tong.visitkorea.or.kr/cms/resource/93/4018093_image2_1.jpg,https://tong.visitkorea.or.kr/cms/resource/93/4018093_image3_1.jpg,2026-08-29T22:50:14.744448+09:00
2918642,38,아트박스 타임스퀘어점,서울특별시 영등포구 영중로 15 (영등포동4가) B2층,37.5172332566615,126.903715993779,11,560,SH,SH04,SH040300,2026-03-16 10:54:17+09:00,https://tong.visitkorea.or.kr/cms/resource/94/4018094_image2_1.jpg,https://tong.visitkorea.or.kr/cms/resource/94/4018094_image3_1.jpg,2026-08-29T22:50:14.744448+09:00
2922406,38,빈폴 타임스퀘어점,서울특별시 영등포구 영중로 15 (영등포동4가) 2층,37.5172332566615,126.903715993779,11,560,SH,SH04,SH040300,2026-03-16 10:35:59+09:00,https://tong.visitkorea.or.kr/cms/resource/02/4017602_image2_1.jpg,https://tong.visitkorea.or.kr/cms/resource/02/4017602_image3_1.jpg,2026-08-29T22:50:14.744448+09:00
2922407,38,비이커 타임스퀘어점,서울특별시 영등포구 영중로 15 (영등포동4가) 2층,37.5172332566615,126.903715993779,11,560,SH,SH04,SH040300,2026-03-16 10:54:17+09:00,https://tong.visitkorea.or.kr/cms/resource/10/4017610_image2_1.jpg,https://tong.visitkorea.or.kr/cms/resource/10/4017610_image3_1.jpg,2026-08-29T22:50:14.744448+09:00
2922555,38,지오지아 타임스퀘어점,서울특별시 영등포구 영중로 15 (영등포동4가) B2층,37.5172332566615,126.903715993779,11,560,SH,SH04,SH040300,2026-03-16 10:54:17+09:00,https://tong.visitkorea.or.kr/cms/resource/95/4018095_image2_1.jpg,https://tong.visitkorea.or.kr/cms/resource/95/4018095_image3_1.jpg,2026-08-29T22:50:14.744448+09:00
2922842,38,오렌즈 영등포점,서울특별시 영등포구 영중로 16 (영등포동3가) 1층,37.5178171162345,126.906191136759,11,560,SH,SH04,SH040300,2026-03-16 10:54:17+09:00,https://tong.visitkorea.or.kr/cms/resource/35/4018135_image2_1.jpg,https://tong.visitkorea.or.kr/cms/resource/35/4018135_image3_1.jpg,2026-08-29T22:50:14.744448+09:00
2922943,38,롯데하이마트 영등포롯데마트맥스점,서울특별시 영등포구 영중로 125 (영등포동8가),37.5278167645388,126.904683469106,11,560,SH,SH04,SH040300,2026-03-18 10:10:05+09:00,https://tong.visitkorea.or.kr/cms/resource/63/4017463_image2_1.jpg,https://tong.visitkorea.or.kr/cms/resource/63/4017463_image3_1.jpg,2026-08-29T22:50:14.744448+09:00
2923084,38,LG전자 베스트샵 문래점,서울특별시 영등포구 당산로 37 (문래동3가),37.5182435757568,126.894463979062,11,560,SH,SH04,SH040300,2026-03-18 10:10:05+09:00,https://tong.visitkorea.or.kr/cms/resource/37/4018137_image2_1.jpg,https://tong.visitkorea.or.kr/cms/resource/37/4018137_image3_1.jpg,2026-08-29T22:50:14.744448+09:00
2924102,38,시코르 타임스퀘어점,서울특별시 영등포구 영중로 15 (영등포동4가) 3층,37.5172332566615,126.903715993779,11,560,SH,SH04,SH040300,2026-03-16 10:54:17+09:00,https://tong.visitkorea.or.kr/cms/resource/98/4017598_image2_1.jpg,https://tong.visitkorea.or.kr/cms/resource/98/4017598_image3_1.jpg,2026-08-29T22:50:14.744448+09:00
2924177,38,오니츠카타이거 타임스퀘어점,서울특별시 영등포구 영중로 15 (영등포동4가) 2층,37.5172332566615,126.903715993779,11,560,SH,SH04,SH040300,2026-03-16 10:54:17+09:00,https://tong.visitkorea.or.kr/cms/resource/04/4017604_image2_1.jpg,https://tong.visitkorea.or.kr/cms/resource/04/4017604_image3_1.jpg,2026-08-29T22:50:14.744448+09:00
2924416,38,정관장 서여의도점,서울특별시 영등포구 국회대로 780 (여의도동) 엘지여의도에클라트,37.5298309198,126.919265654284,11,560,SH,SH04,SH040300,2026-03-16 10:54:17+09:00,https://tong.visitkorea.or.kr/cms/resource/00/4018300_image2_1.jpg,https://tong.visitkorea.or.kr/cms/resource/00/4018300_image3_1.jpg,2026-08-29T22:50:14.744448+09:00
2924438,38,핫트랙스 타임스퀘어점,서울특별시 영등포구 영중로 15 (영등포동4가) 2층,37.5172332566615,126.903715993779,11,560,SH,SH04,SH040300,2026-03-16 10:35:59+09:00,https://tong.visitkorea.or.kr/cms/resource/09/4017609_image2_1.jpg,https://tong.visitkorea.or.kr/cms/resource/09/4017609_image3_1.jpg,2026-08-29T22:50:14.744448+09:00
2924510,38,ABC마트 GS 타임스퀘어점,서울특별시 영등포구 영중로 15 (영등포동4가) B1층,37.5172332566615,126.903715993779,11,560,SH,SH04,SH040300,2026-03-18 10:10:05+09:00,https://tong.visitkorea.or.kr/cms/resource/03/4018103_image2_1.jpg,https://tong.visitkorea.or.kr/cms/resource/03/4018103_image3_1.jpg,2026-08-29T22:50:14.744448+09:00
2924625,38,반스 타임스퀘어점,서울특별시 영등포구 영중로 15 (영등포동4가) 3층,37.5172332566615,126.903715993779,11,560,SH,SH04,SH040300,2026-03-16 10:54:17+09:00,https://tong.visitkorea.or.kr/cms/resource/93/4017593_image2_1.jpg,https://tong.visitkorea.or.kr/cms/resource/93/4017593_image3_1.jpg,2026-08-29T22:50:14.744448+09:00
2924689,38,디스커버리 타임스퀘어점,서울특별시 영등포구 영중로 15 (영등포동4가) 2층,37.5172332566615,126.903715993779,11,560,SH,SH04,SH040300,2026-03-16 10:35:59+09:00,https://tong.visitkorea.or.kr/cms/resource/07/4017607_image2_1.jpg,https://tong.visitkorea.or.kr/cms/resource/07/4017607_image3_1.jpg,2026-08-29T22:50:14.744448+09:00
2924765,38,올리브영 홈플러스영등포점,서울특별시 영등포구 당산로 42 (문래동3가) B1층,37.5182396969791,126.895880210522,11,560,SH,SH04,SH040300,2026-03-30 09:16:11+09:00,https://tong.visitkorea.or.kr/cms/resource/56/4017156_image2_1.jpg,https://tong.visitkorea.or.kr/cms/resource/56/4017156_image3_1.jpg,2026-08-29T22:50:14.744448+09:00
2924771,38,지오다노 타임스퀘어점,서울특별시 영등포구 영중로 15 (영등포동4가) 3층,37.5172332566615,126.903715993779,11,560,SH,SH04,SH040300,2026-03-16 10:35:59+09:00,https://tong.visitkorea.or.kr/cms/resource/92/4017592_image2_1.jpg,https://tong.visitkorea.or.kr/cms/resource/92/4017592_image3_1.jpg,2026-08-29T22:50:14.744448+09:00
2925671,38,캠브리지 타임스퀘어점,서울특별시 영등포구 영중로 15 (영등포동4가) 5층,37.5172332566615,126.903715993779,11,560,SH,SH04,SH040300,2026-03-16 10:35:59+09:00,https://tong.visitkorea.or.kr/cms/resource/82/4017482_image2_1.jpg,https://tong.visitkorea.or.kr/cms/resource/82/4017482_image3_1.jpg,2026-08-29T22:50:14.744448+09:00
2925706,38,MUJI IFC몰점,서울특별시 영등포구 국제금융로 지하15 (여의도동),37.5248570991105,126.92683967042,11,560,SH,SH04,SH040300,2026-03-16 10:54:17+09:00,https://tong.visitkorea.or.kr/cms/resource/23/4018223_image2_1.jpg,https://tong.visitkorea.or.kr/cms/resource/23/4018223_image3_1.jpg,2026-08-29T22:50:14.744448+09:00
2926462,38,H&M 타임스퀘어점,서울특별시 영등포구 영중로 15 (영등포동4가) 1층,37.5172332566615,126.903715993779,11,560,SH,SH04,SH040300,2026-03-16 10:54:17+09:00,https://tong.visitkorea.or.kr/cms/resource/04/4018104_image2_1.jpg,https://tong.visitkorea.or.kr/cms/resource/04/4018104_image3_1.jpg,2026-08-29T22:50:14.744448+09:00
2926463,38,COS 타임스퀘어점,서울특별시 영등포구 영중로 15 (영등포동4가) 2층,37.5172332566615,126.903715993779,11,560,SH,SH04,SH040300,2026-03-16 10:54:17+09:00,https://tong.visitkorea.or.kr/cms/resource/11/4017611_image2_1.jpg,https://tong.visitkorea.or.kr/cms/resource/11/4017611_image3_1.jpg,2026-08-29T22:50:14.744448+09:00
2926676,38,디올코스메틱 신세계백화점 타임스퀘어점,서울특별시 영등포구 영중로 9 (영등포동4가) 1층,37.5171899712591,126.905567071705,11,560,SH,SH04,SH040300,2026-03-30 09:16:11+09:00,https://tong.visitkorea.or.kr/cms/resource/80/4017580_image2_1.jpg,https://tong.visitkorea.or.kr/cms/resource/80/4017580_image3_1.jpg,2026-08-29T22:50:14.744448+09:00
2926683,38,닥스남성 타임스퀘어점,서울특별시 영등포구 영중로 15 (영등포동4가) 5층,37.5172332566615,126.903715993779,11,560,SH,SH04,SH040300,2026-03-18 10:10:05+09:00,https://tong.visitkorea.or.kr/cms/resource/81/4017481_image2_1.jpg,https://tong.visitkorea.or.kr/cms/resource/81/4017481_image3_1.jpg,2026-08-29T22:50:14.744448+09:00
2926684,38,MAC 신세계백화점 타임스퀘어점,서울특별시 영등포구 영중로 9 (영등포동4가) 1층,37.5171899712591,126.905567071705,11,560,SH,SH04,SH040300,2026-03-27 09:21:50+09:00,https://tong.visitkorea.or.kr/cms/resource/76/4017576_image2_1.jpg,https://tong.visitkorea.or.kr/cms/resource/76/4017576_image3_1.jpg,2026-08-29T22:50:14.744448+09:00
2926685,38,바비브라운 신세계백화점 타임스퀘어점,서울특별시 영등포구 영중로 9 (영등포동4가) 1층,37.5171899712591,126.905567071705,11,560,SH,SH04,SH040300,2026-03-27 09:21:50+09:00,https://tong.visitkorea.or.kr/cms/resource/77/4017577_image2_1.jpg,https://tong.visitkorea.or.kr/cms/resource/77/4017577_image3_1.jpg,2026-08-29T22:50:14.744448+09:00
2926692,38,내셔널지오그래픽 신세계백화점 타임스퀘어점,서울특별시 영등포구 영중로 9 (영등포동4가) 7층,37.5171899712591,126.905567071705,11,560,SH,SH04,SH040300,2026-03-30 09:16:11+09:00,https://tong.visitkorea.or.kr/cms/resource/42/4018142_image2_1.jpg,https://tong.visitkorea.or.kr/cms/resource/42/4018142_image3_1.jpg,2026-08-29T22:50:14.744448+09:00
2926963,38,폴로 랄프로렌 남성 타임스퀘어점,서울특별시 영등포구 영중로 15 (영등포동4가) 5층,37.5172332566615,126.903715993779,11,560,SH,SH04,SH040300,2026-03-18 10:10:05+09:00,https://tong.visitkorea.or.kr/cms/resource/79/4017479_image2_1.jpg,https://tong.visitkorea.or.kr/cms/resource/79/4017479_image3_1.jpg,2026-08-29T22:50:14.744448+09:00
2927456,38,스와로브스키 타임스퀘어점,서울특별시 영등포구 영중로 15 (영등포동4가) 2층,37.5172332566615,126.903715993779,11,560,SH,SH04,SH040300,2026-03-16 10:54:17+09:00,https://tong.visitkorea.or.kr/cms/resource/06/4017606_image2_1.jpg,https://tong.visitkorea.or.kr/cms/resource/06/4017606_image3_1.jpg,2026-08-29T22:50:14.744448+09:00
2930562,38,미쏘 타임스퀘어점,서울특별시 영등포구 영중로 15 (영등포동4가) 2층,37.5172332566615,126.903715993779,11,560,SH,SH04,SH040300,2026-03-16 10:54:17+09:00,https://tong.visitkorea.or.kr/cms/resource/05/4017605_image2_1.jpg,https://tong.visitkorea.or.kr/cms/resource/05/4017605_image3_1.jpg,2026-08-29T22:50:14.744448+09:00
2930738,38,찰스앤키스 IFC몰점,서울특별시 영등포구 국제금융로 10 (여의도동),37.5251775245928,126.924876706923,11,560,SH,SH04,SH040300,2026-03-16 10:54:17+09:00,https://tong.visitkorea.or.kr/cms/resource/19/4018219_image2_1.jpg,https://tong.visitkorea.or.kr/cms/resource/19/4018219_image3_1.jpg,2026-08-29T22:50:14.744448+09:00
2930768,38,컨셉원 IFC몰점,서울특별시 영등포구 국제금융로 지하15 (여의도동),37.5248570991105,126.92683967042,11,560,SH,SH04,SH040300,2026-03-16 10:54:17+09:00,https://tong.visitkorea.or.kr/cms/resource/96/4018196_image2_1.jpg,https://tong.visitkorea.or.kr/cms/resource/96/4018196_image3_1.jpg,2026-08-29T22:50:14.744448+09:00
2930940,38,미쏘 IFC몰점,서울특별시 영등포구 국제금융로 10 (여의도동),37.5251775245928,126.924876706923,11,560,SH,SH04,SH040300,2026-03-16 10:54:17+09:00,https://tong.visitkorea.or.kr/cms/resource/17/4018217_image2_1.jpg,https://tong.visitkorea.or.kr/cms/resource/17/4018217_image3_1.jpg,2026-08-29T22:50:14.744448+09:00
2930951,38,골프존마켓 당산점,서울특별시 영등포구 선유로 233 (양평동4가) 1층,37.5339527672385,126.895835062606,11,560,SH,SH04,SH040300,2026-03-27 09:21:50+09:00,https://tong.visitkorea.or.kr/cms/resource/08/4018708_image2_1.jpg,https://tong.visitkorea.or.kr/cms/resource/08/4018708_image3_1.jpg,2026-08-29T22:50:14.744448+09:00
2930954,38,올리브영 여의도역점,서울특별시 영등포구 여의나루로 61 (여의도동),37.5232244200932,126.926015454826,11,560,SH,SH04,SH040300,2026-03-17 10:12:59+09:00,https://tong.visitkorea.or.kr/cms/resource/56/4028756_image2_1.jpg,https://tong.visitkorea.or.kr/cms/resource/56/4028756_image3_1.jpg,2026-08-29T22:50:14.744448+09:00
2930999,38,올리브영 신길점,서울특별시 영등포구 영등포로 358 (신길동) 대윤메디컬센터,37.5143975647918,126.917968268233,11,560,SH,SH04,SH040300,2026-03-30 09:16:11+09:00,https://tong.visitkorea.or.kr/cms/resource/57/4028757_image2_1.jpg,https://tong.visitkorea.or.kr/cms/resource/57/4028757_image3_1.jpg,2026-08-29T22:50:14.744448+09:00
2931430,38,노스페이스 타임스퀘어점,서울특별시 영등포구 영중로 15 (영등포동4가) 1층,37.5172332566615,126.903715993779,11,560,SH,SH04,SH040300,2026-03-16 10:54:17+09:00,https://tong.visitkorea.or.kr/cms/resource/07/4018107_image2_1.jpg,https://tong.visitkorea.or.kr/cms/resource/07/4018107_image3_1.jpg,2026-08-29T22:50:14.744448+09:00
2931682,38,올리브영 타임스퀘어아트리움점,서울특별시 영등포구 영중로 15 (영등포동4가) 3층,37.5172332566615,126.903715993779,11,560,SH,SH04,SH040300,2026-03-17 10:12:59+09:00,https://tong.visitkorea.or.kr/cms/resource/58/4028758_image2_1.jpg,https://tong.visitkorea.or.kr/cms/resource/58/4028758_image3_1.jpg,2026-08-29T22:50:14.744448+09:00
2931712,38,이마트 여의도점,"서울특별시 영등포구 여의동로3길 10 (여의도동, 여의도자이)",37.5181172905531,126.925195988034,11,560,SH,SH04,SH040300,2026-03-16 10:54:17+09:00,https://tong.visitkorea.or.kr/cms/resource/04/4018304_image2_1.jpg,https://tong.visitkorea.or.kr/cms/resource/04/4018304_image3_1.jpg,2026-08-29T22:50:14.744448+09:00
2987589,39,청기와타운 영등포본점,서울특별시 영등포구 영중로10길 32-4,37.5184093531,126.9084546857,11,560,FD,FD01,FD010100,2026-06-29 11:30:06+09:00,https://tong.visitkorea.or.kr/cms/resource/84/2987584_image2_1.jpg,https://tong.visitkorea.or.kr/cms/resource/84/2987584_image3_1.jpg,2026-08-29T22:50:14.744448+09:00
3001045,15,한강 종이비행기 축제,서울특별시 영등포구 여의도동 85,37.5248000326,126.9377509138,11,560,EV,EV01,EV010600,2025-10-23 13:34:33+09:00,http://tong.visitkorea.or.kr/cms/resource/11/3554311_image2_1.jpg,http://tong.visitkorea.or.kr/cms/resource/11/3554311_image3_1.jpg,2026-08-29T22:50:14.744448+09:00
3060934,12,당산공원,서울특별시 영등포구 당산동3가,37.5256,126.8957,11,560,VE,VE03,VE030100,2026-03-30 14:12:42+09:00,https://tong.visitkorea.or.kr/cms/resource/87/3054287_image2_1.jpg,https://tong.visitkorea.or.kr/cms/resource/87/3054287_image3_1.jpg,2026-08-29T22:50:14.744448+09:00
3080058,14,국회박물관,서울특별시 영등포구 의사당대로 1 (여의도동),37.5293706796,126.9166173251,11,560,VE,VE07,VE070100,2026-07-08 14:15:24+09:00,https://tong.visitkorea.or.kr/cms/resource/38/3540438_image2_1.jpg,https://tong.visitkorea.or.kr/cms/resource/38/3540438_image3_1.jpg,2026-08-29T22:50:14.744448+09:00
3082184,14,영등포아트홀,서울특별시 영등포구 국회대로 596 (당산동3가),37.52600836558201,126.90010930209607,11,560,VE,VE06,VE060100,2026-04-30 09:45:44+09:00,https://tong.visitkorea.or.kr/cms/resource/77/3082177_image2_1.JPG,https://tong.visitkorea.or.kr/cms/resource/77/3082177_image3_1.JPG,2026-08-29T22:50:14.744448+09:00
3085020,32,호텔로프트,서울특별시 영등포구 선유동2로 72 (당산동5가),37.5347009629,126.8987486333,11,560,AC,AC01,AC010100,2025-11-20 13:47:06+09:00,http://tong.visitkorea.or.kr/cms/resource/86/3084586_image2_1.JPG,http://tong.visitkorea.or.kr/cms/resource/86/3084586_image3_1.JPG,2026-08-29T22:50:14.744448+09:00
3097631,38,"심리편집샵, 서로",서울특별시 영등포구 양평로22길 4 (양평동4가),37.53812755745984,126.89436090180489,11,560,SH,SH05,SH050200,2026-05-14 10:15:01+09:00,https://tong.visitkorea.or.kr/cms/resource/22/3097622_image2_1.jpg,https://tong.visitkorea.or.kr/cms/resource/22/3097622_image3_1.jpg,2026-08-29T22:50:14.744448+09:00
3111722,15,한강역사탐방,서울특별시 영등포구 여의동로 330 (여의도동),37.526347853294425,126.93359519306124,11,560,EV,EV03,EV030400,2026-06-01 16:29:47+09:00,https://tong.visitkorea.or.kr/cms/resource/49/4058449_image2_1.png,https://tong.visitkorea.or.kr/cms/resource/49/4058449_image3_1.png,2026-08-29T22:50:14.744448+09:00
3116066,15,한강야경투어,서울특별시 영등포구 여의동로 330 (여의도동),37.526347853294425,126.93359519306124,11,560,EV,EV03,EV030400,2026-04-24 09:16:26+09:00,https://tong.visitkorea.or.kr/cms/resource/46/4060146_image2_1.jpg,https://tong.visitkorea.or.kr/cms/resource/46/4060146_image3_1.jpg,2026-08-29T22:50:14.744448+09:00
3305277,38,르꼬끄스포르티브 롯데백화점 영등포점,서울특별시 영등포구 경인로 846 (영등포동) 7층,37.5156680341198,126.907665995469,11,560,SH,SH04,SH040300,2026-03-18 10:10:05+09:00,https://tong.visitkorea.or.kr/cms/resource/32/4018132_image2_1.jpg,https://tong.visitkorea.or.kr/cms/resource/32/4018132_image3_1.jpg,2026-08-29T22:50:14.744448+09:00
3305278,38,올리브영 영등포타임스퀘어점,서울특별시 영등포구 영중로 15 (영등포동4가) B1층,37.5172332566615,126.903715993779,11,560,SH,SH04,SH040300,2026-03-19 09:49:59+09:00,https://tong.visitkorea.or.kr/cms/resource/59/4028759_image2_1.png,https://tong.visitkorea.or.kr/cms/resource/59/4028759_image3_1.png,2026-08-29T22:50:14.744448+09:00
3305281,38,러쉬 타임스퀘어점,서울특별시 영등포구 영중로 15 (영등포동4가) B1층,37.5172332566615,126.903715993779,11,560,SH,SH04,SH040300,2026-03-16 10:54:17+09:00,https://tong.visitkorea.or.kr/cms/resource/00/4018100_image2_1.jpg,https://tong.visitkorea.or.kr/cms/resource/00/4018100_image3_1.jpg,2026-08-29T22:50:14.744448+09:00
3305284,38,모이몰른 타임스퀘어점,서울특별시 영등포구 영중로 15 (영등포동4가),37.5172332566615,126.903715993779,11,560,SH,SH04,SH040300,2026-03-16 10:54:17+09:00,https://tong.visitkorea.or.kr/cms/resource/91/4018091_image2_1.jpg,https://tong.visitkorea.or.kr/cms/resource/91/4018091_image3_1.jpg,2026-08-29T22:50:14.744448+09:00
3305296,38,타미힐피거칠드런 신세계백화점 타임스퀘어점,서울특별시 영등포구 영중로 9 (영등포동4가) 8층,37.5171899712591,126.905567071705,11,560,SH,SH04,SH040300,2026-03-18 10:10:05+09:00,https://tong.visitkorea.or.kr/cms/resource/56/4018156_image2_1.jpg,https://tong.visitkorea.or.kr/cms/resource/56/4018156_image3_1.jpg,2026-08-29T22:50:14.744448+09:00
3305382,38,말본골프 신세계백화점 타임스퀘어점,서울특별시 영등포구 영중로 9 (영등포동4가) 7층,37.5171899712591,126.905567071705,11,560,SH,SH04,SH040300,2026-03-27 09:21:50+09:00,https://tong.visitkorea.or.kr/cms/resource/46/4018146_image2_1.jpg,https://tong.visitkorea.or.kr/cms/resource/46/4018146_image3_1.jpg,2026-08-29T22:50:14.744448+09:00
3305388,38,노스페이스 신세계백화점 타임스퀘어점,서울특별시 영등포구 영중로 9 (영등포동4가) 7층,37.5171899712591,126.905567071705,11,560,SH,SH04,SH040300,2026-03-30 09:16:11+09:00,https://tong.visitkorea.or.kr/cms/resource/43/4018143_image2_1.jpg,https://tong.visitkorea.or.kr/cms/resource/43/4018143_image3_1.jpg,2026-08-29T22:50:14.744448+09:00
3305397,38,플리츠플리즈 신세계백화점 타임스퀘어점,서울특별시 영등포구 영중로 9 (영등포동4가) 2층,37.5171899712591,126.905567071705,11,560,SH,SH04,SH040300,2026-03-30 09:16:11+09:00,https://tong.visitkorea.or.kr/cms/resource/74/4018174_image2_1.jpg,https://tong.visitkorea.or.kr/cms/resource/74/4018174_image3_1.jpg,2026-08-29T22:50:14.744448+09:00
3305524,38,타임 타임스퀘어점,서울특별시 영등포구 영중로 15 (영등포동4가),37.5172332566615,126.903715993779,11,560,SH,SH04,SH040300,2026-03-16 10:54:17+09:00,https://tong.visitkorea.or.kr/cms/resource/67/4018167_image2_1.jpg,https://tong.visitkorea.or.kr/cms/resource/67/4018167_image3_1.jpg,2026-08-29T22:50:14.744448+09:00
3305541,38,반스 신세계백화점 타임스퀘어점,서울특별시 영등포구 영중로 9 (영등포동4가) 6층,37.5171899712591,126.905567071705,11,560,SH,SH04,SH040300,2026-03-30 09:16:11+09:00,https://tong.visitkorea.or.kr/cms/resource/49/4018149_image2_1.jpg,https://tong.visitkorea.or.kr/cms/resource/49/4018149_image3_1.jpg,2026-08-29T22:50:14.744448+09:00
3305549,38,랄프로렌칠드런 신세계백화점 타임스퀘어점,서울특별시 영등포구 영중로 9 (영등포동4가) 8층,37.5171899712591,126.905567071705,11,560,SH,SH04,SH040300,2026-03-30 09:16:11+09:00,https://tong.visitkorea.or.kr/cms/resource/61/4018161_image2_1.jpg,https://tong.visitkorea.or.kr/cms/resource/61/4018161_image3_1.jpg,2026-08-29T22:50:14.744448+09:00
3305568,38,아베다 신세계백화점 타임스퀘어점,서울특별시 영등포구 영중로 9 (영등포동4가),37.5171899712591,126.905567071705,11,560,SH,SH04,SH040300,2026-03-30 09:16:11+09:00,https://tong.visitkorea.or.kr/cms/resource/12/4018112_image2_1.jpg,https://tong.visitkorea.or.kr/cms/resource/12/4018112_image3_1.jpg,2026-08-29T22:50:14.744448+09:00
3305597,38,캘빈클라인진 신세계백화점 타임스퀘어점,서울특별시 영등포구 영중로 9 (영등포동4가) B2층,37.5171899712591,126.905567071705,11,560,SH,SH04,SH040300,2026-03-27 09:21:50+09:00,https://tong.visitkorea.or.kr/cms/resource/10/4019010_image2_1.jpg,https://tong.visitkorea.or.kr/cms/resource/10/4019010_image3_1.jpg,2026-08-29T22:50:14.744448+09:00
3305614,38,아디다스 골프 신세계백화점 타임스퀘어점,서울특별시 영등포구 영중로 9 (영등포동4가) 7층,37.5171899712591,126.905567071705,11,560,SH,SH04,SH040300,2026-03-27 09:21:50+09:00,https://tong.visitkorea.or.kr/cms/resource/40/4018140_image2_1.jpg,https://tong.visitkorea.or.kr/cms/resource/40/4018140_image3_1.jpg,2026-08-29T22:50:14.744448+09:00
3305634,38,아레나 타임스퀘어점,서울특별시 영등포구 영중로 15 (영등포동4가) 6층,37.5172332566615,126.903715993779,11,560,SH,SH04,SH040300,2026-03-16 10:54:17+09:00,https://tong.visitkorea.or.kr/cms/resource/65/4017565_image2_1.jpg,https://tong.visitkorea.or.kr/cms/resource/65/4017565_image3_1.jpg,2026-08-29T22:50:14.744448+09:00
3305721,38,헬렌카민스키 신세계백화점 타임스퀘어점,서울특별시 영등포구 영중로 9 (영등포동4가) 2층,37.5171899712591,126.905567071705,11,560,SH,SH04,SH040300,2026-03-27 09:21:50+09:00,https://tong.visitkorea.or.kr/cms/resource/08/4019008_image2_1.jpg,https://tong.visitkorea.or.kr/cms/resource/08/4019008_image3_1.jpg,2026-08-29T22:50:14.744448+09:00
3305727,38,시슬리뷰티 신세계백화점 타임스퀘어점,서울특별시 영등포구 영중로 9 (영등포동4가) 1층,37.5171899712591,126.905567071705,11,560,SH,SH04,SH040300,2026-03-18 10:10:05+09:00,https://tong.visitkorea.or.kr/cms/resource/78/4017578_image2_1.jpg,https://tong.visitkorea.or.kr/cms/resource/78/4017578_image3_1.jpg,2026-08-29T22:50:14.744448+09:00
3305733,38,에스티로더 신세계백화점 타임스퀘어점,서울특별시 영등포구 영중로 9 (영등포동4가) 1층,37.5171899712591,126.905567071705,11,560,SH,SH04,SH040300,2026-03-25 09:34:32+09:00,https://tong.visitkorea.or.kr/cms/resource/32/4041932_image2_1.jpg,https://tong.visitkorea.or.kr/cms/resource/32/4041932_image3_1.jpg,2026-08-29T22:50:14.744448+09:00
3305746,38,보보쇼즈 타임스퀘어점,서울특별시 영등포구 영중로 15 (영등포동4가),37.5172332566615,126.903715993779,11,560,SH,SH04,SH040300,2026-03-16 10:54:17+09:00,https://tong.visitkorea.or.kr/cms/resource/63/4017563_image2_1.jpg,https://tong.visitkorea.or.kr/cms/resource/63/4017563_image3_1.jpg,2026-08-29T22:50:14.744448+09:00
3305888,38,쥬크 타임스퀘어점,서울특별시 영등포구 영중로 15 (영등포동4가),37.5172332566615,126.903715993779,11,560,SH,SH04,SH040300,2026-03-16 10:54:17+09:00,https://tong.visitkorea.or.kr/cms/resource/86/4017486_image2_1.jpg,https://tong.visitkorea.or.kr/cms/resource/86/4017486_image3_1.jpg,2026-08-29T22:50:14.744448+09:00
3305925,38,지컷 신세계백화점 타임스퀘어점,서울특별시 영등포구 영중로 9 (영등포동4가),37.5171899712591,126.905567071705,11,560,SH,SH04,SH040300,2026-03-30 09:16:11+09:00,https://tong.visitkorea.or.kr/cms/resource/39/4018139_image2_1.jpg,https://tong.visitkorea.or.kr/cms/resource/39/4018139_image3_1.jpg,2026-08-29T22:50:14.744448+09:00
3305946,38,아이러브제이 타임스퀘어점,서울특별시 영등포구 영중로 15 (영등포동4가) 8층,37.5172332566615,126.903715993779,11,560,SH,SH04,SH040300,2026-03-16 10:54:17+09:00,https://tong.visitkorea.or.kr/cms/resource/62/4017562_image2_1.jpg,https://tong.visitkorea.or.kr/cms/resource/62/4017562_image3_1.jpg,2026-08-29T22:50:14.744448+09:00
3305974,38,나무그림 타임스퀘어점,서울특별시 영등포구 영중로 15 (영등포동4가) B2층,37.5172332566615,126.903715993779,11,560,SH,SH04,SH040300,2026-03-16 10:54:17+09:00,https://tong.visitkorea.or.kr/cms/resource/97/4018097_image2_1.jpg,https://tong.visitkorea.or.kr/cms/resource/97/4018097_image3_1.jpg,2026-08-29T22:50:14.744448+09:00
3306001,38,리틀그라운드 신세계백화점 타임스퀘어점,서울특별시 영등포구 영중로 9 (영등포동4가) 8층,37.5171899712591,126.905567071705,11,560,SH,SH04,SH040300,2026-03-30 09:16:11+09:00,https://tong.visitkorea.or.kr/cms/resource/60/4018160_image2_1.jpg,https://tong.visitkorea.or.kr/cms/resource/60/4018160_image3_1.jpg,2026-08-29T22:50:14.744448+09:00
3306106,38,아쿠아디파르마 신세계백화점 타임스퀘어점,서울특별시 영등포구 영중로 9 (영등포동4가) 1층,37.5171899712591,126.905567071705,11,560,SH,SH04,SH040300,2026-03-30 09:16:11+09:00,https://tong.visitkorea.or.kr/cms/resource/10/4018110_image2_1.jpg,https://tong.visitkorea.or.kr/cms/resource/10/4018110_image3_1.jpg,2026-08-29T22:50:14.744448+09:00
3306163,38,부테로 타임스퀘어점,서울특별시 영등포구 영중로 15 (영등포동4가) 5층,37.5172332566615,126.903715993779,11,560,SH,SH04,SH040300,2026-03-16 10:54:17+09:00,https://tong.visitkorea.or.kr/cms/resource/80/4017480_image2_1.jpg,https://tong.visitkorea.or.kr/cms/resource/80/4017480_image3_1.jpg,2026-08-29T22:50:14.744448+09:00
3306174,38,밀라노 영등포로터리 지하쇼핑센터점,서울특별시 영등포구 영중로 14-2 (영등포동3가),37.5177461448067,126.906112496618,11,560,SH,SH04,SH040300,2026-03-16 10:54:17+09:00,https://tong.visitkorea.or.kr/cms/resource/64/4018164_image2_1.jpg,https://tong.visitkorea.or.kr/cms/resource/64/4018164_image3_1.jpg,2026-08-29T22:50:14.744448+09:00
3306207,38,안경과 사람들,서울특별시 영등포구 양평로 104-2 (양평동4가),37.5370561040961,126.895961655396,11,560,SH,SH04,SH040300,2026-03-27 09:21:50+09:00,https://tong.visitkorea.or.kr/cms/resource/10/4018710_image2_1.jpg,https://tong.visitkorea.or.kr/cms/resource/10/4018710_image3_1.jpg,2026-08-29T22:50:14.744448+09:00
3306224,38,구호 신세계백화점 타임스퀘어점,서울특별시 영등포구 영중로 9 (영등포동4가) 3층,37.5171899712591,126.905567071705,11,560,SH,SH04,SH040300,2026-03-30 09:16:11+09:00,https://tong.visitkorea.or.kr/cms/resource/75/4018175_image2_1.jpg,https://tong.visitkorea.or.kr/cms/resource/75/4018175_image3_1.jpg,2026-08-29T22:50:14.744448+09:00
3306280,38,나이키스윔 신세계백화점 타임스퀘어점,서울특별시 영등포구 영중로 9 (영등포동4가) 6층,37.5171899712591,126.905567071705,11,560,SH,SH04,SH040300,2026-03-27 09:21:50+09:00,https://tong.visitkorea.or.kr/cms/resource/52/4018152_image2_1.jpg,https://tong.visitkorea.or.kr/cms/resource/52/4018152_image3_1.jpg,2026-08-29T22:50:14.744448+09:00
3306298,38,입생로랑 코스메틱 신세계백화점 타임스퀘어점,서울특별시 영등포구 영중로 9 (영등포동4가),37.5171899712591,126.905567071705,11,560,SH,SH04,SH040300,2026-03-30 09:16:11+09:00,https://tong.visitkorea.or.kr/cms/resource/90/4017590_image2_1.jpg,https://tong.visitkorea.or.kr/cms/resource/90/4017590_image3_1.jpg,2026-08-29T22:50:14.744448+09:00
3306325,38,토리버치 신세계백화점 타임스퀘어점,서울특별시 영등포구 영중로 9 (영등포동4가) 2층,37.5171899712591,126.905567071705,11,560,SH,SH04,SH040300,2026-03-30 09:16:11+09:00,https://tong.visitkorea.or.kr/cms/resource/01/4017601_image2_1.jpg,https://tong.visitkorea.or.kr/cms/resource/01/4017601_image3_1.jpg,2026-08-29T22:50:14.744448+09:00
3306342,38,푸마키즈 신세계백화점 타임스퀘어점,서울특별시 영등포구 영중로 9 (영등포동4가) 8층,37.5171899712591,126.905567071705,11,560,SH,SH04,SH040300,2026-03-18 10:10:05+09:00,https://tong.visitkorea.or.kr/cms/resource/63/4018163_image2_1.jpg,https://tong.visitkorea.or.kr/cms/resource/63/4018163_image3_1.jpg,2026-08-29T22:50:14.744448+09:00
3306399,38,무냐무냐 신세계백화점 타임스퀘어점,서울특별시 영등포구 영중로 9 (영등포동4가) 8층,37.5171899712591,126.905567071705,11,560,SH,SH04,SH040300,2026-03-30 09:16:11+09:00,https://tong.visitkorea.or.kr/cms/resource/57/4018157_image2_1.jpg,https://tong.visitkorea.or.kr/cms/resource/57/4018157_image3_1.jpg,2026-08-29T22:50:14.744448+09:00
3306456,38,디스커버리키즈 신세계백화점 타임스퀘어점,서울특별시 영등포구 영중로 9 (영등포동4가) 8층,37.5171899712591,126.905567071705,11,560,SH,SH04,SH040300,2026-03-27 09:21:50+09:00,https://tong.visitkorea.or.kr/cms/resource/09/4019009_image2_1.jpg,https://tong.visitkorea.or.kr/cms/resource/09/4019009_image3_1.jpg,2026-08-29T22:50:14.744448+09:00
3306469,38,금강 타임스퀘어점,서울특별시 영등포구 영중로 15 (영등포동4가),37.5172332566615,126.903715993779,11,560,SH,SH04,SH040300,2026-03-16 10:54:17+09:00,https://tong.visitkorea.or.kr/cms/resource/88/4017488_image2_1.jpg,https://tong.visitkorea.or.kr/cms/resource/88/4017488_image3_1.jpg,2026-08-29T22:50:14.744448+09:00
3306540,38,게스진 타임스퀘어점,서울특별시 영등포구 영중로 15 (영등포동4가),37.5172332566615,126.903715993779,11,560,SH,SH04,SH040300,2026-03-16 10:35:59+09:00,https://tong.visitkorea.or.kr/cms/resource/06/4017506_image2_1.jpg,https://tong.visitkorea.or.kr/cms/resource/06/4017506_image3_1.jpg,2026-08-29T22:50:14.744448+09:00
3306545,38,비너스 타임스퀘어점,서울특별시 영등포구 영중로 15 (영등포동4가) 3층,37.5172332566615,126.903715993779,11,560,SH,SH04,SH040300,2026-03-16 10:54:17+09:00,https://tong.visitkorea.or.kr/cms/resource/99/4017599_image2_1.jpg,https://tong.visitkorea.or.kr/cms/resource/99/4017599_image3_1.jpg,2026-08-29T22:50:14.744448+09:00
3306597,38,캉골 신세계백화점 타임스퀘어점,서울특별시 영등포구 영중로 9 (영등포동4가) 6층,37.5171899712591,126.905567071705,11,560,SH,SH04,SH040300,2026-03-27 09:21:50+09:00,https://tong.visitkorea.or.kr/cms/resource/55/4018155_image2_1.jpg,https://tong.visitkorea.or.kr/cms/resource/55/4018155_image3_1.jpg,2026-08-29T22:50:14.744448+09:00
3306599,38,플랫폼 타임스퀘어점,서울특별시 영등포구 영중로 15 (영등포동4가) 6층,37.5172332566615,126.903715993779,11,560,SH,SH04,SH040300,2026-03-16 10:54:17+09:00,https://tong.visitkorea.or.kr/cms/resource/64/4017564_image2_1.jpg,https://tong.visitkorea.or.kr/cms/resource/64/4017564_image3_1.jpg,2026-08-29T22:50:14.744448+09:00
3306631,38,호프씨채널 안경,서울특별시 영등포구 여의대방로 383 (여의도동) 경도빌딩,37.5193436883433,126.931504190261,11,560,SH,SH04,SH040300,2026-03-30 09:16:11+09:00,https://tong.visitkorea.or.kr/cms/resource/02/4018302_image2_1.jpg,https://tong.visitkorea.or.kr/cms/resource/02/4018302_image3_1.jpg,2026-08-29T22:50:14.744448+09:00
3306650,38,프렌치캣 신세계백화점 타임스퀘어점,서울특별시 영등포구 영중로 9 (영등포동4가) 8층,37.5171899712591,126.905567071705,11,560,SH,SH04,SH040300,2026-03-30 09:16:11+09:00,https://tong.visitkorea.or.kr/cms/resource/58/4018158_image2_1.jpg,https://tong.visitkorea.or.kr/cms/resource/58/4018158_image3_1.jpg,2026-08-29T22:50:14.744448+09:00
3306672,38,노스페이스화이트라벨 타임스퀘어점,서울특별시 영등포구 영중로 15 (영등포동4가) 6층,37.5172332566615,126.903715993779,11,560,SH,SH04,SH040300,2026-03-16 10:35:59+09:00,https://tong.visitkorea.or.kr/cms/resource/66/4017566_image2_1.jpg,https://tong.visitkorea.or.kr/cms/resource/66/4017566_image3_1.jpg,2026-08-29T22:50:14.744448+09:00
3306718,38,배럴 신세계백화점 타임스퀘어점,서울특별시 영등포구 영중로 9 (영등포동4가) 6층,37.5171899712591,126.905567071705,11,560,SH,SH04,SH040300,2026-03-30 09:16:11+09:00,https://tong.visitkorea.or.kr/cms/resource/50/4018150_image2_1.jpg,https://tong.visitkorea.or.kr/cms/resource/50/4018150_image3_1.jpg,2026-08-29T22:50:14.744448+09:00
3306724,38,랑콤 신세계백화점 타임스퀘어점,서울특별시 영등포구 영중로 9 (영등포동4가) 1층,37.5171899712591,126.905567071705,11,560,SH,SH04,SH040300,2026-03-27 09:21:50+09:00,https://tong.visitkorea.or.kr/cms/resource/75/4017575_image2_1.jpg,https://tong.visitkorea.or.kr/cms/resource/75/4017575_image3_1.jpg,2026-08-29T22:50:14.744448+09:00
3306729,38,프로젝트M 신세계백화점 타임스퀘어점,서울특별시 영등포구 영중로 9 (영등포동4가),37.5171899712591,126.905567071705,11,560,SH,SH04,SH040300,2026-03-27 09:21:50+09:00,https://tong.visitkorea.or.kr/cms/resource/25/4018625_image2_1.jpg,https://tong.visitkorea.or.kr/cms/resource/25/4018625_image3_1.jpg,2026-08-29T22:50:14.744448+09:00
3306730,38,오렌즈 영등포지하상가점,서울특별시 영등포구 영중로 지하20 (영등포동3가),37.5179049569355,126.905842514563,11,560,SH,SH04,SH040300,2026-03-16 10:54:17+09:00,https://tong.visitkorea.or.kr/cms/resource/36/4018136_image2_1.jpg,https://tong.visitkorea.or.kr/cms/resource/36/4018136_image3_1.jpg,2026-08-29T22:50:14.744448+09:00
3306734,38,데상트 신세계백화점 타임스퀘어점,서울특별시 영등포구 영중로 9 (영등포동4가),37.5171899712591,126.905567071705,11,560,SH,SH04,SH040300,2026-03-27 09:21:50+09:00,https://tong.visitkorea.or.kr/cms/resource/16/4019016_image2_1.jpg,https://tong.visitkorea.or.kr/cms/resource/16/4019016_image3_1.jpg,2026-08-29T22:50:14.744448+09:00
3306790,38,써스데이아일랜드 타임스퀘어점,서울특별시 영등포구 영중로 15 (영등포동4가),37.5172332566615,126.903715993779,11,560,SH,SH04,SH040300,2026-03-18 10:10:05+09:00,https://tong.visitkorea.or.kr/cms/resource/84/4017484_image2_1.jpg,https://tong.visitkorea.or.kr/cms/resource/84/4017484_image3_1.jpg,2026-08-29T22:50:14.744448+09:00
3306803,38,유니클로 IFC몰점,서울특별시 영등포구 국제금융로 10 (여의도동) B2층,37.5251775245928,126.924876706923,11,560,SH,SH04,SH040300,2026-03-16 10:54:17+09:00,https://tong.visitkorea.or.kr/cms/resource/20/4018220_image2_1.jpg,https://tong.visitkorea.or.kr/cms/resource/20/4018220_image3_1.jpg,2026-08-29T22:50:14.744448+09:00
3306811,38,코오롱스포츠 신세계백화점 타임스퀘어점,서울특별시 영등포구 영중로 9 (영등포동4가) 7층,37.5171899712591,126.905567071705,11,560,SH,SH04,SH040300,2026-03-27 09:21:50+09:00,https://tong.visitkorea.or.kr/cms/resource/45/4018145_image2_1.jpg,https://tong.visitkorea.or.kr/cms/resource/45/4018145_image3_1.jpg,2026-08-29T22:50:14.744448+09:00
3306853,38,바이레도 신세계백화점 타임스퀘어점,서울특별시 영등포구 영중로 9 (영등포동4가),37.5171899712591,126.905567071705,11,560,SH,SH04,SH040300,2026-03-25 09:34:32+09:00,https://tong.visitkorea.or.kr/cms/resource/31/4041931_image2_1.png,https://tong.visitkorea.or.kr/cms/resource/31/4041931_image3_1.png,2026-08-29T22:50:14.744448+09:00
3306872,38,키엘 신세계백화점 타임스퀘어점,서울특별시 영등포구 영중로 9 (영등포동4가) 1층,37.5171899712591,126.905567071705,11,560,SH,SH04,SH040300,2026-03-27 09:21:50+09:00,https://tong.visitkorea.or.kr/cms/resource/79/4017579_image2_1.jpg,https://tong.visitkorea.or.kr/cms/resource/79/4017579_image3_1.jpg,2026-08-29T22:50:14.744448+09:00
3306878,38,플라스틱아일랜드 타임스퀘어점,서울특별시 영등포구 영중로 15 (영등포동4가) B2층,37.5172332566615,126.903715993779,11,560,SH,SH04,SH040300,2026-03-16 10:54:17+09:00,https://tong.visitkorea.or.kr/cms/resource/85/4017485_image2_1.jpg,https://tong.visitkorea.or.kr/cms/resource/85/4017485_image3_1.jpg,2026-08-29T22:50:14.744448+09:00
3306925,38,파타고니아 신세계백화점 타임스퀘어점,서울특별시 영등포구 영중로 9 (영등포동4가) 7층,37.5171899712591,126.905567071705,11,560,SH,SH04,SH040300,2026-03-30 09:16:11+09:00,https://tong.visitkorea.or.kr/cms/resource/41/4018141_image2_1.jpg,https://tong.visitkorea.or.kr/cms/resource/41/4018141_image3_1.jpg,2026-08-29T22:50:14.744448+09:00
3306945,38,크리드 신세계백화점 타임스퀘어점,서울특별시 영등포구 영중로 9 (영등포동4가) 1층,37.5171899712591,126.905567071705,11,560,SH,SH04,SH040300,2026-03-30 09:16:11+09:00,https://tong.visitkorea.or.kr/cms/resource/09/4018109_image2_1.jpg,https://tong.visitkorea.or.kr/cms/resource/09/4018109_image3_1.jpg,2026-08-29T22:50:14.744448+09:00
3307010,38,겐조 타임스퀘어점,서울특별시 영등포구 영중로 15 (영등포동4가),37.5172332566615,126.903715993779,11,560,SH,SH04,SH040300,2026-03-16 10:54:17+09:00,https://tong.visitkorea.or.kr/cms/resource/00/4017600_image2_1.jpg,https://tong.visitkorea.or.kr/cms/resource/00/4017600_image3_1.jpg,2026-08-29T22:50:14.744448+09:00
3307012,38,산드로 신세계백화점 타임스퀘어점,서울특별시 영등포구 영중로 9 (영등포동4가) 3층,37.5171899712591,126.905567071705,11,560,SH,SH04,SH040300,2026-03-30 09:16:11+09:00,https://tong.visitkorea.or.kr/cms/resource/82/4018182_image2_1.jpg,https://tong.visitkorea.or.kr/cms/resource/82/4018182_image3_1.jpg,2026-08-29T22:50:14.744448+09:00
3307033,38,LAP 타임스퀘어점,서울특별시 영등포구 영중로 15 (영등포동4가) 4층,37.5172332566615,126.903715993779,11,560,SH,SH04,SH040300,2026-03-16 10:54:17+09:00,https://tong.visitkorea.or.kr/cms/resource/90/4017490_image2_1.jpg,https://tong.visitkorea.or.kr/cms/resource/90/4017490_image3_1.jpg,2026-08-29T22:50:14.744448+09:00
3307138,38,시스템 타임스퀘어점,서울특별시 영등포구 영중로 15 (영등포동4가) 4층,37.5172332566615,126.903715993779,11,560,SH,SH04,SH040300,2026-03-16 10:54:17+09:00,https://tong.visitkorea.or.kr/cms/resource/89/4017489_image2_1.jpg,https://tong.visitkorea.or.kr/cms/resource/89/4017489_image3_1.jpg,2026-08-29T22:50:14.744448+09:00
3307144,38,안다르 신세계백화점 타임스퀘어점,서울특별시 영등포구 영중로 9 (영등포동4가) 6층,37.5171899712591,126.905567071705,11,560,SH,SH04,SH040300,2026-03-27 09:21:50+09:00,https://tong.visitkorea.or.kr/cms/resource/53/4018153_image2_1.jpg,https://tong.visitkorea.or.kr/cms/resource/53/4018153_image3_1.jpg,2026-08-29T22:50:14.744448+09:00
3307147,38,스튜디오톰보이 신세계백화점 타임스퀘어점,서울특별시 영등포구 영중로 9 (영등포동4가) B2층,37.5171899712591,126.905567071705,11,560,SH,SH04,SH040300,2026-03-30 09:16:11+09:00,https://tong.visitkorea.or.kr/cms/resource/60/4017560_image2_1.jpg,https://tong.visitkorea.or.kr/cms/resource/60/4017560_image3_1.jpg,2026-08-29T22:50:14.744448+09:00
3307153,38,메르시앤에스 타임스퀘어점,서울특별시 영등포구 영중로 15 (영등포동4가),37.5172332566615,126.903715993779,11,560,SH,SH04,SH040300,2026-03-18 10:10:05+09:00,https://tong.visitkorea.or.kr/cms/resource/83/4017483_image2_1.jpg,https://tong.visitkorea.or.kr/cms/resource/83/4017483_image3_1.jpg,2026-08-29T22:50:14.744448+09:00
3307169,38,나이키 신세계백화점 타임스퀘어점,서울특별시 영등포구 영중로 9 (영등포동4가) 6층,37.5171899712591,126.905567071705,11,560,SH,SH04,SH040300,2026-03-30 09:16:11+09:00,https://tong.visitkorea.or.kr/cms/resource/48/4018148_image2_1.jpg,https://tong.visitkorea.or.kr/cms/resource/48/4018148_image3_1.jpg,2026-08-29T22:50:14.744448+09:00
3307176,38,에뜨와 신세계백화점 타임스퀘어점,서울특별시 영등포구 영중로 9 (영등포동4가),37.5171899712591,126.905567071705,11,560,SH,SH04,SH040300,2026-03-30 09:16:11+09:00,https://tong.visitkorea.or.kr/cms/resource/62/4018162_image2_1.jpg,https://tong.visitkorea.or.kr/cms/resource/62/4018162_image3_1.jpg,2026-08-29T22:50:14.744448+09:00
3307191,38,온앤온 타임스퀘어점,서울특별시 영등포구 영중로 15 (영등포동4가),37.5172332566615,126.903715993779,11,560,SH,SH04,SH040300,2026-03-16 10:54:17+09:00,https://tong.visitkorea.or.kr/cms/resource/87/4017487_image2_1.jpg,https://tong.visitkorea.or.kr/cms/resource/87/4017487_image3_1.jpg,2026-08-29T22:50:14.744448+09:00
3307267,38,휴고보스 신세계백화점 타임스퀘어점,서울특별시 영등포구 영중로 9 (영등포동4가) 5층,37.5171899712591,126.905567071705,11,560,SH,SH04,SH040300,2026-03-27 09:21:50+09:00,https://tong.visitkorea.or.kr/cms/resource/15/4019015_image2_1.jpg,https://tong.visitkorea.or.kr/cms/resource/15/4019015_image3_1.jpg,2026-08-29T22:50:14.744448+09:00
3307297,38,올리브영 국회의사당역점,서울특별시 영등포구 국회대로 지하758 (여의도동),37.5280674292228,126.917885535023,11,560,SH,SH04,SH040300,2026-03-17 10:12:59+09:00,https://tong.visitkorea.or.kr/cms/resource/46/4028746_image2_1.jpeg,https://tong.visitkorea.or.kr/cms/resource/46/4028746_image3_1.jpeg,2026-08-29T22:50:14.744448+09:00
3307304,38,신세계 팩토리스토어 타임스퀘어점,서울특별시 영등포구 영중로 15 (영등포동4가) B2층,37.5172332566615,126.903715993779,11,560,SH,SH04,SH040300,2026-03-16 10:54:17+09:00,https://tong.visitkorea.or.kr/cms/resource/92/4017492_image2_1.jpg,https://tong.visitkorea.or.kr/cms/resource/92/4017492_image3_1.jpg,2026-08-29T22:50:14.744448+09:00
3307305,38,쉬즈미스 타임스퀘어점,서울특별시 영등포구 영중로 15 (영등포동4가) 2층,37.5172332566615,126.903715993779,11,560,SH,SH04,SH040300,2026-03-16 10:54:17+09:00,https://tong.visitkorea.or.kr/cms/resource/98/4018098_image2_1.jpg,https://tong.visitkorea.or.kr/cms/resource/98/4018098_image3_1.jpg,2026-08-29T22:50:14.744448+09:00
3307320,38,빌리프 신세계백화점 타임스퀘어점,서울특별시 영등포구 영중로 9 (영등포동4가) 1층,37.5171899712591,126.905567071705,11,560,SH,SH04,SH040300,2026-03-27 09:21:50+09:00,https://tong.visitkorea.or.kr/cms/resource/13/4018113_image2_1.jpg,https://tong.visitkorea.or.kr/cms/resource/13/4018113_image3_1.jpg,2026-08-29T22:50:14.744448+09:00
3307332,38,PXG어패럴 신세계백화점 타임스퀘어점,서울특별시 영등포구 영중로 9 (영등포동4가),37.5171899712591,126.905567071705,11,560,SH,SH04,SH040300,2026-03-30 09:16:11+09:00,https://tong.visitkorea.or.kr/cms/resource/44/4018144_image2_1.jpg,https://tong.visitkorea.or.kr/cms/resource/44/4018144_image3_1.jpg,2026-08-29T22:50:14.744448+09:00
3307442,38,후아유 타임스퀘어점,서울특별시 영등포구 영중로 15 (영등포동4가) B2층,37.5172332566615,126.903715993779,11,560,SH,SH04,SH040300,2026-03-16 10:54:17+09:00,https://tong.visitkorea.or.kr/cms/resource/96/4018096_image2_1.jpg,https://tong.visitkorea.or.kr/cms/resource/96/4018096_image3_1.jpg,2026-08-29T22:50:14.744448+09:00
3307515,38,미샤 신세계백화점 타임스퀘어점,서울특별시 영등포구 영중로 9 (영등포동4가),37.5171899712591,126.905567071705,11,560,SH,SH04,SH040300,2026-03-30 09:16:11+09:00,https://tong.visitkorea.or.kr/cms/resource/65/4018165_image2_1.jpg,https://tong.visitkorea.or.kr/cms/resource/65/4018165_image3_1.jpg,2026-08-29T22:50:14.744448+09:00
3307520,38,르베이지 신세계백화점 타임스퀘어점,서울특별시 영등포구 영중로 9 (영등포동4가) 3층,37.5171899712591,126.905567071705,11,560,SH,SH04,SH040300,2026-03-30 09:16:11+09:00,https://tong.visitkorea.or.kr/cms/resource/76/4018176_image2_1.jpg,https://tong.visitkorea.or.kr/cms/resource/76/4018176_image3_1.jpg,2026-08-29T22:50:14.744448+09:00
3307525,38,올리브영 문래점,서울특별시 영등포구 선유로 63 (문래동6가) 동신타워 1층,37.5196525574619,126.889049579249,11,560,SH,SH04,SH040300,2026-03-30 09:16:11+09:00,https://tong.visitkorea.or.kr/cms/resource/49/4028749_image2_1.jpg,https://tong.visitkorea.or.kr/cms/resource/49/4028749_image3_1.jpg,2026-08-29T22:50:14.744448+09:00
3307557,38,라이프워크 타임스퀘어점,서울특별시 영등포구 영중로 15 (영등포동4가) B2층,37.5172332566615,126.903715993779,11,560,SH,SH04,SH040300,2026-03-16 10:54:17+09:00,https://tong.visitkorea.or.kr/cms/resource/05/4017505_image2_1.jpg,https://tong.visitkorea.or.kr/cms/resource/05/4017505_image3_1.jpg,2026-08-29T22:50:14.744448+09:00
3307631,38,헤라 신세계백화점 타임스퀘어점,서울특별시 영등포구 영중로 9 (영등포동4가) 1층,37.5171899712591,126.905567071705,11,560,SH,SH04,SH040300,2026-03-27 09:21:50+09:00,https://tong.visitkorea.or.kr/cms/resource/86/4017586_image2_1.jpg,https://tong.visitkorea.or.kr/cms/resource/86/4017586_image3_1.jpg,2026-08-29T22:50:14.744448+09:00
3307662,38,MLB키즈 신세계백화점 타임스퀘어점,서울특별시 영등포구 영중로 9 (영등포동4가) 8층,37.5171899712591,126.905567071705,11,560,SH,SH04,SH040300,2026-03-30 09:16:11+09:00,https://tong.visitkorea.or.kr/cms/resource/59/4018159_image2_1.jpg,https://tong.visitkorea.or.kr/cms/resource/59/4018159_image3_1.jpg,2026-08-29T22:50:14.744448+09:00
3307673,38,스케쳐스 신세계백화점 타임스퀘어점,서울특별시 영등포구 영중로 9 (영등포동4가) 6층,37.5171899712591,126.905567071705,11,560,SH,SH04,SH040300,2026-03-27 09:21:50+09:00,https://tong.visitkorea.or.kr/cms/resource/51/4018151_image2_1.jpg,https://tong.visitkorea.or.kr/cms/resource/51/4018151_image3_1.jpg,2026-08-29T22:50:14.744448+09:00
3308095,14,OPCI,서울특별시 영등포구 영중로 15 (영등포동4가) 타임스퀘어 지하 1층,37.51778060722777,126.90536773973882,11,560,VE,VE07,VE070300,2026-04-06 09:18:52+09:00,https://tong.visitkorea.or.kr/cms/resource/90/3423690_image2_1.jpg,https://tong.visitkorea.or.kr/cms/resource/90/3423690_image3_1.jpg,2026-08-29T22:50:14.744448+09:00
331506,12,자매공원,서울특별시 영등포구 여의대방로 372-1 (여의도동),37.5180729154,126.9310100514,11,560,VE,VE03,VE030100,2025-08-27 17:49:33+09:00,http://tong.visitkorea.or.kr/cms/resource/07/3526907_image2_1.jpg,http://tong.visitkorea.or.kr/cms/resource/07/3526907_image3_1.jpg,2026-08-29T22:50:14.744448+09:00
3387201,15,영등포선유도원축제,서울특별시 영등포구 선유로 343 (당산동) 선유도공원,37.5422918129,126.902442527,11,560,EV,EV01,EV010500,2025-10-23 14:30:00+09:00,http://tong.visitkorea.or.kr/cms/resource/25/3552525_image2_1.JPG,http://tong.visitkorea.or.kr/cms/resource/25/3552525_image3_1.JPG,2026-08-29T22:50:14.744448+09:00
3428697,14,국회도서관,서울특별시 영등포구 의사당대로 1 (여의도동),37.5293706796,126.9166173251,11,560,VE,VE09,VE090300,2026-07-23 16:59:20+09:00,https://tong.visitkorea.or.kr/cms/resource/31/4091331_image2_1.jpg,https://tong.visitkorea.or.kr/cms/resource/31/4091331_image3_1.jpg,2026-08-29T22:50:14.744448+09:00
3458259,39,영등포구 카페진정성,서울특별시 영등포구 선유로 314 (당산동),37.5399670631,126.9013093628,11,560,FD,FD05,FD050100,2025-07-31 09:22:40+09:00,http://tong.visitkorea.or.kr/cms/resource/09/3456009_image2_1.jpg,http://tong.visitkorea.or.kr/cms/resource/09/3456009_image3_1.jpg,2026-08-29T22:50:14.744448+09:00
3458646,14,여의샛강도서관,서울특별시 영등포구 여의대로 24 (여의도동),37.5224015652,126.9197281083,11,560,VE,VE09,VE090300,2026-07-28 11:00:48+09:00,https://tong.visitkorea.or.kr/cms/resource/12/3458612_image2_1.JPG,https://tong.visitkorea.or.kr/cms/resource/12/3458612_image3_1.JPG,2026-08-29T22:50:14.744448+09:00
3484356,32,스테이 패스포트 익스프레스 스파 당산점,서울특별시 영등포구 양평로 92-1 (양평동4가),37.53664903446674,126.89698465084324,11,560,AC,AC04,AC040100,2026-03-09 09:36:31+09:00,https://tong.visitkorea.or.kr/cms/resource/39/3484339_image2_1.jpg,https://tong.visitkorea.or.kr/cms/resource/39/3484339_image3_1.jpg,2026-08-29T22:50:14.744448+09:00
3484512,32,아늑호텔 영등포점,서울특별시 영등포구 영중로10길 10 (영등포동3가),37.5189720016143,126.90640746597498,11,560,AC,AC04,AC040100,2026-03-09 09:36:31+09:00,https://tong.visitkorea.or.kr/cms/resource/66/3484466_image2_1.jpg,https://tong.visitkorea.or.kr/cms/resource/66/3484466_image3_1.jpg,2026-08-29T22:50:14.744448+09:00
3487744,12,서울달,서울특별시 영등포구 여의공원로 68-1 (여의도동),37.5263393500647,126.92225241743927,11,560,EX,EX07,EX070200,2026-03-11 10:03:40+09:00,https://tong.visitkorea.or.kr/cms/resource/27/3487727_image2_1.jpg,https://tong.visitkorea.or.kr/cms/resource/27/3487727_image3_1.jpg,2026-08-29T22:50:14.744448+09:00
3492920,32,글래드 여의도,서울특별시 영등포구 의사당대로 16 (여의도동),37.52740948539226,126.91726519155982,11,560,AC,AC01,AC010100,2026-03-11 10:03:40+09:00,https://tong.visitkorea.or.kr/cms/resource/93/3492893_image2_1.jpg,https://tong.visitkorea.or.kr/cms/resource/93/3492893_image3_1.jpg,2026-08-29T22:50:14.744448+09:00
3517184,15,한강 다리밑 영화관,서울특별시 영등포구 여의동로 330 (여의도동),37.5263478533,126.9335951931,11,560,EV,EV02,EV020800,2026-08-03 14:42:31+09:00,https://tong.visitkorea.or.kr/cms/resource/69/4095469_image2_1.jpg,https://tong.visitkorea.or.kr/cms/resource/69/4095469_image3_1.jpg,2026-08-29T22:50:14.744448+09:00
3532307,32,페어필드 바이 메리어트 서울 호텔,서울특별시 영등포구 경인로 870 (영등포동1가),37.5169829270384,126.90928299985586,11,560,AC,AC01,AC010100,2026-04-09 10:47:22+09:00,https://tong.visitkorea.or.kr/cms/resource/92/3532192_image2_1.jpg,https://tong.visitkorea.or.kr/cms/resource/92/3532192_image3_1.jpg,2026-08-29T22:50:14.744448+09:00
3533139,32,스테이 공간,서울특별시 영등포구 선유서로25길 18-7 (양평동2가),37.5250101572,126.8839197022,11,560,AC,AC06,AC060200,2025-09-22 12:50:10+09:00,,,2026-08-29T22:50:14.744448+09:00
3564023,12,서울크루즈,서울특별시 영등포구 여의도한강공원길 231 (여의도동),37.52957900048335,126.93369611609394,11,560,EX,EX07,EX070100,2026-04-27 16:14:14+09:00,https://tong.visitkorea.or.kr/cms/resource/86/3564086_image2_1.JPG,https://tong.visitkorea.or.kr/cms/resource/86/3564086_image3_1.JPG,2026-08-29T22:50:14.744448+09:00
3572021,38,아크앤북 TP타워여의도점,서울특별시 영등포구 의사당대로 96 (여의도동) 지하 2층,37.52153393777241,126.92287755850947,11,560,SH,SH07,SH070100,2026-03-09 17:02:13+09:00,https://tong.visitkorea.or.kr/cms/resource/87/3571987_image2_1.jpg,https://tong.visitkorea.or.kr/cms/resource/87/3571987_image3_1.jpg,2026-08-29T22:50:14.744448+09:00
4009311,38,신알프스안경 영등포역지하쇼핑센터점,서울특별시 영등포구 경인로 지하843 (영등포동3가),37.5164625580995,126.906658750671,11,560,SH,SH04,SH040300,2026-04-01 06:22:30+09:00,https://tong.visitkorea.or.kr/cms/resource/54/4022154_image2_1.jpg,https://tong.visitkorea.or.kr/cms/resource/54/4022154_image3_1.jpg,2026-08-29T22:50:14.744448+09:00
4009312,38,홀리카홀리카 영등포역지하쇼핑센터점,서울특별시 영등포구 경인로 지하843 (영등포동3가),37.5164625580995,126.906658750671,11,560,SH,SH04,SH040300,2026-03-16 10:54:17+09:00,https://tong.visitkorea.or.kr/cms/resource/29/4022029_image2_1.jpg,https://tong.visitkorea.or.kr/cms/resource/29/4022029_image3_1.jpg,2026-08-29T22:50:14.744448+09:00
4009313,38,올리브영 영등포역사점,서울특별시 영등포구 경인로 846 (영등포동),37.5156680341198,126.907665995469,11,560,SH,SH04,SH040300,2026-03-09 09:36:31+09:00,https://tong.visitkorea.or.kr/cms/resource/40/4028740_image2_1.jpg,https://tong.visitkorea.or.kr/cms/resource/40/4028740_image3_1.jpg,2026-08-29T22:50:14.744448+09:00
4009326,38,엄브로 롯데백화점 영등포점,서울특별시 영등포구 경인로 846 (영등포동) 7층,37.5156680341198,126.907665995469,11,560,SH,SH04,SH040300,2026-03-30 09:16:11+09:00,https://tong.visitkorea.or.kr/cms/resource/55/4022155_image2_1.jpg,https://tong.visitkorea.or.kr/cms/resource/55/4022155_image3_1.jpg,2026-08-29T22:50:14.744448+09:00
4009332,38,오렌즈 여의도IFC몰점,서울특별시 영등포구 국제금융로 10 (여의도동),37.5251775245928,126.924876706923,11,560,SH,SH04,SH040300,2026-03-19 00:51:00+09:00,https://tong.visitkorea.or.kr/cms/resource/25/4022125_image2_1.jpg,https://tong.visitkorea.or.kr/cms/resource/25/4022125_image3_1.jpg,2026-08-29T22:50:14.744448+09:00
4009333,38,벚꽃약국 IFC몰점,서울특별시 영등포구 국제금융로 10 (여의도동),37.5251775245928,126.924876706923,11,560,SH,SH04,SH040300,2026-03-30 09:16:11+09:00,https://tong.visitkorea.or.kr/cms/resource/26/4022126_image2_1.jpg,https://tong.visitkorea.or.kr/cms/resource/26/4022126_image3_1.jpg,2026-08-29T22:50:14.744448+09:00
4009359,38,올리브영 신풍역점,"서울특별시 영등포구 신풍로 28 (신길동, 비스타동원) 비스타동원",37.4998139228913,126.90960294998,11,560,SH,SH04,SH040300,2026-03-09 09:36:31+09:00,https://tong.visitkorea.or.kr/cms/resource/50/4028750_image2_1.png,https://tong.visitkorea.or.kr/cms/resource/50/4028750_image3_1.png,2026-08-29T22:50:14.744448+09:00
4009360,38,올리브영 당산대로점,서울특별시 영등포구 양평로 58 (당산동6가),37.5350648932852,126.900670131531,11,560,SH,SH04,SH040300,2026-03-09 09:36:31+09:00,https://tong.visitkorea.or.kr/cms/resource/54/4028754_image2_1.png,https://tong.visitkorea.or.kr/cms/resource/54/4028754_image3_1.png,2026-08-29T22:50:14.744448+09:00
4009361,38,라이카 스토어 현대백화점 더현대 서울,서울특별시 영등포구 여의대로 108 (여의도동) 2층,37.5251913154781,126.929112756574,11,560,SH,SH04,SH040300,2026-03-16 10:54:17+09:00,https://tong.visitkorea.or.kr/cms/resource/91/4022191_image2_1.jpg,https://tong.visitkorea.or.kr/cms/resource/91/4022191_image3_1.jpg,2026-08-29T22:50:14.744448+09:00
4009362,38,태그호이어 현대백화점 더현대 서울,서울특별시 영등포구 여의대로 108 (여의도동) 2층,37.5251913154781,126.929112756574,11,560,SH,SH04,SH040300,2026-03-30 09:16:11+09:00,https://tong.visitkorea.or.kr/cms/resource/88/4022188_image2_1.jpg,https://tong.visitkorea.or.kr/cms/resource/88/4022188_image3_1.jpg,2026-08-29T22:50:14.744448+09:00
4009363,38,핏타민 약국 현대백화점 더현대 서울,서울특별시 영등포구 여의대로 108 (여의도동) B1층,37.5251913154781,126.929112756574,11,560,SH,SH04,SH040300,2026-03-16 10:54:17+09:00,https://tong.visitkorea.or.kr/cms/resource/93/4022193_image2_1.jpg,https://tong.visitkorea.or.kr/cms/resource/93/4022193_image3_1.jpg,2026-08-29T22:50:14.744448+09:00
4009372,38,크리스찬디올 현대백화점 더현대 서울,서울특별시 영등포구 여의대로 108 (여의도동) 1층,37.5251913154781,126.929112756574,11,560,SH,SH04,SH040300,2026-03-30 09:16:11+09:00,https://tong.visitkorea.or.kr/cms/resource/90/4022190_image2_1.jpg,https://tong.visitkorea.or.kr/cms/resource/90/4022190_image3_1.jpg,2026-08-29T22:50:14.744448+09:00
4009373,38,버버리 현대백화점 더현대 서울,서울특별시 영등포구 여의대로 108 (여의도동) 1층,37.5251913154781,126.929112756574,11,560,SH,SH04,SH040300,2026-03-30 09:16:11+09:00,https://tong.visitkorea.or.kr/cms/resource/89/4022189_image2_1.jpg,https://tong.visitkorea.or.kr/cms/resource/89/4022189_image3_1.jpg,2026-08-29T22:50:14.744448+09:00
4009379,38,타임스퀘어,서울특별시 영등포구 영중로 15 (영등포동4가),37.5172332566615,126.903715993779,11,560,SH,SH04,SH040300,2026-03-19 01:03:48+09:00,https://tong.visitkorea.or.kr/cms/resource/22/4022222_image2_1.jpg,https://tong.visitkorea.or.kr/cms/resource/22/4022222_image3_1.jpg,2026-08-29T22:50:14.744448+09:00
4009386,38,만다리나덕 타임스퀘어점,서울특별시 영등포구 영중로 15 (영등포동4가) 2층,37.5172332566615,126.903715993779,11,560,SH,SH04,SH040300,2026-03-19 00:41:47+09:00,https://tong.visitkorea.or.kr/cms/resource/25/4022025_image2_1.jpg,https://tong.visitkorea.or.kr/cms/resource/25/4022025_image3_1.jpg,2026-08-29T22:50:14.744448+09:00
4009387,38,호카 타임스퀘어점,서울특별시 영등포구 영중로 15 (영등포동4가) 2층,37.5172332566615,126.903715993779,11,560,SH,SH04,SH040300,2026-03-30 09:16:11+09:00,https://tong.visitkorea.or.kr/cms/resource/26/4022026_image2_1.jpg,https://tong.visitkorea.or.kr/cms/resource/26/4022026_image3_1.jpg,2026-08-29T22:50:14.744448+09:00
4009396,38,이마트24 신세계영등포제일점,서울특별시 영등포구 영중로3길 5 (영등포동4가),37.5167808896937,126.905872997424,11,560,SH,SH04,SH040300,2026-03-16 10:54:17+09:00,https://tong.visitkorea.or.kr/cms/resource/31/4022031_image2_1.jpg,https://tong.visitkorea.or.kr/cms/resource/31/4022031_image3_1.jpg,2026-08-29T22:50:14.744448+09:00
4009397,38,올리브영 동여의도점,서울특별시 영등포구 의사당대로1길 25 (여의도동),37.5200631564146,126.929844969015,11,560,SH,SH04,SH040300,2026-03-09 09:36:31+09:00,https://tong.visitkorea.or.kr/cms/resource/64/4028764_image2_1.jpg,https://tong.visitkorea.or.kr/cms/resource/64/4028764_image3_1.jpg,2026-08-29T22:50:14.744448+09:00
4012603,38,정관장 신길점,"서울특별시 영등포구 가마산로 483 (신길동, 신길 AK 푸르지오)",37.5064917904964,126.909807751431,11,560,SH,SH04,SH040300,2026-03-12 09:08:40+09:00,https://tong.visitkorea.or.kr/cms/resource/84/4023584_image2_1.jpg,https://tong.visitkorea.or.kr/cms/resource/84/4023584_image3_1.jpg,2026-08-29T22:50:14.744448+09:00
4012604,38,한국금거래소 골드쉘 영등포점,서울특별시 영등포구 경인로 838-1 (영등포동) 1층,37.5159688449511,126.906136554191,11,560,SH,SH04,SH040300,2026-03-18 10:10:05+09:00,https://tong.visitkorea.or.kr/cms/resource/92/4024392_image2_1.jpeg,https://tong.visitkorea.or.kr/cms/resource/92/4024392_image3_1.jpeg,2026-08-29T22:50:14.744448+09:00
4012605,38,티쏘 부티크 IFC몰점,서울특별시 영등포구 국제금융로 10 (여의도동),37.5251775245928,126.924876706923,11,560,SH,SH04,SH040300,2026-03-19 07:23:24+09:00,https://tong.visitkorea.or.kr/cms/resource/27/4024827_image2_1.jpeg,https://tong.visitkorea.or.kr/cms/resource/27/4024827_image3_1.jpeg,2026-08-29T22:50:14.744448+09:00
4012606,38,러쉬 IFC몰점,서울특별시 영등포구 국제금융로 10 (여의도동),37.5251775245928,126.924876706923,11,560,SH,SH04,SH040300,2026-03-30 09:16:11+09:00,https://tong.visitkorea.or.kr/cms/resource/39/4024439_image2_1.jpeg,https://tong.visitkorea.or.kr/cms/resource/39/4024439_image3_1.jpeg,2026-08-29T22:50:14.744448+09:00
4012607,38,다이슨 스토어 IFC몰점,서울특별시 영등포구 국제금융로 10 (여의도동),37.5251775245928,126.924876706923,11,560,SH,SH04,SH040300,2026-03-19 07:21:01+09:00,https://tong.visitkorea.or.kr/cms/resource/50/4024750_image2_1.jpeg,https://tong.visitkorea.or.kr/cms/resource/50/4024750_image3_1.jpeg,2026-08-29T22:50:14.744448+09:00
4012608,38,올리브영 당산역점,서울특별시 영등포구 당산로 223 (당산동5가),37.5337352481764,126.901161001392,11,560,SH,SH04,SH040300,2026-03-12 09:08:40+09:00,https://tong.visitkorea.or.kr/cms/resource/94/4022794_image2_1.jpeg,https://tong.visitkorea.or.kr/cms/resource/94/4022794_image3_1.jpeg,2026-08-29T22:50:14.744448+09:00
4012609,38,정관장 문래본점,서울특별시 영등포구 선유로 11 (문래동5가) 1층,37.5157535763785,126.887545515025,11,560,SH,SH04,SH040300,2026-03-27 09:21:50+09:00,https://tong.visitkorea.or.kr/cms/resource/50/4043250_image2_1.png,https://tong.visitkorea.or.kr/cms/resource/50/4043250_image3_1.png,2026-08-29T22:50:14.744448+09:00
4012610,38,코지마 롯데하이마트 신길점,서울특별시 영등포구 신길로 141 (신길동),37.5050138749978,126.910284876715,11,560,SH,SH04,SH040300,2026-03-27 09:21:50+09:00,https://tong.visitkorea.or.kr/cms/resource/41/4043241_image2_1.png,https://tong.visitkorea.or.kr/cms/resource/41/4043241_image3_1.png,2026-08-29T22:50:14.744448+09:00
4012611,38,올리비아로렌 신길점,서울특별시 영등포구 신길로 163 (신길동) 1층,37.5066725704141,126.910807561045,11,560,SH,SH04,SH040300,2026-03-18 10:10:05+09:00,https://tong.visitkorea.or.kr/cms/resource/85/4023585_image2_1.jpg,https://tong.visitkorea.or.kr/cms/resource/85/4023585_image3_1.jpg,2026-08-29T22:50:14.744448+09:00
4012612,38,토즈 현대백화점 더현대 서울,서울특별시 영등포구 여의대로 108 (여의도동) 1층,37.5251913154781,126.929112756574,11,560,SH,SH04,SH040300,2026-03-27 09:21:50+09:00,https://tong.visitkorea.or.kr/cms/resource/83/4043283_image2_1.png,https://tong.visitkorea.or.kr/cms/resource/83/4043283_image3_1.png,2026-08-29T22:50:14.744448+09:00
4012613,38,코오롱스포츠 현대백화점 더현대 서울,서울특별시 영등포구 여의대로 108 (여의도동) 4층,37.5251913154781,126.929112756574,11,560,SH,SH04,SH040300,2026-03-30 09:16:11+09:00,https://tong.visitkorea.or.kr/cms/resource/91/4023591_image2_1.jpg,https://tong.visitkorea.or.kr/cms/resource/91/4023591_image3_1.jpg,2026-08-29T22:50:14.744448+09:00
4012614,38,현대백화점 더현대 서울,서울특별시 영등포구 여의대로 108 (여의도동) 1층,37.5251913154781,126.929112756574,11,560,SH,SH04,SH040300,2026-03-30 09:16:11+09:00,https://tong.visitkorea.or.kr/cms/resource/94/4024594_image2_1.jpeg,https://tong.visitkorea.or.kr/cms/resource/94/4024594_image3_1.jpeg,2026-08-29T22:50:14.744448+09:00
4012615,38,룰루레몬 현대백화점 더현대 서울,서울특별시 영등포구 여의대로 108 (여의도동) 3층,37.5251913154781,126.929112756574,11,560,SH,SH04,SH040300,2026-03-30 09:16:11+09:00,https://tong.visitkorea.or.kr/cms/resource/36/4024836_image2_1.jpeg,https://tong.visitkorea.or.kr/cms/resource/36/4024836_image3_1.jpeg,2026-08-29T22:50:14.744448+09:00
4012616,38,위글위글 현대백화점 더현대 서울,서울특별시 영등포구 여의대로 108 (여의도동) 4층,37.5251913154781,126.929112756574,11,560,SH,SH04,SH040300,2026-03-19 03:07:09+09:00,https://tong.visitkorea.or.kr/cms/resource/18/4023018_image2_1.jpeg,https://tong.visitkorea.or.kr/cms/resource/18/4023018_image3_1.jpeg,2026-08-29T22:50:14.744448+09:00
4012617,38,아프리카안경 현대백화점 더현대 서울,서울특별시 영등포구 여의대로 108 (여의도동) B2층,37.5251913154781,126.929112756574,11,560,SH,SH04,SH040300,2026-03-30 09:16:11+09:00,https://tong.visitkorea.or.kr/cms/resource/92/4022192_image2_1.jpg,https://tong.visitkorea.or.kr/cms/resource/92/4022192_image3_1.jpg,2026-08-29T22:50:14.744448+09:00
4012618,38,스톤헨지 현대백화점 더현대 서울,서울특별시 영등포구 여의대로 108 (여의도동) 3층,37.5251913154781,126.929112756574,11,560,SH,SH04,SH040300,2026-03-27 09:21:50+09:00,https://tong.visitkorea.or.kr/cms/resource/21/4043221_image2_1.png,https://tong.visitkorea.or.kr/cms/resource/21/4043221_image3_1.png,2026-08-29T22:50:14.744448+09:00
4012619,38,에잇세컨즈 타임스퀘어점,서울특별시 영등포구 영중로 15 (영등포동4가) B2층,37.5172332566615,126.903715993779,11,560,SH,SH04,SH040300,2026-03-30 09:16:11+09:00,https://tong.visitkorea.or.kr/cms/resource/96/4024496_image2_1.jpeg,https://tong.visitkorea.or.kr/cms/resource/96/4024496_image3_1.jpeg,2026-08-29T22:50:14.744448+09:00
4012620,38,MLB 타임스퀘어점,서울특별시 영등포구 영중로 15 (영등포동4가) 3층,37.5172332566615,126.903715993779,11,560,SH,SH04,SH040300,2026-03-30 09:16:11+09:00,https://tong.visitkorea.or.kr/cms/resource/93/4024393_image2_1.jpeg,https://tong.visitkorea.or.kr/cms/resource/93/4024393_image3_1.jpeg,2026-08-29T22:50:14.744448+09:00
4012621,38,데상트 타임스퀘어점,서울특별시 영등포구 영중로 15 (영등포동4가) 3층,37.5172332566615,126.903715993779,11,560,SH,SH04,SH040300,2026-03-27 09:21:50+09:00,https://tong.visitkorea.or.kr/cms/resource/12/4043212_image2_1.png,https://tong.visitkorea.or.kr/cms/resource/12/4043212_image3_1.png,2026-08-29T22:50:14.744448+09:00
4012622,38,다미아니 신세계백화점 타임스퀘어점,서울특별시 영등포구 영중로 15 (영등포동4가) 1층,37.5172332566615,126.903715993779,11,560,SH,SH04,SH040300,2026-03-30 09:16:11+09:00,https://tong.visitkorea.or.kr/cms/resource/47/4024747_image2_1.jpeg,https://tong.visitkorea.or.kr/cms/resource/47/4024747_image3_1.jpeg,2026-08-29T22:50:14.744448+09:00
4012623,38,레고스토어 타임스퀘어점,서울특별시 영등포구 영중로 15 (영등포동4가) B1층,37.5172332566615,126.903715993779,11,560,SH,SH04,SH040300,2026-03-27 09:21:50+09:00,https://tong.visitkorea.or.kr/cms/resource/44/4043244_image2_1.png,https://tong.visitkorea.or.kr/cms/resource/44/4043244_image3_1.png,2026-08-29T22:50:14.744448+09:00
4012624,38,탑텐키즈 타임스퀘어점,서울특별시 영등포구 영중로 15 (영등포동4가) B2층,37.5172332566615,126.903715993779,11,560,SH,SH04,SH040300,2026-03-30 09:16:11+09:00,https://tong.visitkorea.or.kr/cms/resource/27/4022027_image2_1.jpg,https://tong.visitkorea.or.kr/cms/resource/27/4022027_image3_1.jpg,2026-08-29T22:50:14.744448+09:00
4012625,38,마인드브릿지 타임스퀘어점,서울특별시 영등포구 영중로 15 (영등포동4가) B2층,37.5172332566615,126.903715993779,11,560,SH,SH04,SH040300,2026-03-27 09:21:50+09:00,https://tong.visitkorea.or.kr/cms/resource/27/4043227_image2_1.png,https://tong.visitkorea.or.kr/cms/resource/27/4043227_image3_1.png,2026-08-29T22:50:14.744448+09:00
4012626,38,리바이스 타임스퀘어점,서울특별시 영등포구 영중로 15 (영등포동4가) 2층,37.5172332566615,126.903715993779,11,560,SH,SH04,SH040300,2026-03-30 09:16:11+09:00,https://tong.visitkorea.or.kr/cms/resource/80/4024780_image2_1.jpeg,https://tong.visitkorea.or.kr/cms/resource/80/4024780_image3_1.jpeg,2026-08-29T22:50:14.744448+09:00
4012627,38,미즈노 타임스퀘어점,서울특별시 영등포구 영중로 15 (영등포동4가) 3층,37.5172332566615,126.903715993779,11,560,SH,SH04,SH040300,2026-03-27 09:21:50+09:00,https://tong.visitkorea.or.kr/cms/resource/20/4043220_image2_1.png,https://tong.visitkorea.or.kr/cms/resource/20/4043220_image3_1.png,2026-08-29T22:50:14.744448+09:00
4012628,38,카카오프렌즈 타임스퀘어점,서울특별시 영등포구 영중로 15 (영등포동4가) B1층,37.5172332566615,126.903715993779,11,560,SH,SH04,SH040300,2026-03-27 09:21:50+09:00,https://tong.visitkorea.or.kr/cms/resource/53/4043253_image2_1.png,https://tong.visitkorea.or.kr/cms/resource/53/4043253_image3_1.png,2026-08-29T22:50:14.744448+09:00
4012629,38,발렌시아가 신세계백화점 타임스퀘어점,서울특별시 영등포구 영중로 9 (영등포동4가) 1층,37.5171899712591,126.905567071705,11,560,SH,SH04,SH040300,2026-03-30 09:16:11+09:00,https://tong.visitkorea.or.kr/cms/resource/44/4024844_image2_1.jpeg,https://tong.visitkorea.or.kr/cms/resource/44/4024844_image3_1.jpeg,2026-08-29T22:50:14.744448+09:00
4012630,38,몽블랑 신세계백화점 타임스퀘어점,서울특별시 영등포구 영중로 9 (영등포동4가) 1층,37.5171899712591,126.905567071705,11,560,SH,SH04,SH040300,2026-03-27 09:21:50+09:00,https://tong.visitkorea.or.kr/cms/resource/24/4043224_image2_1.png,https://tong.visitkorea.or.kr/cms/resource/24/4043224_image3_1.png,2026-08-29T22:50:14.744448+09:00
4012631,38,타사키 신세계백화점 타임스퀘어점,서울특별시 영등포구 영중로 9 (영등포동4가) 1층,37.5171899712591,126.905567071705,11,560,SH,SH04,SH040300,2026-03-30 09:16:11+09:00,https://tong.visitkorea.or.kr/cms/resource/28/4022028_image2_1.jpg,https://tong.visitkorea.or.kr/cms/resource/28/4022028_image3_1.jpg,2026-08-29T22:50:14.744448+09:00
4012632,38,불가리 신세계백화점 타임스퀘어점,서울특별시 영등포구 영중로 9 (영등포동4가) 1층,37.5171899712591,126.905567071705,11,560,SH,SH04,SH040300,2026-03-27 09:21:50+09:00,https://tong.visitkorea.or.kr/cms/resource/28/4043228_image2_1.png,https://tong.visitkorea.or.kr/cms/resource/28/4043228_image3_1.png,2026-08-29T22:50:14.744448+09:00
4027151,38,끌레모다 롯데백화점 영등포점,서울특별시 영등포구 경인로 846 (영등포동) 3층,37.5156680341198,126.907665995469,11,560,SH,SH04,SH040300,2026-03-27 09:21:50+09:00,https://tong.visitkorea.or.kr/cms/resource/56/4043256_image2_1.png,https://tong.visitkorea.or.kr/cms/resource/56/4043256_image3_1.png,2026-08-29T22:50:14.744448+09:00
4027152,38,스톤헨지 롯데백화점 영등포점,서울특별시 영등포구 경인로 846 (영등포동) 3층,37.5156680341198,126.907665995469,11,560,SH,SH04,SH040300,2026-03-27 09:21:50+09:00,https://tong.visitkorea.or.kr/cms/resource/14/4043214_image2_1.jpg,https://tong.visitkorea.or.kr/cms/resource/14/4043214_image3_1.jpg,2026-08-29T22:50:14.744448+09:00
4027153,38,지이크 롯데백화점 영등포점,서울특별시 영등포구 경인로 846 (영등포동) 6층,37.5156680341198,126.907665995469,11,560,SH,SH04,SH040300,2026-03-30 09:16:11+09:00,https://tong.visitkorea.or.kr/cms/resource/79/4045479_image2_1.jpg,https://tong.visitkorea.or.kr/cms/resource/79/4045479_image3_1.jpg,2026-08-29T22:50:14.744448+09:00
4027154,38,NIKE IFC몰점,서울특별시 영등포구 국제금융로 10 (여의도동),37.5251775245928,126.924876706923,11,560,SH,SH04,SH040300,2026-03-27 09:21:50+09:00,https://tong.visitkorea.or.kr/cms/resource/63/4043263_image2_1.png,https://tong.visitkorea.or.kr/cms/resource/63/4043263_image3_1.png,2026-08-29T22:50:14.744448+09:00
4027155,38,마인드브릿지 서울 IFC몰점,서울특별시 영등포구 국제금융로 10 (여의도동),37.5251775245928,126.924876706923,11,560,SH,SH04,SH040300,2026-03-30 09:16:11+09:00,https://tong.visitkorea.or.kr/cms/resource/36/4045936_image2_1.png,https://tong.visitkorea.or.kr/cms/resource/36/4045936_image3_1.png,2026-08-29T22:50:14.744448+09:00
4027156,38,에잇세컨즈 IFC몰점,서울특별시 영등포구 국제금융로 10 (여의도동),37.5251775245928,126.924876706923,11,560,SH,SH04,SH040300,2026-03-27 09:21:50+09:00,https://tong.visitkorea.or.kr/cms/resource/79/4042579_image2_1.jpg,https://tong.visitkorea.or.kr/cms/resource/79/4042579_image3_1.jpg,2026-08-29T22:50:14.744448+09:00
4027157,38,코치 IFC몰점,서울특별시 영등포구 국제금융로 10 (여의도동),37.5251775245928,126.924876706923,11,560,SH,SH04,SH040300,2026-03-30 09:16:11+09:00,https://tong.visitkorea.or.kr/cms/resource/39/4044739_image2_1.png,https://tong.visitkorea.or.kr/cms/resource/39/4044739_image3_1.png,2026-08-29T22:50:14.744448+09:00
4027158,38,디자인스킨 IFC몰점,서울특별시 영등포구 국제금융로 10 (여의도동) B1층,37.5251775245928,126.924876706923,11,560,SH,SH04,SH040300,2026-03-27 09:21:50+09:00,https://tong.visitkorea.or.kr/cms/resource/64/4043264_image2_1.png,https://tong.visitkorea.or.kr/cms/resource/64/4043264_image3_1.png,2026-08-29T22:50:14.744448+09:00
4027159,38,구구스 영등포신세계점,"서울특별시 영등포구 문래로 191 (영등포동4가, 영등포 대성 그랑그루) 1층",37.5184760808639,126.903251180927,11,560,SH,SH04,SH040300,2026-03-26 09:20:41+09:00,https://tong.visitkorea.or.kr/cms/resource/01/4045801_image2_1.jpg,https://tong.visitkorea.or.kr/cms/resource/01/4045801_image3_1.jpg,2026-08-29T22:50:14.744448+09:00
4027160,38,노브랜드 영등포양평점,서울특별시 영등포구 양평로 135 (양평동5가),37.5382141874197,126.892670629327,11,560,SH,SH04,SH040300,2026-03-27 09:21:50+09:00,https://tong.visitkorea.or.kr/cms/resource/91/4044791_image2_1.png,https://tong.visitkorea.or.kr/cms/resource/91/4044791_image3_1.png,2026-08-29T22:50:14.744448+09:00
4027161,38,다이소 여의도점,서울특별시 영등포구 여의나루로 61 (여의도동) 코켐빌딩 B1층,37.5232244200932,126.926015454826,11,560,SH,SH04,SH040300,2026-03-19 01:43:12+09:00,https://tong.visitkorea.or.kr/cms/resource/31/4029431_image2_1.jpg,https://tong.visitkorea.or.kr/cms/resource/31/4029431_image3_1.jpg,2026-08-29T22:50:14.744448+09:00
4027162,38,보테가베네타 현대백화점 더현대 서울,서울특별시 영등포구 여의대로 108 (여의도동) 1층,37.5251913154781,126.929112756574,11,560,SH,SH04,SH040300,2026-03-30 09:16:11+09:00,https://tong.visitkorea.or.kr/cms/resource/49/4045149_image2_1.jpg,https://tong.visitkorea.or.kr/cms/resource/49/4045149_image3_1.jpg,2026-08-29T22:50:14.744448+09:00
4027163,38,입생로랑뷰티 현대백화점 더현대 서울,서울특별시 영등포구 여의대로 108 (여의도동) 1층,37.5251913154781,126.929112756574,11,560,SH,SH04,SH040300,2026-03-27 09:21:50+09:00,https://tong.visitkorea.or.kr/cms/resource/14/4042614_image2_1.jpg,https://tong.visitkorea.or.kr/cms/resource/14/4042614_image3_1.jpg,2026-08-29T22:50:14.744448+09:00
4027164,38,젠틀몬스터 현대백화점 더현대 서울,서울특별시 영등포구 여의대로 108 (여의도동) 1층,37.5251913154781,126.929112756574,11,560,SH,SH04,SH040300,2026-03-30 09:16:11+09:00,https://tong.visitkorea.or.kr/cms/resource/05/4044805_image2_1.png,https://tong.visitkorea.or.kr/cms/resource/05/4044805_image3_1.png,2026-08-29T22:50:14.744448+09:00
4027165,38,펜디 현대백화점 더현대 서울,서울특별시 영등포구 여의대로 108 (여의도동) 1층,37.5251913154781,126.929112756574,11,560,SH,SH04,SH040300,2026-03-30 09:16:11+09:00,https://tong.visitkorea.or.kr/cms/resource/95/4044795_image2_1.png,https://tong.visitkorea.or.kr/cms/resource/95/4044795_image3_1.png,2026-08-29T22:50:14.744448+09:00
4027166,38,메종마르지엘라 현대백화점 더현대 서울,서울특별시 영등포구 여의대로 108 (여의도동) 2층,37.5251913154781,126.929112756574,11,560,SH,SH04,SH040300,2026-03-27 09:21:50+09:00,https://tong.visitkorea.or.kr/cms/resource/34/4043234_image2_1.png,https://tong.visitkorea.or.kr/cms/resource/34/4043234_image3_1.png,2026-08-29T22:50:14.744448+09:00
4027167,38,골든듀 현대백화점 더현대 서울,서울특별시 영등포구 여의대로 108 (여의도동) 3층,37.5251913154781,126.929112756574,11,560,SH,SH04,SH040300,2026-03-30 09:16:11+09:00,https://tong.visitkorea.or.kr/cms/resource/27/4045827_image2_1.jpg,https://tong.visitkorea.or.kr/cms/resource/27/4045827_image3_1.jpg,2026-08-29T22:50:14.744448+09:00
4027168,38,금강안경 현대백화점 더현대 서울,서울특별시 영등포구 여의대로 108 (여의도동) 3층,37.5251913154781,126.929112756574,11,560,SH,SH04,SH040300,2026-03-30 09:16:11+09:00,https://tong.visitkorea.or.kr/cms/resource/65/4045765_image2_1.jpg,https://tong.visitkorea.or.kr/cms/resource/65/4045765_image3_1.jpg,2026-08-29T22:50:14.744448+09:00
4027169,38,아르켓 현대백화점 더현대 서울,서울특별시 영등포구 여의대로 108 (여의도동) B2층,37.5251913154781,126.929112756574,11,560,SH,SH04,SH040300,2026-03-30 09:16:11+09:00,https://tong.visitkorea.or.kr/cms/resource/04/4044804_image2_1.png,https://tong.visitkorea.or.kr/cms/resource/04/4044804_image3_1.png,2026-08-29T22:50:14.744448+09:00
4027170,38,AK골프 대방점,서울특별시 영등포구 여의대방로 107 (신길동) 현대HT빌딩 1층,37.4977229525729,126.918512475299,11,560,SH,SH04,SH040300,2026-03-27 09:21:50+09:00,https://tong.visitkorea.or.kr/cms/resource/31/4043231_image2_1.png,https://tong.visitkorea.or.kr/cms/resource/31/4043231_image3_1.png,2026-08-29T22:50:14.744448+09:00
4027171,38,빈폴 현대백화점 더현대 서울,서울특별시 영등포구 여의대로 108 (여의도동) 4층,37.5251913154781,126.929112756574,11,560,SH,SH04,SH040300,2026-03-30 09:16:11+09:00,https://tong.visitkorea.or.kr/cms/resource/89/4044789_image2_1.png,https://tong.visitkorea.or.kr/cms/resource/89/4044789_image3_1.png,2026-08-29T22:50:14.744448+09:00
4027172,38,대흥할인마트,서울특별시 영등포구 영등포로 21 (양평동2가),37.5235170324827,126.884063073804,11,560,SH,SH04,SH040300,2026-03-27 09:21:50+09:00,https://tong.visitkorea.or.kr/cms/resource/61/4045161_image2_1.png,https://tong.visitkorea.or.kr/cms/resource/61/4045161_image3_1.png,2026-08-29T22:50:14.744448+09:00
4027173,38,몽벨 타임스퀘어점,서울특별시 영등포구 영중로 15 (영등포동4가) 2층,37.5172332566615,126.903715993779,11,560,SH,SH04,SH040300,2026-03-27 09:21:50+09:00,https://tong.visitkorea.or.kr/cms/resource/33/4043233_image2_1.png,https://tong.visitkorea.or.kr/cms/resource/33/4043233_image3_1.png,2026-08-29T22:50:14.744448+09:00
4027174,38,마리떼프랑소와저버 타임스퀘어점,서울특별시 영등포구 영중로 15 (영등포동4가) 3층,37.5172332566615,126.903715993779,11,560,SH,SH04,SH040300,2026-03-27 09:21:50+09:00,https://tong.visitkorea.or.kr/cms/resource/25/4043225_image2_1.png,https://tong.visitkorea.or.kr/cms/resource/25/4043225_image3_1.png,2026-08-29T22:50:14.744448+09:00
4027175,38,로라로라 타임스퀘어점,서울특별시 영등포구 영중로 15 (영등포동4가) B1층,37.5172332566615,126.903715993779,11,560,SH,SH04,SH040300,2026-03-30 09:16:11+09:00,https://tong.visitkorea.or.kr/cms/resource/13/4045313_image2_1.jpg,https://tong.visitkorea.or.kr/cms/resource/13/4045313_image3_1.jpg,2026-08-29T22:50:14.744448+09:00
4027176,38,이니스프리 이마트 영등포점,서울특별시 영등포구 영중로 15 (영등포동4가) B2층,37.5172332566615,126.903715993779,11,560,SH,SH04,SH040300,2026-03-27 09:21:50+09:00,https://tong.visitkorea.or.kr/cms/resource/40/4043240_image2_1.png,https://tong.visitkorea.or.kr/cms/resource/40/4043240_image3_1.png,2026-08-29T22:50:14.744448+09:00
4027177,38,다이소 영등포역점,서울특별시 영등포구 영중로 18 (영등포동3가),37.5179856230448,126.906215359028,11,560,SH,SH04,SH040300,2026-03-19 01:48:58+09:00,https://tong.visitkorea.or.kr/cms/resource/36/4029436_image2_1.jpg,https://tong.visitkorea.or.kr/cms/resource/36/4029436_image3_1.jpg,2026-08-29T22:50:14.744448+09:00
4027178,38,로에베 신세계백화점 타임스퀘어점,서울특별시 영등포구 영중로 9 (영등포동4가) 1층,37.5171899712591,126.905567071705,11,560,SH,SH04,SH040300,2026-03-27 09:21:50+09:00,https://tong.visitkorea.or.kr/cms/resource/13/4043213_image2_1.jpg,https://tong.visitkorea.or.kr/cms/resource/13/4043213_image3_1.jpg,2026-08-29T22:50:14.744448+09:00
4027179,38,버버리 신세계백화점 타임스퀘어점,서울특별시 영등포구 영중로 9 (영등포동4가) 1층,37.5171899712591,126.905567071705,11,560,SH,SH04,SH040300,2026-03-30 09:16:11+09:00,https://tong.visitkorea.or.kr/cms/resource/60/4045660_image2_1.jpg,https://tong.visitkorea.or.kr/cms/resource/60/4045660_image3_1.jpg,2026-08-29T22:50:14.744448+09:00
4027180,38,오메가 신세계백화점 타임스퀘어점,서울특별시 영등포구 영중로 9 (영등포동4가) 1층,37.5171899712591,126.905567071705,11,560,SH,SH04,SH040300,2026-03-27 09:21:50+09:00,https://tong.visitkorea.or.kr/cms/resource/19/4043219_image2_1.png,https://tong.visitkorea.or.kr/cms/resource/19/4043219_image3_1.png,2026-08-29T22:50:14.744448+09:00
4039761,38,팜약국,서울특별시 영등포구 국제금융로2길 7 (여의도동) 한주빌딩 1층,37.5246490570692,126.926838629184,11,560,SH,SH04,SH040300,2026-03-16 10:54:17+09:00,https://tong.visitkorea.or.kr/cms/resource/16/4022216_image2_1.jpg,https://tong.visitkorea.or.kr/cms/resource/16/4022216_image3_1.jpg,2026-08-29T22:50:14.744448+09:00
403995,39,진주집,서울특별시 영등포구 국제금융로6길 33 (여의도동) 지하 1층,37.5208447429,126.9269214566,11,560,FD,FD01,FD010100,2025-07-29 13:11:05+09:00,,,2026-08-29T22:50:14.744448+09:00
4054290,38,롯데백화점 영등포점[면세점(TAX REFUND SHOP)],서울특별시 영등포구 경인로 846 (영등포동),37.5156680341198,126.907665995469,11,560,SH,SH04,SH040300,2026-03-31 00:44:25+09:00,https://tong.visitkorea.or.kr/cms/resource/22/4018222_image2_1.jpg,https://tong.visitkorea.or.kr/cms/resource/22/4018222_image3_1.jpg,2026-08-29T22:50:14.744448+09:00
4056278,14,영등포 생각공장 도서관,서울특별시 영등포구 문래북로 105 (당산동1가) 영등포구어울림센터 1~3층,37.5201212421417,126.897195669575,11,560,VE,VE09,VE090300,2026-04-27 17:33:56+09:00,https://tong.visitkorea.or.kr/cms/resource/07/4055607_image2_1.jpg,https://tong.visitkorea.or.kr/cms/resource/07/4055607_image3_1.jpg,2026-08-29T22:50:14.744448+09:00
4064982,14,술술센터,서울특별시 영등포구 도림로133길 15 (문래동2가),37.5130103533725,126.894145367557,11,560,VE,VE07,VE070300,2026-05-15 17:20:57+09:00,https://tong.visitkorea.or.kr/cms/resource/22/4063722_image2_1.jpg,https://tong.visitkorea.or.kr/cms/resource/22/4063722_image3_1.jpg,2026-08-29T22:50:14.744448+09:00
4064993,12,문래동꽃밭정원,서울특별시 영등포구 문래동3가 55-6,37.517673,126.898695,11,560,NA,NA04,NA040700,2026-05-15 17:21:05+09:00,https://tong.visitkorea.or.kr/cms/resource/33/4063733_image2_1.jpg,https://tong.visitkorea.or.kr/cms/resource/33/4063733_image3_1.jpg,2026-08-29T22:50:14.744448+09:00
4091192,14,퐁피두센터 한화,서울특별시 영등포구 63로 50 (여의도동) 63빌딩 별관,37.5196641553,126.9399093381,11,560,VE,VE07,VE070600,2026-07-22 21:41:13+09:00,https://tong.visitkorea.or.kr/cms/resource/99/4090099_image2_1.jpg,https://tong.visitkorea.or.kr/cms/resource/99/4090099_image3_1.jpg,2026-08-29T22:50:14.744448+09:00
509241,32,라이프스타일 F호텔,서울특별시 영등포구 경인로108길 8,37.5171809991,126.9112341004,11,560,AC,AC04,AC040100,2025-10-30 13:26:49+09:00,http://tong.visitkorea.or.kr/cms/resource/60/1874260_image2_1.jpg,http://tong.visitkorea.or.kr/cms/resource/60/1874260_image3_1.jpg,2026-08-29T22:50:14.744448+09:00
525755,15,영등포 여의도 봄꽃축제,서울 영등포구 여의서로 60-2 여의서로 윤중로 벚꽃길,37.532051,126.922645,11,560,EV,EV01,EV010500,2026-04-06 09:42:39+09:00,https://tong.visitkorea.or.kr/cms/resource/07/4041207_image2_1.jpg,https://tong.visitkorea.or.kr/cms/resource/07/4041207_image3_1.jpg,2026-08-29T22:50:14.744448+09:00
591603,12,씨랄라 워터파크,서울특별시 영등포구 문래로 164 (문래동3가),37.5177939016069,126.900076883603,11,560,VE,VE02,VE020200,2026-02-25 13:11:43+09:00,https://tong.visitkorea.or.kr/cms/resource/47/1985547_image2_1.jpg,https://tong.visitkorea.or.kr/cms/resource/47/1985547_image3_1.jpg,2026-08-29T22:50:14.744448+09:00
631268,15,한화와 함께하는 서울세계불꽃축제,서울특별시 영등포구 여의동로 330 (여의도동),37.5263478533,126.9335951931,11,560,EV,EV01,EV010200,2026-08-25 13:03:55+09:00,https://tong.visitkorea.or.kr/cms/resource/37/3533337_image2_1.jpg,https://tong.visitkorea.or.kr/cms/resource/37/3533337_image3_1.jpg,2026-08-29T22:50:14.744448+09:00
684280,39,백리향,서울특별시 영등포구 63로 50 (여의도동) 57층,37.519628449,126.939859201,11,560,FD,FD02,FD020100,2025-03-06 11:34:12+09:00,,,2026-08-29T22:50:14.744448+09:00
685265,39,백원,서울특별시 영등포구 여의공원로 101 (여의도동) 12층,37.5293492744,126.9248991792,11,560,FD,FD02,FD020100,2025-03-06 10:37:04+09:00,,,2026-08-29T22:50:14.744448+09:00
713839,39,성민촌,서울특별시 영등포구 여의나루로 71 (여의도동) 지하 1층,37.5238305066,126.9268935965,11,560,FD,FD01,FD010100,2025-03-06 10:30:33+09:00,,,2026-08-29T22:50:14.744448+09:00
738665,39,뚱보네홍어,서울특별시 영등포구 신길로 200-20,37.5104914372277,126.911529572879,11,560,FD,FD01,FD010100,2026-02-24 15:06:39+09:00,https://tong.visitkorea.or.kr/cms/resource/68/740068_image2_1.jpg,https://tong.visitkorea.or.kr/cms/resource/68/740068_image3_1.jpg,2026-08-29T22:50:14.744448+09:00
738667,39,원조홍어 본점,서울특별시 영등포구 신길로 200-22 (신길동),37.5106994015,126.911733094,11,560,FD,FD01,FD010100,2026-06-18 14:33:09+09:00,https://tong.visitkorea.or.kr/cms/resource/58/3110858_image2_1.JPG,https://tong.visitkorea.or.kr/cms/resource/58/3110858_image3_1.JPG,2026-08-29T22:50:14.744448+09:00
738748,39,홍어명가,서울특별시 영등포구 신길로 200-17 (신길동),37.5106982637529,126.911413089519,11,560,FD,FD01,FD010100,2026-02-09 17:13:32+09:00,,,2026-08-29T22:50:14.744448+09:00
749355,12,영등포 신길동 홍어거리,서울특별시 영등포구 신길로 200-20 (신길동),37.5106012142,126.9115648107,11,560,VE,VE04,VE040100,2025-12-23 09:58:08+09:00,http://tong.visitkorea.or.kr/cms/resource/25/3464425_image2_1.jpg,http://tong.visitkorea.or.kr/cms/resource/25/3464425_image3_1.jpg,2026-08-29T22:50:14.744448+09:00
753558,12,마포대교,서울특별시 영등포구 여의도동,37.5338,126.9371,11,560,VE,VE01,VE010300,2026-03-13 09:55:48+09:00,https://tong.visitkorea.or.kr/cms/resource/69/3525369_image2_1.jpg,https://tong.visitkorea.or.kr/cms/resource/69/3525369_image3_1.jpg,2026-08-29T22:50:14.744448+09:00
806322,38,타임스퀘어,서울특별시 영등포구 영중로 15 (영등포동4가),37.5177806072,126.9053677397,11,560,SH,SH05,SH050200,2026-07-28 13:27:39+09:00,https://tong.visitkorea.or.kr/cms/resource/55/3361455_image2_1.png,https://tong.visitkorea.or.kr/cms/resource/55/3361455_image3_1.png,2026-08-29T22:50:14.744448+09:00
809596,12,여의도샛강생태공원,서울특별시 영등포구 여의동로 48 (여의도동),37.5187726724,126.9219608556,11,560,NA,NA04,NA040500,2025-12-02 13:32:59+09:00,http://tong.visitkorea.or.kr/cms/resource/74/3569374_image2_1.jpg,http://tong.visitkorea.or.kr/cms/resource/74/3569374_image3_1.jpg,2026-08-29T22:50:14.744448+09:00
836567,39,서글렁탕,서울특별시 영등포구 여의대방로 394,37.5193296308116,126.9327383646,11,560,FD,FD01,FD010100,2026-02-25 15:00:27+09:00,,,2026-08-29T22:50:14.744448+09:00
836855,39,운산,서울특별시 영등포구 여의공원로 101 (여의도동) 지하1층,37.5293492744,126.9248991792,11,560,FD,FD01,FD010100,2025-12-18 18:16:58+09:00,http://tong.visitkorea.or.kr/cms/resource/86/3586486_image2_1.jpeg,http://tong.visitkorea.or.kr/cms/resource/86/3586486_image3_1.jpeg,2026-08-29T22:50:14.744448+09:00
871834,39,대방골,서울특별시 영등포구 국회대로 800 지하 1층,37.5308307965587,126.921083619191,11,560,FD,FD01,FD010100,2026-02-24 11:39:10+09:00,https://tong.visitkorea.or.kr/cms/resource/48/1919948_image2_1.jpg,https://tong.visitkorea.or.kr/cms/resource/48/1919948_image3_1.jpg,2026-08-29T22:50:14.744448+09:00
