content_id,content_type_id,title,address,latitude,longitude,area_code,district_code,lcls_systm1,lcls_systm2,lcls_systm3,source_modified_at,first_image_url,thumbnail_url,list_fetched_at
1013076,38,남대문 종합상가,서울특별시 중구 남대문시장4길 21 (남창동),37.5592134153,126.9776518607,11,140,SH,SH05,SH050200,2025-03-28 15:09:59+09:00,http://tong.visitkorea.or.kr/cms/resource/04/1015004_image2_1.jpg,http://tong.visitkorea.or.kr/cms/resource/04/1015004_image3_1.jpg,2026-09-05T02:11:57.636479+09:00
1013079,38,숭례문(남대문) 수입상가,서울특별시 중구 남대문시장4길 21 (남창동),37.5592411902,126.9776685255,11,140,SH,SH05,SH050200,2025-05-29 10:48:34+09:00,http://tong.visitkorea.or.kr/cms/resource/29/3083029_image2_1.JPG,http://tong.visitkorea.or.kr/cms/resource/29/3083029_image3_1.JPG,2026-09-05T02:11:57.636479+09:00
1013366,38,부르뎅 아동복 (Burdeng),서울특별시 중구 남대문시장8길 14,37.5598616248,126.9783994238,11,140,SH,SH05,SH050200,2026-08-13 15:52:04+09:00,https://tong.visitkorea.or.kr/cms/resource/26/1015026_image2_1.jpg,https://tong.visitkorea.or.kr/cms/resource/26/1015026_image3_1.jpg,2026-09-05T02:11:57.636479+09:00
1013388,38,장안 악세사리상가,서울특별시 중구 남대문시장4길 42-2 (남창동),37.5583023944,126.9767630795,11,140,SH,SH05,SH050200,2025-12-23 14:08:38+09:00,http://tong.visitkorea.or.kr/cms/resource/43/1015043_image2_1.jpg,http://tong.visitkorea.or.kr/cms/resource/43/1015043_image3_1.jpg,2026-09-05T02:11:57.636479+09:00
1013394,38,청자 수입상가,서울특별시 중구 남대문시장4길 29 (남창동),37.5588356763,126.9773491223,11,140,SH,SH05,SH050200,2025-03-28 15:21:59+09:00,http://tong.visitkorea.or.kr/cms/resource/53/1015053_image2_1.jpg,http://tong.visitkorea.or.kr/cms/resource/53/1015053_image3_1.jpg,2026-09-05T02:11:57.636479+09:00
1017547,12,중명전,서울특별시 중구 정동길 41-11 (정동),37.5667846662,126.9725521115,11,140,HS,HS01,HS010100,2025-12-04 10:56:03+09:00,http://tong.visitkorea.or.kr/cms/resource/97/3578397_image2_1.jpg,http://tong.visitkorea.or.kr/cms/resource/97/3578397_image3_1.jpg,2026-09-05T02:11:57.636479+09:00
1019638,38,삼익패션타운,서울특별시 중구 남대문시장8길 7 (남창동),37.5601966561,126.9788489464,11,140,SH,SH05,SH050200,2025-05-28 10:36:36+09:00,http://tong.visitkorea.or.kr/cms/resource/57/3064057_image2_1.JPG,http://tong.visitkorea.or.kr/cms/resource/57/3064057_image3_1.JPG,2026-09-05T02:11:57.636479+09:00
1022196,14,명보아트홀,서울특별시 중구 마른내로 47 (초동),37.5646922598698,126.99318773007961,11,140,VE,VE06,VE060100,2026-02-05 16:49:31+09:00,https://tong.visitkorea.or.kr/cms/resource/52/3077752_image2_1.JPG,https://tong.visitkorea.or.kr/cms/resource/52/3077752_image3_1.JPG,2026-09-05T02:11:57.636479+09:00
1045657,32,반얀트리 클럽 앤 스파 서울,서울특별시 중구 장충단로 60,37.55012877,127.0005250345,11,140,AC,AC01,AC010100,2025-12-22 10:03:48+09:00,http://tong.visitkorea.or.kr/cms/resource/65/2719665_image2_1.jpg,http://tong.visitkorea.or.kr/cms/resource/65/2719665_image2_1.jpg,2026-09-05T02:11:57.636479+09:00
1073801,15,영양고추 H.O.T 페스티벌,서울특별시 중구 을지로 지하12 (을지로1가),37.565448355,126.9787818353,11,140,EV,EV03,EV030400,2026-08-21 09:54:29+09:00,https://tong.visitkorea.or.kr/cms/resource/25/4095025_image2_1.png,https://tong.visitkorea.or.kr/cms/resource/25/4095025_image3_1.png,2026-09-05T02:11:57.636479+09:00
1095732,15,서울빛초롱축제,서울특별시 중구 태평로1가 1(청계광장~삼일교) ※우이천은 연장 안합니다.,37.569204,126.977633,11,140,EV,EV01,EV010200,2026-02-04 18:05:00+09:00,https://tong.visitkorea.or.kr/cms/resource/20/3563320_image2_1.jpg,https://tong.visitkorea.or.kr/cms/resource/20/3563320_image3_1.jpg,2026-09-05T02:11:57.636479+09:00
1113581,38,맥스타일 (maxtyle),서울특별시 중구 마장로 3,37.5687500107929,127.010507149056,11,140,SH,SH02,SH020100,2026-02-25 16:56:59+09:00,https://tong.visitkorea.or.kr/cms/resource/93/1984393_image2_1.jpg,https://tong.visitkorea.or.kr/cms/resource/93/1984393_image3_1.jpg,2026-09-05T02:11:57.636479+09:00
1198901,14,배재학당역사박물관,서울특별시 중구 서소문로11길 19 (정동),37.5638516791,126.9728160596,11,140,VE,VE07,VE070100,2025-09-09 10:12:37+09:00,http://tong.visitkorea.or.kr/cms/resource/19/3533219_image2_1.jpg,http://tong.visitkorea.or.kr/cms/resource/19/3533219_image3_1.jpg,2026-09-05T02:11:57.636479+09:00
126485,12,남산공원(서울),서울특별시 중구 삼일대로 231 (예장동),37.5556863093,126.9922311881,11,140,VE,VE03,VE030500,2025-09-17 14:59:11+09:00,http://tong.visitkorea.or.kr/cms/resource/56/3539656_image2_1.jpg,http://tong.visitkorea.or.kr/cms/resource/56/3539656_image3_1.jpg,2026-09-05T02:11:57.636479+09:00
126491,12,장충단공원,서울특별시 중구 동호로 261 (장충동2가),37.5588195041,127.0048160637,11,140,VE,VE03,VE030100,2025-07-30 08:43:01+09:00,http://tong.visitkorea.or.kr/cms/resource/56/3077756_image2_1.JPG,http://tong.visitkorea.or.kr/cms/resource/56/3077756_image3_1.JPG,2026-09-05T02:11:57.636479+09:00
126509,12,덕수궁,서울특별시 중구 세종대로 99 (정동),37.565054919430565,126.97657463444833,11,140,HS,HS01,HS010100,2026-05-21 14:46:42+09:00,https://tong.visitkorea.or.kr/cms/resource/44/3584644_image2_1.jpg,https://tong.visitkorea.or.kr/cms/resource/44/3584644_image3_1.jpg,2026-09-05T02:11:57.636479+09:00
126747,12,남산골한옥마을,서울특별시 중구 퇴계로34길 28 (필동2가),37.5597775194,126.9932865315,11,140,HS,HS01,HS010600,2025-07-08 17:05:01+09:00,http://tong.visitkorea.or.kr/cms/resource/94/2932494_image2_1.bmp,http://tong.visitkorea.or.kr/cms/resource/94/2932494_image3_1.bmp,2026-09-05T02:11:57.636479+09:00
126804,12,서울 명동성당,서울특별시 중구 명동길 74 (명동2가),37.56367587,126.9867758233,11,140,HS,HS03,HS030200,2026-07-13 15:37:45+09:00,,,2026-09-05T02:11:57.636479+09:00
127015,12,대한성공회 서울주교좌성당,서울특별시 중구 세종대로21길 15 (정동),37.5674235431,126.9760378872,11,140,HS,HS03,HS030200,2025-12-01 16:40:49+09:00,http://tong.visitkorea.or.kr/cms/resource/54/3568354_image2_1.jpg,http://tong.visitkorea.or.kr/cms/resource/54/3568354_image3_1.jpg,2026-09-05T02:11:57.636479+09:00
128162,12,숭례문,서울특별시 중구 세종대로 40,37.5599855058,126.9752992762,11,140,HS,HS01,HS010300,2025-07-29 14:55:34+09:00,http://tong.visitkorea.or.kr/cms/resource/39/2612539_image2_1.jpg,http://tong.visitkorea.or.kr/cms/resource/39/2612539_image3_1.jpg,2026-09-05T02:11:57.636479+09:00
128776,12,남산케이블카,서울특별시 중구 소파로 83,37.5569426391,126.984087841,11,140,EX,EX07,EX070200,2026-08-24 16:30:42+09:00,https://tong.visitkorea.or.kr/cms/resource/50/3590450_image2_1.jpg,https://tong.visitkorea.or.kr/cms/resource/50/3590450_image3_1.jpg,2026-09-05T02:11:57.636479+09:00
128968,12,서울광장,서울특별시 중구 을지로 지하12 (을지로1가),37.56544835496842,126.97878183534239,11,140,VE,VE03,VE030500,2026-03-12 09:08:40+09:00,https://tong.visitkorea.or.kr/cms/resource/13/3510513_image2_1.jpg,https://tong.visitkorea.or.kr/cms/resource/13/3510513_image3_1.jpg,2026-09-05T02:11:57.636479+09:00
129186,12,덕수궁 돌담길,서울특별시 중구 세종대로 지하 101,37.5660820124,126.9748935853,11,140,VE,VE04,VE040100,2025-01-09 13:45:17+09:00,http://tong.visitkorea.or.kr/cms/resource/50/2658350_image2_1.jpg,http://tong.visitkorea.or.kr/cms/resource/50/2658350_image3_1.jpg,2026-09-05T02:11:57.636479+09:00
129418,12,백범광장(백범 김구선생 동상),서울특별시 중구 회현동1가 100-115,37.5552528034,126.9798156648,11,140,VE,VE01,VE010500,2025-12-18 15:51:46+09:00,http://tong.visitkorea.or.kr/cms/resource/70/3586270_image2_1.jpg,http://tong.visitkorea.or.kr/cms/resource/70/3586270_image3_1.jpg,2026-09-05T02:11:57.636479+09:00
129502,12,광희문,서울 중구 광희동2가,37.5644,127.01,11,140,HS,HS01,HS010300,2026-03-18 10:10:05+09:00,https://tong.visitkorea.or.kr/cms/resource/43/4002343_image2_1.jpg,https://tong.visitkorea.or.kr/cms/resource/43/4002343_image3_1.jpg,2026-09-05T02:11:57.636479+09:00
129749,14,한국의집,서울특별시 중구 퇴계로36길 10 (필동2가),37.560223523595354,126.9944982601229,11,140,VE,VE06,VE060100,2026-04-21 11:39:07+09:00,https://tong.visitkorea.or.kr/cms/resource/70/3332270_image2_1.jpg,https://tong.visitkorea.or.kr/cms/resource/70/3332270_image3_1.jpg,2026-09-05T02:11:57.636479+09:00
129768,14,아트조선스페이스,서울특별시 중구 세종대로21길 30 (태평로1가) 1층 아트조선스페이스,37.5678,126.9758,11,140,VE,VE07,VE070600,2026-02-19 17:09:51+09:00,https://tong.visitkorea.or.kr/cms/resource/65/3557365_image2_1.jpg,https://tong.visitkorea.or.kr/cms/resource/65/3557365_image3_1.jpg,2026-09-05T02:11:57.636479+09:00
129794,14,안중근의사기념관,서울특별시 중구 소월로 91 (남대문로5가),37.553466172890815,126.98040242744298,11,140,VE,VE07,VE070200,2026-05-27 16:50:18+09:00,https://tong.visitkorea.or.kr/cms/resource/43/4062343_image2_1.jpg,https://tong.visitkorea.or.kr/cms/resource/43/4062343_image3_1.jpg,2026-09-05T02:11:57.636479+09:00
129912,14,세종호텔 세종갤러리,서울특별시 중구 퇴계로 145 (충무로2가),37.5613355768,126.987995303,11,140,VE,VE07,VE070600,2025-03-19 13:51:10+09:00,http://tong.visitkorea.or.kr/cms/resource/64/3384964_image2_1.JPG,http://tong.visitkorea.or.kr/cms/resource/64/3384964_image3_1.JPG,2026-09-05T02:11:57.636479+09:00
130071,14,서울시립미술관 서소문본관,서울특별시 중구 덕수궁길 61,37.5641082438607,126.97367754109,11,140,VE,VE07,VE070600,2026-03-12 09:08:40+09:00,https://tong.visitkorea.or.kr/cms/resource/90/3510490_image2_1.jpg,https://tong.visitkorea.or.kr/cms/resource/90/3510490_image3_1.jpg,2026-09-05T02:11:57.636479+09:00
130157,14,한국금융사박물관,서울특별시 중구 세종대로 135-5 (태평로1가),37.5686037388,126.9764286776,11,140,VE,VE07,VE070100,2026-08-20 08:38:39+09:00,https://tong.visitkorea.or.kr/cms/resource/92/4101292_image2_1.jpg,https://tong.visitkorea.or.kr/cms/resource/92/4101292_image3_1.jpg,2026-09-05T02:11:57.636479+09:00
130173,14,국립현대미술관 덕수궁,서울특별시 중구 세종대로 99,37.5657330658,126.9747884975,11,140,VE,VE07,VE070600,2026-07-10 15:07:09+09:00,,,2026-09-05T02:11:57.636479+09:00
130183,14,서울도서관,서울특별시 중구 세종대로 110 (태평로1가),37.5665986816,126.9783710306,11,140,VE,VE09,VE090300,2025-12-08 09:13:15+09:00,,,2026-09-05T02:11:57.636479+09:00
130209,14,서울 중구문화원,서울특별시 중구 청계천로 86 (장교동),37.5675737144,126.9865424811,11,140,VE,VE09,VE090100,2025-10-27 13:22:45+09:00,http://tong.visitkorea.or.kr/cms/resource/59/3556559_image2_1.jpg,http://tong.visitkorea.or.kr/cms/resource/59/3556559_image3_1.jpg,2026-09-05T02:11:57.636479+09:00
130231,14,국립극장,서울특별시 중구 장충단로 59 (장충동2가),37.5527228971,126.9996333755,11,140,VE,VE06,VE060100,2025-11-21 15:21:55+09:00,http://tong.visitkorea.or.kr/cms/resource/10/3083810_image2_1.jpg,http://tong.visitkorea.or.kr/cms/resource/10/3083810_image3_1.jpg,2026-09-05T02:11:57.636479+09:00
130263,14,초전섬유·퀼트박물관,서울특별시 중구 퇴계로18길 66 (남산동1가),37.5581803204,126.9842429564,11,140,VE,VE07,VE070100,2025-04-16 09:13:48+09:00,http://tong.visitkorea.or.kr/cms/resource/51/3109351_image2_1.JPG,http://tong.visitkorea.or.kr/cms/resource/51/3109351_image3_1.JPG,2026-09-05T02:11:57.636479+09:00
130286,14,문화일보홀,서울특별시 중구 새문안로 22 (충정로1가),37.5670716796346,126.968600174176,11,140,VE,VE06,VE060100,2026-02-24 12:13:40+09:00,https://tong.visitkorea.or.kr/cms/resource/53/1894753_image2_1.jpg,https://tong.visitkorea.or.kr/cms/resource/53/1894753_image3_1.jpg,2026-09-05T02:11:57.636479+09:00
130351,14,삼일로창고극장,서울특별시 중구 삼일대로9길 12 (저동1가),37.5634781404,126.9879845662,11,140,VE,VE06,VE060100,2026-06-23 09:37:57+09:00,https://tong.visitkorea.or.kr/cms/resource/96/4078096_image2_1.jpg,https://tong.visitkorea.or.kr/cms/resource/96/4078096_image3_1.jpg,2026-09-05T02:11:57.636479+09:00
130353,14,국립정동극장,서울특별시 중구 정동길 43,37.565874679471,126.972810908595,11,140,VE,VE06,VE060100,2026-03-09 09:36:31+09:00,,,2026-09-05T02:11:57.636479+09:00
1304260,38,금강제화 명동본점,서울특별시 중구 명동8길 30 (명동2가),37.5624139503,126.9846672556,11,140,SH,SH05,SH050200,2026-08-13 16:32:08+09:00,https://tong.visitkorea.or.kr/cms/resource/19/4098719_image2_1.jpg,https://tong.visitkorea.or.kr/cms/resource/19/4098719_image3_1.jpg,2026-09-05T02:11:57.636479+09:00
130464,14,종이나라박물관,서울특별시 중구 장충단로 166 (장충동1가) 2층,37.55964038322776,127.00615598907645,11,140,VE,VE07,VE070100,2026-03-31 09:08:14+09:00,https://tong.visitkorea.or.kr/cms/resource/67/3556967_image2_1.jpg,https://tong.visitkorea.or.kr/cms/resource/67/3556967_image3_1.jpg,2026-09-05T02:11:57.636479+09:00
130571,14,갤러리 스클로,"서울특별시 중구 다산로16길 29 (신당동, 비컨힐) 1층",37.5562566748768,127.013452949464,11,140,VE,VE07,VE070600,2026-03-13 15:41:20+09:00,https://tong.visitkorea.or.kr/cms/resource/96/4004996_image2_1.jpg,https://tong.visitkorea.or.kr/cms/resource/96/4004996_image3_1.jpg,2026-09-05T02:11:57.636479+09:00
130695,14,충무아트센터,서울특별시 중구 퇴계로 387 (흥인동),37.565940988365455,127.01479091362621,11,140,VE,VE06,VE060100,2026-02-26 11:38:14+09:00,https://tong.visitkorea.or.kr/cms/resource/25/3467525_image2_1.jpg,https://tong.visitkorea.or.kr/cms/resource/25/3467525_image3_1.jpg,2026-09-05T02:11:57.636479+09:00
130927,14,동국대학교 박물관,서울특별시 중구 필동로1길 30 (필동3가),37.5589366401553,126.998737605491,11,140,VE,VE07,VE070100,2026-03-12 09:08:40+09:00,https://tong.visitkorea.or.kr/cms/resource/74/3510474_image2_1.jpg,https://tong.visitkorea.or.kr/cms/resource/74/3510474_image3_1.jpg,2026-09-05T02:11:57.636479+09:00
130937,14,서울특별시교육청융합과학교육원 남산분원,서울특별시 중구 소파로 46 (회현동1가),37.554495662,126.9811437535,11,140,VE,VE07,VE070300,2026-08-18 08:38:03+09:00,https://tong.visitkorea.or.kr/cms/resource/42/1570642_image2_1.jpg,https://tong.visitkorea.or.kr/cms/resource/42/1570642_image3_1.jpg,2026-09-05T02:11:57.636479+09:00
131138,28,서울청소년수련관,서울특별시 중구 을지로11길 23 (수표동),37.5675210155,126.9905726704,11,140,VE,VE10,VE100200,2025-11-18 13:27:12+09:00,http://tong.visitkorea.or.kr/cms/resource/98/3568498_image2_1.jpg,http://tong.visitkorea.or.kr/cms/resource/98/3568498_image3_1.jpg,2026-09-05T02:11:57.636479+09:00
131901,28,명동사격장,서울특별시 중구 명동8가길 27 (충무로2가) 3층,37.5618993737,126.9865398642,11,140,LS,LS01,LS011200,2025-03-17 11:21:36+09:00,http://tong.visitkorea.or.kr/cms/resource/74/1813074_image2_1.jpg,http://tong.visitkorea.or.kr/cms/resource/74/1813074_image3_1.jpg,2026-09-05T02:11:57.636479+09:00
132180,38,남대문시장,서울특별시 중구 남대문시장4길 21,37.5592467455,126.9776796357,11,140,SH,SH06,SH060200,2025-05-27 18:15:43+09:00,http://tong.visitkorea.or.kr/cms/resource/67/2612867_image2_1.jpg,http://tong.visitkorea.or.kr/cms/resource/67/2612867_image3_1.jpg,2026-09-05T02:11:57.636479+09:00
132182,38,서울 평화시장,서울특별시 중구 청계천로 274,37.5694211079,127.0080126943,11,140,SH,SH06,SH060200,2025-05-29 09:51:49+09:00,http://tong.visitkorea.or.kr/cms/resource/19/3077619_image2_1.JPG,http://tong.visitkorea.or.kr/cms/resource/19/3077619_image3_1.JPG,2026-09-05T02:11:57.636479+09:00
132186,38,서울 광희시장,서울특별시 중구 마장로1길 21,37.5686306058514,127.011884795865,11,140,SH,SH06,SH060200,2026-03-05 09:34:19+09:00,https://tong.visitkorea.or.kr/cms/resource/85/3462985_image2_1.jpg,https://tong.visitkorea.or.kr/cms/resource/85/3462985_image3_1.jpg,2026-09-05T02:11:57.636479+09:00
132211,38,남대문 액세사리상가,서울특별시 중구 남대문시장4길 21,37.5591939725,126.9776157542,11,140,SH,SH05,SH050200,2025-03-28 15:19:55+09:00,http://tong.visitkorea.or.kr/cms/resource/73/1984373_image2_1.jpg,http://tong.visitkorea.or.kr/cms/resource/73/1984373_image3_1.jpg,2026-09-05T02:11:57.636479+09:00
132213,38,남대문 안경상가,서울특별시 중구 남창동,37.5594,126.9762,11,140,SH,SH05,SH050200,2026-03-18 10:10:05+09:00,https://tong.visitkorea.or.kr/cms/resource/70/3514370_image2_1.jpg,https://tong.visitkorea.or.kr/cms/resource/70/3514370_image3_1.jpg,2026-09-05T02:11:57.636479+09:00
132217,38,서울 중부시장,서울특별시 중구 을지로36길 35,37.5651409407,127.0019383691,11,140,SH,SH06,SH060200,2025-03-28 15:04:57+09:00,http://tong.visitkorea.or.kr/cms/resource/46/1984446_image2_1.jpg,http://tong.visitkorea.or.kr/cms/resource/46/1984446_image3_1.jpg,2026-09-05T02:11:57.636479+09:00
132225,38,남대문인삼시장,서울특별시 중구 남대문시장길 25-8 (남대문로4가),37.5605299268,126.977504615,11,140,SH,SH06,SH060200,2025-05-28 18:12:53+09:00,http://tong.visitkorea.or.kr/cms/resource/31/3065131_image2_1.JPG,http://tong.visitkorea.or.kr/cms/resource/31/3065131_image3_1.JPG,2026-09-05T02:11:57.636479+09:00
132238,38,을지로 철제가구거리,서울특별시 중구 창경궁로 34-1 (예관동),37.5654602842,126.9984164588,11,140,SH,SH05,SH050200,2025-08-19 16:50:35+09:00,http://tong.visitkorea.or.kr/cms/resource/34/3077634_image2_1.JPG,http://tong.visitkorea.or.kr/cms/resource/34/3077634_image3_1.JPG,2026-09-05T02:11:57.636479+09:00
132241,38,방산 종합시장,서울특별시 중구 동호로37길 20 (주교동),37.5687766093,127.0008217013,11,140,SH,SH06,SH060200,2025-10-23 14:30:00+09:00,http://tong.visitkorea.or.kr/cms/resource/79/2667479_image2_1.jpg,http://tong.visitkorea.or.kr/cms/resource/79/2667479_image3_1.jpg,2026-09-05T02:11:57.636479+09:00
132244,38,청계 조명기구상가,서울특별시 종로구 청계천로 155,37.5671405907,126.9954361275,11,140,SH,SH05,SH050200,2025-05-28 09:13:26+09:00,http://tong.visitkorea.or.kr/cms/resource/41/3064041_image2_1.JPG,http://tong.visitkorea.or.kr/cms/resource/41/3064041_image3_1.JPG,2026-09-05T02:11:57.636479+09:00
132460,38,한국의집 사랑(아트샵&카페),서울특별시 중구 퇴계로36길 10 (필동2가),37.560223523595354,126.9944982601229,11,140,SH,SH05,SH050100,2026-04-21 16:08:27+09:00,https://tong.visitkorea.or.kr/cms/resource/87/2514687_image2_1.jpg,https://tong.visitkorea.or.kr/cms/resource/87/2514687_image3_1.jpg,2026-09-05T02:11:57.636479+09:00
132557,38,남대문 메사 (MESA),서울특별시 중구 남대문시장10길 2 MESA,37.5603726952685,126.97959929214,11,140,SH,SH05,SH050200,2026-02-25 17:32:27+09:00,https://tong.visitkorea.or.kr/cms/resource/28/668128_image2_1.jpg,https://tong.visitkorea.or.kr/cms/resource/28/668128_image3_1.jpg,2026-09-05T02:11:57.636479+09:00
132558,38,밀리오레 명동점,"서울특별시 중구 퇴계로 115 (충무로1가) 1, 2층",37.5611022086,126.984540069,11,140,SH,SH02,SH020100,2025-01-21 09:44:10+09:00,http://tong.visitkorea.or.kr/cms/resource/30/3468830_image2_1.jpg,http://tong.visitkorea.or.kr/cms/resource/30/3468830_image3_1.jpg,2026-09-05T02:11:57.636479+09:00
132642,38,신세계백화점 본점,서울특별시 중구 소공로 63 (충무로1가),37.5609966018,126.9810181709,11,140,SH,SH01,SH010100,2026-01-05 13:16:24+09:00,http://tong.visitkorea.or.kr/cms/resource/99/3589499_image2_1.jpg,http://tong.visitkorea.or.kr/cms/resource/99/3589499_image3_1.jpg,2026-09-05T02:11:57.636479+09:00
132668,38,롯데백화점 본점,서울특별시 중구 남대문로 81,37.5646833187,126.9816989643,11,140,SH,SH01,SH010100,2026-08-05 15:13:19+09:00,https://tong.visitkorea.or.kr/cms/resource/24/2997124_image2_1.jpg,https://tong.visitkorea.or.kr/cms/resource/24/2997124_image3_1.jpg,2026-09-05T02:11:57.636479+09:00
132820,39,용금옥,서울특별시 중구 다동길 24-2,37.5677235893,126.9805263585,11,140,FD,FD01,FD010100,2025-04-10 09:47:52+09:00,http://tong.visitkorea.or.kr/cms/resource/95/3083895_image2_1.jpg,http://tong.visitkorea.or.kr/cms/resource/95/3083895_image3_1.jpg,2026-09-05T02:11:57.636479+09:00
132823,39,진남포면옥,서울특별시 중구 다산로 108 (신당동),37.5534438199837,127.010147757062,11,140,FD,FD01,FD010100,2026-03-19 15:32:18+09:00,,,2026-09-05T02:11:57.636479+09:00
133276,39,곰국시집,서울특별시 중구 무교로 24 (무교동) 2층,37.568100968260794,126.97947978516648,11,140,FD,FD01,FD010100,2026-03-19 10:23:02+09:00,https://tong.visitkorea.or.kr/cms/resource/18/3474918_image2_1.jpg,https://tong.visitkorea.or.kr/cms/resource/18/3474918_image3_1.jpg,2026-09-05T02:11:57.636479+09:00
133337,39,명동 영양센터,서울특별시 중구 명동2길 52,37.5610615628313,126.983065601007,11,140,FD,FD01,FD010100,2026-02-25 16:27:47+09:00,,,2026-09-05T02:11:57.636479+09:00
133338,39,조선옥,서울특별시 중구 을지로15길 6-5 (을지로3가),37.5667960482466,126.993638013279,11,140,FD,FD01,FD010100,2026-02-13 17:07:05+09:00,,,2026-09-05T02:11:57.636479+09:00
133339,39,우래옥,서울특별시 중구 창경궁로 62-29,37.5682210801,126.9986941331,11,140,FD,FD01,FD010100,2025-12-30 09:35:01+09:00,http://tong.visitkorea.or.kr/cms/resource/22/3589222_image2_1.jpg,http://tong.visitkorea.or.kr/cms/resource/22/3589222_image3_1.jpg,2026-09-05T02:11:57.636479+09:00
133346,39,진고개,서울특별시 중구 충무로 19-1 (충무로3가),37.5630910150201,126.99282203871,11,140,FD,FD01,FD010100,2026-03-19 10:20:01+09:00,,,2026-09-05T02:11:57.636479+09:00
133836,39,송원,서울특별시 중구 동호로24길 35-4,37.5609609284,127.005157639,11,140,FD,FD01,FD010100,2025-12-11 15:48:49+09:00,http://tong.visitkorea.or.kr/cms/resource/87/3582187_image2_1.jpg,http://tong.visitkorea.or.kr/cms/resource/87/3582187_image3_1.jpg,2026-09-05T02:11:57.636479+09:00
133837,39,함흥에겨울냉면,서울특별시 중구 동호로24길 21,37.5601342988434,127.005219022083,11,140,FD,FD01,FD010100,2026-02-25 16:29:20+09:00,,,2026-09-05T02:11:57.636479+09:00
133854,39,고려삼계탕,서울특별시 중구 서소문로11길 1 (서소문동),37.5630517738,126.9729271831,11,140,FD,FD01,FD010100,2025-12-12 11:38:25+09:00,,,2026-09-05T02:11:57.636479+09:00
133856,39,장안삼계탕,서울특별시 중구 세종대로18길 8,37.5636722543898,126.977466072801,11,140,FD,FD01,FD010100,2026-02-12 15:04:58+09:00,,,2026-09-05T02:11:57.636479+09:00
133857,39,전주유할머니비빔밥,서울특별시 중구 세종대로14길 27-2,37.5629334710471,126.978321565969,11,140,FD,FD01,FD010100,2026-02-11 08:10:09+09:00,,,2026-09-05T02:11:57.636479+09:00
133858,39,백제삼계탕,서울특별시 중구 명동8길 8-10 (명동2가),37.5634241535,126.9841178194,11,140,FD,FD01,FD010100,2025-04-09 10:59:41+09:00,http://tong.visitkorea.or.kr/cms/resource/85/3108585_image2_1.JPG,http://tong.visitkorea.or.kr/cms/resource/85/3108585_image3_1.JPG,2026-09-05T02:11:57.636479+09:00
133860,39,평양면옥,서울특별시 중구 장충단로 207,37.5629645317,127.0064521543,11,140,FD,FD01,FD010100,2026-08-10 14:42:40+09:00,https://tong.visitkorea.or.kr/cms/resource/86/3083086_image2_1.jpg,https://tong.visitkorea.or.kr/cms/resource/86/3083086_image3_1.jpg,2026-09-05T02:11:57.636479+09:00
133996,39,참숯골,서울특별시 중구 무교로 16 (무교동) 2층,37.5673958319,126.9795431238,11,140,FD,FD01,FD010100,2025-04-09 10:48:15+09:00,http://tong.visitkorea.or.kr/cms/resource/01/3474901_image2_1.jpg,http://tong.visitkorea.or.kr/cms/resource/01/3474901_image3_1.jpg,2026-09-05T02:11:57.636479+09:00
134030,39,대상해,서울특별시 중구 세종대로 135 코리아나호텔 3층,37.5683,126.976647,11,140,FD,FD02,FD020100,2026-04-15 09:52:10+09:00,https://tong.visitkorea.or.kr/cms/resource/88/4057988_image2_1.jpg,https://tong.visitkorea.or.kr/cms/resource/88/4057988_image3_1.jpg,2026-09-05T02:11:57.636479+09:00
134268,39,명동부대찌개 명동황기족발,서울특별시 중구 명동길 25-7,37.5641518402,126.9837706082,11,140,FD,FD01,FD010100,2025-10-28 10:50:06+09:00,,,2026-09-05T02:11:57.636479+09:00
134746,39,개화,서울특별시 중구 남대문로 52-5 (명동2가),37.5621214856,126.9818402861,11,140,FD,FD02,FD020100,2025-04-09 10:13:51+09:00,http://tong.visitkorea.or.kr/cms/resource/96/3474896_image2_1.jpg,http://tong.visitkorea.or.kr/cms/resource/96/3474896_image3_1.jpg,2026-09-05T02:11:57.636479+09:00
134754,39,남포면옥,서울특별시 중구 을지로3길 24,37.5672330058385,126.98158779132,11,140,FD,FD01,FD010100,2026-02-25 14:43:39+09:00,,,2026-09-05T02:11:57.636479+09:00
135679,39,남산산채집,서울특별시 중구 소파로 95 (예장동) 1층,37.5568128981,126.9853479701,11,140,FD,FD01,FD010100,2026-07-06 10:45:28+09:00,https://tong.visitkorea.or.kr/cms/resource/34/4081734_image2_1.jpg,https://tong.visitkorea.or.kr/cms/resource/34/4081734_image3_1.jpg,2026-09-05T02:11:57.636479+09:00
142233,15,정동문화축제,서울특별시 중구 정동 (세종대로 19길 124),37.5670957913,126.9753629579,11,140,EV,EV01,EV010600,2025-10-23 14:30:00+09:00,http://tong.visitkorea.or.kr/cms/resource/15/3552215_image2_1.jpeg,http://tong.visitkorea.or.kr/cms/resource/15/3552215_image3_1.jpeg,2026-09-05T02:11:57.636479+09:00
142723,32,로얄호텔서울,서울특별시 중구 명동길 61 (명동1가),37.564043918337084,126.98569953988728,11,140,AC,AC01,AC010100,2026-01-23 13:35:49+09:00,https://tong.visitkorea.or.kr/cms/resource/50/2815050_image2_1.jpg,https://tong.visitkorea.or.kr/cms/resource/50/2815050_image3_1.jpg,2026-09-05T02:11:57.636479+09:00
142725,32,더 플라자 호텔 서울,서울특별시 중구 소공로 119 (태평로2가),37.564679455,126.9780822232,11,140,AC,AC01,AC010100,2025-10-27 17:01:25+09:00,http://tong.visitkorea.or.kr/cms/resource/26/3556826_image2_1.jpg,http://tong.visitkorea.or.kr/cms/resource/26/3556826_image3_1.jpg,2026-09-05T02:11:57.636479+09:00
142727,32,세종호텔,서울특별시 중구 퇴계로 145,37.5613282849688,126.987931785363,11,140,AC,AC01,AC010100,2026-02-10 17:57:05+09:00,,,2026-09-05T02:11:57.636479+09:00
142729,32,롯데호텔서울,서울특별시 중구 을지로 30 롯데호텔,37.5653471145904,126.981029566258,11,140,AC,AC01,AC010100,2026-02-05 13:23:27+09:00,https://tong.visitkorea.or.kr/cms/resource/56/2607356_image2_1.png,https://tong.visitkorea.or.kr/cms/resource/56/2607356_image3_1.png,2026-09-05T02:11:57.636479+09:00
142730,32,웨스틴 조선 서울,서울특별시 중구 소공로 106,37.5644666486,126.9800435765,11,140,AC,AC01,AC010100,2026-09-01 13:25:50+09:00,https://tong.visitkorea.or.kr/cms/resource/21/2820921_image2_1.jpg,https://tong.visitkorea.or.kr/cms/resource/21/2820921_image3_1.jpg,2026-09-05T02:11:57.636479+09:00
142731,32,코리아나 호텔,서울특별시 중구 세종대로 135 (태평로1가),37.5678135772855,126.976247211074,11,140,AC,AC01,AC010100,2026-02-06 14:22:02+09:00,https://tong.visitkorea.or.kr/cms/resource/05/1363505_image2_1.jpg,https://tong.visitkorea.or.kr/cms/resource/05/1363505_image3_1.jpg,2026-09-05T02:11:57.636479+09:00
142732,32,프레지던트 호텔,서울특별시 중구 을지로 16 (을지로1가),37.56561500801734,126.97939222663123,11,140,AC,AC01,AC010100,2026-02-27 09:41:21+09:00,https://tong.visitkorea.or.kr/cms/resource/17/2721617_image2_1.jpg,https://tong.visitkorea.or.kr/cms/resource/17/2721617_image3_1.jpg,2026-09-05T02:11:57.636479+09:00
142734,32,서울신라호텔,서울특별시 중구 동호로 249 (장충동2가),37.5558792608339,127.005152483399,11,140,AC,AC01,AC010100,2026-02-25 16:46:42+09:00,https://tong.visitkorea.or.kr/cms/resource/45/1903045_image2_1.jpg,https://tong.visitkorea.or.kr/cms/resource/45/1903045_image3_1.jpg,2026-09-05T02:11:57.636479+09:00
142740,32,뉴서울호텔,서울특별시 중구 세종대로22길 16,37.5679217491263,126.978179770831,11,140,AC,AC01,AC010100,2026-03-04 10:04:26+09:00,https://tong.visitkorea.or.kr/cms/resource/37/2534437_image2_1.jpg,https://tong.visitkorea.or.kr/cms/resource/37/2534437_image3_1.jpg,2026-09-05T02:11:57.636479+09:00
142746,32,퍼시픽 호텔,서울특별시 중구 퇴계로20길 2 (남산동2가),37.5597163723303,126.985434663205,11,140,AC,AC01,AC010100,2026-02-12 15:52:54+09:00,https://tong.visitkorea.or.kr/cms/resource/58/1363558_image2_1.jpg,https://tong.visitkorea.or.kr/cms/resource/58/1363558_image3_1.jpg,2026-09-05T02:11:57.636479+09:00
142747,32,메트로호텔,서울특별시 중구 명동9가길 14,37.5651444106451,126.9837459737,11,140,AC,AC01,AC010100,2026-02-06 17:00:51+09:00,https://tong.visitkorea.or.kr/cms/resource/24/2488124_image2_1.jpg,https://tong.visitkorea.or.kr/cms/resource/24/2488124_image3_1.jpg,2026-09-05T02:11:57.636479+09:00
142751,32,서울프린스호텔,서울특별시 중구 퇴계로 130 (남산동2가),37.5606628805943,126.98627869787,11,140,AC,AC01,AC010100,2026-02-24 18:50:19+09:00,,,2026-09-05T02:11:57.636479+09:00
142757,32,호텔 피제이,서울특별시 중구 마른내로 71,37.564914099042,126.995680927092,11,140,AC,AC01,AC010100,2026-01-29 13:39:04+09:00,https://tong.visitkorea.or.kr/cms/resource/22/4004322_image2_1.jpg,https://tong.visitkorea.or.kr/cms/resource/22/4004322_image3_1.jpg,2026-09-05T02:11:57.636479+09:00
142979,32,렉스호텔,서울특별시 중구 퇴계로10길 23,37.5586590397726,126.980951986837,11,140,AC,AC01,AC010100,2026-02-04 10:37:25+09:00,https://tong.visitkorea.or.kr/cms/resource/10/4010910_image2_1.jpg,https://tong.visitkorea.or.kr/cms/resource/10/4010910_image3_1.jpg,2026-09-05T02:11:57.636479+09:00
1489369,39,오다리집,서울특별시 중구 명동8나길 28 (충무로1가),37.561485478,126.9834734887,11,140,FD,FD01,FD010100,2025-04-10 10:06:19+09:00,http://tong.visitkorea.or.kr/cms/resource/38/3474938_image2_1.jpg,http://tong.visitkorea.or.kr/cms/resource/38/3474938_image3_1.jpg,2026-09-05T02:11:57.636479+09:00
1503517,32,라마다 바이윈덤 서울 동대문,서울특별시 중구 동호로 354,37.5659085511522,127.00280520374,11,140,AC,AC01,AC010100,2026-02-27 09:40:03+09:00,,,2026-09-05T02:11:57.636479+09:00
1511411,39,왕비집,서울특별시 중구 명동8가길 26,37.5616160717,126.9864259937,11,140,FD,FD01,FD010100,2025-01-03 15:45:47+09:00,http://tong.visitkorea.or.kr/cms/resource/46/3108346_image2_1.JPG,http://tong.visitkorea.or.kr/cms/resource/46/3108346_image3_1.JPG,2026-09-05T02:11:57.636479+09:00
1603336,12,남산 팔각정,서울특별시 중구 예장동 8-1,37.5516394747,126.9876206116,11,140,VE,VE01,VE010100,2025-09-17 14:52:11+09:00,http://tong.visitkorea.or.kr/cms/resource/25/3539625_image2_1.jpg,http://tong.visitkorea.or.kr/cms/resource/25/3539625_image3_1.jpg,2026-09-05T02:11:57.636479+09:00
1605966,12,훈련원공원,서울특별시 중구 을지로 227 (을지로5가),37.5670907411,127.0034353998,11,140,VE,VE03,VE030500,2025-04-15 10:00:27+09:00,http://tong.visitkorea.or.kr/cms/resource/83/3077783_image2_1.JPG,http://tong.visitkorea.or.kr/cms/resource/83/3077783_image3_1.JPG,2026-09-05T02:11:57.636479+09:00
1605977,12,서소문역사공원,서울특별시 중구 칠패로 5 (의주로2가),37.5596854342,126.9693637143,11,140,VE,VE03,VE030500,2025-03-19 17:19:01+09:00,http://tong.visitkorea.or.kr/cms/resource/82/3384982_image2_1.JPG,http://tong.visitkorea.or.kr/cms/resource/82/3384982_image3_1.JPG,2026-09-05T02:11:57.636479+09:00
1605981,12,덕수궁 대한문,서울특별시 중구 세종대로 99 (정동),37.5651071556,126.9765906796,11,140,HS,HS01,HS010300,2025-07-30 15:46:07+09:00,http://tong.visitkorea.or.kr/cms/resource/91/3384991_image2_1.JPG,http://tong.visitkorea.or.kr/cms/resource/91/3384991_image3_1.JPG,2026-09-05T02:11:57.636479+09:00
1605990,12,관훈동 민씨 가옥 (구 부마도위박영효가옥),서울특별시 중구 퇴계로34길 28,37.5585082277,126.9935754302,11,140,HS,HS01,HS010400,2025-08-20 10:09:44+09:00,http://tong.visitkorea.or.kr/cms/resource/88/3077788_image2_1.JPG,http://tong.visitkorea.or.kr/cms/resource/88/3077788_image3_1.JPG,2026-09-05T02:11:57.636479+09:00
1606001,12,해풍부원군윤택영댁재실,서울특별시 중구 퇴계로34길 28,37.5583638148,126.9944031366,11,140,HS,HS01,HS010400,2025-08-21 11:18:32+09:00,http://tong.visitkorea.or.kr/cms/resource/48/3083948_image2_1.JPG,http://tong.visitkorea.or.kr/cms/resource/48/3083948_image3_1.JPG,2026-09-05T02:11:57.636479+09:00
1606009,12,삼청동오위장김춘영가옥,서울특별시 중구 퇴계로34길 28,37.5588,126.9948,11,140,HS,HS01,HS010400,2026-08-19 09:51:56+09:00,https://tong.visitkorea.or.kr/cms/resource/63/2031863_image2_1.jpg,https://tong.visitkorea.or.kr/cms/resource/63/2031863_image3_1.jpg,2026-09-05T02:11:57.636479+09:00
1606014,12,순정효황후윤씨친가,서울특별시 중구 퇴계로34길 28,37.5586776601,126.9939920541,11,140,HS,HS01,HS010400,2025-08-20 10:07:53+09:00,http://tong.visitkorea.or.kr/cms/resource/00/3083100_image2_1.JPG,http://tong.visitkorea.or.kr/cms/resource/00/3083100_image3_1.JPG,2026-09-05T02:11:57.636479+09:00
1799798,14,손기정기념관,서울특별시 중구 손기정로 101-4 (만리동2가),37.5558524631,126.964722579,11,140,VE,VE07,VE070200,2025-07-28 15:26:30+09:00,http://tong.visitkorea.or.kr/cms/resource/54/3504754_image2_1.jpg,http://tong.visitkorea.or.kr/cms/resource/54/3504754_image3_1.jpg,2026-09-05T02:11:57.636479+09:00
1800943,32,나인트리 바이 파르나스 서울 명동,서울특별시 중구 명동10길 51,37.5615865524,126.9860291858,11,140,AC,AC01,AC010100,2026-08-27 17:50:41+09:00,,,2026-09-05T02:11:57.636479+09:00
1825460,12,3.1독립운동기념탑,서울특별시 중구 장충단로 59 (장충동2가),37.5528,127.0019,11,140,HS,HS02,HS020100,2026-08-21 15:53:02+09:00,https://tong.visitkorea.or.kr/cms/resource/61/3077661_image2_1.JPG,https://tong.visitkorea.or.kr/cms/resource/61/3077661_image3_1.JPG,2026-09-05T02:11:57.636479+09:00
1827190,12,나석주의사동상,서울특별시 중구 을지로 66 (을지로2가) 외환은행 본점 앞,37.5654555071,126.9850319505,11,140,VE,VE01,VE010500,2026-08-21 15:14:06+09:00,https://tong.visitkorea.or.kr/cms/resource/67/3077667_image2_1.JPG,https://tong.visitkorea.or.kr/cms/resource/67/3077667_image3_1.JPG,2026-09-05T02:11:57.636479+09:00
1828605,12,유관순동상,서울특별시 중구 장충단로 101 (장충동2가),37.5554847899,127.0010306744,11,140,VE,VE01,VE010500,2026-08-21 14:41:00+09:00,https://tong.visitkorea.or.kr/cms/resource/63/3568363_image2_1.jpg,https://tong.visitkorea.or.kr/cms/resource/63/3568363_image3_1.jpg,2026-09-05T02:11:57.636479+09:00
1829589,12,성재 이시영선생 동상,서울특별시 중구 회현동1가 100-115,37.5554,126.9792,11,140,VE,VE01,VE010500,2026-03-12 09:08:40+09:00,https://tong.visitkorea.or.kr/cms/resource/72/3504772_image2_1.jpg,https://tong.visitkorea.or.kr/cms/resource/72/3504772_image3_1.jpg,2026-09-05T02:11:57.636479+09:00
1829696,15,아시아프 (ASYAAF 100),서울특별시 중구 세종대로21길 30 (태평로1가),37.5678450408989,126.975895739578,11,140,EV,EV03,EV030100,2026-05-07 14:16:05+09:00,https://tong.visitkorea.or.kr/cms/resource/49/4057349_image2_1.jpg,https://tong.visitkorea.or.kr/cms/resource/49/4057349_image3_1.jpg,2026-09-05T02:11:57.636479+09:00
1829741,12,안중근의사 동상,서울특별시 중구 남대문로5가 471,37.5536,126.9811,11,140,VE,VE01,VE010500,2026-03-12 14:18:24+09:00,https://tong.visitkorea.or.kr/cms/resource/02/3506302_image2_1.jpg,https://tong.visitkorea.or.kr/cms/resource/02/3506302_image3_1.jpg,2026-09-05T02:11:57.636479+09:00
1835256,12,일성이준열사동상,서울특별시 중구 동호로 257-8 (장충동2가),37.558552851,127.0038300502,11,140,VE,VE01,VE010500,2025-11-04 11:02:04+09:00,http://tong.visitkorea.or.kr/cms/resource/04/3077804_image2_1.JPG,http://tong.visitkorea.or.kr/cms/resource/04/3077804_image3_1.JPG,2026-09-05T02:11:57.636479+09:00
1836287,12,한국유림독립운동파리장서비,서울특별시 중구 동호로 257-8 (장충동2가),37.5577350201,127.0036669289,11,140,HS,HS02,HS020100,2026-08-06 14:40:34+09:00,,,2026-09-05T02:11:57.636479+09:00
1876565,32,호텔 마누,서울특별시 중구 퇴계로 19,37.5571913788,126.9748882818,11,140,AC,AC01,AC010100,2026-01-05 15:03:38+09:00,http://tong.visitkorea.or.kr/cms/resource/47/3592047_image2_1.jpg,http://tong.visitkorea.or.kr/cms/resource/47/3592047_image3_1.jpg,2026-09-05T02:11:57.636479+09:00
1885495,39,은주정,서울특별시 중구 창경궁로8길 32,37.5687377054,126.9997829081,11,140,FD,FD01,FD010100,2025-04-09 17:31:53+09:00,http://tong.visitkorea.or.kr/cms/resource/72/3108772_image2_1.JPG,http://tong.visitkorea.or.kr/cms/resource/72/3108772_image3_1.JPG,2026-09-05T02:11:57.636479+09:00
1900810,39,느티나무설렁탕,서울특별시 중구 퇴계로71길 38 (신당동),37.566473412182,127.012869480931,11,140,FD,FD01,FD010100,2026-03-13 16:37:29+09:00,,,2026-09-05T02:11:57.636479+09:00
1906334,12,동대문역사문화공원,서울특별시 중구 을지로 281 (을지로7가),37.566107632,127.0095709797,11,140,VE,VE03,VE030500,2025-11-13 13:59:16+09:00,http://tong.visitkorea.or.kr/cms/resource/37/3566337_image2_1.jpg,http://tong.visitkorea.or.kr/cms/resource/37/3566337_image3_1.jpg,2026-09-05T02:11:57.636479+09:00
1957600,12,명동 남대문 북창동 다동무교동 관광특구,서울특별시 중구 세종대로 40 (남대문로4가),37.5599771733,126.9753048316,11,140,VE,VE05,VE050100,2025-08-20 13:41:46+09:00,http://tong.visitkorea.or.kr/cms/resource/42/3077642_image2_1.JPG,http://tong.visitkorea.or.kr/cms/resource/42/3077642_image3_1.JPG,2026-09-05T02:11:57.636479+09:00
1958200,39,흑돈가 명동,"서울특별시 중구 명동7길 21, 지하1층",37.564800005734,126.983609885693,11,140,FD,FD01,FD010100,2026-02-24 12:13:40+09:00,https://tong.visitkorea.or.kr/cms/resource/39/2707139_image2_1.jpg,https://tong.visitkorea.or.kr/cms/resource/39/2707139_image3_1.jpg,2026-09-05T02:11:57.636479+09:00
1964978,39,은호식당,서울특별시 중구 남대문시장4길 28-4 (남창동),37.5590245383,126.9770658093,11,140,FD,FD01,FD010100,2025-03-19 11:04:12+09:00,,,2026-09-05T02:11:57.636479+09:00
1966366,39,오양회참치,서울특별시 중구 세종대로21길 49 (태평로1가),37.5688094861,126.9756156641,11,140,FD,FD02,FD020200,2025-11-18 15:20:25+09:00,,,2026-09-05T02:11:57.636479+09:00
1985729,39,동방명주,서울특별시 중구 퇴계로 186,37.5607645451883,126.992375812391,11,140,FD,FD02,FD020100,2026-03-13 16:44:58+09:00,,,2026-09-05T02:11:57.636479+09:00
2011019,32,써미트 호텔 서울,서울특별시 중구 장충단로 198,37.5623052464,127.0068407802,11,140,AC,AC01,AC010100,2025-11-24 15:34:18+09:00,http://tong.visitkorea.or.kr/cms/resource/79/3572479_image2_1.jpg,http://tong.visitkorea.or.kr/cms/resource/79/3572479_image3_1.jpg,2026-09-05T02:11:57.636479+09:00
2015800,12,정동전망대,서울특별시 중구 덕수궁길 15 (서소문동),37.56481175834262,126.97584955163858,11,140,VE,VE01,VE010200,2026-01-29 13:04:19+09:00,https://tong.visitkorea.or.kr/cms/resource/69/3584469_image2_1.jpg,https://tong.visitkorea.or.kr/cms/resource/69/3584469_image3_1.jpg,2026-09-05T02:11:57.636479+09:00
2027565,39,동심 한정식,서울특별시 중구 퇴계로27길 12-4,37.5616144319,126.9918425068,11,140,FD,FD01,FD010100,2026-08-11 09:22:24+09:00,,,2026-09-05T02:11:57.636479+09:00
2039626,39,평래옥,서울특별시 중구 마른내로 21-1 (저동2가),37.5649657536,126.9904005365,11,140,FD,FD01,FD010100,2025-03-19 10:18:33+09:00,,,2026-09-05T02:11:57.636479+09:00
229910,14,남산골공원서울천년타임캡슐광장,서울특별시 중구 퇴계로34길 28 (필동2가),37.5597775194,126.9932865315,11,140,VE,VE07,VE070300,2025-09-02 14:21:22+09:00,http://tong.visitkorea.or.kr/cms/resource/40/3528440_image2_1.jpg,http://tong.visitkorea.or.kr/cms/resource/40/3528440_image3_1.jpg,2026-09-05T02:11:57.636479+09:00
232219,39,컨퍼런스하우스달개비 정동점,서울특별시 중구 세종대로19길 16 (정동),37.5667226186081,126.976533023711,11,140,FD,FD01,FD010100,2026-02-24 15:05:34+09:00,,,2026-09-05T02:11:57.636479+09:00
232229,39,강서면옥,서울특별시 중구 세종대로11길 35,37.5619390683306,126.973922023544,11,140,FD,FD01,FD010100,2026-02-24 12:13:40+09:00,,,2026-09-05T02:11:57.636479+09:00
232231,39,남문토방,서울특별시 중구 남대문시장길 45-3,37.560599379,126.9783906441,11,140,FD,FD01,FD010100,2025-03-19 16:28:51+09:00,http://tong.visitkorea.or.kr/cms/resource/28/3474928_image2_1.jpg,http://tong.visitkorea.or.kr/cms/resource/28/3474928_image3_1.jpg,2026-09-05T02:11:57.636479+09:00
232290,32,호텔국도,서울특별시 중구 을지로 164,37.5662833860289,126.996205836792,11,140,AC,AC01,AC010100,2026-02-13 15:34:59+09:00,https://tong.visitkorea.or.kr/cms/resource/27/2825627_image2_1.jpg,https://tong.visitkorea.or.kr/cms/resource/27/2825627_image3_1.jpg,2026-09-05T02:11:57.636479+09:00
2373204,12,경성 부민관 폭탄 의거지,서울특별시 중구 세종대로 125 (태평로1가),37.5675596526,126.9768017026,11,140,HS,HS01,HS011200,2025-08-20 14:23:18+09:00,http://tong.visitkorea.or.kr/cms/resource/30/3077530_image2_1.JPG,http://tong.visitkorea.or.kr/cms/resource/30/3077530_image3_1.JPG,2026-09-05T02:11:57.636479+09:00
2373223,12,대한제국군 서울시가 전투지,서울특별시 중구 세종대로 39 (남대문로4가),37.560713654,126.9737753215,11,140,HS,HS01,HS011200,2026-06-05 11:16:43+09:00,https://tong.visitkorea.or.kr/cms/resource/34/3412234_image2_1.JPG,https://tong.visitkorea.or.kr/cms/resource/34/3412234_image3_1.JPG,2026-09-05T02:11:57.636479+09:00
2373326,12,반공 청년운동 순국 열사 기념비,서울특별시 중구 남산공원길 125-72,37.552231068,126.9873511751,11,140,HS,HS02,HS020100,2025-07-31 17:06:00+09:00,http://tong.visitkorea.or.kr/cms/resource/35/3064135_image2_1.JPG,http://tong.visitkorea.or.kr/cms/resource/35/3064135_image3_1.JPG,2026-09-05T02:11:57.636479+09:00
2373328,12,상동교회,서울특별시 중구 남대문로 30 (남창동),37.5607698584711,126.979013226874,11,140,HS,HS03,HS030200,2026-02-03 10:31:07+09:00,,,2026-09-05T02:11:57.636479+09:00
2373333,12,신석구 사택 터,서울특별시 중구 청계천로 100 (수표동) 부근,37.5678348289,126.9884423006,11,140,HS,HS03,HS030200,2025-03-19 17:42:06+09:00,http://tong.visitkorea.or.kr/cms/resource/98/3384998_image2_1.JPG,http://tong.visitkorea.or.kr/cms/resource/98/3384998_image3_1.JPG,2026-09-05T02:11:57.636479+09:00
2373360,12,우당 이회영 선생 흉상,서울특별시 중구 명동11길 20 (명동1가),37.5648934636,126.9861287059,11,140,VE,VE01,VE010500,2025-03-13 22:15:16+09:00,http://tong.visitkorea.or.kr/cms/resource/94/3412194_image2_1.JPG,http://tong.visitkorea.or.kr/cms/resource/94/3412194_image3_1.JPG,2026-09-05T02:11:57.636479+09:00
2373363,12,이재명 의거지,서울특별시 중구 명동길 74 (명동2가),37.5636019553,126.9866120317,11,140,HS,HS01,HS011200,2025-03-28 14:44:47+09:00,http://tong.visitkorea.or.kr/cms/resource/05/3412205_image2_1.JPG,http://tong.visitkorea.or.kr/cms/resource/05/3412205_image3_1.JPG,2026-09-05T02:11:57.636479+09:00
2373364,12,이충순 자결 터,서울특별시 중구 서소문로 88 (순화동),37.5616074626,126.9710107321,11,140,HS,HS01,HS011200,2025-03-19 17:41:28+09:00,http://tong.visitkorea.or.kr/cms/resource/13/3385013_image2_1.JPG,http://tong.visitkorea.or.kr/cms/resource/13/3385013_image3_1.JPG,2026-09-05T02:11:57.636479+09:00
2373370,12,정동교회 이필주 사택 터,서울특별시 중구 정동길 46 (정동),37.5651830153812,126.972449793841,11,140,HS,HS03,HS030200,2026-03-17 10:12:58+09:00,https://tong.visitkorea.or.kr/cms/resource/14/4001714_image2_1.JPG,https://tong.visitkorea.or.kr/cms/resource/14/4001714_image3_1.JPG,2026-09-05T02:11:57.636479+09:00
2470006,12,동대문디자인플라자(DDP),서울특별시 중구 을지로 281 (을지로7가),37.566107632,127.0095709797,11,140,EX,EX06,EX061000,2025-09-17 14:44:42+09:00,http://tong.visitkorea.or.kr/cms/resource/06/3539606_image2_1.jpg,http://tong.visitkorea.or.kr/cms/resource/06/3539606_image3_1.jpg,2026-09-05T02:11:57.636479+09:00
2487684,32,남산호스텔,서울특별시 중구 퇴계로18길 67 (남산동2가),37.5580831159,126.9846040375,11,140,AC,AC06,AC060200,2024-11-26 11:40:42+09:00,http://tong.visitkorea.or.kr/cms/resource/51/2487651_image2_1.jpg,http://tong.visitkorea.or.kr/cms/resource/51/2487651_image2_1.jpg,2026-09-05T02:11:57.636479+09:00
2487791,15,서울아프리카페스티벌,서울특별시 중구 을지로 281 (을지로7가),37.566107632,127.0095709797,11,140,EV,EV01,EV010200,2025-10-29 14:19:15+09:00,http://tong.visitkorea.or.kr/cms/resource/10/3558510_image2_1.jpg,http://tong.visitkorea.or.kr/cms/resource/10/3558510_image3_1.jpg,2026-09-05T02:11:57.636479+09:00
2489973,32,57명동호스텔,서울특별시 중구 명동2길 57 (충무로1가),37.5609504708898,126.983376684941,11,140,AC,AC01,AC010100,2026-04-21 15:44:58+09:00,https://tong.visitkorea.or.kr/cms/resource/34/2610934_image2_1.jpg,https://tong.visitkorea.or.kr/cms/resource/34/2610934_image3_1.jpg,2026-09-05T02:11:57.636479+09:00
250299,12,환구단,서울 중구 소공동 97-3,37.5651,126.9797,11,140,HS,HS03,HS030400,2026-03-18 10:10:05+09:00,https://tong.visitkorea.or.kr/cms/resource/73/4002373_image2_1.jpg,https://tong.visitkorea.or.kr/cms/resource/73/4002373_image3_1.jpg,2026-09-05T02:11:57.636479+09:00
250325,12,서울 정동교회,서울특별시 중구 정동길 46 (정동),37.565404531953185,126.97292649023846,11,140,HS,HS03,HS030200,2026-03-12 09:08:40+09:00,https://tong.visitkorea.or.kr/cms/resource/07/3510507_image2_1.jpg,https://tong.visitkorea.or.kr/cms/resource/07/3510507_image3_1.jpg,2026-09-05T02:11:57.636479+09:00
250330,12,서울 약현성당,서울특별시 중구 청파로 447-1 (중림동),37.5591437954,126.9674194623,11,140,HS,HS03,HS030200,2025-07-09 17:21:45+09:00,http://tong.visitkorea.or.kr/cms/resource/93/3463493_image2_1.jpg,http://tong.visitkorea.or.kr/cms/resource/93/3463493_image3_1.jpg,2026-09-05T02:11:57.636479+09:00
250350,12,목멱산 봉수대 터,서울특별시 중구 예장동 8-1,37.552053313,126.9875150542,11,140,HS,HS01,HS010200,2025-03-19 17:44:14+09:00,http://tong.visitkorea.or.kr/cms/resource/15/3477015_image2_1.JPG,http://tong.visitkorea.or.kr/cms/resource/15/3477015_image3_1.JPG,2026-09-05T02:11:57.636479+09:00
250362,12,서울 구 러시아공사관,서울특별시 중구 정동길 21-18 정동공원,37.5681,126.9716,11,140,HS,HS01,HS011100,2026-08-04 15:44:33+09:00,https://tong.visitkorea.or.kr/cms/resource/16/4095916_image2_1.jpg,https://tong.visitkorea.or.kr/cms/resource/16/4095916_image3_1.jpg,2026-09-05T02:11:57.636479+09:00
250364,12,문화역 서울 284,서울특별시 중구 통일로 1 (봉래동2가),37.5560109019,126.9716247231,11,140,EX,EX07,EX070200,2025-11-17 14:22:12+09:00,http://tong.visitkorea.or.kr/cms/resource/89/3413089_image2_1.png,http://tong.visitkorea.or.kr/cms/resource/89/3413089_image3_1.png,2026-09-05T02:11:57.636479+09:00
2504463,32,L7 명동 바이 롯데호텔,서울특별시 중구 퇴계로 137,37.5642167656,126.9848320053,11,140,AC,AC01,AC010100,2026-06-11 14:56:32+09:00,https://tong.visitkorea.or.kr/cms/resource/40/2504440_image2_1.jpg,https://tong.visitkorea.or.kr/cms/resource/40/2504440_image3_1.jpg,2026-09-05T02:11:57.636479+09:00
2504510,32,롯데시티호텔 명동,서울특별시 중구 삼일대로 362,37.5669377042,126.9880590273,11,140,AC,AC01,AC010100,2026-01-05 16:42:43+09:00,http://tong.visitkorea.or.kr/cms/resource/66/2504466_image2_1.jpg,http://tong.visitkorea.or.kr/cms/resource/66/2504466_image2_1.jpg,2026-09-05T02:11:57.636479+09:00
2505657,15,서울무형문화축제,서울특별시 중구 퇴계로34길 28 (필동2가) 남산골한옥마을,37.55954227,126.9947387353,11,140,EV,EV01,EV010400,2026-08-25 14:50:21+09:00,https://tong.visitkorea.or.kr/cms/resource/33/4104133_image2_1.jpg,https://tong.visitkorea.or.kr/cms/resource/33/4104133_image3_1.jpg,2026-09-05T02:11:57.636479+09:00
2522037,38,인현시장,서울특별시 중구 인현동2가 192-1,37.5640409493,126.9953417794,11,140,SH,SH06,SH060200,2025-12-01 17:27:24+09:00,http://tong.visitkorea.or.kr/cms/resource/87/3568387_image2_1.jpg,http://tong.visitkorea.or.kr/cms/resource/87/3568387_image3_1.jpg,2026-09-05T02:11:57.636479+09:00
2546564,32,코트야드 메리어트 서울 명동,서울특별시 중구 남대문로 9,37.5611975455429,126.976880089442,11,140,AC,AC01,AC010100,2026-03-31 17:17:46+09:00,https://tong.visitkorea.or.kr/cms/resource/96/4054596_image2_1.jpg,https://tong.visitkorea.or.kr/cms/resource/96/4054596_image3_1.jpg,2026-09-05T02:11:57.636479+09:00
2561208,12,디키디키,서울특별시 중구 을지로 281 동대문디자인플라자 배움터 4층,37.5681962916,127.0103125191,11,140,EX,EX07,EX070200,2025-09-23 13:26:41+09:00,http://tong.visitkorea.or.kr/cms/resource/23/3542723_image2_1.jpg,http://tong.visitkorea.or.kr/cms/resource/23/3542723_image3_1.jpg,2026-09-05T02:11:57.636479+09:00
2563373,39,부산복집,서울특별시 중구 수표로2길 25,37.5622476890485,126.991898038888,11,140,FD,FD02,FD020200,2026-02-11 11:12:41+09:00,,,2026-09-05T02:11:57.636479+09:00
2569959,32,아리하우스,서울특별시 중구 퇴계로22길 11-4 (남산동3가),37.560357891,126.9867926625,11,140,AC,AC06,AC060200,2025-10-23 14:30:00+09:00,http://tong.visitkorea.or.kr/cms/resource/81/2567981_image2_1.jpg,http://tong.visitkorea.or.kr/cms/resource/81/2567981_image2_1.jpg,2026-09-05T02:11:57.636479+09:00
2570238,32,능마루게스트하우스(Nungmaru Guesthouse),서울특별시 중구 퇴계로20나길 2-15 (남산동2가),37.558783047,126.9852928439,11,140,AC,AC06,AC060200,2024-11-26 11:52:24+09:00,http://tong.visitkorea.or.kr/cms/resource/79/2568079_image2_1.jpg,http://tong.visitkorea.or.kr/cms/resource/79/2568079_image2_1.jpg,2026-09-05T02:11:57.636479+09:00
2570293,32,서울 타이완 게스트하우스,서울특별시 중구 퇴계로10길 20-18 (회현동1가),37.5581885778,126.9800488938,11,140,AC,AC06,AC060200,2024-11-26 15:44:52+09:00,http://tong.visitkorea.or.kr/cms/resource/19/2568119_image2_1.jpg,http://tong.visitkorea.or.kr/cms/resource/19/2568119_image2_1.jpg,2026-09-05T02:11:57.636479+09:00
2574082,32,이브(이브게스트하우스),서울특별시 중구 퇴계로20길 41-14 (남산동2가),37.558544212,126.9867593834,11,140,AC,AC06,AC060200,2025-10-23 14:30:00+09:00,http://tong.visitkorea.or.kr/cms/resource/39/2573239_image2_1.jpg,http://tong.visitkorea.or.kr/cms/resource/39/2573239_image3_1.jpg,2026-09-05T02:11:57.636479+09:00
2576479,32,레드,서울특별시 중구 소공로6길 32 (남산동2가) 2층,37.5583997489,126.98475957,11,140,AC,AC06,AC060200,2025-10-23 14:30:00+09:00,http://tong.visitkorea.or.kr/cms/resource/00/2576100_image2_1.jpg,http://tong.visitkorea.or.kr/cms/resource/00/2576100_image3_1.jpg,2026-09-05T02:11:57.636479+09:00
2586384,32,레스케이프 호텔(L’Escape Hotel),서울특별시 중구 퇴계로 67,37.5597189467,126.9795572285,11,140,AC,AC01,AC010100,2025-05-14 09:33:40+09:00,http://tong.visitkorea.or.kr/cms/resource/20/2821120_image2_1.jpg,http://tong.visitkorea.or.kr/cms/resource/20/2821120_image3_1.jpg,2026-09-05T02:11:57.636479+09:00
2589070,38,서울 중앙시장,서울특별시 중구 퇴계로85길 36,37.5667827371,127.0197783639,11,140,SH,SH06,SH060200,2025-07-25 09:36:29+09:00,http://tong.visitkorea.or.kr/cms/resource/44/3414144_image2_1.jpg,http://tong.visitkorea.or.kr/cms/resource/44/3414144_image3_1.jpg,2026-09-05T02:11:57.636479+09:00
2592527,32,힐하우스 호텔,서울특별시 중구 소공로3길 42 언덕의집,37.556891541,126.981987643,11,140,AC,AC01,AC010100,2025-12-30 09:11:08+09:00,http://tong.visitkorea.or.kr/cms/resource/84/3010284_image2_1.jpg,http://tong.visitkorea.or.kr/cms/resource/84/3010284_image3_1.jpg,2026-09-05T02:11:57.636479+09:00
2598331,15,문화가 흐르는 서울광장,서울특별시 중구 을지로 지하12 (을지로1가),37.56544835496842,126.97878183534239,11,140,EV,EV02,EV020900,2026-04-22 10:57:29+09:00,https://tong.visitkorea.or.kr/cms/resource/68/4059668_image2_1.jpg,https://tong.visitkorea.or.kr/cms/resource/68/4059668_image3_1.jpg,2026-09-05T02:11:57.636479+09:00
2602460,32,자자백팩커스,서울특별시 중구 퇴계로20길 35 (남산동2가),37.5616049239,126.9843234077,11,140,AC,AC06,AC060200,2024-11-27 13:14:44+09:00,,,2026-09-05T02:11:57.636479+09:00
2602468,32,B my guesthouse,서울특별시 중구 소공로6가길 2 (회현동2가),37.561254919,126.9817875377,11,140,AC,AC06,AC060200,2025-09-15 13:17:15+09:00,,,2026-09-05T02:11:57.636479+09:00
2602549,32,96번지 트래블러스 롯지,서울특별시 중구 퇴계로 343-1 (광희동2가),37.5675963138,127.0076655554,11,140,AC,AC06,AC060200,2024-11-26 10:31:20+09:00,,,2026-09-05T02:11:57.636479+09:00
2602555,32,영빈호텔,서울특별시 중구 퇴계로56길 18 (쌍림동),37.5657908919,127.0034215492,11,140,AC,AC06,AC060200,2024-11-27 11:35:30+09:00,,,2026-09-05T02:11:57.636479+09:00
2603252,32,프레이저 플레이스 센트럴 서울,서울특별시 중구 통일로 78,37.5653663134628,126.967572545293,11,140,AC,AC04,AC040100,2026-02-13 15:37:11+09:00,https://tong.visitkorea.or.kr/cms/resource/24/2997624_image2_1.jpg,https://tong.visitkorea.or.kr/cms/resource/24/2997624_image3_1.jpg,2026-09-05T02:11:57.636479+09:00
2603706,32,1012 하우스 남산,서울특별시 중구 소공로6가길 22 (회현동2가),37.5604272406,126.9819569902,11,140,AC,AC06,AC060200,2025-09-15 11:32:33+09:00,,,2026-09-05T02:11:57.636479+09:00
2603723,32,플랜에이호스텔,서울특별시 중구 청구로 138 (신당동),37.5668964075,127.0083571794,11,140,AC,AC06,AC060200,2025-10-23 14:30:00+09:00,,,2026-09-05T02:11:57.636479+09:00
2608038,32,USB하우스,"서울특별시 중구 동호로 290-9 (장충동2가,에스.비.하우스)",37.5606526013,127.0035189077,11,140,AC,AC06,AC060200,2025-09-15 13:37:59+09:00,,,2026-09-05T02:11:57.636479+09:00
2622167,15,2025 경북사과홍보행사,서울특별시 중구 을지로 지하12 (을지로1가),37.5655015943,126.9787960237,11,140,EV,EV03,EV030400,2025-10-23 14:30:00+09:00,http://tong.visitkorea.or.kr/cms/resource/59/3550559_image2_1.jpg,http://tong.visitkorea.or.kr/cms/resource/59/3550559_image3_1.jpg,2026-09-05T02:11:57.636479+09:00
2624690,39,마쯔야,서울특별시 중구 소공로 63 5층,37.5609438324,126.9811237176,11,140,FD,FD02,FD020200,2025-03-28 15:53:44+09:00,,,2026-09-05T02:11:57.636479+09:00
2624847,39,함흥냉면,서울특별시 중구 마른내로 108,37.5642725869309,126.999899978296,11,140,FD,FD01,FD010100,2026-03-12 17:51:27+09:00,,,2026-09-05T02:11:57.636479+09:00
2630385,15,2026 코리아그랜드세일,서울특별시 중구 명동길 14 (명동2가),37.5634116488196,126.98288772495,11,140,EV,EV03,EV030400,2026-01-20 08:43:07+09:00,https://tong.visitkorea.or.kr/cms/resource/27/4001627_image2_1.jpg,https://tong.visitkorea.or.kr/cms/resource/27/4001627_image3_1.jpg,2026-09-05T02:11:57.636479+09:00
2638478,12,서울도시건축전시관,서울특별시 중구 세종대로 119,37.566882960193,126.976702166851,11,140,VE,VE07,VE070300,2026-02-05 17:32:36+09:00,https://tong.visitkorea.or.kr/cms/resource/92/2639292_image2_1.jpg,https://tong.visitkorea.or.kr/cms/resource/92/2639292_image3_1.jpg,2026-09-05T02:11:57.636479+09:00
2640874,15,서울라이트 DDP 가을,서울특별시 중구 을지로 281 (을지로7가),37.5660539726,127.0095547691,11,140,EV,EV01,EV010600,2026-08-28 14:31:16+09:00,https://tong.visitkorea.or.kr/cms/resource/60/4105560_image2_1.jpg,https://tong.visitkorea.or.kr/cms/resource/60/4105560_image3_1.jpg,2026-09-05T02:11:57.636479+09:00
264311,12,명동,서울특별시 중구 명동2가,37.562152093,126.984915005,11,140,EX,EX07,EX070200,2025-10-23 14:30:00+09:00,http://tong.visitkorea.or.kr/cms/resource/96/3548996_image2_1.jpg,http://tong.visitkorea.or.kr/cms/resource/96/3548996_image3_1.jpg,2026-09-05T02:11:57.636479+09:00
2653000,39,금성관나주곰탕,서울특별시 중구 남대문로 29,37.5614826177,126.9788572423,11,140,FD,FD01,FD010100,2025-07-31 09:29:38+09:00,http://tong.visitkorea.or.kr/cms/resource/48/2661548_image2_1.jpg,http://tong.visitkorea.or.kr/cms/resource/48/2661548_image2_1.jpg,2026-09-05T02:11:57.636479+09:00
2655928,12,기억의 터(일본군 위안부),서울특별시 중구 퇴계로26가길 6 (예장동),37.5591608706,126.9902812673,11,140,EX,EX07,EX070200,2025-03-28 14:43:47+09:00,http://tong.visitkorea.or.kr/cms/resource/67/3412267_image2_1.JPG,http://tong.visitkorea.or.kr/cms/resource/67/3412267_image3_1.JPG,2026-09-05T02:11:57.636479+09:00
2699637,32,2U호스텔,서울특별시 중구 청계천로 184 (주교동),37.5686904607,126.9981997204,11,140,AC,AC06,AC060200,2024-11-26 10:30:30+09:00,,,2026-09-05T02:11:57.636479+09:00
2706686,32,명동게스트하우스 꼬모,서울특별시 중구 퇴계로24길 12 (남산동3가),37.5604773294,126.9872287304,11,140,AC,AC06,AC060200,2024-12-22 17:51:54+09:00,http://tong.visitkorea.or.kr/cms/resource/89/2709189_image2_1.jpg,http://tong.visitkorea.or.kr/cms/resource/89/2709189_image3_1.jpg,2026-09-05T02:11:57.636479+09:00
2708334,32,라마다 호텔앤스위트 서울남대문,서울특별시 중구 칠패로 27,37.5599882243,126.9720106869,11,140,AC,AC01,AC010100,2025-01-21 12:56:47+09:00,http://tong.visitkorea.or.kr/cms/resource/55/2707755_image2_1.jpg,http://tong.visitkorea.or.kr/cms/resource/55/2707755_image3_1.jpg,2026-09-05T02:11:57.636479+09:00
2718357,38,필름로그 현상소,서울특별시 중구 퇴계로53길 6-17 (쌍림동),37.5642532253215,127.004346767312,11,140,SH,SH05,SH050200,2026-02-24 16:27:38+09:00,,,2026-09-05T02:11:57.636479+09:00
2718865,39,을지다방,서울특별시 중구 을지로 124-1 (을지로3가) 2층,37.56617889266147,126.99167163559531,11,140,FD,FD05,FD050200,2026-04-14 09:19:50+09:00,https://tong.visitkorea.or.kr/cms/resource/64/3592364_image2_1.jpg,https://tong.visitkorea.or.kr/cms/resource/64/3592364_image3_1.jpg,2026-09-05T02:11:57.636479+09:00
2719780,39,하니칼국수,서울특별시 중구 퇴계로 411-15 (흥인동),37.5662216446,127.0171952818,11,140,FD,FD01,FD010100,2025-08-01 13:10:34+09:00,http://tong.visitkorea.or.kr/cms/resource/92/2719792_image2_1.jpg,http://tong.visitkorea.or.kr/cms/resource/92/2719792_image2_1.jpg,2026-09-05T02:11:57.636479+09:00
2721659,39,태극당,서울특별시 중구 동호로24길 7 (장충동2가),37.5595217348788,127.005087759017,11,140,FD,FD05,FD050100,2026-02-24 14:25:29+09:00,,,2026-09-05T02:11:57.636479+09:00
2725087,32,트레블로지 동대문 호텔,서울특별시 중구 동호로 359,37.5664824504,127.0019077784,11,140,AC,AC01,AC010100,2025-05-16 15:27:08+09:00,http://tong.visitkorea.or.kr/cms/resource/59/2725259_image2_1.jpg,http://tong.visitkorea.or.kr/cms/resource/59/2725259_image3_1.jpg,2026-09-05T02:11:57.636479+09:00
273746,38,황학동 벼룩시장,서울특별시 중구 황학동,37.5692,127.0178,11,140,SH,SH06,SH060200,2026-03-19 09:55:41+09:00,https://tong.visitkorea.or.kr/cms/resource/58/3514358_image2_1.jpg,https://tong.visitkorea.or.kr/cms/resource/58/3514358_image3_1.jpg,2026-09-05T02:11:57.636479+09:00
273756,38,두타몰,서울특별시 중구 장충단로 275 (을지로6가),37.56885810245761,127.00881294901477,11,140,SH,SH02,SH020100,2026-03-18 10:10:05+09:00,https://tong.visitkorea.or.kr/cms/resource/48/3525648_image2_1.jpg,https://tong.visitkorea.or.kr/cms/resource/48/3525648_image3_1.jpg,2026-09-05T02:11:57.636479+09:00
273758,38,밀리오레 동대문점,서울특별시 중구 장충단로 263,37.5679629533,127.0085265783,11,140,SH,SH05,SH050200,2025-01-22 17:45:34+09:00,http://tong.visitkorea.or.kr/cms/resource/49/3065149_image2_1.JPG,http://tong.visitkorea.or.kr/cms/resource/49/3065149_image3_1.JPG,2026-09-05T02:11:57.636479+09:00
273806,38,롯데백화점 본점 에비뉴엘,서울특별시 중구 남대문로 81 (소공동),37.5647822864,126.9817485525,11,140,SH,SH01,SH010100,2026-01-05 13:23:07+09:00,http://tong.visitkorea.or.kr/cms/resource/09/3589509_image2_1.jpg,http://tong.visitkorea.or.kr/cms/resource/09/3589509_image3_1.jpg,2026-09-05T02:11:57.636479+09:00
2738786,15,서울세계도시문화축제,서울특별시 중구 을지로 281 (을지로7가),37.5660539726,127.0095547691,11,140,EV,EV01,EV010200,2026-06-05 08:42:51+09:00,https://tong.visitkorea.or.kr/cms/resource/13/4070713_image2_1.JPG,https://tong.visitkorea.or.kr/cms/resource/13/4070713_image3_1.JPG,2026-09-05T02:11:57.636479+09:00
2739480,39,원조남산왕돈까스,서울특별시 중구 소파로 107 (예장동),37.5574359963,126.9861344717,11,140,FD,FD02,FD020200,2025-07-25 14:12:35+09:00,http://tong.visitkorea.or.kr/cms/resource/93/2790093_image2_1.jpg,http://tong.visitkorea.or.kr/cms/resource/93/2790093_image2_1.jpg,2026-09-05T02:11:57.636479+09:00
2756396,15,덕수궁 밤의 석조전,서울특별시 중구 세종대로 99 (정동) 덕수궁,37.5650549194,126.9765746344,11,140,EV,EV01,EV010400,2026-08-20 15:36:36+09:00,https://tong.visitkorea.or.kr/cms/resource/10/4102010_image2_1.jpg,https://tong.visitkorea.or.kr/cms/resource/10/4102010_image3_1.jpg,2026-09-05T02:11:57.636479+09:00
2761427,38,제일평화시장,서울특별시 중구 마장로 13,37.5685722705279,127.011382068792,11,140,SH,SH06,SH060200,2026-03-17 10:12:58+09:00,https://tong.visitkorea.or.kr/cms/resource/82/3514382_image2_1.jpg,https://tong.visitkorea.or.kr/cms/resource/82/3514382_image3_1.jpg,2026-09-05T02:11:57.636479+09:00
2761460,38,청평화패션몰,서울특별시 중구 청계천로 334 (신당동),37.5695212208,127.0149565033,11,140,SH,SH05,SH050200,2025-12-01 17:32:57+09:00,http://tong.visitkorea.or.kr/cms/resource/08/3568408_image2_1.jpg,http://tong.visitkorea.or.kr/cms/resource/08/3568408_image3_1.jpg,2026-09-05T02:11:57.636479+09:00
2761466,38,남평화상가,서울특별시 중구 장충단로 282-10 (신당동),37.5692239587,127.0108429971,11,140,SH,SH05,SH050200,2025-12-01 17:40:04+09:00,http://tong.visitkorea.or.kr/cms/resource/64/3568464_image2_1.jpg,http://tong.visitkorea.or.kr/cms/resource/64/3568464_image3_1.jpg,2026-09-05T02:11:57.636479+09:00
2762798,14,LW컨벤션,서울특별시 중구 청파로 464 (중림동) 3층,37.5608210396,126.9682262821,11,140,VE,VE07,VE070400,2026-08-18 16:43:02+09:00,,,2026-09-05T02:11:57.636479+09:00
2762802,14,한국은행 화폐박물관,서울특별시 중구 남대문로 39 (남대문로3가),37.5621506093431,126.979991760891,11,140,VE,VE07,VE070100,2026-03-11 10:03:40+09:00,https://tong.visitkorea.or.kr/cms/resource/79/3510479_image2_1.jpg,https://tong.visitkorea.or.kr/cms/resource/79/3510479_image3_1.jpg,2026-09-05T02:11:57.636479+09:00
2762842,14,피크닉,서울특별시 중구 퇴계로6가길 30 (남창동),37.5563238244,126.9780483264,11,140,VE,VE07,VE070300,2026-08-06 09:59:07+09:00,https://tong.visitkorea.or.kr/cms/resource/11/3468011_image2_1.jpg,https://tong.visitkorea.or.kr/cms/resource/11/3468011_image3_1.jpg,2026-09-05T02:11:57.636479+09:00
2762844,38,신평화패션타운,서울특별시 중구 청계천로 298 (신당동),37.5694989313,127.0110679692,11,140,SH,SH05,SH050200,2025-12-02 09:13:28+09:00,http://tong.visitkorea.or.kr/cms/resource/22/3569022_image2_1.jpg,http://tong.visitkorea.or.kr/cms/resource/22/3569022_image3_1.jpg,2026-09-05T02:11:57.636479+09:00
2762852,14,농업박물관,서울특별시 중구 새문안로 16 (충정로1가),37.5668447424,126.9680516417,11,140,VE,VE07,VE070100,2026-08-06 09:43:49+09:00,https://tong.visitkorea.or.kr/cms/resource/49/3439149_image2_1.jpg,https://tong.visitkorea.or.kr/cms/resource/49/3439149_image3_1.jpg,2026-09-05T02:11:57.636479+09:00
2762857,39,101번지남산돈까스본점,서울특별시 중구 소파로 101 (남산동2가),37.5569593340288,126.985765454664,11,140,FD,FD01,FD010100,2026-03-12 17:52:51+09:00,https://tong.visitkorea.or.kr/cms/resource/62/4010062_image2_1.jpg,https://tong.visitkorea.or.kr/cms/resource/62/4010062_image3_1.jpg,2026-09-05T02:11:57.636479+09:00
2762858,14,정동1928 아트센터,서울특별시 중구 덕수궁길 130 (정동),37.56805116373988,126.97385599202785,11,140,VE,VE07,VE070600,2026-03-12 09:08:40+09:00,https://tong.visitkorea.or.kr/cms/resource/85/3510485_image2_1.jpg,https://tong.visitkorea.or.kr/cms/resource/85/3510485_image3_1.jpg,2026-09-05T02:11:57.636479+09:00
2762868,38,동화상가,서울특별시 중구 장충단로13길 34 (을지로6가),37.5682434466,127.0069017178,11,140,SH,SH05,SH050200,2025-12-03 13:47:06+09:00,http://tong.visitkorea.or.kr/cms/resource/70/3570470_image2_1.jpg,http://tong.visitkorea.or.kr/cms/resource/70/3570470_image3_1.jpg,2026-09-05T02:11:57.636479+09:00
2762871,14,이화여고100주년기념관,서울특별시 중구 정동길 26 (정동),37.5658819712,126.9713189165,11,140,VE,VE07,VE070200,2025-03-28 14:24:55+09:00,http://tong.visitkorea.or.kr/cms/resource/47/3412247_image2_1.JPG,http://tong.visitkorea.or.kr/cms/resource/47/3412247_image3_1.JPG,2026-09-05T02:11:57.636479+09:00
2762874,12,묵정어린이공원,서울특별시 중구 동호로31길 21 (충무로5가),37.5633050369,127.0016134507,11,140,VE,VE03,VE030300,2025-03-28 15:37:40+09:00,http://tong.visitkorea.or.kr/cms/resource/86/3463686_image2_1.jpg,http://tong.visitkorea.or.kr/cms/resource/86/3463686_image3_1.jpg,2026-09-05T02:11:57.636479+09:00
2764329,12,서울 신당동 박정희 가옥,서울특별시 중구 다산로36가길 25 (신당동),37.5615194612,127.0198701715,11,140,HS,HS01,HS010500,2025-08-29 10:18:51+09:00,http://tong.visitkorea.or.kr/cms/resource/52/3467852_image2_1.jpg,http://tong.visitkorea.or.kr/cms/resource/52/3467852_image3_1.jpg,2026-09-05T02:11:57.636479+09:00
2764516,14,국토발전전시관,서울특별시 중구 정동길 18 (정동),37.5668102223,126.9700824158,11,140,VE,VE07,VE070300,2026-08-06 08:51:30+09:00,https://tong.visitkorea.or.kr/cms/resource/50/3081450_image2_1.jpeg,https://tong.visitkorea.or.kr/cms/resource/50/3081450_image3_1.jpeg,2026-09-05T02:11:57.636479+09:00
2765202,14,서소문성지역사박물관,서울특별시 중구 칠패로 5 (의주로2가),37.5596854342,126.9693637143,11,140,VE,VE07,VE070100,2025-03-19 13:10:36+09:00,http://tong.visitkorea.or.kr/cms/resource/75/3430175_image2_1.JPG,http://tong.visitkorea.or.kr/cms/resource/75/3430175_image3_1.JPG,2026-09-05T02:11:57.636479+09:00
2765510,12,청계광장,서울특별시 중구 태평로1가 1,37.569153924,126.9775154812,11,140,VE,VE03,VE030500,2025-03-19 17:13:54+09:00,http://tong.visitkorea.or.kr/cms/resource/55/3385055_image2_1.JPG,http://tong.visitkorea.or.kr/cms/resource/55/3385055_image3_1.JPG,2026-09-05T02:11:57.636479+09:00
2778424,39,금돼지식당,서울특별시 중구 다산로 149 (신당동),37.5570940001,127.0116772939,11,140,FD,FD01,FD010100,2026-08-06 16:48:23+09:00,https://tong.visitkorea.or.kr/cms/resource/68/3591068_image2_1.jpg,https://tong.visitkorea.or.kr/cms/resource/68/3591068_image3_1.jpg,2026-09-05T02:11:57.636479+09:00
2778449,28,남산국치길,서울특별시 중구 주자동,37.5605,126.9889,11,140,LS,LS01,LS011900,2026-08-07 15:32:33+09:00,https://tong.visitkorea.or.kr/cms/resource/52/4096852_image2_1.jpg,https://tong.visitkorea.or.kr/cms/resource/52/4096852_image3_1.jpg,2026-09-05T02:11:57.636479+09:00
2778454,28,정동길,서울특별시 중구 정동,37.5679,126.9696,11,140,LS,LS01,LS011900,2026-08-25 13:02:18+09:00,https://tong.visitkorea.or.kr/cms/resource/80/2795180_image2_1.jpg,https://tong.visitkorea.or.kr/cms/resource/80/2795180_image3_1.jpg,2026-09-05T02:11:57.636479+09:00
2782181,32,호텔토마스명동,서울특별시 중구 세종대로16길 26 (북창동) (북창동),37.5631413305496,126.978376006507,11,140,AC,AC01,AC010100,2026-02-27 14:13:12+09:00,,,2026-09-05T02:11:57.636479+09:00
2783370,39,1992남산돈까스,서울특별시 중구 소파로 23 (남창동),37.556107424,126.9796460882,11,140,FD,FD02,FD020200,2026-08-26 10:36:55+09:00,,,2026-09-05T02:11:57.636479+09:00
2783557,12,남산순환나들길,서울특별시 중구 남산공원길 609 (예장동),37.5549112997,126.9866844934,11,140,NA,NA05,NA050100,2025-07-21 09:36:44+09:00,http://tong.visitkorea.or.kr/cms/resource/60/3458860_image2_1.jpg,http://tong.visitkorea.or.kr/cms/resource/60/3458860_image3_1.jpg,2026-09-05T02:11:57.636479+09:00
2785797,15,"겨울, 청계천의 빛",서울특별시 중구 태평로1가 1,37.5691317067,126.9776154729,11,140,EV,EV01,EV010200,2025-11-26 16:15:29+09:00,http://tong.visitkorea.or.kr/cms/resource/36/3567636_image2_1.jpg,http://tong.visitkorea.or.kr/cms/resource/36/3567636_image3_1.jpg,2026-09-05T02:11:57.636479+09:00
2785872,39,호랑이,서울특별시 중구 을지로 157 (산림동),37.5671183729,126.9955083433,11,140,FD,FD05,FD050100,2025-01-02 17:51:49+09:00,http://tong.visitkorea.or.kr/cms/resource/07/2792007_image2_1.jpg,http://tong.visitkorea.or.kr/cms/resource/07/2792007_image3_1.jpg,2026-09-05T02:11:57.636479+09:00
2786072,39,더 스팟 패뷸러스,서울특별시 중구 명동2길 22 (명동2가),37.5623853579,126.982615208,11,140,FD,FD05,FD050100,2025-09-24 13:43:14+09:00,http://tong.visitkorea.or.kr/cms/resource/38/2792538_image2_1.jpg,http://tong.visitkorea.or.kr/cms/resource/38/2792538_image2_1.jpg,2026-09-05T02:11:57.636479+09:00
2788760,39,낙동강,서울특별시 중구 을지로1길 34 (다동),37.5676846934,126.9798764188,11,140,FD,FD01,FD010100,2025-10-23 14:30:00+09:00,http://tong.visitkorea.or.kr/cms/resource/20/2789520_image2_1.jpg,http://tong.visitkorea.or.kr/cms/resource/20/2789520_image2_1.jpg,2026-09-05T02:11:57.636479+09:00
2788819,39,부민옥,서울특별시 중구 다동길 24-12,37.5675301663,126.9801768094,11,140,FD,FD01,FD010100,2026-07-24 09:11:21+09:00,https://tong.visitkorea.or.kr/cms/resource/39/2789539_image2_1.jpg,https://tong.visitkorea.or.kr/cms/resource/39/2789539_image3_1.jpg,2026-09-05T02:11:57.636479+09:00
2788820,39,동해도 광화문,서울특별시 중구 무교로 28 (무교동),37.5685207019,126.9795986426,11,140,FD,FD02,FD020200,2025-10-23 14:30:00+09:00,http://tong.visitkorea.or.kr/cms/resource/32/2789532_image2_1.jpg,http://tong.visitkorea.or.kr/cms/resource/32/2789532_image3_1.jpg,2026-09-05T02:11:57.636479+09:00
2788822,39,인천집,서울특별시 중구 다동길 36 (다동),37.5678596976,126.9812818412,11,140,FD,FD01,FD010100,2025-01-07 10:39:53+09:00,http://tong.visitkorea.or.kr/cms/resource/75/2789575_image2_1.jpg,http://tong.visitkorea.or.kr/cms/resource/75/2789575_image3_1.jpg,2026-09-05T02:11:57.636479+09:00
2789346,39,빠우,서울특별시 중구 을지로 157 (산림동),37.5671766984,126.9954639013,11,140,FD,FD05,FD050100,2025-10-23 14:30:00+09:00,http://tong.visitkorea.or.kr/cms/resource/90/2792090_image2_1.jpg,http://tong.visitkorea.or.kr/cms/resource/90/2792090_image2_1.jpg,2026-09-05T02:11:57.636479+09:00
2794736,39,바캉스커피,서울특별시 중구 남대문로9길 12 (다동),37.5669209271,126.981759602,11,140,FD,FD05,FD050100,2025-10-23 14:30:00+09:00,http://tong.visitkorea.or.kr/cms/resource/83/2798283_image2_1.jpg,http://tong.visitkorea.or.kr/cms/resource/83/2798283_image3_1.jpg,2026-09-05T02:11:57.636479+09:00
2804500,39,원형들,서울특별시 중구 창경궁로1길 38 (충무로4가),37.5625716946,126.996358395,11,140,FD,FD05,FD050100,2025-10-29 09:09:27+09:00,,,2026-09-05T02:11:57.636479+09:00
2807678,39,해남낙지,서울특별시 중구 을지로41길 28 (을지로6가) 2층,37.5669983058592,127.006651659262,11,140,FD,FD01,FD010100,2026-04-14 09:19:50+09:00,,,2026-09-05T02:11:57.636479+09:00
2809683,39,대복,서울특별시 중구 세종대로14길 22,37.5627945919123,126.977924386457,11,140,FD,FD01,FD010100,2026-04-14 09:19:50+09:00,,,2026-09-05T02:11:57.636479+09:00
2817062,39,잘루스,서울특별시 중구 을지로44길 12 뉴금호타워,37.565603096836,127.00634097868,11,140,FD,FD02,FD020400,2026-02-11 10:04:42+09:00,,,2026-09-05T02:11:57.636479+09:00
2818857,15,유기농데이,서울특별시 중구 태평로1가 1,37.569192,126.978019,11,140,EV,EV03,EV030400,2026-05-08 14:58:32+09:00,https://tong.visitkorea.or.kr/cms/resource/59/4063059_image2_1.jpg,https://tong.visitkorea.or.kr/cms/resource/59/4063059_image3_1.jpg,2026-09-05T02:11:57.636479+09:00
2819007,32,포포인츠 바이 쉐라톤 조선 서울 명동,서울특별시 중구 삼일대로10길 36 (저동2가),37.5656295479,126.9894367169,11,140,AC,AC01,AC010100,2025-05-15 09:17:35+09:00,http://tong.visitkorea.or.kr/cms/resource/03/2819003_image2_1.jpg,http://tong.visitkorea.or.kr/cms/resource/03/2819003_image3_1.jpg,2026-09-05T02:11:57.636479+09:00
2822168,39,지금 여기가 맨 앞,서울특별시 중구 을지로20길 16 3층,37.5656834417421,126.99524205905,11,140,FD,FD02,FD020300,2026-02-26 17:35:42+09:00,,,2026-09-05T02:11:57.636479+09:00
2823374,39,이조칼국수,서울특별시 중구 청파로103길 35,37.5575922733313,126.968233813518,11,140,FD,FD01,FD010100,2026-02-27 15:18:14+09:00,,,2026-09-05T02:11:57.636479+09:00
2824948,39,다동 황소막창,서울특별시 중구 남대문로 60-5 (명동2가),37.5627130907,126.9822235678,11,140,FD,FD01,FD010100,2025-11-27 09:45:51+09:00,,,2026-09-05T02:11:57.636479+09:00
2834048,14,하이커 그라운드,서울특별시 중구 청계천로 40 한국관광공사 서울센터,37.5685272932,126.9816266395,11,140,VE,VE07,VE070400,2026-08-26 16:57:32+09:00,https://tong.visitkorea.or.kr/cms/resource/95/4061495_image2_1.jpg,https://tong.visitkorea.or.kr/cms/resource/95/4061495_image3_1.jpg,2026-09-05T02:11:57.636479+09:00
2848062,39,안동장,서울특별시 중구 을지로 124 (을지로3가),37.5661684126,126.991597616,11,140,FD,FD02,FD020100,2025-09-18 09:52:10+09:00,http://tong.visitkorea.or.kr/cms/resource/55/2848055_image2_1.jpg,http://tong.visitkorea.or.kr/cms/resource/55/2848055_image3_1.jpg,2026-09-05T02:11:57.636479+09:00
2851959,39,콤바크,서울특별시 중구 만리재로 193 (만리동1가) 101-4호,37.555011764274546,126.96721462607482,11,140,FD,FD02,FD020300,2026-04-14 09:19:50+09:00,,,2026-09-05T02:11:57.636479+09:00
2853910,39,디라이프스타일키친 광화문점,서울특별시 중구 세종대로 136 파이낸스빌딩 파이낸스빌딩SFC몰 지하1층 101A호,37.5685067916,126.9782987614,11,140,FD,FD02,FD020300,2025-09-18 11:57:10+09:00,http://tong.visitkorea.or.kr/cms/resource/04/2853904_image2_1.jpg,http://tong.visitkorea.or.kr/cms/resource/04/2853904_image3_1.jpg,2026-09-05T02:11:57.636479+09:00
2853937,39,마복림할머니 막내아들네,서울특별시 중구 다산로 221 (신당동),37.5629747614,127.0151038977,11,140,FD,FD03,FD030400,2025-09-18 12:02:26+09:00,http://tong.visitkorea.or.kr/cms/resource/34/2853934_image2_1.jpg,http://tong.visitkorea.or.kr/cms/resource/34/2853934_image3_1.jpg,2026-09-05T02:11:57.636479+09:00
2853965,39,미나미야마 본점,서울특별시 중구 소파로 105,37.557302675,126.9859344939,11,140,FD,FD02,FD020200,2025-09-18 12:03:36+09:00,http://tong.visitkorea.or.kr/cms/resource/51/2853951_image2_1.jpg,http://tong.visitkorea.or.kr/cms/resource/51/2853951_image3_1.jpg,2026-09-05T02:11:57.636479+09:00
2853988,39,붓처스컷 광화문점,서울특별시 중구 세종대로 136 (태평로1가),37.5685067916,126.9782987614,11,140,FD,FD02,FD020300,2025-09-18 12:06:00+09:00,http://tong.visitkorea.or.kr/cms/resource/80/2853980_image2_1.jpg,http://tong.visitkorea.or.kr/cms/resource/80/2853980_image3_1.jpg,2026-09-05T02:11:57.636479+09:00
2854009,39,브레라,서울특별시 중구 동호로17길 295 (신당동) 대명빌딩 2층,37.5483764768575,127.006943208627,11,140,FD,FD02,FD020300,2026-03-13 09:53:06+09:00,https://tong.visitkorea.or.kr/cms/resource/95/4010095_image2_1.jpeg,https://tong.visitkorea.or.kr/cms/resource/95/4010095_image3_1.jpeg,2026-09-05T02:11:57.636479+09:00
2854027,39,서울다이닝,서울특별시 중구 동호로 272 (장충동2가),37.5593194253,127.0036411567,11,140,FD,FD02,FD020300,2025-09-18 12:10:42+09:00,http://tong.visitkorea.or.kr/cms/resource/19/2854019_image2_1.jpg,http://tong.visitkorea.or.kr/cms/resource/19/2854019_image3_1.jpg,2026-09-05T02:11:57.636479+09:00
2854053,39,페스타 바이 충후,서울특별시 중구 장충단로 60 (장충동2가) 더 페스타 1층 페스타 바이 충후,37.5511758769,127.0008721955,11,140,FD,FD02,FD020300,2025-04-07 15:06:54+09:00,http://tong.visitkorea.or.kr/cms/resource/44/2854044_image2_1.jpg,http://tong.visitkorea.or.kr/cms/resource/44/2854044_image3_1.jpg,2026-09-05T02:11:57.636479+09:00
2854855,15,2025 대한민국 관광기념품 박람회,서울특별시 중구 을지로 281 (을지로7가),37.566107632,127.0095709797,11,140,EV,EV03,EV030200,2025-10-23 14:30:00+09:00,http://tong.visitkorea.or.kr/cms/resource/83/3550583_image2_1.jpg,http://tong.visitkorea.or.kr/cms/resource/83/3550583_image3_1.jpg,2026-09-05T02:11:57.636479+09:00
2865186,12,충무로 인쇄골목,서울특별시 중구 퇴계로37길 14 (충무로4가),37.5619856094,126.9940169582,11,140,EX,EX06,EX061000,2025-11-13 13:20:43+09:00,http://tong.visitkorea.or.kr/cms/resource/65/3566265_image2_1.jpg,http://tong.visitkorea.or.kr/cms/resource/65/3566265_image3_1.jpg,2026-09-05T02:11:57.636479+09:00
2894089,38,뉴발란스 명동점,서울특별시 중구 명동3길 6 (명동1가) 개양빌딩 1층,37.563895230299,126.983641320819,11,140,SH,SH04,SH040300,2026-03-27 09:21:50+09:00,https://tong.visitkorea.or.kr/cms/resource/28/4043328_image2_1.jpg,https://tong.visitkorea.or.kr/cms/resource/28/4043328_image3_1.jpg,2026-09-05T02:11:57.636479+09:00
2894140,38,소다 현대아울렛 동대문점,서울특별시 중구 장충단로13길 20 (을지로6가) B1층,37.568734553218,127.007666479829,11,140,SH,SH04,SH040300,2026-03-27 09:21:50+09:00,https://tong.visitkorea.or.kr/cms/resource/93/4023193_image2_1.jpg,https://tong.visitkorea.or.kr/cms/resource/93/4023193_image3_1.jpg,2026-09-05T02:11:57.636479+09:00
2894158,38,린 현대아울렛 동대문점,서울특별시 중구 장충단로13길 20 (을지로6가) 3층,37.568734553218,127.007666479829,11,140,SH,SH04,SH040300,2026-03-27 09:21:50+09:00,https://tong.visitkorea.or.kr/cms/resource/83/4023183_image2_1.jpg,https://tong.visitkorea.or.kr/cms/resource/83/4023183_image3_1.jpg,2026-09-05T02:11:57.636479+09:00
2894224,38,KL 현대아울렛 동대문점,서울특별시 중구 장충단로13길 20 (을지로6가),37.568734553218,127.007666479829,11,140,SH,SH04,SH040300,2026-03-27 09:21:50+09:00,https://tong.visitkorea.or.kr/cms/resource/90/4023190_image2_1.jpg,https://tong.visitkorea.or.kr/cms/resource/90/4023190_image3_1.jpg,2026-09-05T02:11:57.636479+09:00
2894230,38,다비치안경 명동점,서울특별시 중구 소공로 62 (충무로1가),37.5608464079992,126.982188170758,11,140,SH,SH04,SH040300,2026-03-27 09:21:50+09:00,https://tong.visitkorea.or.kr/cms/resource/34/4043134_image2_1.jpg,https://tong.visitkorea.or.kr/cms/resource/34/4043134_image3_1.jpg,2026-09-05T02:11:57.636479+09:00
2894278,38,듀퐁슈즈 신세계백화점 본점,서울특별시 중구 소공로 63 (충무로1가) 6층,37.560919019936,126.980979034083,11,140,SH,SH04,SH040300,2026-03-19 09:49:59+09:00,https://tong.visitkorea.or.kr/cms/resource/77/4020077_image2_1.jpg,https://tong.visitkorea.or.kr/cms/resource/77/4020077_image3_1.jpg,2026-09-05T02:11:57.636479+09:00
2894542,38,삼대인 면세점,서울특별시 중구 삼일대로 301 (충무로2가),37.561804337335,126.988675817095,11,140,SH,SH04,SH040300,2026-03-27 09:21:50+09:00,https://tong.visitkorea.or.kr/cms/resource/35/4043935_image2_1.jpg,https://tong.visitkorea.or.kr/cms/resource/35/4043935_image3_1.jpg,2026-09-05T02:11:57.636479+09:00
2899132,38,로가디스 현대아울렛 동대문점,서울특별시 중구 장충단로13길 20 (을지로6가) 6층,37.568734553218,127.007666479829,11,140,SH,SH04,SH040300,2026-03-27 09:21:50+09:00,https://tong.visitkorea.or.kr/cms/resource/09/4023209_image2_1.jpg,https://tong.visitkorea.or.kr/cms/resource/09/4023209_image3_1.jpg,2026-09-05T02:11:57.636479+09:00
2900663,38,코치 롯데백화점 본점,서울특별시 중구 남대문로 81 (소공동) 2층,37.5647299033135,126.981730421825,11,140,SH,SH04,SH040300,2026-03-27 09:21:50+09:00,https://tong.visitkorea.or.kr/cms/resource/94/4019994_image2_1.jpg,https://tong.visitkorea.or.kr/cms/resource/94/4019994_image3_1.jpg,2026-09-05T02:11:57.636479+09:00
2900743,38,구찌 남성 신세계백화점 본점,서울특별시 중구 퇴계로 77 (충무로1가),37.5603438884295,126.980823104019,11,140,SH,SH04,SH040300,2026-03-27 09:21:50+09:00,https://tong.visitkorea.or.kr/cms/resource/60/4020060_image2_1.jpg,https://tong.visitkorea.or.kr/cms/resource/60/4020060_image3_1.jpg,2026-09-05T02:11:57.636479+09:00
2900934,38,토니모리 동대문점,서울특별시 중구 장충단로 257 (을지로6가),37.5676123062765,127.008496286802,11,140,SH,SH04,SH040300,2026-03-17 10:12:58+09:00,https://tong.visitkorea.or.kr/cms/resource/42/4020542_image2_1.jpeg,https://tong.visitkorea.or.kr/cms/resource/42/4020542_image3_1.jpeg,2026-09-05T02:11:57.636479+09:00
2901411,38,올리브영 두타몰점,서울특별시 중구 장충단로 275 (을지로6가) B2층,37.5688849422849,127.008775114213,11,140,SH,SH04,SH040300,2026-03-17 10:12:58+09:00,https://tong.visitkorea.or.kr/cms/resource/35/4028835_image2_1.jpg,https://tong.visitkorea.or.kr/cms/resource/35/4028835_image3_1.jpg,2026-09-05T02:11:57.636479+09:00
2901436,38,찰스앤키스 눈스퀘어점,서울특별시 중구 명동길 14 (명동2가) 2층,37.5634116488196,126.98288772495,11,140,SH,SH04,SH040300,2026-03-27 09:21:50+09:00,https://tong.visitkorea.or.kr/cms/resource/32/4043132_image2_1.jpg,https://tong.visitkorea.or.kr/cms/resource/32/4043132_image3_1.jpg,2026-09-05T02:11:57.636479+09:00
2901452,38,컬럼비아 현대아울렛 동대문점,서울특별시 중구 장충단로13길 20 (을지로6가) 7층,37.568734553218,127.007666479829,11,140,SH,SH04,SH040300,2026-03-27 09:21:50+09:00,https://tong.visitkorea.or.kr/cms/resource/15/4023215_image2_1.jpg,https://tong.visitkorea.or.kr/cms/resource/15/4023215_image3_1.jpg,2026-09-05T02:11:57.636479+09:00
2901510,38,다이소 명동본점,서울특별시 중구 명동길 43 (명동1가),37.5639981807195,126.9847370548,11,140,SH,SH04,SH040300,2026-03-19 09:49:59+09:00,https://tong.visitkorea.or.kr/cms/resource/81/4029481_image2_1.jpg,https://tong.visitkorea.or.kr/cms/resource/81/4029481_image3_1.jpg,2026-09-05T02:11:57.636479+09:00
2901518,38,다이소 명동역점,서울특별시 중구 퇴계로 134-1 (남산동3가),37.5607463660316,126.986743744821,11,140,SH,SH04,SH040300,2026-03-19 09:49:59+09:00,https://tong.visitkorea.or.kr/cms/resource/91/4029491_image2_1.jpg,https://tong.visitkorea.or.kr/cms/resource/91/4029491_image3_1.jpg,2026-09-05T02:11:57.636479+09:00
2901532,38,디올핸드백 신세계백화점 본점,서울특별시 중구 소공로 63 (충무로1가) 1층,37.560919019936,126.980979034083,11,140,SH,SH04,SH040300,2026-03-19 09:49:59+09:00,https://tong.visitkorea.or.kr/cms/resource/02/4020102_image2_1.jpg,https://tong.visitkorea.or.kr/cms/resource/02/4020102_image3_1.jpg,2026-09-05T02:11:57.636479+09:00
2901592,38,네파키즈 현대아울렛 동대문점,서울특별시 중구 장충단로13길 20 (을지로6가),37.568734553218,127.007666479829,11,140,SH,SH04,SH040300,2026-03-27 09:21:50+09:00,https://tong.visitkorea.or.kr/cms/resource/62/4023162_image2_1.jpg,https://tong.visitkorea.or.kr/cms/resource/62/4023162_image3_1.jpg,2026-09-05T02:11:57.636479+09:00
2901595,38,NBA 현대아울렛 동대문점,서울특별시 중구 장충단로13길 20 (을지로6가) 4층,37.568734553218,127.007666479829,11,140,SH,SH04,SH040300,2026-03-27 09:21:50+09:00,https://tong.visitkorea.or.kr/cms/resource/22/4023222_image2_1.jpg,https://tong.visitkorea.or.kr/cms/resource/22/4023222_image3_1.jpg,2026-09-05T02:11:57.636479+09:00
2901602,38,현대아울렛 동대문점,서울특별시 중구 장충단로13길 20 (을지로6가),37.568734553218,127.007666479829,11,140,SH,SH04,SH040300,2026-03-27 09:21:50+09:00,https://tong.visitkorea.or.kr/cms/resource/62/4024162_image2_1.jpg,https://tong.visitkorea.or.kr/cms/resource/62/4024162_image3_1.jpg,2026-09-05T02:11:57.636479+09:00
2901780,38,컨버스 두타몰점,서울특별시 중구 장충단로 275 (을지로6가) B1층,37.5688849422849,127.008775114213,11,140,SH,SH04,SH040300,2026-04-07 00:13:27+09:00,https://tong.visitkorea.or.kr/cms/resource/77/4019377_image2_1.jpg,https://tong.visitkorea.or.kr/cms/resource/77/4019377_image3_1.jpg,2026-09-05T02:11:57.636479+09:00
2901935,38,올리브영 약수역점,서울특별시 중구 동호로 192 (신당동),37.5553641615604,127.01066001316,11,140,SH,SH04,SH040300,2026-03-17 10:12:58+09:00,https://tong.visitkorea.or.kr/cms/resource/14/4028814_image2_1.png,https://tong.visitkorea.or.kr/cms/resource/14/4028814_image3_1.png,2026-09-05T02:11:57.636479+09:00
2902091,38,펜디 신세계백화점 본점,서울특별시 중구 퇴계로 77 (충무로1가),37.5603438884295,126.980823104019,11,140,SH,SH04,SH040300,2026-03-27 09:21:50+09:00,https://tong.visitkorea.or.kr/cms/resource/56/4020056_image2_1.jpg,https://tong.visitkorea.or.kr/cms/resource/56/4020056_image3_1.jpg,2026-09-05T02:11:57.636479+09:00
2902402,38,비지트인뉴욕 현대아울렛 동대문점,서울특별시 중구 장충단로13길 20 (을지로6가) 4층,37.568734553218,127.007666479829,11,140,SH,SH04,SH040300,2026-03-27 09:21:50+09:00,https://tong.visitkorea.or.kr/cms/resource/98/4023198_image2_1.jpg,https://tong.visitkorea.or.kr/cms/resource/98/4023198_image3_1.jpg,2026-09-05T02:11:57.636479+09:00
2902442,38,롯데백화점 본점,서울특별시 중구 남대문로 81 (소공동),37.5647299033135,126.981730421825,11,140,SH,SH04,SH040300,2026-03-27 09:21:50+09:00,https://tong.visitkorea.or.kr/cms/resource/33/4020033_image2_1.jpg,https://tong.visitkorea.or.kr/cms/resource/33/4020033_image3_1.jpg,2026-09-05T02:11:57.636479+09:00
2902479,38,풋온코리아 두타몰점,서울특별시 중구 장충단로 275 (을지로6가) 4층,37.5688849422849,127.008775114213,11,140,SH,SH04,SH040300,2026-03-26 09:20:41+09:00,https://tong.visitkorea.or.kr/cms/resource/56/4019356_image2_1.jpg,https://tong.visitkorea.or.kr/cms/resource/56/4019356_image3_1.jpg,2026-09-05T02:11:57.636479+09:00
2902844,38,올리브영 씨제이남산더센터점,서울특별시 중구 소월로2길 12 (남대문로5가),37.5546082449594,126.975981487522,11,140,SH,SH04,SH040300,2026-03-17 10:12:58+09:00,https://tong.visitkorea.or.kr/cms/resource/27/4028827_image2_1.jpg,https://tong.visitkorea.or.kr/cms/resource/27/4028827_image3_1.jpg,2026-09-05T02:11:57.636479+09:00
2902967,38,킨록 현대아울렛 동대문점,서울특별시 중구 장충단로13길 20 (을지로6가) 6층,37.568734553218,127.007666479829,11,140,SH,SH04,SH040300,2026-03-27 09:21:50+09:00,https://tong.visitkorea.or.kr/cms/resource/06/4023206_image2_1.jpg,https://tong.visitkorea.or.kr/cms/resource/06/4023206_image3_1.jpg,2026-09-05T02:11:57.636479+09:00
2902969,38,듀퐁 롯데백화점 본점,서울특별시 중구 남대문로 81 (소공동),37.5647299033135,126.981730421825,11,140,SH,SH04,SH040300,2026-03-19 09:49:59+09:00,https://tong.visitkorea.or.kr/cms/resource/87/4019987_image2_1.jpg,https://tong.visitkorea.or.kr/cms/resource/87/4019987_image3_1.jpg,2026-09-05T02:11:57.636479+09:00
2903192,38,리모와 명동점,서울특별시 중구 남대문로 76 (남대문로2가),37.5639717314701,126.982432927667,11,140,SH,SH04,SH040300,2026-03-25 09:34:32+09:00,https://tong.visitkorea.or.kr/cms/resource/66/4041866_image2_1.jpg,https://tong.visitkorea.or.kr/cms/resource/66/4041866_image3_1.jpg,2026-09-05T02:11:57.636479+09:00
2903318,38,ABC마트 GS 두타몰점,서울특별시 중구 장충단로 275 (을지로6가) B1층,37.5688849422849,127.008775114213,11,140,SH,SH04,SH040300,2026-03-19 09:49:59+09:00,https://tong.visitkorea.or.kr/cms/resource/66/4019366_image2_1.jpg,https://tong.visitkorea.or.kr/cms/resource/66/4019366_image3_1.jpg,2026-09-05T02:11:57.636479+09:00
2903752,38,MLB 현대아울렛 동대문점,서울특별시 중구 장충단로13길 20 (을지로6가),37.568734553218,127.007666479829,11,140,SH,SH04,SH040300,2026-03-27 09:21:50+09:00,https://tong.visitkorea.or.kr/cms/resource/16/4023216_image2_1.jpg,https://tong.visitkorea.or.kr/cms/resource/16/4023216_image3_1.jpg,2026-09-05T02:11:57.636479+09:00
2903772,38,렌즈타운 명동중앙점,서울특별시 중구 명동길 49 (명동1가),37.5639537079879,126.985021953601,11,140,SH,SH04,SH040300,2026-03-30 09:16:11+09:00,https://tong.visitkorea.or.kr/cms/resource/70/4045670_image2_1.jpg,https://tong.visitkorea.or.kr/cms/resource/70/4045670_image3_1.jpg,2026-09-05T02:11:57.636479+09:00
2904017,38,모이나 신라호텔점,서울특별시 중구 동호로 249 (장충동2가),37.5575055053737,127.007952910656,11,140,SH,SH04,SH040300,2026-03-27 09:21:50+09:00,https://tong.visitkorea.or.kr/cms/resource/54/4043154_image2_1.jpg,https://tong.visitkorea.or.kr/cms/resource/54/4043154_image3_1.jpg,2026-09-05T02:11:57.636479+09:00
2904558,38,랄프로렌 롯데백화점 본점,서울특별시 중구 남대문로 81 (소공동),37.5647299033135,126.981730421825,11,140,SH,SH04,SH040300,2026-03-27 09:21:50+09:00,https://tong.visitkorea.or.kr/cms/resource/92/4020092_image2_1.jpg,https://tong.visitkorea.or.kr/cms/resource/92/4020092_image3_1.jpg,2026-09-05T02:11:57.636479+09:00
2904583,38,레노마레이디 현대아울렛 동대문점,서울특별시 중구 장충단로13길 20 (을지로6가),37.568734553218,127.007666479829,11,140,SH,SH04,SH040300,2026-03-27 09:21:50+09:00,https://tong.visitkorea.or.kr/cms/resource/75/4023175_image2_1.jpg,https://tong.visitkorea.or.kr/cms/resource/75/4023175_image3_1.jpg,2026-09-05T02:11:57.636479+09:00
2904651,38,아리랑 두타몰점,서울특별시 중구 장충단로 275 (을지로6가),37.5688849423,127.0087751142,11,140,SH,SH04,SH040300,2026-07-15 19:59:10+09:00,https://tong.visitkorea.or.kr/cms/resource/59/4019359_image2_1.jpg,https://tong.visitkorea.or.kr/cms/resource/59/4019359_image3_1.jpg,2026-09-05T02:11:57.636479+09:00
2904675,38,월드탑약국 롯데백화점 본점,서울특별시 중구 남대문로 81 (소공동) 9층,37.5647299033135,126.981730421825,11,140,SH,SH04,SH040300,2026-03-27 09:21:50+09:00,https://tong.visitkorea.or.kr/cms/resource/30/4020030_image2_1.jpg,https://tong.visitkorea.or.kr/cms/resource/30/4020030_image3_1.jpg,2026-09-05T02:11:57.636479+09:00
2904771,38,내셔널지오그래픽 두타몰점,서울특별시 중구 장충단로 275 (을지로6가) B1층,37.5688849422849,127.008775114213,11,140,SH,SH04,SH040300,2026-03-26 09:20:41+09:00,https://tong.visitkorea.or.kr/cms/resource/75/4019375_image2_1.jpg,https://tong.visitkorea.or.kr/cms/resource/75/4019375_image3_1.jpg,2026-09-05T02:11:57.636479+09:00
2904906,14,손기정문화도서관,서울특별시 중구 손기정로 101-3 손기정공원,37.5559746682,126.9645531466,11,140,VE,VE09,VE090300,2025-03-17 12:37:42+09:00,http://tong.visitkorea.or.kr/cms/resource/14/3458214_image2_1.JPG,http://tong.visitkorea.or.kr/cms/resource/14/3458214_image3_1.JPG,2026-09-05T02:11:57.636479+09:00
2905080,38,코코약국,서울특별시 중구 을지로 56 (을지로2가) 1층,37.5659202658578,126.983981351112,11,140,SH,SH04,SH040300,2026-03-27 09:21:50+09:00,https://tong.visitkorea.or.kr/cms/resource/98/4044598_image2_1.jpg,https://tong.visitkorea.or.kr/cms/resource/98/4044598_image3_1.jpg,2026-09-05T02:11:57.636479+09:00
2905445,38,노브랜드 두타몰점,서울특별시 중구 장충단로 275 (을지로6가) 4층,37.5688849422849,127.008775114213,11,140,SH,SH04,SH040300,2026-03-26 09:20:41+09:00,https://tong.visitkorea.or.kr/cms/resource/58/4019358_image2_1.jpg,https://tong.visitkorea.or.kr/cms/resource/58/4019358_image3_1.jpg,2026-09-05T02:11:57.636479+09:00
2905552,39,마이시크릿덴,서울특별시 중구 덕수궁길 9 401호,37.5647998722,126.9762244951,11,140,FD,FD04,FD040100,2026-07-10 11:40:13+09:00,,,2026-09-05T02:11:57.636479+09:00
2905752,38,가버 현대아울렛 동대문점,서울특별시 중구 장충단로13길 20 (을지로6가) 3층,37.568734553218,127.007666479829,11,140,SH,SH04,SH040300,2026-03-25 09:34:32+09:00,https://tong.visitkorea.or.kr/cms/resource/43/4041943_image2_1.jpg,https://tong.visitkorea.or.kr/cms/resource/43/4041943_image3_1.jpg,2026-09-05T02:11:57.636479+09:00
2905808,38,올리브데올리브 현대아울렛 동대문점,서울특별시 중구 장충단로13길 20 (을지로6가) 4층,37.568734553218,127.007666479829,11,140,SH,SH04,SH040300,2026-03-27 09:21:50+09:00,https://tong.visitkorea.or.kr/cms/resource/97/4023197_image2_1.jpg,https://tong.visitkorea.or.kr/cms/resource/97/4023197_image3_1.jpg,2026-09-05T02:11:57.636479+09:00
2906143,38,폴햄 현대아울렛 동대문점,서울특별시 중구 장충단로13길 20 (을지로6가) 4층,37.568734553218,127.007666479829,11,140,SH,SH04,SH040300,2026-03-27 09:21:50+09:00,https://tong.visitkorea.or.kr/cms/resource/13/4023213_image2_1.jpg,https://tong.visitkorea.or.kr/cms/resource/13/4023213_image3_1.jpg,2026-09-05T02:11:57.636479+09:00
2906156,38,금강제화 신세계백화점 본점,서울특별시 중구 소공로 63 (충무로1가) 6층,37.560919019936,126.980979034083,11,140,SH,SH04,SH040300,2026-03-19 09:49:59+09:00,https://tong.visitkorea.or.kr/cms/resource/72/4020072_image2_1.jpg,https://tong.visitkorea.or.kr/cms/resource/72/4020072_image3_1.jpg,2026-09-05T02:11:57.636479+09:00
2906506,38,아식스 두타몰점,서울특별시 중구 장충단로 275 (을지로6가) B1층,37.5688849422849,127.008775114213,11,140,SH,SH04,SH040300,2026-03-26 09:20:41+09:00,https://tong.visitkorea.or.kr/cms/resource/67/4019367_image2_1.jpg,https://tong.visitkorea.or.kr/cms/resource/67/4019367_image3_1.jpg,2026-09-05T02:11:57.636479+09:00
2906507,38,꼼빠니아 현대아울렛 동대문점,서울특별시 중구 장충단로13길 20 (을지로6가) 3층,37.568734553218,127.007666479829,11,140,SH,SH04,SH040300,2026-03-27 09:21:50+09:00,https://tong.visitkorea.or.kr/cms/resource/96/4023196_image2_1.jpg,https://tong.visitkorea.or.kr/cms/resource/96/4023196_image3_1.jpg,2026-09-05T02:11:57.636479+09:00
2906510,38,아이잗컬렉션 현대아울렛 동대문점,서울특별시 중구 장충단로13길 20 (을지로6가),37.568734553218,127.007666479829,11,140,SH,SH04,SH040300,2026-03-26 09:20:41+09:00,https://tong.visitkorea.or.kr/cms/resource/01/4042001_image2_1.jpg,https://tong.visitkorea.or.kr/cms/resource/01/4042001_image3_1.jpg,2026-09-05T02:11:57.636479+09:00
2906511,38,앤소유 두타몰점,서울특별시 중구 장충단로 275 (을지로6가),37.5688849422849,127.008775114213,11,140,SH,SH04,SH040300,2026-03-26 09:20:41+09:00,https://tong.visitkorea.or.kr/cms/resource/76/4019376_image2_1.jpg,https://tong.visitkorea.or.kr/cms/resource/76/4019376_image3_1.jpg,2026-09-05T02:11:57.636479+09:00
2906559,38,애드비 두타몰점,서울특별시 중구 장충단로 275 (을지로6가),37.5688849422849,127.008775114213,11,140,SH,SH04,SH040300,2026-03-26 09:20:41+09:00,https://tong.visitkorea.or.kr/cms/resource/60/4019360_image2_1.jpg,https://tong.visitkorea.or.kr/cms/resource/60/4019360_image3_1.jpg,2026-09-05T02:11:57.636479+09:00
2906574,38,올리브영 정동점,서울특별시 중구 새문안로 26 (충정로1가),37.5675120768212,126.968777453129,11,140,SH,SH04,SH040300,2026-03-17 10:12:58+09:00,https://tong.visitkorea.or.kr/cms/resource/24/4028824_image2_1.jpg,https://tong.visitkorea.or.kr/cms/resource/24/4028824_image3_1.jpg,2026-09-05T02:11:57.636479+09:00
2907179,38,마인 현대아울렛 동대문점,서울특별시 중구 장충단로13길 20 (을지로6가),37.568734553218,127.007666479829,11,140,SH,SH04,SH040300,2026-03-27 09:21:50+09:00,https://tong.visitkorea.or.kr/cms/resource/37/4023237_image2_1.jpg,https://tong.visitkorea.or.kr/cms/resource/37/4023237_image3_1.jpg,2026-09-05T02:11:57.636479+09:00
2907426,38,구찌 신세계백화점 본점,서울특별시 중구 퇴계로 77 (충무로1가) 1층,37.5603438884295,126.980823104019,11,140,SH,SH04,SH040300,2026-03-19 09:49:59+09:00,https://tong.visitkorea.or.kr/cms/resource/69/4020069_image2_1.jpg,https://tong.visitkorea.or.kr/cms/resource/69/4020069_image3_1.jpg,2026-09-05T02:11:57.636479+09:00
2907461,38,리갈안경,서울특별시 중구 남대문로 지하72 (남대문로2가),37.5635641593204,126.982090184082,11,140,SH,SH04,SH040300,2026-04-12 03:10:00+09:00,https://tong.visitkorea.or.kr/cms/resource/06/4042106_image2_1.PNG,https://tong.visitkorea.or.kr/cms/resource/06/4042106_image3_1.PNG,2026-09-05T02:11:57.636479+09:00
2907463,38,프라다 롯데백화점 본점,서울특별시 중구 남대문로 81 (소공동) 10층,37.5647299033135,126.981730421825,11,140,SH,SH04,SH040300,2026-03-27 09:21:50+09:00,https://tong.visitkorea.or.kr/cms/resource/16/4020016_image2_1.jpg,https://tong.visitkorea.or.kr/cms/resource/16/4020016_image3_1.jpg,2026-09-05T02:11:57.636479+09:00
2907468,38,프라다 신세계백화점 본점,서울특별시 중구 소공로 63 (충무로1가) 1층,37.560919019936,126.980979034083,11,140,SH,SH04,SH040300,2026-03-27 09:21:50+09:00,https://tong.visitkorea.or.kr/cms/resource/02/4020002_image2_1.jpg,https://tong.visitkorea.or.kr/cms/resource/02/4020002_image3_1.jpg,2026-09-05T02:11:57.636479+09:00
2907475,38,데무 현대아울렛 동대문점,서울특별시 중구 장충단로13길 20 (을지로6가),37.568734553218,127.007666479829,11,140,SH,SH04,SH040300,2026-03-27 09:21:50+09:00,https://tong.visitkorea.or.kr/cms/resource/89/4023189_image2_1.jpg,https://tong.visitkorea.or.kr/cms/resource/89/4023189_image3_1.jpg,2026-09-05T02:11:57.636479+09:00
2907484,38,살바토레페라가모 신세계백화점 본점,서울특별시 중구 퇴계로 77 (충무로1가),37.5603438884295,126.980823104019,11,140,SH,SH04,SH040300,2026-03-19 09:49:59+09:00,https://tong.visitkorea.or.kr/cms/resource/32/4020132_image2_1.jpg,https://tong.visitkorea.or.kr/cms/resource/32/4020132_image3_1.jpg,2026-09-05T02:11:57.636479+09:00
2907485,38,콜핑 남대문점,서울특별시 중구 퇴계로 51-1 (남창동),37.5586351794001,126.977911580591,11,140,SH,SH04,SH040300,2026-03-16 10:54:17+09:00,https://tong.visitkorea.or.kr/cms/resource/77/4020477_image2_1.jpg,https://tong.visitkorea.or.kr/cms/resource/77/4020477_image3_1.jpg,2026-09-05T02:11:57.636479+09:00
2907486,38,조은안경,서울특별시 중구 남대문시장4길 42 (남창동),37.558364188842,126.977119642563,11,140,SH,SH04,SH040300,2026-03-19 09:49:59+09:00,https://tong.visitkorea.or.kr/cms/resource/72/4020472_image2_1.jpeg,https://tong.visitkorea.or.kr/cms/resource/72/4020472_image3_1.jpeg,2026-09-05T02:11:57.636479+09:00
2907498,38,불가리 롯데백화점 본점 에비뉴엘,서울특별시 중구 남대문로 73 (남대문로2가),37.56424508512,126.981781474221,11,140,SH,SH04,SH040300,2026-03-27 09:21:50+09:00,https://tong.visitkorea.or.kr/cms/resource/17/4020017_image2_1.jpg,https://tong.visitkorea.or.kr/cms/resource/17/4020017_image3_1.jpg,2026-09-05T02:11:57.636479+09:00
2907525,38,루이비통 신세계백화점 본점,서울특별시 중구 소공로 63 (충무로1가),37.560919019936,126.980979034083,11,140,SH,SH04,SH040300,2026-03-27 09:21:50+09:00,https://tong.visitkorea.or.kr/cms/resource/96/4020096_image2_1.jpg,https://tong.visitkorea.or.kr/cms/resource/96/4020096_image3_1.jpg,2026-09-05T02:11:57.636479+09:00
2907538,38,제냐 신세계백화점 본점,서울특별시 중구 소공로 63 (충무로1가) 6층,37.560919019936,126.980979034083,11,140,SH,SH04,SH040300,2026-03-19 09:49:59+09:00,https://tong.visitkorea.or.kr/cms/resource/74/4020074_image2_1.jpg,https://tong.visitkorea.or.kr/cms/resource/74/4020074_image3_1.jpg,2026-09-05T02:11:57.636479+09:00
2907541,38,제냐 롯데백화점 본점,서울특별시 중구 남대문로 81 (소공동),37.5647299033135,126.981730421825,11,140,SH,SH04,SH040300,2026-03-19 09:49:59+09:00,https://tong.visitkorea.or.kr/cms/resource/90/4019990_image2_1.jpg,https://tong.visitkorea.or.kr/cms/resource/90/4019990_image3_1.jpg,2026-09-05T02:11:57.636479+09:00
2907557,38,금강제화 명동본점,서울특별시 중구 명동8길 30 (명동2가),37.5624136794146,126.984667996324,11,140,SH,SH04,SH040300,2026-03-27 09:21:50+09:00,https://tong.visitkorea.or.kr/cms/resource/15/4045915_image2_1.png,https://tong.visitkorea.or.kr/cms/resource/15/4045915_image3_1.png,2026-09-05T02:11:57.636479+09:00
2907653,38,페레가모 롯데백화점 본점,서울특별시 중구 남대문로 81 (소공동) B1층,37.5647299033135,126.981730421825,11,140,SH,SH04,SH040300,2026-03-27 09:21:50+09:00,https://tong.visitkorea.or.kr/cms/resource/33/4020133_image2_1.png,https://tong.visitkorea.or.kr/cms/resource/33/4020133_image3_1.png,2026-09-05T02:11:57.636479+09:00
2907781,38,까르띠에 롯데백화점 본점 에비뉴엘,서울특별시 중구 남대문로 73 (남대문로2가) 1층,37.56424508512,126.981781474221,11,140,SH,SH04,SH040300,2026-03-27 09:21:50+09:00,https://tong.visitkorea.or.kr/cms/resource/08/4020008_image2_1.jpg,https://tong.visitkorea.or.kr/cms/resource/08/4020008_image3_1.jpg,2026-09-05T02:11:57.636479+09:00
2907800,38,쥬크 현대아울렛 동대문점,서울특별시 중구 장충단로13길 20 (을지로6가) 4층,37.568734553218,127.007666479829,11,140,SH,SH04,SH040300,2026-03-27 09:21:50+09:00,https://tong.visitkorea.or.kr/cms/resource/30/4023230_image2_1.jpg,https://tong.visitkorea.or.kr/cms/resource/30/4023230_image3_1.jpg,2026-09-05T02:11:57.636479+09:00
2908263,38,구찌 롯데백화점 본점,서울특별시 중구 남대문로 81 (소공동),37.5647299033135,126.981730421825,11,140,SH,SH04,SH040300,2026-03-27 09:21:50+09:00,https://tong.visitkorea.or.kr/cms/resource/12/4020012_image2_1.jpg,https://tong.visitkorea.or.kr/cms/resource/12/4020012_image3_1.jpg,2026-09-05T02:11:57.636479+09:00
2908304,38,휴고보스 롯데백화점 본점,서울특별시 중구 남대문로 81 (소공동) 5층,37.5647299033135,126.981730421825,11,140,SH,SH04,SH040300,2026-03-27 09:21:50+09:00,https://tong.visitkorea.or.kr/cms/resource/93/4019993_image2_1.jpg,https://tong.visitkorea.or.kr/cms/resource/93/4019993_image3_1.jpg,2026-09-05T02:11:57.636479+09:00
2908405,38,반클리프아펠 신세계백화점 본점,서울특별시 중구 소공로 63 (충무로1가) 1층,37.560919019936,126.980979034083,11,140,SH,SH04,SH040300,2026-03-27 09:21:50+09:00,https://tong.visitkorea.or.kr/cms/resource/03/4020103_image2_1.jpg,https://tong.visitkorea.or.kr/cms/resource/03/4020103_image3_1.jpg,2026-09-05T02:11:57.636479+09:00
2908682,38,비체 롯데백화점 본점,서울특별시 중구 남대문로 81 (소공동) B1층,37.5647299033135,126.981730421825,11,140,SH,SH04,SH040300,2026-03-27 09:21:50+09:00,https://tong.visitkorea.or.kr/cms/resource/19/4020019_image2_1.jpg,https://tong.visitkorea.or.kr/cms/resource/19/4020019_image3_1.jpg,2026-09-05T02:11:57.636479+09:00
2908920,38,버버리칠드런 롯데백화점 본점,서울특별시 중구 남대문로 81 (소공동) 7층,37.5647299033135,126.981730421825,11,140,SH,SH04,SH040300,2026-03-27 09:21:50+09:00,https://tong.visitkorea.or.kr/cms/resource/15/4020015_image2_1.jpg,https://tong.visitkorea.or.kr/cms/resource/15/4020015_image3_1.jpg,2026-09-05T02:11:57.636479+09:00
2909061,38,가치서울 롯데백화점 본점,서울특별시 중구 남대문로 81 (소공동) B1층,37.5647299033135,126.981730421825,11,140,SH,SH04,SH040300,2026-03-19 09:49:59+09:00,https://tong.visitkorea.or.kr/cms/resource/96/4019996_image2_1.jpg,https://tong.visitkorea.or.kr/cms/resource/96/4019996_image3_1.jpg,2026-09-05T02:11:57.636479+09:00
2909113,38,보테가베네타 신세계백화점 본점,서울특별시 중구 퇴계로 77 (충무로1가) 2층,37.5603438884295,126.980823104019,11,140,SH,SH04,SH040300,2026-03-27 09:21:50+09:00,https://tong.visitkorea.or.kr/cms/resource/29/4020129_image2_1.jpg,https://tong.visitkorea.or.kr/cms/resource/29/4020129_image3_1.jpg,2026-09-05T02:11:57.636479+09:00
2909120,38,버버리 신세계백화점 본점,서울특별시 중구 퇴계로 77 (충무로1가) 2층,37.5603438884295,126.980823104019,11,140,SH,SH04,SH040300,2026-03-27 09:21:50+09:00,https://tong.visitkorea.or.kr/cms/resource/55/4020055_image2_1.jpg,https://tong.visitkorea.or.kr/cms/resource/55/4020055_image3_1.jpg,2026-09-05T02:11:57.636479+09:00
2909814,38,JDX 현대아울렛 동대문점,서울특별시 중구 장충단로13길 20 (을지로6가),37.568734553218,127.007666479829,11,140,SH,SH04,SH040300,2026-03-27 09:21:50+09:00,https://tong.visitkorea.or.kr/cms/resource/10/4023210_image2_1.jpg,https://tong.visitkorea.or.kr/cms/resource/10/4023210_image3_1.jpg,2026-09-05T02:11:57.636479+09:00
2909858,38,아디다스 오리지널스 명동,서울특별시 중구 명동8나길 20 (충무로1가),37.5615014091597,126.98390714404,11,140,SH,SH04,SH040300,2026-03-26 09:20:41+09:00,https://tong.visitkorea.or.kr/cms/resource/69/4042969_image2_1.jpg,https://tong.visitkorea.or.kr/cms/resource/69/4042969_image3_1.jpg,2026-09-05T02:11:57.636479+09:00
2909929,38,장미라사 본점,서울특별시 중구 세종대로 55 (태평로2가) B1층,37.5616192365957,126.974978475659,11,140,SH,SH04,SH040300,2026-04-12 03:12:02+09:00,https://tong.visitkorea.or.kr/cms/resource/75/4020475_image2_1.jpeg,https://tong.visitkorea.or.kr/cms/resource/75/4020475_image3_1.jpeg,2026-09-05T02:11:57.636479+09:00
2910005,38,CH캐롤리나헤레라 롯데백화점 본점 에비뉴엘,서울특별시 중구 남대문로 73 (남대문로2가) 3층,37.56424508512,126.981781474221,11,140,SH,SH04,SH040300,2026-03-30 09:16:11+09:00,https://tong.visitkorea.or.kr/cms/resource/06/4020006_image2_1.jpg,https://tong.visitkorea.or.kr/cms/resource/06/4020006_image3_1.jpg,2026-09-05T02:11:57.636479+09:00
2910043,38,파피루스 광화문점,서울특별시 중구 세종대로 136 (태평로1가) B1층,37.5684232177354,126.97825653257,11,140,SH,SH04,SH040300,2026-03-27 09:21:50+09:00,https://tong.visitkorea.or.kr/cms/resource/04/4043204_image2_1.jpg,https://tong.visitkorea.or.kr/cms/resource/04/4043204_image3_1.jpg,2026-09-05T02:11:57.636479+09:00
2910202,38,위즈앤미의원,서울특별시 중구 명동7길 21 (을지로2가) 아르누보센텀 4층,37.5647312946952,126.983858910559,11,140,SH,SH04,SH040300,2026-03-30 09:16:11+09:00,https://tong.visitkorea.or.kr/cms/resource/34/4017234_image2_1.jpeg,https://tong.visitkorea.or.kr/cms/resource/34/4017234_image3_1.jpeg,2026-09-05T02:11:57.636479+09:00
2910211,38,아름다운나라피부과의원 명동점,서울특별시 중구 명동8나길 6 (충무로1가) 4층,37.5616410629431,126.984576929374,11,140,SH,SH04,SH040300,2026-03-27 09:21:50+09:00,https://tong.visitkorea.or.kr/cms/resource/01/4044601_image2_1.jpg,https://tong.visitkorea.or.kr/cms/resource/01/4044601_image3_1.jpg,2026-09-05T02:11:57.636479+09:00
2910432,38,보니스팍스 현대아울렛 동대문점,서울특별시 중구 장충단로13길 20 (을지로6가),37.568734553218,127.007666479829,11,140,SH,SH04,SH040300,2026-03-27 09:21:50+09:00,https://tong.visitkorea.or.kr/cms/resource/92/4023192_image2_1.jpg,https://tong.visitkorea.or.kr/cms/resource/92/4023192_image3_1.jpg,2026-09-05T02:11:57.636479+09:00
2910537,38,명동명약국,서울특별시 중구 남대문로7길 11 (소공동) 1층,37.5636892672995,126.981249523015,11,140,SH,SH04,SH040300,2026-03-16 10:54:17+09:00,https://tong.visitkorea.or.kr/cms/resource/71/4020471_image2_1.jpeg,https://tong.visitkorea.or.kr/cms/resource/71/4020471_image3_1.jpeg,2026-09-05T02:11:57.636479+09:00
2910784,38,네이처리퍼블릭 남대문점,서울특별시 중구 남대문시장8길 2 (남창동),37.560311673353,126.978446769999,11,140,SH,SH04,SH040300,2026-03-27 09:21:50+09:00,https://tong.visitkorea.or.kr/cms/resource/88/4044788_image2_1.png,https://tong.visitkorea.or.kr/cms/resource/88/4044788_image3_1.png,2026-09-05T02:11:57.636479+09:00
2910822,38,피아제 롯데백화점 본점 에비뉴엘,서울특별시 중구 남대문로 73 (남대문로2가) 2층,37.56424508512,126.981781474221,11,140,SH,SH04,SH040300,2026-03-27 09:21:50+09:00,https://tong.visitkorea.or.kr/cms/resource/07/4020007_image2_1.jpg,https://tong.visitkorea.or.kr/cms/resource/07/4020007_image3_1.jpg,2026-09-05T02:11:57.636479+09:00
2911399,38,캐리스노트 현대아울렛 동대문점,서울특별시 중구 장충단로13길 20 (을지로6가) 3층,37.568734553218,127.007666479829,11,140,SH,SH04,SH040300,2026-03-26 09:20:41+09:00,https://tong.visitkorea.or.kr/cms/resource/94/4041994_image2_1.jpg,https://tong.visitkorea.or.kr/cms/resource/94/4041994_image3_1.jpg,2026-09-05T02:11:57.636479+09:00
2911412,38,페이스아이웨어 윙크 두타몰점,서울특별시 중구 장충단로 275 (을지로6가) 4층,37.5688849422849,127.008775114213,11,140,SH,SH04,SH040300,2026-03-30 09:16:11+09:00,https://tong.visitkorea.or.kr/cms/resource/54/4019354_image2_1.jpg,https://tong.visitkorea.or.kr/cms/resource/54/4019354_image3_1.jpg,2026-09-05T02:11:57.636479+09:00
2911465,38,미우미우 롯데백화점 본점,서울특별시 중구 남대문로 81 (소공동) 1층,37.5647299033135,126.981730421825,11,140,SH,SH04,SH040300,2026-03-27 09:21:50+09:00,https://tong.visitkorea.or.kr/cms/resource/14/4020014_image2_1.jpg,https://tong.visitkorea.or.kr/cms/resource/14/4020014_image3_1.jpg,2026-09-05T02:11:57.636479+09:00
2911467,38,롤렉스 신세계백화점 본점,서울특별시 중구 소공로 63 (충무로1가) 1층,37.560919019936,126.980979034083,11,140,SH,SH04,SH040300,2026-03-19 09:49:59+09:00,https://tong.visitkorea.or.kr/cms/resource/09/4020109_image2_1.jpg,https://tong.visitkorea.or.kr/cms/resource/09/4020109_image3_1.jpg,2026-09-05T02:11:57.636479+09:00
2911468,38,티파니앤코 신세계백화점 본점,서울특별시 중구 소공로 63 (충무로1가) 1층,37.560919019936,126.980979034083,11,140,SH,SH04,SH040300,2026-03-19 09:49:59+09:00,https://tong.visitkorea.or.kr/cms/resource/04/4020104_image2_1.jpg,https://tong.visitkorea.or.kr/cms/resource/04/4020104_image3_1.jpg,2026-09-05T02:11:57.636479+09:00
2911537,38,바닐라코 명동1호점,서울특별시 중구 명동8길 38 (명동2가),37.5620404961344,126.984741415597,11,140,SH,SH04,SH040300,2026-03-27 09:21:50+09:00,https://tong.visitkorea.or.kr/cms/resource/37/4044637_image2_1.jpg,https://tong.visitkorea.or.kr/cms/resource/37/4044637_image3_1.jpg,2026-09-05T02:11:57.636479+09:00
2911541,38,예거르쿨트르 롯데백화점 본점 에비뉴엘,서울특별시 중구 남대문로 73 (남대문로2가),37.56424508512,126.981781474221,11,140,SH,SH04,SH040300,2026-04-01 04:52:32+09:00,https://tong.visitkorea.or.kr/cms/resource/18/4020018_image2_1.jpg,https://tong.visitkorea.or.kr/cms/resource/18/4020018_image3_1.jpg,2026-09-05T02:11:57.636479+09:00
2911602,38,아이잗바바 현대아울렛 동대문점,서울특별시 중구 장충단로13길 20 (을지로6가) 3층,37.568734553218,127.007666479829,11,140,SH,SH04,SH040300,2026-03-27 09:21:50+09:00,https://tong.visitkorea.or.kr/cms/resource/87/4023187_image2_1.jpg,https://tong.visitkorea.or.kr/cms/resource/87/4023187_image3_1.jpg,2026-09-05T02:11:57.636479+09:00
2911635,38,뉴에라 두타몰점,서울특별시 중구 장충단로 275 (을지로6가),37.5688849422849,127.008775114213,11,140,SH,SH04,SH040300,2026-03-26 09:20:41+09:00,https://tong.visitkorea.or.kr/cms/resource/73/4019373_image2_1.jpg,https://tong.visitkorea.or.kr/cms/resource/73/4019373_image3_1.jpg,2026-09-05T02:11:57.636479+09:00
2911704,38,게스 현대아울렛 동대문점,서울특별시 중구 장충단로13길 20 (을지로6가) 4층,37.568734553218,127.007666479829,11,140,SH,SH04,SH040300,2026-03-27 09:21:50+09:00,https://tong.visitkorea.or.kr/cms/resource/31/4023231_image2_1.jpg,https://tong.visitkorea.or.kr/cms/resource/31/4023231_image3_1.jpg,2026-09-05T02:11:57.636479+09:00
2911713,38,블랙야크 키즈 현대아울렛 동대문점,서울특별시 중구 장충단로13길 20 (을지로6가) 8층,37.568734553218,127.007666479829,11,140,SH,SH04,SH040300,2026-03-27 09:21:50+09:00,https://tong.visitkorea.or.kr/cms/resource/18/4023218_image2_1.jpg,https://tong.visitkorea.or.kr/cms/resource/18/4023218_image3_1.jpg,2026-09-05T02:11:57.636479+09:00
2911914,38,레몬마트,서울특별시 중구 명동9길 45 (을지로2가),37.5658219672386,126.983981711728,11,140,SH,SH04,SH040300,2026-03-27 09:21:50+09:00,https://tong.visitkorea.or.kr/cms/resource/01/4043201_image2_1.jpg,https://tong.visitkorea.or.kr/cms/resource/01/4043201_image3_1.jpg,2026-09-05T02:11:57.636479+09:00
2911921,38,사만사타바사 롯데백화점 본점,서울특별시 중구 남대문로 81 (소공동) 4층,37.5647299033135,126.981730421825,11,140,SH,SH04,SH040300,2026-03-27 09:21:50+09:00,https://tong.visitkorea.or.kr/cms/resource/34/4020134_image2_1.jpg,https://tong.visitkorea.or.kr/cms/resource/34/4020134_image3_1.jpg,2026-09-05T02:11:57.636479+09:00
2912267,38,뉴발란스 현대아울렛 동대문점,서울특별시 중구 장충단로13길 20 (을지로6가) 5층,37.568734553218,127.007666479829,11,140,SH,SH04,SH040300,2026-03-27 09:21:50+09:00,https://tong.visitkorea.or.kr/cms/resource/72/4023172_image2_1.jpg,https://tong.visitkorea.or.kr/cms/resource/72/4023172_image3_1.jpg,2026-09-05T02:11:57.636479+09:00
2912311,38,휙스컴디지털광학,서울특별시 중구 남대문로 20-1 (남대문로3가) 영신빌딩 1층,37.5608161467168,126.977986768338,11,140,SH,SH04,SH040300,2026-03-27 09:21:50+09:00,https://tong.visitkorea.or.kr/cms/resource/56/4045956_image2_1.png,https://tong.visitkorea.or.kr/cms/resource/56/4045956_image3_1.png,2026-09-05T02:11:57.636479+09:00
2912346,38,버버리 롯데백화점 본점,서울특별시 중구 남대문로 81 (소공동),37.5647299033135,126.981730421825,11,140,SH,SH04,SH040300,2026-03-27 09:21:50+09:00,https://tong.visitkorea.or.kr/cms/resource/88/4019988_image2_1.jpg,https://tong.visitkorea.or.kr/cms/resource/88/4019988_image3_1.jpg,2026-09-05T02:11:57.636479+09:00
2912532,38,아이더 현대아울렛 동대문점,서울특별시 중구 장충단로13길 20 (을지로6가) 7층,37.568734553218,127.007666479829,11,140,SH,SH04,SH040300,2026-03-27 09:21:50+09:00,https://tong.visitkorea.or.kr/cms/resource/68/4023168_image2_1.jpg,https://tong.visitkorea.or.kr/cms/resource/68/4023168_image3_1.jpg,2026-09-05T02:11:57.636479+09:00
2912575,38,리버클래시 현대아울렛 동대문점,서울특별시 중구 장충단로13길 20 (을지로6가) 6층,37.568734553218,127.007666479829,11,140,SH,SH04,SH040300,2026-03-27 09:21:50+09:00,https://tong.visitkorea.or.kr/cms/resource/41/4023241_image2_1.jpg,https://tong.visitkorea.or.kr/cms/resource/41/4023241_image3_1.jpg,2026-09-05T02:11:57.636479+09:00
2912638,38,타사키 롯데백화점 본점 에비뉴엘,서울특별시 중구 남대문로 73 (남대문로2가) 2층,37.56424508512,126.981781474221,11,140,SH,SH04,SH040300,2026-03-27 09:21:50+09:00,https://tong.visitkorea.or.kr/cms/resource/05/4020005_image2_1.jpg,https://tong.visitkorea.or.kr/cms/resource/05/4020005_image3_1.jpg,2026-09-05T02:11:57.636479+09:00
2912761,38,파렌하이트 현대아울렛 동대문점,서울특별시 중구 장충단로13길 20 (을지로6가) 6층,37.568734553218,127.007666479829,11,140,SH,SH04,SH040300,2026-03-27 09:21:50+09:00,https://tong.visitkorea.or.kr/cms/resource/59/4023159_image2_1.jpg,https://tong.visitkorea.or.kr/cms/resource/59/4023159_image3_1.jpg,2026-09-05T02:11:57.636479+09:00
2913980,38,반도카메라 충무로점,서울특별시 중구 삼일대로4길 16 (충무로2가) 3층,37.5618632998661,126.990093312849,11,140,SH,SH04,SH040300,2026-03-27 09:21:50+09:00,https://tong.visitkorea.or.kr/cms/resource/46/4044746_image2_1.png,https://tong.visitkorea.or.kr/cms/resource/46/4044746_image3_1.png,2026-09-05T02:11:57.636479+09:00
2914031,39,한암동 정동점,서울특별시 중구 정동길 21-15 (정동),37.5672963273,126.9712587284,11,140,FD,FD01,FD010100,2026-07-20 11:27:17+09:00,https://tong.visitkorea.or.kr/cms/resource/19/2914019_image2_1.jpg,https://tong.visitkorea.or.kr/cms/resource/19/2914019_image3_1.jpg,2026-09-05T02:11:57.636479+09:00
2914050,39,팔레드 신,서울특별시 중구 퇴계로 67 AK타워 레스케이프호텔 6층,37.5595561258,126.9794659951,11,140,FD,FD02,FD020100,2026-06-18 16:18:23+09:00,https://tong.visitkorea.or.kr/cms/resource/39/2914039_image2_1.jpg,https://tong.visitkorea.or.kr/cms/resource/39/2914039_image3_1.jpg,2026-09-05T02:11:57.636479+09:00
2914068,39,중림장설렁탕,서울특별시 중구 청파로 459-1 (중림동),37.5602770778,126.967705761,11,140,FD,FD01,FD010100,2026-07-03 13:24:38+09:00,,,2026-09-05T02:11:57.636479+09:00
2914090,39,유즈라멘,서울특별시 중구 만리재로 217 경김회관,37.5568951356085,126.968206058318,11,140,FD,FD02,FD020200,2026-06-02 17:49:32+09:00,https://tong.visitkorea.or.kr/cms/resource/91/4069991_image2_1.jpg,https://tong.visitkorea.or.kr/cms/resource/91/4069991_image3_1.jpg,2026-09-05T02:11:57.636479+09:00
2914102,38,다미아니 신세계백화점 본점,서울특별시 중구 소공로 63 (충무로1가) 2층,37.560919019936,126.980979034083,11,140,SH,SH04,SH040300,2026-03-27 09:21:50+09:00,https://tong.visitkorea.or.kr/cms/resource/99/4020099_image2_1.jpg,https://tong.visitkorea.or.kr/cms/resource/99/4020099_image3_1.jpg,2026-09-05T02:11:57.636479+09:00
2914110,39,산수갑산,서울특별시 중구 을지로20길 24 (인현동1가),37.5654145197,126.9953161742,11,140,FD,FD01,FD010100,2026-06-24 10:07:52+09:00,,,2026-09-05T02:11:57.636479+09:00
2914148,39,만포막국수,서울특별시 중구 동호로14길 2,37.5558043635,127.0103214259,11,140,FD,FD01,FD010100,2026-07-28 16:58:55+09:00,https://tong.visitkorea.or.kr/cms/resource/24/4093824_image2_1.jpg,https://tong.visitkorea.or.kr/cms/resource/24/4093824_image3_1.jpg,2026-09-05T02:11:57.636479+09:00
2914179,39,로이터 커피 셸터,서울특별시 중구 필동로 53 (필동3가),37.5567618177,126.9959165757,11,140,FD,FD05,FD050100,2026-08-18 11:17:28+09:00,https://tong.visitkorea.or.kr/cms/resource/74/2914174_image2_1.jpg,https://tong.visitkorea.or.kr/cms/resource/74/2914174_image3_1.jpg,2026-09-05T02:11:57.636479+09:00
2914214,39,광화문국밥,서울특별시 중구 세종대로21길 53 (정동),37.5689502355,126.975432108,11,140,FD,FD01,FD010100,2026-07-20 13:26:00+09:00,https://tong.visitkorea.or.kr/cms/resource/09/2914209_image2_1.jpg,https://tong.visitkorea.or.kr/cms/resource/09/2914209_image3_1.jpg,2026-09-05T02:11:57.636479+09:00
2914606,38,골든듀 롯데백화점 본점,서울특별시 중구 남대문로 81 (소공동),37.5647299033135,126.981730421825,11,140,SH,SH04,SH040300,2026-03-27 09:21:50+09:00,https://tong.visitkorea.or.kr/cms/resource/10/4020010_image2_1.jpg,https://tong.visitkorea.or.kr/cms/resource/10/4020010_image3_1.jpg,2026-09-05T02:11:57.636479+09:00
2915135,38,스티븐웹스터,서울특별시 중구 동호로 249 (장충동2가) B1층,37.5575055053737,127.007952910656,11,140,SH,SH04,SH040300,2026-03-27 09:21:50+09:00,https://tong.visitkorea.or.kr/cms/resource/49/4044749_image2_1.png,https://tong.visitkorea.or.kr/cms/resource/49/4044749_image3_1.png,2026-09-05T02:11:57.636479+09:00
2915174,38,태그호이어 신세계백화점 본점,서울특별시 중구 소공로 63 (충무로1가) B1층,37.560919019936,126.980979034083,11,140,SH,SH04,SH040300,2026-03-19 09:49:59+09:00,https://tong.visitkorea.or.kr/cms/resource/93/4020093_image2_1.jpg,https://tong.visitkorea.or.kr/cms/resource/93/4020093_image3_1.jpg,2026-09-05T02:11:57.636479+09:00
2915397,38,토즈 롯데백화점 본점,서울특별시 중구 남대문로 81 (소공동) 5층,37.5647299033135,126.981730421825,11,140,SH,SH04,SH040300,2026-03-27 09:21:50+09:00,https://tong.visitkorea.or.kr/cms/resource/03/4020003_image2_1.jpg,https://tong.visitkorea.or.kr/cms/resource/03/4020003_image3_1.jpg,2026-09-05T02:11:57.636479+09:00
2915490,38,버버리 맨즈 롯데백화점 본점,서울특별시 중구 남대문로 81 (소공동) 5층,37.5647299033135,126.981730421825,11,140,SH,SH04,SH040300,2026-03-27 09:21:50+09:00,https://tong.visitkorea.or.kr/cms/resource/21/4020021_image2_1.jpg,https://tong.visitkorea.or.kr/cms/resource/21/4020021_image3_1.jpg,2026-09-05T02:11:57.636479+09:00
2915550,38,입생로랑뷰티 롯데백화점 본점,서울특별시 중구 남대문로 81 (소공동) B1층,37.5647299033135,126.981730421825,11,140,SH,SH04,SH040300,2026-03-19 09:49:59+09:00,https://tong.visitkorea.or.kr/cms/resource/95/4019995_image2_1.jpg,https://tong.visitkorea.or.kr/cms/resource/95/4019995_image3_1.jpg,2026-09-05T02:11:57.636479+09:00
2915552,38,입생로랑뷰티 신세계백화점 본점,서울특별시 중구 퇴계로 77 (충무로1가) 1층,37.5603438884295,126.980823104019,11,140,SH,SH04,SH040300,2026-03-19 09:49:59+09:00,https://tong.visitkorea.or.kr/cms/resource/68/4020068_image2_1.jpg,https://tong.visitkorea.or.kr/cms/resource/68/4020068_image3_1.jpg,2026-09-05T02:11:57.636479+09:00
2915780,38,로제도르 현대아울렛 동대문점,서울특별시 중구 장충단로13길 20 (을지로6가),37.568734553218,127.007666479829,11,140,SH,SH04,SH040300,2026-03-27 09:21:50+09:00,https://tong.visitkorea.or.kr/cms/resource/01/4023201_image2_1.jpg,https://tong.visitkorea.or.kr/cms/resource/01/4023201_image3_1.jpg,2026-09-05T02:11:57.636479+09:00
2916058,38,발렌시아가 신세계백화점 본점,서울특별시 중구 소공로 63 (충무로1가) 9층,37.560919019936,126.980979034083,11,140,SH,SH04,SH040300,2026-03-27 09:21:50+09:00,https://tong.visitkorea.or.kr/cms/resource/47/4020047_image2_1.jpg,https://tong.visitkorea.or.kr/cms/resource/47/4020047_image3_1.jpg,2026-09-05T02:11:57.636479+09:00
2916078,38,바쉐론콘스탄틴 롯데백화점 본점 에비뉴엘,서울특별시 중구 남대문로 73 (남대문로2가) 2층,37.56424508512,126.981781474221,11,140,SH,SH04,SH040300,2026-03-27 09:21:50+09:00,https://tong.visitkorea.or.kr/cms/resource/27/4020027_image2_1.jpg,https://tong.visitkorea.or.kr/cms/resource/27/4020027_image3_1.jpg,2026-09-05T02:11:57.636479+09:00
2916097,38,구구스 명동점,서울특별시 중구 남대문로7길 11 (소공동) 태양빌딩 1~2층,37.5636892672995,126.981249523015,11,140,SH,SH04,SH040300,2026-03-27 09:21:50+09:00,https://tong.visitkorea.or.kr/cms/resource/01/4044501_image2_1.jpg,https://tong.visitkorea.or.kr/cms/resource/01/4044501_image3_1.jpg,2026-09-05T02:11:57.636479+09:00
2916352,38,스케쳐스 현대아울렛 동대문점,서울특별시 중구 장충단로13길 20 (을지로6가),37.568734553218,127.007666479829,11,140,SH,SH04,SH040300,2026-03-27 09:21:50+09:00,https://tong.visitkorea.or.kr/cms/resource/77/4024177_image2_1.jpg,https://tong.visitkorea.or.kr/cms/resource/77/4024177_image3_1.jpg,2026-09-05T02:11:57.636479+09:00
2917181,38,에르메스 신세계백화점 본점,서울특별시 중구 소공로 63 (충무로1가) 1층,37.560919019936,126.980979034083,11,140,SH,SH04,SH040300,2026-03-27 09:21:50+09:00,https://tong.visitkorea.or.kr/cms/resource/13/4020113_image2_1.jpg,https://tong.visitkorea.or.kr/cms/resource/13/4020113_image3_1.jpg,2026-09-05T02:11:57.636479+09:00
2917240,38,브이스파 롯데백화점 본점 에비뉴엘,서울특별시 중구 남대문로 73 (남대문로2가) 10층,37.56424508512,126.981781474221,11,140,SH,SH04,SH040300,2026-03-30 09:16:11+09:00,https://tong.visitkorea.or.kr/cms/resource/24/4020024_image2_1.jpg,https://tong.visitkorea.or.kr/cms/resource/24/4020024_image3_1.jpg,2026-09-05T02:11:57.636479+09:00
2917635,38,TAJ 두타몰점,서울특별시 중구 장충단로 275 (을지로6가),37.5688849422849,127.008775114213,11,140,SH,SH04,SH040300,2026-03-26 09:20:41+09:00,https://tong.visitkorea.or.kr/cms/resource/61/4019361_image2_1.jpg,https://tong.visitkorea.or.kr/cms/resource/61/4019361_image3_1.jpg,2026-09-05T02:11:57.636479+09:00
2918330,38,플레이키즈프로 현대아울렛 동대문점,서울특별시 중구 장충단로13길 20 (을지로6가) 8층,37.568734553218,127.007666479829,11,140,SH,SH04,SH040300,2026-03-19 04:07:16+09:00,https://tong.visitkorea.or.kr/cms/resource/23/4023223_image2_1.jpg,https://tong.visitkorea.or.kr/cms/resource/23/4023223_image3_1.jpg,2026-09-05T02:11:57.636479+09:00
2918345,38,시스템 현대아울렛 동대문점,서울특별시 중구 장충단로13길 20 (을지로6가),37.568734553218,127.007666479829,11,140,SH,SH04,SH040300,2026-03-27 09:21:50+09:00,https://tong.visitkorea.or.kr/cms/resource/61/4023161_image2_1.jpg,https://tong.visitkorea.or.kr/cms/resource/61/4023161_image3_1.jpg,2026-09-05T02:11:57.636479+09:00
2918425,38,이세이미야케 신라호텔점,서울특별시 중구 동호로 249 (장충동2가) B1층,37.5575055053737,127.007952910656,11,140,SH,SH04,SH040300,2026-03-30 09:16:11+09:00,https://tong.visitkorea.or.kr/cms/resource/06/4020506_image2_1.jpeg,https://tong.visitkorea.or.kr/cms/resource/06/4020506_image3_1.jpeg,2026-09-05T02:11:57.636479+09:00
2918428,38,반스 두타몰점,서울특별시 중구 장충단로 275 (을지로6가) B1층,37.5688849422849,127.008775114213,11,140,SH,SH04,SH040300,2026-03-26 09:20:41+09:00,https://tong.visitkorea.or.kr/cms/resource/65/4019365_image2_1.jpg,https://tong.visitkorea.or.kr/cms/resource/65/4019365_image3_1.jpg,2026-09-05T02:11:57.636479+09:00
2918437,38,블랙야크 현대아울렛 동대문점,서울특별시 중구 장충단로13길 20 (을지로6가),37.568734553218,127.007666479829,11,140,SH,SH04,SH040300,2026-03-27 09:21:50+09:00,https://tong.visitkorea.or.kr/cms/resource/67/4023167_image2_1.jpg,https://tong.visitkorea.or.kr/cms/resource/67/4023167_image3_1.jpg,2026-09-05T02:11:57.636479+09:00
2918440,38,K1973 두타몰점,서울특별시 중구 장충단로 275 (을지로6가),37.5688849422849,127.008775114213,11,140,SH,SH04,SH040300,2026-03-26 09:20:41+09:00,https://tong.visitkorea.or.kr/cms/resource/53/4019353_image2_1.jpg,https://tong.visitkorea.or.kr/cms/resource/53/4019353_image3_1.jpg,2026-09-05T02:11:57.636479+09:00
2918461,38,갤럭시 신세계백화점 본점,서울특별시 중구 소공로 63 (충무로1가) 5층,37.560919019936,126.980979034083,11,140,SH,SH04,SH040300,2026-03-27 09:21:50+09:00,https://tong.visitkorea.or.kr/cms/resource/54/4020054_image2_1.jpg,https://tong.visitkorea.or.kr/cms/resource/54/4020054_image3_1.jpg,2026-09-05T02:11:57.636479+09:00
2922431,38,갤럭시 롯데백화점 본점,서울특별시 중구 남대문로 81 (소공동) 6층,37.5647299033135,126.981730421825,11,140,SH,SH04,SH040300,2026-03-25 09:34:32+09:00,https://tong.visitkorea.or.kr/cms/resource/71/4041971_image2_1.jpg,https://tong.visitkorea.or.kr/cms/resource/71/4041971_image3_1.jpg,2026-09-05T02:11:57.636479+09:00
2922495,38,에스콰이아 현대아울렛 동대문점,서울특별시 중구 장충단로13길 20 (을지로6가) B1층,37.568734553218,127.007666479829,11,140,SH,SH04,SH040300,2026-03-19 04:00:59+09:00,https://tong.visitkorea.or.kr/cms/resource/73/4023173_image2_1.jpg,https://tong.visitkorea.or.kr/cms/resource/73/4023173_image3_1.jpg,2026-09-05T02:11:57.636479+09:00
2922791,38,미소페 현대아울렛 동대문점,서울특별시 중구 장충단로13길 20 (을지로6가) 3층,37.568734553218,127.007666479829,11,140,SH,SH04,SH040300,2026-03-25 09:34:32+09:00,https://tong.visitkorea.or.kr/cms/resource/42/4041942_image2_1.jpg,https://tong.visitkorea.or.kr/cms/resource/42/4041942_image3_1.jpg,2026-09-05T02:11:57.636479+09:00
2922915,38,세란안경,서울특별시 중구 을지로 30 (소공동) B1층,37.5653458904198,126.9810075639,11,140,SH,SH04,SH040300,2026-03-27 09:21:50+09:00,https://tong.visitkorea.or.kr/cms/resource/98/4044898_image2_1.png,https://tong.visitkorea.or.kr/cms/resource/98/4044898_image3_1.png,2026-09-05T02:11:57.636479+09:00
2922938,38,몽블랑 롯데백화점 본점,서울특별시 중구 남대문로 81 (소공동) 2층,37.5647299033135,126.981730421825,11,140,SH,SH04,SH040300,2026-03-27 09:21:50+09:00,https://tong.visitkorea.or.kr/cms/resource/98/4020098_image2_1.jpg,https://tong.visitkorea.or.kr/cms/resource/98/4020098_image3_1.jpg,2026-09-05T02:11:57.636479+09:00
2922977,38,인터넷안경 명동지하쇼핑센터점,서울특별시 중구 소공로 지하102 (남대문로2가),37.5643059017854,126.979061355268,11,140,SH,SH04,SH040300,2026-04-01 05:34:41+09:00,https://tong.visitkorea.or.kr/cms/resource/08/4020508_image2_1.png,https://tong.visitkorea.or.kr/cms/resource/08/4020508_image3_1.png,2026-09-05T02:11:57.636479+09:00
2923747,38,에뛰드하우스 명동아트점,서울특별시 중구 명동8길 2 (명동2가) 1층,37.5635234944065,126.984419892479,11,140,SH,SH04,SH040300,2026-04-01 01:31:21+09:00,https://tong.visitkorea.or.kr/cms/resource/01/4017301_image2_1.jpg,https://tong.visitkorea.or.kr/cms/resource/01/4017301_image3_1.jpg,2026-09-05T02:11:57.636479+09:00
2923834,38,네스프레소 롯데백화점 본점,서울특별시 중구 남대문로 81 (소공동) 8층,37.5647299033135,126.981730421825,11,140,SH,SH04,SH040300,2026-03-27 09:21:50+09:00,https://tong.visitkorea.or.kr/cms/resource/89/4019989_image2_1.jpg,https://tong.visitkorea.or.kr/cms/resource/89/4019989_image3_1.jpg,2026-09-05T02:11:57.636479+09:00
2923996,38,크롬하츠 신세계백화점 본점,서울특별시 중구 소공로 63 (충무로1가) 1층,37.560919019936,126.980979034083,11,140,SH,SH04,SH040300,2026-04-07 00:12:23+09:00,https://tong.visitkorea.or.kr/cms/resource/96/4041996_image2_1.jpg,https://tong.visitkorea.or.kr/cms/resource/96/4041996_image3_1.jpg,2026-09-05T02:11:57.636479+09:00
2924011,38,쇼파드 롯데백화점 본점 에비뉴엘,서울특별시 중구 남대문로 73 (남대문로2가) 2층,37.56424508512,126.981781474221,11,140,SH,SH04,SH040300,2026-03-27 09:21:50+09:00,https://tong.visitkorea.or.kr/cms/resource/29/4020029_image2_1.jpg,https://tong.visitkorea.or.kr/cms/resource/29/4020029_image3_1.jpg,2026-09-05T02:11:57.636479+09:00
2924078,38,MLB 두타몰점,서울특별시 중구 장충단로 275 (을지로6가),37.5688849422849,127.008775114213,11,140,SH,SH04,SH040300,2026-03-19 09:49:59+09:00,https://tong.visitkorea.or.kr/cms/resource/82/4019382_image2_1.jpg,https://tong.visitkorea.or.kr/cms/resource/82/4019382_image3_1.jpg,2026-09-05T02:11:57.636479+09:00
2924139,38,아프리카안경 두타몰점,서울특별시 중구 장충단로 275 (을지로6가) 4층,37.5688849422849,127.008775114213,11,140,SH,SH04,SH040300,2026-04-01 04:41:23+09:00,https://tong.visitkorea.or.kr/cms/resource/55/4019355_image2_1.jpg,https://tong.visitkorea.or.kr/cms/resource/55/4019355_image3_1.jpg,2026-09-05T02:11:57.636479+09:00
2924331,38,프로젝트M 현대아울렛 동대문점,서울특별시 중구 장충단로13길 20 (을지로6가),37.568734553218,127.007666479829,11,140,SH,SH04,SH040300,2026-03-27 09:21:50+09:00,https://tong.visitkorea.or.kr/cms/resource/35/4023235_image2_1.jpg,https://tong.visitkorea.or.kr/cms/resource/35/4023235_image3_1.jpg,2026-09-05T02:11:57.636479+09:00
2924383,38,올리브영 충무로역점,서울특별시 중구 퇴계로 222 (필동2가),37.5615394822515,126.996408264215,11,140,SH,SH04,SH040300,2026-03-17 10:12:59+09:00,https://tong.visitkorea.or.kr/cms/resource/46/4028846_image2_1.jpg,https://tong.visitkorea.or.kr/cms/resource/46/4028846_image3_1.jpg,2026-09-05T02:11:57.636479+09:00
2924392,38,본지플로어 현대아울렛 동대문점,서울특별시 중구 장충단로13길 20 (을지로6가) 6층,37.568734553218,127.007666479829,11,140,SH,SH04,SH040300,2026-03-19 06:22:58+09:00,https://tong.visitkorea.or.kr/cms/resource/54/4024154_image2_1.jpg,https://tong.visitkorea.or.kr/cms/resource/54/4024154_image3_1.jpg,2026-09-05T02:11:57.636479+09:00
2924443,38,스타일노리터 현대아울렛 동대문점,서울특별시 중구 장충단로13길 20 (을지로6가),37.568734553218,127.007666479829,11,140,SH,SH04,SH040300,2026-03-26 09:20:41+09:00,https://tong.visitkorea.or.kr/cms/resource/95/4041995_image2_1.jpg,https://tong.visitkorea.or.kr/cms/resource/95/4041995_image3_1.jpg,2026-09-05T02:11:57.636479+09:00
2924476,38,발렌티노 신세계백화점 본점,서울특별시 중구 소공로 63 (충무로1가) 2층,37.560919019936,126.980979034083,11,140,SH,SH04,SH040300,2026-03-27 09:21:50+09:00,https://tong.visitkorea.or.kr/cms/resource/61/4020061_image2_1.jpg,https://tong.visitkorea.or.kr/cms/resource/61/4020061_image3_1.jpg,2026-09-05T02:11:57.636479+09:00
2924485,38,삼성전자 롯데백화점 본점,서울특별시 중구 남대문로 81 (소공동) 9층,37.5647299033135,126.981730421825,11,140,SH,SH04,SH040300,2026-03-19 09:49:59+09:00,https://tong.visitkorea.or.kr/cms/resource/91/4019991_image2_1.jpg,https://tong.visitkorea.or.kr/cms/resource/91/4019991_image3_1.jpg,2026-09-05T02:11:57.636479+09:00
2924508,38,스타일핏 두타몰점,서울특별시 중구 장충단로 275 (을지로6가) 2층,37.5688849422849,127.008775114213,11,140,SH,SH04,SH040300,2026-03-30 09:16:11+09:00,https://tong.visitkorea.or.kr/cms/resource/66/4019466_image2_1.jpg,https://tong.visitkorea.or.kr/cms/resource/66/4019466_image3_1.jpg,2026-09-05T02:11:57.636479+09:00
2924529,38,발렌티노 남성 신세계백화점 본점,서울특별시 중구 퇴계로 77 (충무로1가) 6층,37.5603438884295,126.980823104019,11,140,SH,SH04,SH040300,2026-03-27 09:21:50+09:00,https://tong.visitkorea.or.kr/cms/resource/59/4020059_image2_1.jpg,https://tong.visitkorea.or.kr/cms/resource/59/4020059_image3_1.jpg,2026-09-05T02:11:57.636479+09:00
2924537,38,듀엘 현대아울렛 동대문점,서울특별시 중구 장충단로13길 20 (을지로6가) 1층,37.568734553218,127.007666479829,11,140,SH,SH04,SH040300,2026-03-27 09:21:50+09:00,https://tong.visitkorea.or.kr/cms/resource/04/4023204_image2_1.jpg,https://tong.visitkorea.or.kr/cms/resource/04/4023204_image3_1.jpg,2026-09-05T02:11:57.636479+09:00
2924550,38,쿠엔즈버킷,서울특별시 중구 퇴계로64길 5-4 (광희동2가),37.5638235217856,127.008578029558,11,140,SH,SH04,SH040300,2026-03-27 09:21:50+09:00,https://tong.visitkorea.or.kr/cms/resource/46/4045246_image2_1.jpg,https://tong.visitkorea.or.kr/cms/resource/46/4045246_image3_1.jpg,2026-09-05T02:11:57.636479+09:00
2924598,38,올젠 현대아울렛 동대문점,서울특별시 중구 장충단로13길 20 (을지로6가) 6층,37.568734553218,127.007666479829,11,140,SH,SH04,SH040300,2026-03-27 09:21:50+09:00,https://tong.visitkorea.or.kr/cms/resource/58/4023158_image2_1.jpg,https://tong.visitkorea.or.kr/cms/resource/58/4023158_image3_1.jpg,2026-09-05T02:11:57.636479+09:00
2924600,38,지오지아 현대아울렛 동대문점,서울특별시 중구 장충단로13길 20 (을지로6가) 6층,37.568734553218,127.007666479829,11,140,SH,SH04,SH040300,2026-03-27 09:21:50+09:00,https://tong.visitkorea.or.kr/cms/resource/60/4023160_image2_1.jpg,https://tong.visitkorea.or.kr/cms/resource/60/4023160_image3_1.jpg,2026-09-05T02:11:57.636479+09:00
2924614,38,핑골프 현대아울렛 동대문점,서울특별시 중구 장충단로13길 20 (을지로6가),37.568734553218,127.007666479829,11,140,SH,SH04,SH040300,2026-03-19 03:58:53+09:00,https://tong.visitkorea.or.kr/cms/resource/69/4023169_image2_1.jpg,https://tong.visitkorea.or.kr/cms/resource/69/4023169_image3_1.jpg,2026-09-05T02:11:57.636479+09:00
2924616,38,로이드 현대아울렛 동대문점,서울특별시 중구 장충단로13길 20 (을지로6가) 1층,37.568734553218,127.007666479829,11,140,SH,SH04,SH040300,2026-03-27 09:21:50+09:00,https://tong.visitkorea.or.kr/cms/resource/11/4023211_image2_1.jpg,https://tong.visitkorea.or.kr/cms/resource/11/4023211_image3_1.jpg,2026-09-05T02:11:57.636479+09:00
2924622,38,네파 현대아울렛 동대문점,서울특별시 중구 장충단로13길 20 (을지로6가) 7층,37.568734553218,127.007666479829,11,140,SH,SH04,SH040300,2026-03-27 09:21:50+09:00,https://tong.visitkorea.or.kr/cms/resource/66/4023166_image2_1.jpg,https://tong.visitkorea.or.kr/cms/resource/66/4023166_image3_1.jpg,2026-09-05T02:11:57.636479+09:00
2924670,38,지오송지오 현대아울렛 동대문점,서울특별시 중구 장충단로13길 20 (을지로6가) 6층,37.568734553218,127.007666479829,11,140,SH,SH04,SH040300,2026-03-27 09:21:50+09:00,https://tong.visitkorea.or.kr/cms/resource/05/4023205_image2_1.jpg,https://tong.visitkorea.or.kr/cms/resource/05/4023205_image3_1.jpg,2026-09-05T02:11:57.636479+09:00
2924801,38,온더스팟 명동점,서울특별시 중구 명동8길 37-12 (충무로2가),37.5619537246572,126.985410685549,11,140,SH,SH04,SH040300,2026-03-27 09:21:50+09:00,https://tong.visitkorea.or.kr/cms/resource/00/4043300_image2_1.jpg,https://tong.visitkorea.or.kr/cms/resource/00/4043300_image3_1.jpg,2026-09-05T02:11:57.636479+09:00
2924824,38,올리브영 제일제당센터점,서울특별시 중구 동호로 330 (쌍림동),37.5639736242816,127.003253199367,11,140,SH,SH04,SH040300,2026-03-17 10:12:59+09:00,https://tong.visitkorea.or.kr/cms/resource/16/4028816_image2_1.jpg,https://tong.visitkorea.or.kr/cms/resource/16/4028816_image3_1.jpg,2026-09-05T02:11:57.636479+09:00
2924834,38,프라다 남성 롯데백화점 본점,서울특별시 중구 남대문로 81 (소공동) 5층,37.5647299033135,126.981730421825,11,140,SH,SH04,SH040300,2026-03-27 09:21:50+09:00,https://tong.visitkorea.or.kr/cms/resource/92/4019992_image2_1.jpg,https://tong.visitkorea.or.kr/cms/resource/92/4019992_image3_1.jpg,2026-09-05T02:11:57.636479+09:00
2925469,38,샤틴 현대아울렛 동대문점,서울특별시 중구 장충단로13길 20 (을지로6가) 4층,37.568734553218,127.007666479829,11,140,SH,SH04,SH040300,2026-03-27 09:21:50+09:00,https://tong.visitkorea.or.kr/cms/resource/21/4023221_image2_1.jpg,https://tong.visitkorea.or.kr/cms/resource/21/4023221_image3_1.jpg,2026-09-05T02:11:57.636479+09:00
2925585,38,서전안경 두타몰점,서울특별시 중구 장충단로 275 (을지로6가) 3층,37.5688849422849,127.008775114213,11,140,SH,SH04,SH040300,2026-03-19 09:49:59+09:00,https://tong.visitkorea.or.kr/cms/resource/78/4019378_image2_1.jpg,https://tong.visitkorea.or.kr/cms/resource/78/4019378_image3_1.jpg,2026-09-05T02:11:57.636479+09:00
2925735,38,라이카 스토어 신세계백화점 본점,서울특별시 중구 소공로 63 (충무로1가) 6층,37.560919019936,126.980979034083,11,140,SH,SH04,SH040300,2026-03-19 09:49:59+09:00,https://tong.visitkorea.or.kr/cms/resource/31/4020131_image2_1.jpg,https://tong.visitkorea.or.kr/cms/resource/31/4020131_image3_1.jpg,2026-09-05T02:11:57.636479+09:00
2925740,38,프라다 남성 신세계백화점 본점,서울특별시 중구 소공로 63 (충무로1가) 6층,37.560919019936,126.980979034083,11,140,SH,SH04,SH040300,2026-03-27 09:21:50+09:00,https://tong.visitkorea.or.kr/cms/resource/71/4020071_image2_1.jpg,https://tong.visitkorea.or.kr/cms/resource/71/4020071_image3_1.jpg,2026-09-05T02:11:57.636479+09:00
2925768,38,브리오니 신라호텔점,서울특별시 중구 동호로 249 (장충동2가) B1층,37.5575055053737,127.007952910656,11,140,SH,SH04,SH040300,2026-03-16 10:54:17+09:00,https://tong.visitkorea.or.kr/cms/resource/47/4017247_image2_1.jpeg,https://tong.visitkorea.or.kr/cms/resource/47/4017247_image3_1.jpeg,2026-09-05T02:11:57.636479+09:00
2926494,38,보테가베네타 롯데백화점 본점,서울특별시 중구 남대문로 81 (소공동),37.5647299033135,126.981730421825,11,140,SH,SH04,SH040300,2026-03-27 09:21:50+09:00,https://tong.visitkorea.or.kr/cms/resource/09/4020009_image2_1.jpg,https://tong.visitkorea.or.kr/cms/resource/09/4020009_image3_1.jpg,2026-09-05T02:11:57.636479+09:00
2926563,38,삼성 신세계백화점 본점,서울특별시 중구 퇴계로 77 (충무로1가),37.5603438884295,126.980823104019,11,140,SH,SH04,SH040300,2026-03-19 09:49:59+09:00,https://tong.visitkorea.or.kr/cms/resource/76/4020076_image2_1.jpg,https://tong.visitkorea.or.kr/cms/resource/76/4020076_image3_1.jpg,2026-09-05T02:11:57.636479+09:00
2926600,38,금강제화 롯데백화점 본점,서울특별시 중구 남대문로 81 (소공동) B1층,37.5647299033135,126.981730421825,11,140,SH,SH04,SH040300,2026-03-19 09:49:59+09:00,https://tong.visitkorea.or.kr/cms/resource/01/4020101_image2_1.jpg,https://tong.visitkorea.or.kr/cms/resource/01/4020101_image3_1.jpg,2026-09-05T02:11:57.636479+09:00
2926662,38,발렌시아가 롯데백화점 본점,서울특별시 중구 남대문로 81 (소공동),37.5647299033135,126.981730421825,11,140,SH,SH04,SH040300,2026-03-27 09:21:50+09:00,https://tong.visitkorea.or.kr/cms/resource/11/4020011_image2_1.jpg,https://tong.visitkorea.or.kr/cms/resource/11/4020011_image3_1.jpg,2026-09-05T02:11:57.636479+09:00
2926980,38,핫트랙스 현대아울렛 동대문점,서울특별시 중구 장충단로13길 20 (을지로6가) B1층,37.568734553218,127.007666479829,11,140,SH,SH04,SH040300,2026-03-27 09:21:50+09:00,https://tong.visitkorea.or.kr/cms/resource/39/4043139_image2_1.jpg,https://tong.visitkorea.or.kr/cms/resource/39/4043139_image3_1.jpg,2026-09-05T02:11:57.636479+09:00
2927049,38,교보문고 현대아울렛 동대문점,서울특별시 중구 장충단로13길 20 (을지로6가) B1층,37.568734553218,127.007666479829,11,140,SH,SH04,SH040300,2026-03-27 09:21:50+09:00,https://tong.visitkorea.or.kr/cms/resource/68/4019468_image2_1.jpg,https://tong.visitkorea.or.kr/cms/resource/68/4019468_image3_1.jpg,2026-09-05T02:11:57.636479+09:00
2927201,38,토니모리 남대문점,서울특별시 중구 남대문시장길 12 (남창동),37.5599794963351,126.976659184246,11,140,SH,SH04,SH040300,2026-03-27 09:21:50+09:00,https://tong.visitkorea.or.kr/cms/resource/95/4044595_image2_1.jpg,https://tong.visitkorea.or.kr/cms/resource/95/4044595_image3_1.jpg,2026-09-05T02:11:57.636479+09:00
2927404,38,다이소 서울시청광장점,서울특별시 중구 세종대로 93 (태평로2가),37.5647034150206,126.976627149878,11,140,SH,SH04,SH040300,2026-03-19 06:44:05+09:00,https://tong.visitkorea.or.kr/cms/resource/83/4029483_image2_1.jpg,https://tong.visitkorea.or.kr/cms/resource/83/4029483_image3_1.jpg,2026-09-05T02:11:57.636479+09:00
2928048,38,파네라이 롯데백화점 본점 에비뉴엘,서울특별시 중구 남대문로 73 (남대문로2가) 2층,37.56424508512,126.981781474221,11,140,SH,SH04,SH040300,2026-03-27 09:21:50+09:00,https://tong.visitkorea.or.kr/cms/resource/25/4020025_image2_1.jpg,https://tong.visitkorea.or.kr/cms/resource/25/4020025_image3_1.jpg,2026-09-05T02:11:57.636479+09:00
2928145,38,블랑팡 신세계백화점 본점,서울특별시 중구 소공로 63 (충무로1가) B1층,37.560919019936,126.980979034083,11,140,SH,SH04,SH040300,2026-03-16 10:54:17+09:00,https://tong.visitkorea.or.kr/cms/resource/97/4020097_image2_1.jpg,https://tong.visitkorea.or.kr/cms/resource/97/4020097_image3_1.jpg,2026-09-05T02:11:57.636479+09:00
2928175,38,벨루티 신세계백화점 본점,서울특별시 중구 소공로 63 (충무로1가) 6층,37.560919019936,126.980979034083,11,140,SH,SH04,SH040300,2026-03-16 10:54:17+09:00,https://tong.visitkorea.or.kr/cms/resource/14/4020114_image2_1.jpg,https://tong.visitkorea.or.kr/cms/resource/14/4020114_image3_1.jpg,2026-09-05T02:11:57.636479+09:00
2928539,38,K2 현대아울렛 동대문점,서울특별시 중구 장충단로13길 20 (을지로6가) 7층,37.568734553218,127.007666479829,11,140,SH,SH04,SH040300,2026-03-18 10:10:05+09:00,https://tong.visitkorea.or.kr/cms/resource/17/4023217_image2_1.jpg,https://tong.visitkorea.or.kr/cms/resource/17/4023217_image3_1.jpg,2026-09-05T02:11:57.636479+09:00
2928936,38,바쏘 현대아울렛 동대문점,서울특별시 중구 장충단로13길 20 (을지로6가) 6층,37.568734553218,127.007666479829,11,140,SH,SH04,SH040300,2026-03-18 10:10:05+09:00,https://tong.visitkorea.or.kr/cms/resource/03/4023203_image2_1.jpg,https://tong.visitkorea.or.kr/cms/resource/03/4023203_image3_1.jpg,2026-09-05T02:11:57.636479+09:00
2928947,38,가네시 롯데백화점 본점,서울특별시 중구 남대문로 81 (소공동) B1층,37.5647299033135,126.981730421825,11,140,SH,SH04,SH040300,2026-03-30 09:16:11+09:00,https://tong.visitkorea.or.kr/cms/resource/97/4019997_image2_1.jpg,https://tong.visitkorea.or.kr/cms/resource/97/4019997_image3_1.jpg,2026-09-05T02:11:57.636479+09:00
2929185,38,탠디 현대아울렛 동대문점,서울특별시 중구 장충단로13길 20 (을지로6가) B1층,37.568734553218,127.007666479829,11,140,SH,SH04,SH040300,2026-03-27 09:21:50+09:00,https://tong.visitkorea.or.kr/cms/resource/36/4023236_image2_1.jpg,https://tong.visitkorea.or.kr/cms/resource/36/4023236_image3_1.jpg,2026-09-05T02:11:57.636479+09:00
2929208,38,갤럭시라이프스타일 롯데백화점 본점,서울특별시 중구 남대문로 81 (소공동) 6층,37.5647299033135,126.981730421825,11,140,SH,SH04,SH040300,2026-03-27 09:21:50+09:00,https://tong.visitkorea.or.kr/cms/resource/13/4020013_image2_1.jpg,https://tong.visitkorea.or.kr/cms/resource/13/4020013_image3_1.jpg,2026-09-05T02:11:57.636479+09:00
2929269,38,크록스 현대아울렛 동대문점,서울특별시 중구 장충단로13길 20 (을지로6가) 5층,37.568734553218,127.007666479829,11,140,SH,SH04,SH040300,2026-03-27 09:21:50+09:00,https://tong.visitkorea.or.kr/cms/resource/70/4023170_image2_1.jpg,https://tong.visitkorea.or.kr/cms/resource/70/4023170_image3_1.jpg,2026-09-05T02:11:57.636479+09:00
2929311,38,쇼메 롯데백화점 본점 에비뉴엘,서울특별시 중구 남대문로 73 (남대문로2가) 3층,37.56424508512,126.981781474221,11,140,SH,SH04,SH040300,2026-03-27 09:21:50+09:00,https://tong.visitkorea.or.kr/cms/resource/04/4020004_image2_1.jpg,https://tong.visitkorea.or.kr/cms/resource/04/4020004_image3_1.jpg,2026-09-05T02:11:57.636479+09:00
2929374,38,신세계백화점 본점 더 리저브,서울특별시 중구 소공로 63 (충무로1가),37.560919019936,126.980979034083,11,140,SH,SH04,SH040300,2026-03-19 09:49:59+09:00,https://tong.visitkorea.or.kr/cms/resource/12/4020112_image2_1.jpg,https://tong.visitkorea.or.kr/cms/resource/12/4020112_image3_1.jpg,2026-09-05T02:11:57.636479+09:00
2929480,38,올리브영 명동역점,"서울특별시 중구 퇴계로 115 (충무로1가) 1,2층",37.56105243357,126.984514234793,11,140,SH,SH04,SH040300,2026-03-17 10:12:59+09:00,https://tong.visitkorea.or.kr/cms/resource/39/4028839_image2_1.png,https://tong.visitkorea.or.kr/cms/resource/39/4028839_image3_1.png,2026-09-05T02:11:57.636479+09:00
292961,15,서울 왕궁수문장 교대의식,서울특별시 중구 세종대로 99 (정동),37.565054919430565,126.97657463444833,11,140,EV,EV02,EV020100,2026-03-12 09:08:40+09:00,https://tong.visitkorea.or.kr/cms/resource/79/4039379_image2_1.jpg,https://tong.visitkorea.or.kr/cms/resource/79/4039379_image3_1.jpg,2026-09-05T02:11:57.636479+09:00
2929874,38,오메가 신세계백화점 본점,서울특별시 중구 소공로 63 (충무로1가) B1층,37.560919019936,126.980979034083,11,140,SH,SH04,SH040300,2026-03-16 10:54:17+09:00,https://tong.visitkorea.or.kr/cms/resource/19/4020119_image2_1.jpg,https://tong.visitkorea.or.kr/cms/resource/19/4020119_image3_1.jpg,2026-09-05T02:11:57.636479+09:00
2929883,38,쉬즈미스 현대아울렛 동대문점,서울특별시 중구 장충단로13길 20 (을지로6가) 3층,37.568734553218,127.007666479829,11,140,SH,SH04,SH040300,2026-03-27 09:21:50+09:00,https://tong.visitkorea.or.kr/cms/resource/78/4023178_image2_1.jpg,https://tong.visitkorea.or.kr/cms/resource/78/4023178_image3_1.jpg,2026-09-05T02:11:57.636479+09:00
2930087,38,디올 롯데백화점 본점,서울특별시 중구 남대문로 81 (소공동),37.5647299033135,126.981730421825,11,140,SH,SH04,SH040300,2026-03-27 09:21:50+09:00,https://tong.visitkorea.or.kr/cms/resource/85/4019985_image2_1.jpg,https://tong.visitkorea.or.kr/cms/resource/85/4019985_image3_1.jpg,2026-09-05T02:11:57.636479+09:00
2930204,38,올리브영 명동대로점,서울특별시 중구 퇴계로 120 (남산동1가),37.5605784919404,126.985079559392,11,140,SH,SH04,SH040300,2026-03-17 10:12:59+09:00,https://tong.visitkorea.or.kr/cms/resource/44/4028844_image2_1.png,https://tong.visitkorea.or.kr/cms/resource/44/4028844_image3_1.png,2026-09-05T02:11:57.636479+09:00
2930299,38,훕시티,서울특별시 중구 퇴계로 324 (광희동2가) 성우빌딩 1층,37.5640163037802,127.007725305926,11,140,SH,SH04,SH040300,2026-03-19 09:49:59+09:00,https://tong.visitkorea.or.kr/cms/resource/76/4020476_image2_1.jpeg,https://tong.visitkorea.or.kr/cms/resource/76/4020476_image3_1.jpeg,2026-09-05T02:11:57.636479+09:00
2930395,38,에비수 두타몰점,서울특별시 중구 장충단로 275 (을지로6가) B2층,37.5688849422849,127.008775114213,11,140,SH,SH04,SH040300,2026-03-26 09:20:41+09:00,https://tong.visitkorea.or.kr/cms/resource/68/4019368_image2_1.jpg,https://tong.visitkorea.or.kr/cms/resource/68/4019368_image3_1.jpg,2026-09-05T02:11:57.636479+09:00
2930420,38,휠라 현대아울렛 동대문점,서울특별시 중구 장충단로13길 20 (을지로6가),37.568734553218,127.007666479829,11,140,SH,SH04,SH040300,2026-03-27 09:21:50+09:00,https://tong.visitkorea.or.kr/cms/resource/38/4023238_image2_1.jpg,https://tong.visitkorea.or.kr/cms/resource/38/4023238_image3_1.jpg,2026-09-05T02:11:57.636479+09:00
2930604,38,스케쳐스 두타몰점,서울특별시 중구 장충단로 275 (을지로6가) B1층,37.5688849422849,127.008775114213,11,140,SH,SH04,SH040300,2026-03-26 09:20:41+09:00,https://tong.visitkorea.or.kr/cms/resource/70/4019370_image2_1.jpg,https://tong.visitkorea.or.kr/cms/resource/70/4019370_image3_1.jpg,2026-09-05T02:11:57.636479+09:00
2930607,38,버커루 현대아울렛 동대문점,서울특별시 중구 장충단로13길 20 (을지로6가) 4층,37.568734553218,127.007666479829,11,140,SH,SH04,SH040300,2026-03-27 09:21:50+09:00,https://tong.visitkorea.or.kr/cms/resource/19/4023219_image2_1.jpg,https://tong.visitkorea.or.kr/cms/resource/19/4023219_image3_1.jpg,2026-09-05T02:11:57.636479+09:00
2930617,38,젠틀몬스터 롯데백화점 본점,서울특별시 중구 남대문로 81 (소공동) 3층,37.5647299033135,126.981730421825,11,140,SH,SH04,SH040300,2026-03-27 09:21:50+09:00,https://tong.visitkorea.or.kr/cms/resource/00/4020000_image2_1.jpg,https://tong.visitkorea.or.kr/cms/resource/00/4020000_image3_1.jpg,2026-09-05T02:11:57.636479+09:00
2930742,38,파피루스 롯데백화점 본점,서울특별시 중구 남대문로 81 (소공동) 5층,37.5647299033135,126.981730421825,11,140,SH,SH04,SH040300,2026-03-30 09:16:11+09:00,https://tong.visitkorea.or.kr/cms/resource/71/4017271_image2_1.jpg,https://tong.visitkorea.or.kr/cms/resource/71/4017271_image3_1.jpg,2026-09-05T02:11:57.636479+09:00
2930747,38,엠핀 을지로점,서울특별시 중구 명동7길 23 (을지로2가) 대고빌딩 1층,37.56482198118,126.984200943733,11,140,SH,SH04,SH040300,2026-03-19 09:49:59+09:00,https://tong.visitkorea.or.kr/cms/resource/41/4020541_image2_1.jpeg,https://tong.visitkorea.or.kr/cms/resource/41/4020541_image3_1.jpeg,2026-09-05T02:11:57.636479+09:00
2930754,38,프리스비 광화문점,서울특별시 중구 청계천로 8 (무교동) 1층,37.5688599221033,126.978212033714,11,140,SH,SH04,SH040300,2026-03-27 09:21:50+09:00,https://tong.visitkorea.or.kr/cms/resource/29/4043329_image2_1.jpg,https://tong.visitkorea.or.kr/cms/resource/29/4043329_image3_1.jpg,2026-09-05T02:11:57.636479+09:00
2930767,38,타임갤러리아 두타몰점,서울특별시 중구 장충단로 275 (을지로6가) B2층,37.5688849422849,127.008775114213,11,140,SH,SH04,SH040300,2026-03-19 09:49:59+09:00,https://tong.visitkorea.or.kr/cms/resource/71/4019371_image2_1.jpg,https://tong.visitkorea.or.kr/cms/resource/71/4019371_image3_1.jpg,2026-09-05T02:11:57.636479+09:00
2930775,38,타임옴므 현대아울렛 동대문점,서울특별시 중구 장충단로13길 20 (을지로6가) 6층,37.568734553218,127.007666479829,11,140,SH,SH04,SH040300,2026-03-27 09:21:50+09:00,https://tong.visitkorea.or.kr/cms/resource/40/4023240_image2_1.jpg,https://tong.visitkorea.or.kr/cms/resource/40/4023240_image3_1.jpg,2026-09-05T02:11:57.636479+09:00
2930776,38,JJ지고트 현대아울렛 동대문점,서울특별시 중구 장충단로13길 20 (을지로6가),37.568734553218,127.007666479829,11,140,SH,SH04,SH040300,2026-03-27 09:21:50+09:00,https://tong.visitkorea.or.kr/cms/resource/91/4023191_image2_1.jpg,https://tong.visitkorea.or.kr/cms/resource/91/4023191_image3_1.jpg,2026-09-05T02:11:57.636479+09:00
2930790,38,HEAL 두타몰점,서울특별시 중구 장충단로 275 (을지로6가),37.5688849422849,127.008775114213,11,140,SH,SH04,SH040300,2026-03-26 09:20:41+09:00,https://tong.visitkorea.or.kr/cms/resource/57/4019357_image2_1.jpg,https://tong.visitkorea.or.kr/cms/resource/57/4019357_image3_1.jpg,2026-09-05T02:11:57.636479+09:00
2930803,38,룩옵티컬 현대아울렛 동대문점,서울특별시 중구 장충단로13길 20 (을지로6가) B1층,37.568734553218,127.007666479829,11,140,SH,SH04,SH040300,2026-03-27 09:21:50+09:00,https://tong.visitkorea.or.kr/cms/resource/57/4024157_image2_1.jpg,https://tong.visitkorea.or.kr/cms/resource/57/4024157_image3_1.jpg,2026-09-05T02:11:57.636479+09:00
2930847,38,오렌즈 현대아울렛 동대문점,서울특별시 중구 장충단로13길 20 (을지로6가) B1층,37.568734553218,127.007666479829,11,140,SH,SH04,SH040300,2026-03-27 09:21:50+09:00,https://tong.visitkorea.or.kr/cms/resource/62/4023462_image2_1.jpg,https://tong.visitkorea.or.kr/cms/resource/62/4023462_image3_1.jpg,2026-09-05T02:11:57.636479+09:00
2930859,38,AK골프 롯데백화점 본점,서울특별시 중구 남대문로 81 (소공동),37.5647299033135,126.981730421825,11,140,SH,SH04,SH040300,2026-03-27 09:21:50+09:00,https://tong.visitkorea.or.kr/cms/resource/86/4019986_image2_1.jpg,https://tong.visitkorea.or.kr/cms/resource/86/4019986_image3_1.jpg,2026-09-05T02:11:57.636479+09:00
2930917,38,오렌즈 약수역점,서울특별시 중구 다산로 117 (신당동) 1층,37.5546053780447,127.010244789868,11,140,SH,SH04,SH040300,2026-03-27 09:21:50+09:00,https://tong.visitkorea.or.kr/cms/resource/48/4043648_image2_1.jpeg,https://tong.visitkorea.or.kr/cms/resource/48/4043648_image3_1.jpeg,2026-09-05T02:11:57.636479+09:00
2930961,38,잇미샤 현대아울렛 동대문점,서울특별시 중구 장충단로13길 20 (을지로6가),37.568734553218,127.007666479829,11,140,SH,SH04,SH040300,2026-03-27 09:21:50+09:00,https://tong.visitkorea.or.kr/cms/resource/81/4023181_image2_1.jpg,https://tong.visitkorea.or.kr/cms/resource/81/4023181_image3_1.jpg,2026-09-05T02:11:57.636479+09:00
2930963,38,트루젠 현대아울렛 동대문점,서울특별시 중구 장충단로13길 20 (을지로6가) 6층,37.568734553218,127.007666479829,11,140,SH,SH04,SH040300,2026-03-26 09:20:41+09:00,https://tong.visitkorea.or.kr/cms/resource/91/4041991_image2_1.jpg,https://tong.visitkorea.or.kr/cms/resource/91/4041991_image3_1.jpg,2026-09-05T02:11:57.636479+09:00
2930966,38,닥스여성 롯데백화점 본점,서울특별시 중구 남대문로 81 (소공동) 4층,37.5647299033135,126.981730421825,11,140,SH,SH04,SH040300,2026-03-19 09:49:59+09:00,https://tong.visitkorea.or.kr/cms/resource/01/4020001_image2_1.jpg,https://tong.visitkorea.or.kr/cms/resource/01/4020001_image3_1.jpg,2026-09-05T02:11:57.636479+09:00
2930973,38,나이키 두타몰점,서울특별시 중구 장충단로 275 (을지로6가) 1층,37.5688849422849,127.008775114213,11,140,SH,SH04,SH040300,2026-03-26 09:20:41+09:00,https://tong.visitkorea.or.kr/cms/resource/62/4019362_image2_1.jpg,https://tong.visitkorea.or.kr/cms/resource/62/4019362_image3_1.jpg,2026-09-05T02:11:57.636479+09:00
2931026,38,모이몰른 현대아울렛 동대문점,서울특별시 중구 장충단로13길 20 (을지로6가) 8층,37.568734553218,127.007666479829,11,140,SH,SH04,SH040300,2026-03-27 09:21:50+09:00,https://tong.visitkorea.or.kr/cms/resource/34/4023234_image2_1.jpg,https://tong.visitkorea.or.kr/cms/resource/34/4023234_image3_1.jpg,2026-09-05T02:11:57.636479+09:00
2931074,38,이니스프리 명동역점,서울특별시 중구 명동8길 43 (충무로2가) 2층,37.5618648432278,126.985065494534,11,140,SH,SH04,SH040300,2026-03-27 09:21:50+09:00,https://tong.visitkorea.or.kr/cms/resource/04/4043304_image2_1.jpg,https://tong.visitkorea.or.kr/cms/resource/04/4043304_image3_1.jpg,2026-09-05T02:11:57.636479+09:00
2931094,38,트라이엄프 현대아울렛 동대문점,서울특별시 중구 장충단로13길 20 (을지로6가),37.568734553218,127.007666479829,11,140,SH,SH04,SH040300,2026-03-27 09:21:50+09:00,https://tong.visitkorea.or.kr/cms/resource/76/4023176_image2_1.jpg,https://tong.visitkorea.or.kr/cms/resource/76/4023176_image3_1.jpg,2026-09-05T02:11:57.636479+09:00
2931340,38,올리브영 시청역점,서울특별시 중구 세종대로16길 1 (태평로2가),37.5635395136491,126.977115909353,11,140,SH,SH04,SH040300,2026-03-17 10:12:59+09:00,https://tong.visitkorea.or.kr/cms/resource/25/4028825_image2_1.png,https://tong.visitkorea.or.kr/cms/resource/25/4028825_image3_1.png,2026-09-05T02:11:57.636479+09:00
2931361,38,올리브영 신당역점,서울특별시 중구 다산로 258 (흥인동),37.5657948536437,127.016623843671,11,140,SH,SH04,SH040300,2026-03-17 10:12:59+09:00,https://tong.visitkorea.or.kr/cms/resource/13/4028813_image2_1.jpeg,https://tong.visitkorea.or.kr/cms/resource/13/4028813_image3_1.jpeg,2026-09-05T02:11:57.636479+09:00
2931373,38,캉골 현대아울렛 동대문점,서울특별시 중구 장충단로13길 20 (을지로6가) 5층,37.568734553218,127.007666479829,11,140,SH,SH04,SH040300,2026-03-27 09:21:50+09:00,https://tong.visitkorea.or.kr/cms/resource/71/4023171_image2_1.jpg,https://tong.visitkorea.or.kr/cms/resource/71/4023171_image3_1.jpg,2026-09-05T02:11:57.636479+09:00
2931407,38,펠리체조수니 현대아울렛 동대문점,서울특별시 중구 장충단로13길 20 (을지로6가) 3층,37.568734553218,127.007666479829,11,140,SH,SH04,SH040300,2026-03-27 09:21:50+09:00,https://tong.visitkorea.or.kr/cms/resource/94/4023194_image2_1.jpg,https://tong.visitkorea.or.kr/cms/resource/94/4023194_image3_1.jpg,2026-09-05T02:11:57.636479+09:00
2931431,38,골든듀 신세계백화점 본점,서울특별시 중구 소공로 63 (충무로1가),37.560919019936,126.980979034083,11,140,SH,SH04,SH040300,2026-03-27 09:21:50+09:00,https://tong.visitkorea.or.kr/cms/resource/65/4020065_image2_1.jpg,https://tong.visitkorea.or.kr/cms/resource/65/4020065_image3_1.jpg,2026-09-05T02:11:57.636479+09:00
2931509,38,웰니스약국,서울특별시 중구 명동10길 51 (충무로2가) 1층,37.5615921385709,126.986022168744,11,140,SH,SH04,SH040300,2026-04-07 00:11:23+09:00,https://tong.visitkorea.or.kr/cms/resource/98/4043198_image2_1.jpg,https://tong.visitkorea.or.kr/cms/resource/98/4043198_image3_1.jpg,2026-09-05T02:11:57.636479+09:00
2931668,38,지방시뷰티 롯데백화점 본점,서울특별시 중구 남대문로 81 (소공동) B1층,37.5647299033135,126.981730421825,11,140,SH,SH04,SH040300,2026-03-19 09:49:59+09:00,https://tong.visitkorea.or.kr/cms/resource/26/4020026_image2_1.jpg,https://tong.visitkorea.or.kr/cms/resource/26/4020026_image3_1.jpg,2026-09-05T02:11:57.636479+09:00
2931715,38,휠라키즈 현대아울렛 동대문점,서울특별시 중구 장충단로13길 20 (을지로6가),37.568734553218,127.007666479829,11,140,SH,SH04,SH040300,2026-03-18 10:10:05+09:00,https://tong.visitkorea.or.kr/cms/resource/63/4023163_image2_1.jpg,https://tong.visitkorea.or.kr/cms/resource/63/4023163_image3_1.jpg,2026-09-05T02:11:57.636479+09:00
2931716,38,올리브영 동대문역사문화공원역점,서울특별시 중구 장충단로 251 (을지로6가),37.5671733719389,127.008056602726,11,140,SH,SH04,SH040300,2026-03-17 10:12:59+09:00,https://tong.visitkorea.or.kr/cms/resource/32/4028832_image2_1.jpg,https://tong.visitkorea.or.kr/cms/resource/32/4028832_image3_1.jpg,2026-09-05T02:11:57.636479+09:00
2931811,38,비너스 현대아울렛 동대문점,서울특별시 중구 장충단로13길 20 (을지로6가) 3층,37.568734553218,127.007666479829,11,140,SH,SH04,SH040300,2026-03-27 09:21:50+09:00,https://tong.visitkorea.or.kr/cms/resource/86/4023186_image2_1.jpg,https://tong.visitkorea.or.kr/cms/resource/86/4023186_image3_1.jpg,2026-09-05T02:11:57.636479+09:00
2931813,38,올리브영 만리동점,"서울특별시 중구 만리재로 175 (만리동2가, 서울역센트럴자이) 서울역센트럴자이 상가 1층",37.5547908528642,126.964454371144,11,140,SH,SH04,SH040300,2026-03-30 09:16:11+09:00,https://tong.visitkorea.or.kr/cms/resource/17/4028817_image2_1.jpg,https://tong.visitkorea.or.kr/cms/resource/17/4028817_image3_1.jpg,2026-09-05T02:11:57.636479+09:00
2931869,38,오브제 현대아울렛 동대문점,서울특별시 중구 장충단로13길 20 (을지로6가),37.568734553218,127.007666479829,11,140,SH,SH04,SH040300,2026-03-27 09:21:50+09:00,https://tong.visitkorea.or.kr/cms/resource/77/4023977_image2_1.jpg,https://tong.visitkorea.or.kr/cms/resource/77/4023977_image3_1.jpg,2026-09-05T02:11:57.636479+09:00
2931874,38,데상트 두타몰점,서울특별시 중구 장충단로 275 (을지로6가) B1층,37.5688849422849,127.008775114213,11,140,SH,SH04,SH040300,2026-03-26 09:20:41+09:00,https://tong.visitkorea.or.kr/cms/resource/69/4019369_image2_1.jpg,https://tong.visitkorea.or.kr/cms/resource/69/4019369_image3_1.jpg,2026-09-05T02:11:57.636479+09:00
2944562,39,새봄떡국국수,서울특별시 중구 새문안로 24,37.5673966398,126.9685862774,11,140,FD,FD01,FD010100,2026-07-27 15:56:29+09:00,,,2026-09-05T02:11:57.636479+09:00
2946230,12,뷰티플레이,서울특별시 중구 명동길 73 (명동1가) 3층,37.5643902978,126.9862313812,11,140,EX,EX07,EX070200,2026-07-13 16:48:37+09:00,https://tong.visitkorea.or.kr/cms/resource/25/3564025_image2_1.jpg,https://tong.visitkorea.or.kr/cms/resource/25/3564025_image3_1.jpg,2026-09-05T02:11:57.636479+09:00
2949644,15,2026 스프링워크서울,서울특별시 중구 회현동1가 100-115,37.55509,126.97908,11,140,EV,EV03,EV030400,2026-03-18 10:10:05+09:00,https://tong.visitkorea.or.kr/cms/resource/22/4040522_image2_1.png,https://tong.visitkorea.or.kr/cms/resource/22/4040522_image3_1.png,2026-09-05T02:11:57.636479+09:00
2950841,14,B the B,서울특별시 중구 을지로 281 (을지로7가) 지하2층 DDP마켓,37.56605397262908,127.00955476908904,11,140,VE,VE12,VE120300,2026-03-09 16:56:49+09:00,https://tong.visitkorea.or.kr/cms/resource/23/3500923_image2_1.jpg,https://tong.visitkorea.or.kr/cms/resource/23/3500923_image3_1.jpg,2026-09-05T02:11:57.636479+09:00
2968672,15,DDP 어린이 디자인 페스티벌,서울특별시 중구 을지로 281 동대문디자인플라자,37.5660539726,127.0095547691,11,140,EV,EV01,EV010600,2026-08-03 11:24:08+09:00,https://tong.visitkorea.or.kr/cms/resource/32/4060932_image2_1.jpg,https://tong.visitkorea.or.kr/cms/resource/32/4060932_image3_1.jpg,2026-09-05T02:11:57.636479+09:00
2989582,38,모자이크,서울특별시 중구 청구로22길 28-3 (신당동) 1층,37.5634490127,127.0113628017,11,140,SH,SH07,SH070100,2026-07-28 09:42:47+09:00,https://tong.visitkorea.or.kr/cms/resource/61/4093261_image2_1.jpg,https://tong.visitkorea.or.kr/cms/resource/61/4093261_image3_1.jpg,2026-09-05T02:11:57.636479+09:00
2989593,38,랩포터리,서울특별시 중구 퇴계로56길 26 (쌍림동) 102호,37.5626513151,127.0058878423,11,140,SH,SH05,SH050100,2026-08-27 08:43:32+09:00,,,2026-09-05T02:11:57.636479+09:00
2989636,38,소수책방,서울특별시 중구 다산로20길 26 2층,37.556811814885265,127.01352156947212,11,140,SH,SH07,SH070100,2026-05-21 09:58:09+09:00,https://tong.visitkorea.or.kr/cms/resource/14/4066714_image2_1.jpg,https://tong.visitkorea.or.kr/cms/resource/14/4066714_image3_1.jpg,2026-09-05T02:11:57.636479+09:00
2991972,32,소테츠 호텔즈 더 스프라지르 서울 동대문,서울특별시 중구 장충단로 226 (광희동2가),37.5647180025,127.0077619018,11,140,AC,AC01,AC010100,2026-06-11 09:39:10+09:00,https://tong.visitkorea.or.kr/cms/resource/70/2991970_image2_1.jpg,https://tong.visitkorea.or.kr/cms/resource/70/2991970_image3_1.jpg,2026-09-05T02:11:57.636479+09:00
2992010,32,소테츠 호텔즈 더 스프라지르 서울 명동,서울특별시 중구 남대문로5길 15 (북창동),37.562074534,126.9787396813,11,140,AC,AC01,AC010100,2026-06-11 09:50:58+09:00,https://tong.visitkorea.or.kr/cms/resource/08/2992008_image2_1.JPG,https://tong.visitkorea.or.kr/cms/resource/08/2992008_image3_1.JPG,2026-09-05T02:11:57.636479+09:00
2992043,32,소테츠 프레사 인 서울 명동,서울특별시 중구 명동길 48 (명동2가),37.5636846376,126.9850113118,11,140,AC,AC04,AC040100,2026-06-11 09:43:04+09:00,https://tong.visitkorea.or.kr/cms/resource/21/2992021_image2_1.jpg,https://tong.visitkorea.or.kr/cms/resource/21/2992021_image3_1.jpg,2026-09-05T02:11:57.636479+09:00
2994062,12,을지로 노가리골목,서울특별시 중구 을지로 129 을지로3가역 3호선,37.566275039,126.992650057,11,140,VE,VE04,VE040100,2026-08-05 15:26:11+09:00,https://tong.visitkorea.or.kr/cms/resource/53/2995253_image2_1.jpg,https://tong.visitkorea.or.kr/cms/resource/53/2995253_image3_1.jpg,2026-09-05T02:11:57.636479+09:00
3011280,15,2026 서울디자인위크,서울특별시 중구 을지로 281 (을지로7가),37.5680445877,127.0108903555,11,140,EV,EV03,EV030400,2026-08-25 17:29:03+09:00,https://tong.visitkorea.or.kr/cms/resource/13/4104213_image2_1.jpg,https://tong.visitkorea.or.kr/cms/resource/13/4104213_image3_1.jpg,2026-09-05T02:11:57.636479+09:00
3012808,14,중림창고,서울특별시 중구 서소문로6길 33 (중림동),37.55967858766639,126.967222762355,11,140,VE,VE12,VE120100,2026-04-16 15:52:00+09:00,https://tong.visitkorea.or.kr/cms/resource/25/4058425_image2_1.jpg,https://tong.visitkorea.or.kr/cms/resource/25/4058425_image3_1.jpg,2026-09-05T02:11:57.636479+09:00
3012859,14,국립극장 공연예술박물관,서울특별시 중구 장충단로 59 (장충동2가),37.5517476652,127.0000060732,11,140,VE,VE07,VE070100,2026-08-07 09:28:30+09:00,https://tong.visitkorea.or.kr/cms/resource/11/3012811_image2_1.jpg,https://tong.visitkorea.or.kr/cms/resource/11/3012811_image3_1.jpg,2026-09-05T02:11:57.636479+09:00
3012935,14,푸르지오아트홀,서울특별시 중구 을지로4가 261-4,37.566053,126.997287,11,140,VE,VE06,VE060100,2026-05-14 17:06:42+09:00,https://tong.visitkorea.or.kr/cms/resource/06/3012906_image2_1.jpg,https://tong.visitkorea.or.kr/cms/resource/06/3012906_image3_1.jpg,2026-09-05T02:11:57.636479+09:00
3013312,32,프레이저 플레이스 남대문 서울,서울특별시 중구 세종대로 58 (남대문로4가),37.56131168375108,126.97647163615919,11,140,AC,AC01,AC010100,2026-04-28 17:59:55+09:00,https://tong.visitkorea.or.kr/cms/resource/91/3013291_image2_1.png,https://tong.visitkorea.or.kr/cms/resource/91/3013291_image3_1.png,2026-09-05T02:11:57.636479+09:00
3021762,15,"가을 , 명동으로",서울특별시 중구 퇴계로 지하126 (충무로2가),37.5609633613,126.985959388,11,140,EV,EV03,EV030400,2025-10-31 13:24:45+09:00,http://tong.visitkorea.or.kr/cms/resource/65/3559865_image2_1.png,http://tong.visitkorea.or.kr/cms/resource/65/3559865_image3_1.png,2026-09-05T02:11:57.636479+09:00
3023349,12,덕수궁돈덕전,서울특별시 중구 세종대로 99 (정동),37.565054919430565,126.97657463444833,11,140,HS,HS01,HS011100,2026-04-21 13:12:54+09:00,https://tong.visitkorea.or.kr/cms/resource/06/3564006_image2_1.jpg,https://tong.visitkorea.or.kr/cms/resource/06/3564006_image3_1.jpg,2026-09-05T02:11:57.636479+09:00
3045072,14,한양도성유적전시관,서울특별시 중구 소월로 99 (회현동1가),37.55418467509315,126.9817995542117,11,140,VE,VE07,VE070300,2026-05-19 11:30:33+09:00,https://tong.visitkorea.or.kr/cms/resource/59/4062359_image2_1.jpg,https://tong.visitkorea.or.kr/cms/resource/59/4062359_image3_1.jpg,2026-09-05T02:11:57.636479+09:00
3056153,14,스페인책방,서울특별시 중구 퇴계로36길 29 (필동2가) 기남빌딩 302호,37.56054601439592,126.99506211877845,11,140,VE,VE12,VE120100,2026-04-01 10:38:38+09:00,https://tong.visitkorea.or.kr/cms/resource/88/3056088_image2_1.jpg,https://tong.visitkorea.or.kr/cms/resource/88/3056088_image3_1.jpg,2026-09-05T02:11:57.636479+09:00
3056155,12,손기정체육공원,서울특별시 중구 손기정로 101-4 (만리동2가) 손기정공원,37.555923,126.965159,11,140,VE,VE03,VE030400,2026-03-23 09:52:49+09:00,https://tong.visitkorea.or.kr/cms/resource/76/3458176_image2_1.JPG,https://tong.visitkorea.or.kr/cms/resource/76/3458176_image3_1.JPG,2026-09-05T02:11:57.636479+09:00
3067314,12,남산예장공원,서울특별시 중구 주자동 5-22,37.5605217984,126.9888869118,11,140,VE,VE03,VE030200,2025-07-21 09:40:48+09:00,http://tong.visitkorea.or.kr/cms/resource/98/3067298_image2_1.JPG,http://tong.visitkorea.or.kr/cms/resource/98/3067298_image3_1.JPG,2026-09-05T02:11:57.636479+09:00
3079553,32,오리엔스호텔&레지던스,서울특별시 중구 삼일대로2길 50 (예장동),37.5601413273,126.9911422728,11,140,AC,AC01,AC010100,2025-11-20 13:16:10+09:00,http://tong.visitkorea.or.kr/cms/resource/47/3079547_image2_1.jpg,http://tong.visitkorea.or.kr/cms/resource/47/3079547_image3_1.jpg,2026-09-05T02:11:57.636479+09:00
3079789,32,호텔 스카이파크 동대문1호점,서울특별시 중구 동호로 335 (오장동),37.56419815044903,127.0021073346858,11,140,AC,AC01,AC010100,2026-02-27 14:21:19+09:00,,,2026-09-05T02:11:57.636479+09:00
3079801,32,호텔 스카이파크 센트럴 명동점,서울특별시 중구 명동9길 16 (명동1가),37.5646464205897,126.985233588299,11,140,AC,AC01,AC010100,2026-02-27 14:26:06+09:00,,,2026-09-05T02:11:57.636479+09:00
3079823,32,나인트리 바이 파르나스 서울 동대문,서울특별시 중구 을지로 224 (을지로5가),37.566613348430494,127.00293294923655,11,140,AC,AC01,AC010100,2026-02-27 14:34:45+09:00,,,2026-09-05T02:11:57.636479+09:00
3084990,32,호텔 더 디자이너스 동대문,서울특별시 중구 퇴계로 306 (쌍림동),37.5636661788,127.0056769592,11,140,AC,AC01,AC010100,2025-11-04 09:54:01+09:00,http://tong.visitkorea.or.kr/cms/resource/30/3084630_image2_1.JPG,http://tong.visitkorea.or.kr/cms/resource/30/3084630_image3_1.JPG,2026-09-05T02:11:57.636479+09:00
3084991,32,웨스턴 코업호텔앤레지던스,서울특별시 중구 을지로 228 (을지로5가),37.566501918,127.0033298707,11,140,AC,AC04,AC040100,2025-11-04 09:56:47+09:00,http://tong.visitkorea.or.kr/cms/resource/24/3084624_image2_1.JPG,http://tong.visitkorea.or.kr/cms/resource/24/3084624_image3_1.JPG,2026-09-05T02:11:57.636479+09:00
3094599,39,동원집,서울특별시 중구 퇴계로27길 48 (초동),37.5633937314,126.9913616044,11,140,FD,FD01,FD010100,2025-09-24 13:25:28+09:00,http://tong.visitkorea.or.kr/cms/resource/97/3094597_image2_1.JPG,http://tong.visitkorea.or.kr/cms/resource/97/3094597_image3_1.JPG,2026-09-05T02:11:57.636479+09:00
3094628,39,애성회관 한우곰탕,서울특별시 중구 남대문로5길 23 (북창동),37.56243721114379,126.97891937948805,11,140,FD,FD01,FD010100,2026-04-14 11:21:52+09:00,https://tong.visitkorea.or.kr/cms/resource/21/3094621_image2_1.JPG,https://tong.visitkorea.or.kr/cms/resource/21/3094621_image3_1.JPG,2026-09-05T02:11:57.636479+09:00
3094657,39,서화,서울특별시 중구 서소문로 109 (서소문동),37.5630517793,126.9732354885,11,140,FD,FD01,FD010100,2025-10-23 14:30:00+09:00,http://tong.visitkorea.or.kr/cms/resource/54/3094654_image2_1.jpg,http://tong.visitkorea.or.kr/cms/resource/54/3094654_image3_1.jpg,2026-09-05T02:11:57.636479+09:00
3094724,39,옥경이네 건생선,서울특별시 중구 퇴계로85길 7 (황학동),37.5661550275,127.0195506248,11,140,FD,FD01,FD010100,2025-09-23 18:05:15+09:00,http://tong.visitkorea.or.kr/cms/resource/16/3094716_image2_1.jpg,http://tong.visitkorea.or.kr/cms/resource/16/3094716_image3_1.jpg,2026-09-05T02:11:57.636479+09:00
3107059,15,2026 숭례문 파수의식,서울특별시 중구 세종대로 40 (남대문로4가),37.55992837962214,126.97536090852309,11,140,EV,EV03,EV030400,2026-01-19 15:52:33+09:00,https://tong.visitkorea.or.kr/cms/resource/99/4001599_image2_1.jpg,https://tong.visitkorea.or.kr/cms/resource/99/4001599_image3_1.jpg,2026-09-05T02:11:57.636479+09:00
3116057,15,중앙아시아 봄맞이축제,서울특별시 중구 세종대로 110 (태평로1가) 서울광장,37.566370776634,126.977918351844,11,140,EV,EV01,EV010200,2026-05-06 13:36:30+09:00,https://tong.visitkorea.or.kr/cms/resource/70/4062170_image2_1.jpg,https://tong.visitkorea.or.kr/cms/resource/70/4062170_image3_1.jpg,2026-09-05T02:11:57.636479+09:00
3303211,39,다올 숯불구이,서울특별시 중구 명동8길 8-11 (명동2가),37.56317891637578,126.98396189084976,11,140,FD,FD01,FD010100,2026-04-06 10:47:42+09:00,https://tong.visitkorea.or.kr/cms/resource/02/3303202_image2_1.JPG,https://tong.visitkorea.or.kr/cms/resource/02/3303202_image3_1.JPG,2026-09-05T02:11:57.636479+09:00
3305285,38,톰보이 현대아울렛 동대문점,서울특별시 중구 장충단로13길 20 (을지로6가) 4층,37.568734553218,127.007666479829,11,140,SH,SH04,SH040300,2026-03-27 09:21:50+09:00,https://tong.visitkorea.or.kr/cms/resource/24/4023224_image2_1.jpg,https://tong.visitkorea.or.kr/cms/resource/24/4023224_image3_1.jpg,2026-09-05T02:11:57.636479+09:00
3305300,38,닥터마틴 두타몰점,서울특별시 중구 장충단로 275 (을지로6가) B1층,37.5688849422849,127.008775114213,11,140,SH,SH04,SH040300,2026-03-26 09:20:41+09:00,https://tong.visitkorea.or.kr/cms/resource/64/4019364_image2_1.jpg,https://tong.visitkorea.or.kr/cms/resource/64/4019364_image3_1.jpg,2026-09-05T02:11:57.636479+09:00
3305385,38,퍼니컷 현대아울렛 동대문점,서울특별시 중구 장충단로13길 20 (을지로6가) 2층,37.568734553218,127.007666479829,11,140,SH,SH04,SH040300,2026-03-27 09:21:50+09:00,https://tong.visitkorea.or.kr/cms/resource/75/4024175_image2_1.jpg,https://tong.visitkorea.or.kr/cms/resource/75/4024175_image3_1.jpg,2026-09-05T02:11:57.636479+09:00
3305411,38,시슬리 현대아울렛 동대문점,서울특별시 중구 장충단로13길 20 (을지로6가),37.568734553218,127.007666479829,11,140,SH,SH04,SH040300,2026-03-27 09:21:50+09:00,https://tong.visitkorea.or.kr/cms/resource/00/4023200_image2_1.jpg,https://tong.visitkorea.or.kr/cms/resource/00/4023200_image3_1.jpg,2026-09-05T02:11:57.636479+09:00
3305455,38,오가닉맘 현대아울렛 동대문점,서울특별시 중구 장충단로13길 20 (을지로6가),37.568734553218,127.007666479829,11,140,SH,SH04,SH040300,2026-03-27 09:21:50+09:00,https://tong.visitkorea.or.kr/cms/resource/29/4023229_image2_1.jpg,https://tong.visitkorea.or.kr/cms/resource/29/4023229_image3_1.jpg,2026-09-05T02:11:57.636479+09:00
3305607,38,피오체옴므 시티스타몰점,서울특별시 중구 을지로 지하12 (을지로1가),37.5655671649856,126.978332859567,11,140,SH,SH04,SH040300,2026-03-27 09:21:50+09:00,https://tong.visitkorea.or.kr/cms/resource/48/4044748_image2_1.png,https://tong.visitkorea.or.kr/cms/resource/48/4044748_image3_1.png,2026-09-05T02:11:57.636479+09:00
3305619,38,닥스ACC 현대아울렛 동대문점,서울특별시 중구 장충단로13길 20 (을지로6가) 1층,37.568734553218,127.007666479829,11,140,SH,SH04,SH040300,2026-03-19 04:05:09+09:00,https://tong.visitkorea.or.kr/cms/resource/08/4023208_image2_1.jpg,https://tong.visitkorea.or.kr/cms/resource/08/4023208_image3_1.jpg,2026-09-05T02:11:57.636479+09:00
3305624,38,모노크롬 현대아울렛 동대문점,서울특별시 중구 장충단로13길 20 (을지로6가),37.568734553218,127.007666479829,11,140,SH,SH04,SH040300,2026-03-27 09:21:50+09:00,https://tong.visitkorea.or.kr/cms/resource/74/4023174_image2_1.jpg,https://tong.visitkorea.or.kr/cms/resource/74/4023174_image3_1.jpg,2026-09-05T02:11:57.636479+09:00
3305640,38,SJSJ 현대아울렛 동대문점,서울특별시 중구 장충단로13길 20 (을지로6가),37.568734553218,127.007666479829,11,140,SH,SH04,SH040300,2026-03-27 09:21:50+09:00,https://tong.visitkorea.or.kr/cms/resource/57/4023157_image2_1.jpg,https://tong.visitkorea.or.kr/cms/resource/57/4023157_image3_1.jpg,2026-09-05T02:11:57.636479+09:00
3305650,38,올리브영 무교동점,서울특별시 중구 무교로 24 (무교동),37.5681041235107,126.979477972441,11,140,SH,SH04,SH040300,2026-03-17 10:12:59+09:00,https://tong.visitkorea.or.kr/cms/resource/23/4028823_image2_1.jpg,https://tong.visitkorea.or.kr/cms/resource/23/4028823_image3_1.jpg,2026-09-05T02:11:57.636479+09:00
3305662,38,올리브영 명동점,서울특별시 중구 명동8길 14 (명동2가),37.5630515651421,126.984516197889,11,140,SH,SH04,SH040300,2026-03-17 10:12:59+09:00,https://tong.visitkorea.or.kr/cms/resource/18/4028818_image2_1.jpg,https://tong.visitkorea.or.kr/cms/resource/18/4028818_image3_1.jpg,2026-09-05T02:11:57.636479+09:00
3305676,38,올리브영 명동 타운점,서울특별시 중구 명동길 53 (명동1가),37.5640899581142,126.985176312614,11,140,SH,SH04,SH040300,2026-03-17 10:12:59+09:00,https://tong.visitkorea.or.kr/cms/resource/22/4028822_image2_1.png,https://tong.visitkorea.or.kr/cms/resource/22/4028822_image3_1.png,2026-09-05T02:11:57.636479+09:00
3305699,38,타임 현대아울렛 동대문점,서울특별시 중구 장충단로13길 20 (을지로6가),37.568734553218,127.007666479829,11,140,SH,SH04,SH040300,2026-03-27 09:21:50+09:00,https://tong.visitkorea.or.kr/cms/resource/39/4023239_image2_1.jpg,https://tong.visitkorea.or.kr/cms/resource/39/4023239_image3_1.jpg,2026-09-05T02:11:57.636479+09:00
3305706,38,제이에스티나 현대아울렛 동대문점,서울특별시 중구 장충단로13길 20 (을지로6가) 1층,37.568734553218,127.007666479829,11,140,SH,SH04,SH040300,2026-03-17 10:12:59+09:00,https://tong.visitkorea.or.kr/cms/resource/87/4020887_image2_1.jpg,https://tong.visitkorea.or.kr/cms/resource/87/4020887_image3_1.jpg,2026-09-05T02:11:57.636479+09:00
3305758,38,아메리칸투어리스트 현대아울렛 동대문점,서울특별시 중구 장충단로13길 20 (을지로6가),37.568734553218,127.007666479829,11,140,SH,SH04,SH040300,2026-03-27 09:21:50+09:00,https://tong.visitkorea.or.kr/cms/resource/72/4023472_image2_1.jpg,https://tong.visitkorea.or.kr/cms/resource/72/4023472_image3_1.jpg,2026-09-05T02:11:57.636479+09:00
3305763,38,폴햄키즈 현대아울렛 동대문점,서울특별시 중구 장충단로13길 20 (을지로6가),37.568734553218,127.007666479829,11,140,SH,SH04,SH040300,2026-03-26 09:20:41+09:00,https://tong.visitkorea.or.kr/cms/resource/15/4042015_image2_1.jpg,https://tong.visitkorea.or.kr/cms/resource/15/4042015_image3_1.jpg,2026-09-05T02:11:57.636479+09:00
3305803,38,리스트 현대아울렛 동대문점,서울특별시 중구 장충단로13길 20 (을지로6가) 4층,37.568734553218,127.007666479829,11,140,SH,SH04,SH040300,2026-03-27 09:21:50+09:00,https://tong.visitkorea.or.kr/cms/resource/26/4023226_image2_1.jpg,https://tong.visitkorea.or.kr/cms/resource/26/4023226_image3_1.jpg,2026-09-05T02:11:57.636479+09:00
3305825,38,래트 현대아울렛 동대문점,서울특별시 중구 장충단로13길 20 (을지로6가) 1층,37.568734553218,127.007666479829,11,140,SH,SH04,SH040300,2026-03-26 09:20:41+09:00,https://tong.visitkorea.or.kr/cms/resource/30/4042030_image2_1.jpg,https://tong.visitkorea.or.kr/cms/resource/30/4042030_image3_1.jpg,2026-09-05T02:11:57.636479+09:00
3305840,38,ABC마트 현대아울렛 동대문점,서울특별시 중구 장충단로13길 20 (을지로6가),37.568734553218,127.007666479829,11,140,SH,SH04,SH040300,2026-03-27 09:21:50+09:00,https://tong.visitkorea.or.kr/cms/resource/60/4023460_image2_1.jpg,https://tong.visitkorea.or.kr/cms/resource/60/4023460_image3_1.jpg,2026-09-05T02:11:57.636479+09:00
3305850,38,지누스 현대아울렛 동대문점,서울특별시 중구 장충단로13길 20 (을지로6가) 8층,37.568734553218,127.007666479829,11,140,SH,SH04,SH040300,2026-03-27 09:21:50+09:00,https://tong.visitkorea.or.kr/cms/resource/64/4023164_image2_1.jpg,https://tong.visitkorea.or.kr/cms/resource/64/4023164_image3_1.jpg,2026-09-05T02:11:57.636479+09:00
3305901,38,올리브영 현대아울렛 동대문점,서울특별시 중구 장충단로13길 20 (을지로6가),37.568734553218,127.007666479829,11,140,SH,SH04,SH040300,2026-03-17 10:12:59+09:00,https://tong.visitkorea.or.kr/cms/resource/36/4028836_image2_1.png,https://tong.visitkorea.or.kr/cms/resource/36/4028836_image3_1.png,2026-09-05T02:11:57.636479+09:00
3305980,38,루첸리 롯데백화점 본점,서울특별시 중구 남대문로 81 (소공동) B1층,37.5647299033135,126.981730421825,11,140,SH,SH04,SH040300,2026-03-27 09:21:50+09:00,https://tong.visitkorea.or.kr/cms/resource/98/4019998_image2_1.jpg,https://tong.visitkorea.or.kr/cms/resource/98/4019998_image3_1.jpg,2026-09-05T02:11:57.636479+09:00
3306015,38,현대홈쇼핑 플러스샵 현대아울렛 동대문점,서울특별시 중구 장충단로13길 20 (을지로6가),37.568734553218,127.007666479829,11,140,SH,SH04,SH040300,2026-03-19 04:29:01+09:00,https://tong.visitkorea.or.kr/cms/resource/58/4023458_image2_1.jpg,https://tong.visitkorea.or.kr/cms/resource/58/4023458_image3_1.jpg,2026-09-05T02:11:57.636479+09:00
3306030,38,이따리아나 현대아울렛 동대문점,서울특별시 중구 장충단로13길 20 (을지로6가),37.568734553218,127.007666479829,11,140,SH,SH04,SH040300,2026-03-27 09:21:50+09:00,https://tong.visitkorea.or.kr/cms/resource/95/4023195_image2_1.jpg,https://tong.visitkorea.or.kr/cms/resource/95/4023195_image3_1.jpg,2026-09-05T02:11:57.636479+09:00
3306082,38,FactoryBASH 현대아울렛 동대문점,서울특별시 중구 장충단로13길 20 (을지로6가),37.568734553218,127.007666479829,11,140,SH,SH04,SH040300,2026-03-27 09:21:50+09:00,https://tong.visitkorea.or.kr/cms/resource/56/4023156_image2_1.jpg,https://tong.visitkorea.or.kr/cms/resource/56/4023156_image3_1.jpg,2026-09-05T02:11:57.636479+09:00
3306166,38,바인드 현대아울렛 동대문점,서울특별시 중구 장충단로13길 20 (을지로6가) B1층,37.568734553218,127.007666479829,11,140,SH,SH04,SH040300,2026-03-27 09:21:50+09:00,https://tong.visitkorea.or.kr/cms/resource/67/4023467_image2_1.jpg,https://tong.visitkorea.or.kr/cms/resource/67/4023467_image3_1.jpg,2026-09-05T02:11:57.636479+09:00
3306171,38,온앤온 현대아울렛 동대문점,서울특별시 중구 장충단로13길 20 (을지로6가),37.568734553218,127.007666479829,11,140,SH,SH04,SH040300,2026-03-27 09:21:50+09:00,https://tong.visitkorea.or.kr/cms/resource/14/4023214_image2_1.jpg,https://tong.visitkorea.or.kr/cms/resource/14/4023214_image3_1.jpg,2026-09-05T02:11:57.636479+09:00
3306354,38,올리브영 명동타임워크점,서울특별시 중구 남대문로 78 (명동1가),37.5641849908728,126.983004582977,11,140,SH,SH04,SH040300,2026-03-17 10:12:59+09:00,https://tong.visitkorea.or.kr/cms/resource/11/4028811_image2_1.png,https://tong.visitkorea.or.kr/cms/resource/11/4028811_image3_1.png,2026-09-05T02:11:57.636479+09:00
3306367,38,광주약국,서울특별시 중구 퇴계로 45 (남창동) 1층,37.5582871492524,126.977566604666,11,140,SH,SH04,SH040300,2026-03-27 09:21:50+09:00,https://tong.visitkorea.or.kr/cms/resource/07/4043207_image2_1.jpg,https://tong.visitkorea.or.kr/cms/resource/07/4043207_image3_1.jpg,2026-09-05T02:11:57.636479+09:00
3306383,38,기비앤키이스 현대아울렛 동대문점,서울특별시 중구 장충단로13길 20 (을지로6가),37.568734553218,127.007666479829,11,140,SH,SH04,SH040300,2026-03-27 09:21:50+09:00,https://tong.visitkorea.or.kr/cms/resource/85/4023185_image2_1.jpg,https://tong.visitkorea.or.kr/cms/resource/85/4023185_image3_1.jpg,2026-09-05T02:11:57.636479+09:00
3306413,38,에이랜드 명동본점,서울특별시 중구 명동8길 40 (충무로1가),37.5618786759275,126.984732054403,11,140,SH,SH04,SH040300,2026-03-27 09:21:50+09:00,https://tong.visitkorea.or.kr/cms/resource/45/4045245_image2_1.jpg,https://tong.visitkorea.or.kr/cms/resource/45/4045245_image3_1.jpg,2026-09-05T02:11:57.636479+09:00
3306434,38,시스템,서울특별시 중구 장충단로13길 20 (을지로6가),37.56873457541999,127.00766648514382,11,140,SH,SH04,SH040300,2026-03-30 14:22:57+09:00,https://tong.visitkorea.or.kr/cms/resource/86/3314386_image2_1.jpg,https://tong.visitkorea.or.kr/cms/resource/86/3314386_image3_1.jpg,2026-09-05T02:11:57.636479+09:00
3306447,38,커버낫 현대아울렛 동대문점,서울특별시 중구 장충단로13길 20 (을지로6가) B1층,37.568734553218,127.007666479829,11,140,SH,SH04,SH040300,2026-03-17 10:12:59+09:00,https://tong.visitkorea.or.kr/cms/resource/90/4020890_image2_1.jpg,https://tong.visitkorea.or.kr/cms/resource/90/4020890_image3_1.jpg,2026-09-05T02:11:57.636479+09:00
3306454,38,MLB키즈 현대아울렛 동대문점,서울특별시 중구 장충단로13길 20 (을지로6가) 8층,37.568734553218,127.007666479829,11,140,SH,SH04,SH040300,2026-03-27 09:21:50+09:00,https://tong.visitkorea.or.kr/cms/resource/20/4023220_image2_1.jpg,https://tong.visitkorea.or.kr/cms/resource/20/4023220_image3_1.jpg,2026-09-05T02:11:57.636479+09:00
3306462,38,템퍼 현대아울렛 동대문점,서울특별시 중구 장충단로13길 20 (을지로6가) 2층,37.568734553218,127.007666479829,11,140,SH,SH04,SH040300,2026-03-26 09:20:41+09:00,https://tong.visitkorea.or.kr/cms/resource/50/4042050_image2_1.jpg,https://tong.visitkorea.or.kr/cms/resource/50/4042050_image3_1.jpg,2026-09-05T02:11:57.636479+09:00
3306512,38,보브 현대아울렛 동대문점,서울특별시 중구 장충단로13길 20 (을지로6가) 4층,37.568734553218,127.007666479829,11,140,SH,SH04,SH040300,2026-03-27 09:21:50+09:00,https://tong.visitkorea.or.kr/cms/resource/27/4023227_image2_1.jpg,https://tong.visitkorea.or.kr/cms/resource/27/4023227_image3_1.jpg,2026-09-05T02:11:57.636479+09:00
3306562,38,캘빈클라인언더웨어 두타몰점,서울특별시 중구 장충단로 275 (을지로6가) B1층,37.5688849422849,127.008775114213,11,140,SH,SH04,SH040300,2026-03-19 09:49:59+09:00,https://tong.visitkorea.or.kr/cms/resource/74/4019374_image2_1.jpg,https://tong.visitkorea.or.kr/cms/resource/74/4019374_image3_1.jpg,2026-09-05T02:11:57.636479+09:00
3306605,38,남시안경,서울특별시 중구 남대문로 8-4 (남대문로4가),37.5604922911168,126.976849394699,11,140,SH,SH04,SH040300,2026-03-16 10:54:17+09:00,https://tong.visitkorea.or.kr/cms/resource/24/4017224_image2_1.jpg,https://tong.visitkorea.or.kr/cms/resource/24/4017224_image3_1.jpg,2026-09-05T02:11:57.636479+09:00
3306607,38,불가리안경,서울특별시 중구 소월로 3 (남창동),37.559371862901,126.97620246899,11,140,SH,SH04,SH040300,2026-03-27 09:21:50+09:00,https://tong.visitkorea.or.kr/cms/resource/57/4045957_image2_1.png,https://tong.visitkorea.or.kr/cms/resource/57/4045957_image3_1.png,2026-09-05T02:11:57.636479+09:00
3306643,38,엠피스몰 두타몰점,서울특별시 중구 장충단로 275 (을지로6가) B2층,37.5688849422849,127.008775114213,11,140,SH,SH04,SH040300,2026-03-27 09:21:50+09:00,https://tong.visitkorea.or.kr/cms/resource/56/4019856_image2_1.jpg,https://tong.visitkorea.or.kr/cms/resource/56/4019856_image3_1.jpg,2026-09-05T02:11:57.636479+09:00
3306685,38,오프웍스 현대아울렛 동대문점,서울특별시 중구 장충단로13길 20 (을지로6가) B1층,37.568734553218,127.007666479829,11,140,SH,SH04,SH040300,2026-03-27 09:21:50+09:00,https://tong.visitkorea.or.kr/cms/resource/55/4023455_image2_1.jpg,https://tong.visitkorea.or.kr/cms/resource/55/4023455_image3_1.jpg,2026-09-05T02:11:57.636479+09:00
3306737,38,대호안경,서울특별시 중구 남대문시장4길 32 (남창동) 남대문코코클럽 B1층,37.5587578179936,126.977034638428,11,140,SH,SH04,SH040300,2026-03-18 10:10:05+09:00,https://tong.visitkorea.or.kr/cms/resource/70/4018170_image2_1.jpeg,https://tong.visitkorea.or.kr/cms/resource/70/4018170_image3_1.jpeg,2026-09-05T02:11:57.636479+09:00
3306738,38,디스커버리 현대아울렛 동대문점,서울특별시 중구 장충단로13길 20 (을지로6가),37.568734553218,127.007666479829,11,140,SH,SH04,SH040300,2026-03-26 09:20:41+09:00,https://tong.visitkorea.or.kr/cms/resource/00/4042000_image2_1.jpg,https://tong.visitkorea.or.kr/cms/resource/00/4042000_image3_1.jpg,2026-09-05T02:11:57.636479+09:00
3306777,38,러브앤쇼 현대아울렛 동대문점,서울특별시 중구 장충단로13길 20 (을지로6가) 1층,37.568734553218,127.007666479829,11,140,SH,SH04,SH040300,2026-03-27 09:21:50+09:00,https://tong.visitkorea.or.kr/cms/resource/07/4023207_image2_1.jpg,https://tong.visitkorea.or.kr/cms/resource/07/4023207_image3_1.jpg,2026-09-05T02:11:57.636479+09:00
3306788,38,코렐 현대아울렛 동대문점,서울특별시 중구 장충단로13길 20 (을지로6가) 8층,37.568734553218,127.007666479829,11,140,SH,SH04,SH040300,2026-03-27 09:21:50+09:00,https://tong.visitkorea.or.kr/cms/resource/25/4023225_image2_1.jpg,https://tong.visitkorea.or.kr/cms/resource/25/4023225_image3_1.jpg,2026-09-05T02:11:57.636479+09:00
3306824,38,올리브영 명동중앙점,서울특별시 중구 명동8나길 18 (충무로1가) 인송빌딩 1층,37.5615670147305,126.98400288242,11,140,SH,SH04,SH040300,2026-03-17 10:12:59+09:00,https://tong.visitkorea.or.kr/cms/resource/19/4028819_image2_1.jpg,https://tong.visitkorea.or.kr/cms/resource/19/4028819_image3_1.jpg,2026-09-05T02:11:57.636479+09:00
3306830,38,탑텐키즈 현대아울렛 동대문점,서울특별시 중구 장충단로13길 20 (을지로6가),37.568734553218,127.007666479829,11,140,SH,SH04,SH040300,2026-03-27 09:21:50+09:00,https://tong.visitkorea.or.kr/cms/resource/32/4023232_image2_1.jpg,https://tong.visitkorea.or.kr/cms/resource/32/4023232_image3_1.jpg,2026-09-05T02:11:57.636479+09:00
3306892,38,엄브로 두타몰점,서울특별시 중구 장충단로 275 (을지로6가) B1층,37.5688849422849,127.008775114213,11,140,SH,SH04,SH040300,2026-03-26 09:20:41+09:00,https://tong.visitkorea.or.kr/cms/resource/63/4019363_image2_1.jpg,https://tong.visitkorea.or.kr/cms/resource/63/4019363_image3_1.jpg,2026-09-05T02:11:57.636479+09:00
3306897,38,GCUT 현대아울렛 동대문점,서울특별시 중구 장충단로13길 20 (을지로6가) 4층,37.568734553218,127.007666479829,11,140,SH,SH04,SH040300,2026-03-26 09:20:41+09:00,https://tong.visitkorea.or.kr/cms/resource/51/4042051_image2_1.jpg,https://tong.visitkorea.or.kr/cms/resource/51/4042051_image3_1.jpg,2026-09-05T02:11:57.636479+09:00
3306920,38,갤럭시라이프스타일 현대아울렛 동대문점,서울특별시 중구 장충단로13길 20 (을지로6가) 6층,37.568734553218,127.007666479829,11,140,SH,SH04,SH040300,2026-03-19 05:38:55+09:00,https://tong.visitkorea.or.kr/cms/resource/96/4023896_image2_1.jpg,https://tong.visitkorea.or.kr/cms/resource/96/4023896_image3_1.jpg,2026-09-05T02:11:57.636479+09:00
3306924,38,락포트 현대아울렛 동대문점,서울특별시 중구 장충단로13길 20 (을지로6가) 3층,37.568734553218,127.007666479829,11,140,SH,SH04,SH040300,2026-03-27 09:21:50+09:00,https://tong.visitkorea.or.kr/cms/resource/84/4023184_image2_1.jpg,https://tong.visitkorea.or.kr/cms/resource/84/4023184_image3_1.jpg,2026-09-05T02:11:57.636479+09:00
3306931,38,오즈세컨 현대아울렛 동대문점,서울특별시 중구 장충단로13길 20 (을지로6가) 4층,37.568734553218,127.007666479829,11,140,SH,SH04,SH040300,2026-03-27 09:21:50+09:00,https://tong.visitkorea.or.kr/cms/resource/28/4023228_image2_1.jpg,https://tong.visitkorea.or.kr/cms/resource/28/4023228_image3_1.jpg,2026-09-05T02:11:57.636479+09:00
3307060,38,래핑차일드 현대아울렛 동대문점,서울특별시 중구 장충단로13길 20 (을지로6가) 8층,37.568734553218,127.007666479829,11,140,SH,SH04,SH040300,2026-03-27 09:21:50+09:00,https://tong.visitkorea.or.kr/cms/resource/33/4023233_image2_1.jpg,https://tong.visitkorea.or.kr/cms/resource/33/4023233_image3_1.jpg,2026-09-05T02:11:57.636479+09:00
3307083,38,더블제이디 현대아울렛 동대문점,서울특별시 중구 장충단로13길 20 (을지로6가) B1층,37.568734553218,127.007666479829,11,140,SH,SH04,SH040300,2026-03-27 09:21:50+09:00,https://tong.visitkorea.or.kr/cms/resource/65/4023465_image2_1.jpg,https://tong.visitkorea.or.kr/cms/resource/65/4023465_image3_1.jpg,2026-09-05T02:11:57.636479+09:00
3307089,38,GS25 동대문패션점,서울특별시 중구 을지로 254 (을지로6가),37.565992994002,127.006297400517,11,140,SH,SH04,SH040300,2026-03-16 10:54:17+09:00,https://tong.visitkorea.or.kr/cms/resource/73/4020473_image2_1.jpeg,https://tong.visitkorea.or.kr/cms/resource/73/4020473_image3_1.jpeg,2026-09-05T02:11:57.636479+09:00
3307112,38,인터넷안경,서울특별시 중구 남대문로 67 (남대문로2가),37.5634867675479,126.981530160666,11,140,SH,SH04,SH040300,2026-03-27 09:21:50+09:00,https://tong.visitkorea.or.kr/cms/resource/10/4044610_image2_1.jpg,https://tong.visitkorea.or.kr/cms/resource/10/4044610_image3_1.jpg,2026-09-05T02:11:57.636479+09:00
3307262,38,헤지스종합관 현대아울렛 동대문점,서울특별시 중구 장충단로13길 20 (을지로6가) 1층,37.568734553218,127.007666479829,11,140,SH,SH04,SH040300,2026-03-19 04:03:04+09:00,https://tong.visitkorea.or.kr/cms/resource/99/4023199_image2_1.jpg,https://tong.visitkorea.or.kr/cms/resource/99/4023199_image3_1.jpg,2026-09-05T02:11:57.636479+09:00
3307271,38,브렝땅 현대아울렛 동대문점,서울특별시 중구 장충단로13길 20 (을지로6가),37.568734553218,127.007666479829,11,140,SH,SH04,SH040300,2026-03-27 09:21:50+09:00,https://tong.visitkorea.or.kr/cms/resource/79/4023179_image2_1.jpg,https://tong.visitkorea.or.kr/cms/resource/79/4023179_image3_1.jpg,2026-09-05T02:11:57.636479+09:00
3307344,38,키르시 현대아울렛 동대문점,서울특별시 중구 장충단로13길 20 (을지로6가),37.568734553218,127.007666479829,11,140,SH,SH04,SH040300,2026-03-26 09:20:41+09:00,https://tong.visitkorea.or.kr/cms/resource/12/4042012_image2_1.jpg,https://tong.visitkorea.or.kr/cms/resource/12/4042012_image3_1.jpg,2026-09-05T02:11:57.636479+09:00
3307474,38,씰리침대 현대아울렛 동대문점,서울특별시 중구 장충단로13길 20 (을지로6가) 8층,37.568734553218,127.007666479829,11,140,SH,SH04,SH040300,2026-03-27 09:21:50+09:00,https://tong.visitkorea.or.kr/cms/resource/65/4023165_image2_1.jpg,https://tong.visitkorea.or.kr/cms/resource/65/4023165_image3_1.jpg,2026-09-05T02:11:57.636479+09:00
3307510,38,3CE 스타일난다 플래그십스토어 명동점,서울특별시 중구 명동8길 37-8 (충무로2가),37.5619352400734,126.985296600517,11,140,SH,SH04,SH040300,2026-03-18 10:10:05+09:00,https://tong.visitkorea.or.kr/cms/resource/56/4017256_image2_1.jpeg,https://tong.visitkorea.or.kr/cms/resource/56/4017256_image3_1.jpeg,2026-09-05T02:11:57.636479+09:00
3307534,38,데코 현대아울렛 동대문점,서울특별시 중구 장충단로13길 20 (을지로6가),37.568734553218,127.007666479829,11,140,SH,SH04,SH040300,2026-03-27 09:21:50+09:00,https://tong.visitkorea.or.kr/cms/resource/77/4023177_image2_1.jpg,https://tong.visitkorea.or.kr/cms/resource/77/4023177_image3_1.jpg,2026-09-05T02:11:57.636479+09:00
3307551,38,지오다노 현대아울렛 동대문점,서울특별시 중구 장충단로13길 20 (을지로6가) 4층,37.568734553218,127.007666479829,11,140,SH,SH04,SH040300,2026-03-27 09:21:50+09:00,https://tong.visitkorea.or.kr/cms/resource/12/4023212_image2_1.jpg,https://tong.visitkorea.or.kr/cms/resource/12/4023212_image3_1.jpg,2026-09-05T02:11:57.636479+09:00
3307588,38,톡스앤필의원 명동점,서울특별시 중구 남대문로 84 (남대문로2가) 8층,37.5646814161054,126.98284068814,11,140,SH,SH04,SH040300,2026-03-16 10:54:17+09:00,https://tong.visitkorea.or.kr/cms/resource/70/4020470_image2_1.jpeg,https://tong.visitkorea.or.kr/cms/resource/70/4020470_image3_1.jpeg,2026-09-05T02:11:57.636479+09:00
3307604,38,태그호이어 롯데백화점 본점 에비뉴엘,서울특별시 중구 남대문로 73 (남대문로2가) 2층,37.56424508512,126.981781474221,11,140,SH,SH04,SH040300,2026-03-19 09:49:59+09:00,https://tong.visitkorea.or.kr/cms/resource/23/4020023_image2_1.jpg,https://tong.visitkorea.or.kr/cms/resource/23/4020023_image3_1.jpg,2026-09-05T02:11:57.636479+09:00
3307633,38,MOE 현대아울렛 동대문점,서울특별시 중구 장충단로13길 20 (을지로6가),37.568734553218,127.007666479829,11,140,SH,SH04,SH040300,2026-03-27 09:21:50+09:00,https://tong.visitkorea.or.kr/cms/resource/80/4023180_image2_1.jpg,https://tong.visitkorea.or.kr/cms/resource/80/4023180_image3_1.jpg,2026-09-05T02:11:57.636479+09:00
3307718,38,모조에스핀 현대아울렛 동대문점,서울특별시 중구 장충단로13길 20 (을지로6가),37.568734553218,127.007666479829,11,140,SH,SH04,SH040300,2026-03-27 09:21:50+09:00,https://tong.visitkorea.or.kr/cms/resource/82/4023182_image2_1.jpg,https://tong.visitkorea.or.kr/cms/resource/82/4023182_image3_1.jpg,2026-09-05T02:11:57.636479+09:00
3307719,38,부루앤쥬디 현대아울렛 동대문점,서울특별시 중구 장충단로13길 20 (을지로6가),37.568734553218,127.007666479829,11,140,SH,SH04,SH040300,2026-03-27 09:21:50+09:00,https://tong.visitkorea.or.kr/cms/resource/81/4024181_image2_1.jpg,https://tong.visitkorea.or.kr/cms/resource/81/4024181_image3_1.jpg,2026-09-05T02:11:57.636479+09:00
3318451,39,커피한약방,서울특별시 중구 삼일대로12길 16-6 (을지로2가),37.566569979554565,126.98860806587392,11,140,FD,FD05,FD050100,2026-04-06 09:42:39+09:00,https://tong.visitkorea.or.kr/cms/resource/45/3318445_image2_1.jpg,https://tong.visitkorea.or.kr/cms/resource/45/3318445_image3_1.jpg,2026-09-05T02:11:57.636479+09:00
3329779,39,올로지,서울특별시 중구 퇴계로87길 3-8 (황학동),37.5661184419,127.0208945054,11,140,FD,FD05,FD050100,2026-07-27 14:13:16+09:00,,,2026-09-05T02:11:57.636479+09:00
3334724,14,다산성곽도서관,서울특별시 중구 동호로17길 173 (신당동),37.55164673293994,127.00439309917807,11,140,VE,VE09,VE090300,2026-04-06 09:42:39+09:00,,,2026-09-05T02:11:57.636479+09:00
3337233,32,노보텔 앰배서더 서울 동대문 호텔 & 레지던스,서울특별시 중구 을지로 238 (을지로6가),37.5662979478,127.004377568,11,140,AC,AC01,AC010100,2026-06-10 10:56:52+09:00,https://tong.visitkorea.or.kr/cms/resource/21/3337221_image2_1.jpg,https://tong.visitkorea.or.kr/cms/resource/21/3337221_image3_1.jpg,2026-09-05T02:11:57.636479+09:00
3341540,32,르메르디앙 서울 명동,서울특별시 중구 명동8나길 38 (충무로1가),37.5616351443,126.9826974237,11,140,AC,AC01,AC010100,2026-06-25 10:20:14+09:00,https://tong.visitkorea.or.kr/cms/resource/77/3341477_image2_1.jpg,https://tong.visitkorea.or.kr/cms/resource/77/3341477_image3_1.jpg,2026-09-05T02:11:57.636479+09:00
3341609,32,목시 서울 명동,서울특별시 중구 명동8나길 38 (충무로1가),37.5616351443,126.9826974237,11,140,AC,AC01,AC010100,2026-06-10 10:04:09+09:00,https://tong.visitkorea.or.kr/cms/resource/76/3341576_image2_1.jpg,https://tong.visitkorea.or.kr/cms/resource/76/3341576_image3_1.jpg,2026-09-05T02:11:57.636479+09:00
3351622,15,DDP 가을축제: 디자인 라운지,서울특별시 중구 을지로 281 (을지로7가),37.566107632,127.0095709797,11,140,EV,EV01,EV010200,2025-09-23 13:46:21+09:00,http://tong.visitkorea.or.kr/cms/resource/46/3542846_image2_1.jpg,http://tong.visitkorea.or.kr/cms/resource/46/3542846_image3_1.jpg,2026-09-05T02:11:57.636479+09:00
3354907,39,라운드앤드,서울특별시 중구 정동길 35 (정동),37.5661041865,126.9723827022,11,140,FD,FD05,FD050100,2024-11-28 10:47:11+09:00,http://tong.visitkorea.or.kr/cms/resource/64/3427964_image2_1.jpg,http://tong.visitkorea.or.kr/cms/resource/64/3427964_image3_1.jpg,2026-09-05T02:11:57.636479+09:00
3379704,32,맹그로브 동대문,서울특별시 중구 퇴계로 334 (광희동2가),37.5641228222,127.0087223766,11,140,AC,AC01,AC010100,2026-07-09 08:47:02+09:00,https://tong.visitkorea.or.kr/cms/resource/25/3379725_image2_1.jpg,https://tong.visitkorea.or.kr/cms/resource/25/3379725_image3_1.jpg,2026-09-05T02:11:57.636479+09:00
3395428,32,보코 서울 명동,서울특별시 중구 퇴계로 52 (회현동1가),37.558418667,126.978544475,11,140,AC,AC01,AC010100,2026-06-10 09:29:27+09:00,https://tong.visitkorea.or.kr/cms/resource/07/3395007_image2_1.jpeg,https://tong.visitkorea.or.kr/cms/resource/07/3395007_image3_1.jpeg,2026-09-05T02:11:57.636479+09:00
3396128,14,신아기념관(서울 구 신아일보 별관),서울특별시 중구 정동길 33 (정동),37.56624532783577,126.97218877582232,11,140,VE,VE07,VE070200,2026-05-14 08:27:38+09:00,https://tong.visitkorea.or.kr/cms/resource/66/3396166_image2_1.jpg,https://tong.visitkorea.or.kr/cms/resource/66/3396166_image3_1.jpg,2026-09-05T02:11:57.636479+09:00
3399181,12,서울역 옥상정원(The Roof),서울특별시 중구 한강대로 405 (봉래동2가) 4층 옥외주차장 왼편,37.55448910521469,126.97175220606259,11,140,VE,VE03,VE030500,2026-03-31 14:30:55+09:00,https://tong.visitkorea.or.kr/cms/resource/37/3399137_image2_1.jpg,https://tong.visitkorea.or.kr/cms/resource/37/3399137_image3_1.jpg,2026-09-05T02:11:57.636479+09:00
3427223,12,충무로영상센터 오재미동,서울특별시 중구 퇴계로 지하214 (필동2가) 충무로역사 지하1층,37.5613412436,126.9942225138,11,140,VE,VE12,VE120300,2025-07-29 10:25:04+09:00,http://tong.visitkorea.or.kr/cms/resource/03/3430803_image2_1.jpg,http://tong.visitkorea.or.kr/cms/resource/03/3430803_image3_1.jpg,2026-09-05T02:11:57.636479+09:00
3438242,32,남산스토리 나인,서울특별시 중구 퇴계로8길 93 (회현동1가),37.5557972017,126.9807683404,11,140,AC,AC06,AC060200,2024-12-18 15:19:15+09:00,,,2026-09-05T02:11:57.636479+09:00
3438412,32,중림재,서울특별시 중구 중림로9길 13 (중림동),37.5582355731,126.9677027957,11,140,AC,AC03,AC030200,2024-12-18 15:27:02+09:00,,,2026-09-05T02:11:57.636479+09:00
3447859,12,남산인권숲,서울특별시 중구 퇴계로26가길 6 (예장동),37.5588942261,126.9898035408,11,140,NA,NA05,NA050100,2025-07-21 09:41:48+09:00,http://tong.visitkorea.or.kr/cms/resource/70/3455270_image2_1.jpg,http://tong.visitkorea.or.kr/cms/resource/70/3455270_image3_1.jpg,2026-09-05T02:11:57.636479+09:00
3458089,39,서울로PH,서울특별시 중구 만리재로 211 (만리동1가) 11층 1호,37.5563607992,126.9681750278,11,140,FD,FD05,FD050100,2025-07-25 09:43:14+09:00,http://tong.visitkorea.or.kr/cms/resource/06/3455306_image2_1.jpg,http://tong.visitkorea.or.kr/cms/resource/06/3455306_image3_1.jpg,2026-09-05T02:11:57.636479+09:00
3463600,12,춘풍양조장,서울특별시 중구 다산로 101-3 (신당동),37.553267502,127.0091884066,11,140,EX,EX07,EX070200,2026-07-24 13:07:13+09:00,https://tong.visitkorea.or.kr/cms/resource/65/3463465_image2_1.jpg,https://tong.visitkorea.or.kr/cms/resource/65/3463465_image3_1.jpg,2026-09-05T02:11:57.636479+09:00
3473295,15,DDP 건축투어,서울특별시 중구 을지로 281 (을지로7가),37.5660539726,127.0095547691,11,140,EV,EV03,EV030400,2026-08-04 09:55:12+09:00,https://tong.visitkorea.or.kr/cms/resource/09/4046009_image2_1.png,https://tong.visitkorea.or.kr/cms/resource/09/4046009_image3_1.png,2026-09-05T02:11:57.636479+09:00
3481597,15,페인터즈,서울특별시 중구 정동길 3 (정동) 경향신문사 1층,37.5681732680976,126.969976113229,11,140,EV,EV02,EV020900,2026-04-27 10:36:38+09:00,https://tong.visitkorea.or.kr/cms/resource/01/4060301_image2_1.png,https://tong.visitkorea.or.kr/cms/resource/01/4060301_image3_1.png,2026-09-05T02:11:57.636479+09:00
3484585,32,스테이 패스포트 신당 료칸,서울특별시 중구 난계로11길 33 (황학동),37.56656332449022,127.02186794703105,11,140,AC,AC04,AC040100,2026-03-09 09:36:31+09:00,https://tong.visitkorea.or.kr/cms/resource/72/3484572_image2_1.jpg,https://tong.visitkorea.or.kr/cms/resource/72/3484572_image3_1.jpg,2026-09-05T02:11:57.636479+09:00
3493146,39,윤슬 숯불구이 명동본점,서울특별시 중구 명동10길 19-3 (명동2가) 1층,37.56306705960787,126.9856162521211,11,140,FD,FD01,FD010100,2026-04-24 09:16:26+09:00,https://tong.visitkorea.or.kr/cms/resource/87/3493087_image2_1.jpg,https://tong.visitkorea.or.kr/cms/resource/87/3493087_image3_1.jpg,2026-09-05T02:11:57.636479+09:00
3505386,39,명동쭈꾸미,서울특별시 중구 퇴계로6길 3-28 (회현동1가),37.55853956921609,126.97928808521164,11,140,FD,FD01,FD010100,2026-04-27 10:36:38+09:00,https://tong.visitkorea.or.kr/cms/resource/81/3505381_image2_1.jpg,https://tong.visitkorea.or.kr/cms/resource/81/3505381_image3_1.jpg,2026-09-05T02:11:57.636479+09:00
3517821,39,복이당,서울특별시 중구 퇴계로6길 3-28 (회현동1가),37.55853956921609,126.97928808521164,11,140,FD,FD05,FD050100,2026-04-27 10:36:38+09:00,https://tong.visitkorea.or.kr/cms/resource/15/3517815_image2_1.jpg,https://tong.visitkorea.or.kr/cms/resource/15/3517815_image3_1.jpg,2026-09-05T02:11:57.636479+09:00
3524889,15,GES2026 (게임 e스포츠 서울),서울특별시 중구 을지로 281 (을지로7가),37.5660539726,127.0095547691,11,140,EV,EV03,EV030400,2026-06-24 13:58:10+09:00,https://tong.visitkorea.or.kr/cms/resource/58/4078758_image2_1.png,https://tong.visitkorea.or.kr/cms/resource/58/4078758_image3_1.png,2026-09-05T02:11:57.636479+09:00
3526695,15,제6회 푸른하늘의 날 기념행사,서울특별시 중구 을지로 지하12 (을지로1가),37.5655015943,126.9787960237,11,140,EV,EV03,EV030400,2025-09-24 14:52:39+09:00,http://tong.visitkorea.or.kr/cms/resource/94/3526694_image2_1.jpg,http://tong.visitkorea.or.kr/cms/resource/94/3526694_image3_1.jpg,2026-09-05T02:11:57.636479+09:00
3528062,15,제18회 서울건축문화제,서울특별시 중구 세종대로 119 (태평로1가),37.5668837502,126.9767024196,11,140,EV,EV03,EV030400,2026-08-24 10:46:38+09:00,https://tong.visitkorea.or.kr/cms/resource/75/4103175_image2_1.png,https://tong.visitkorea.or.kr/cms/resource/75/4103175_image3_1.png,2026-09-05T02:11:57.636479+09:00
3533111,32,코지스테이(Kozy Stay),서울특별시 중구 퇴계로87길 49-24 (황학동) 2층,37.5679270495,127.0198505471,11,140,AC,AC06,AC060200,2025-09-22 12:34:59+09:00,,,2026-09-05T02:11:57.636479+09:00
3533151,32,홍스테이신당,서울특별시 중구 난계로13길 33 (황학동) 3층,37.567304935,127.0218448276,11,140,AC,AC06,AC060200,2025-10-23 14:30:00+09:00,,,2026-09-05T02:11:57.636479+09:00
3533382,15,엔터테크 서울 2025,서울특별시 중구 을지로 281 (을지로7가),37.566107632,127.0095709797,11,140,EV,EV03,EV030400,2025-09-12 14:34:43+09:00,http://tong.visitkorea.or.kr/cms/resource/81/3533381_image2_1.png,http://tong.visitkorea.or.kr/cms/resource/81/3533381_image3_1.png,2026-09-05T02:11:57.636479+09:00
3544886,15,서울어텀페스타 개막행사,서울특별 광진구 자양동 704-1,37.5284392683,127.0696398632,11,140,EV,EV02,EV020700,2026-08-31 15:13:22+09:00,https://tong.visitkorea.or.kr/cms/resource/89/4096389_image2_1.jpg,https://tong.visitkorea.or.kr/cms/resource/89/4096389_image3_1.jpg,2026-09-05T02:11:57.636479+09:00
397649,32,라마다호텔 앤 스위트 서울남대문,서울특별시 중구 칠패로 27 (순화동),37.5599337225,126.971994491,11,140,AC,AC01,AC010100,2026-06-17 10:41:13+09:00,,,2026-09-05T02:11:57.636479+09:00
398339,39,명동돈가스,서울특별시 중구 명동3길 8 (명동1가),37.5640274873951,126.983575304265,11,140,FD,FD02,FD020200,2026-02-24 12:13:40+09:00,https://tong.visitkorea.or.kr/cms/resource/34/1717734_image2_1.jpg,https://tong.visitkorea.or.kr/cms/resource/34/1717734_image3_1.jpg,2026-09-05T02:11:57.636479+09:00
398342,39,삼성 빨간양념 숯불구이,서울특별시 중구 남대문로1길 39,37.5628546523,126.9772490174,11,140,FD,FD01,FD010100,2025-11-17 10:51:53+09:00,,,2026-09-05T02:11:57.636479+09:00
398344,39,현대칼국수,서울특별시 중구 세종대로 76,37.5628556758441,126.976832824539,11,140,FD,FD01,FD010100,2026-03-13 16:00:56+09:00,https://tong.visitkorea.or.kr/cms/resource/61/4002561_image2_1.jpg,https://tong.visitkorea.or.kr/cms/resource/61/4002561_image3_1.jpg,2026-09-05T02:11:57.636479+09:00
398352,39,마복림할머니집,서울특별시 중구 다산로35길 5,37.5631674412311,127.015098527397,11,140,FD,FD03,FD030400,2026-02-19 15:26:19+09:00,,,2026-09-05T02:11:57.636479+09:00
4009451,38,올리브영 명동2가점,서울특별시 중구 남대문로 68-1 (명동2가),37.5632323502622,126.982275208021,11,140,SH,SH04,SH040300,2026-03-09 09:36:31+09:00,https://tong.visitkorea.or.kr/cms/resource/09/4028809_image2_1.png,https://tong.visitkorea.or.kr/cms/resource/09/4028809_image3_1.png,2026-09-05T02:11:57.636479+09:00
4009452,38,올리브영 명동거리점,서울특별시 중구 명동8나길 9 (충무로1가),37.5612953313197,126.984430769236,11,140,SH,SH04,SH040300,2026-03-09 09:36:31+09:00,https://tong.visitkorea.or.kr/cms/resource/20/4028820_image2_1.png,https://tong.visitkorea.or.kr/cms/resource/20/4028820_image3_1.png,2026-09-05T02:11:57.636479+09:00
4009453,38,올리브영 동대문역사문화공원사거리점,서울특별시 중구 을지로 255 (을지로6가),37.5664508637082,127.006598750852,11,140,SH,SH04,SH040300,2026-03-09 09:36:31+09:00,https://tong.visitkorea.or.kr/cms/resource/28/4028828_image2_1.png,https://tong.visitkorea.or.kr/cms/resource/28/4028828_image3_1.png,2026-09-05T02:11:57.636479+09:00
4009454,38,올리브영 던던 동대문점,서울특별시 중구 을지로 264 (을지로6가) B2층,37.5657600422078,127.007079629799,11,140,SH,SH04,SH040300,2026-03-09 09:36:31+09:00,https://tong.visitkorea.or.kr/cms/resource/30/4028830_image2_1.png,https://tong.visitkorea.or.kr/cms/resource/30/4028830_image3_1.png,2026-09-05T02:11:57.636479+09:00
4012740,38,아이데코안경 남대문점,서울특별시 중구 남대문로 16 (남대문로4가),37.560693974913,126.977526382785,11,140,SH,SH04,SH040300,2026-03-18 10:10:05+09:00,https://tong.visitkorea.or.kr/cms/resource/70/4024670_image2_1.jpeg,https://tong.visitkorea.or.kr/cms/resource/70/4024670_image3_1.jpeg,2026-09-05T02:11:57.636479+09:00
4012741,38,삐에아떼르코리아,서울특별시 중구 남대문로 2 (남대문로4가) 경모빌딩 1층,37.5600786131308,126.976243215499,11,140,SH,SH04,SH040300,2026-03-26 09:20:41+09:00,https://tong.visitkorea.or.kr/cms/resource/94/4042994_image2_1.png,https://tong.visitkorea.or.kr/cms/resource/94/4042994_image3_1.png,2026-09-05T02:11:57.636479+09:00
4012742,38,효성카메라디앤에이,서울특별시 중구 남대문로 2-4 (남대문로4가) 1층,37.5602790265829,126.976401491616,11,140,SH,SH04,SH040300,2026-03-18 10:10:05+09:00,https://tong.visitkorea.or.kr/cms/resource/90/4024490_image2_1.jpeg,https://tong.visitkorea.or.kr/cms/resource/90/4024490_image3_1.jpeg,2026-09-05T02:11:57.636479+09:00
4012743,38,콜렉트안경 신세계백화점 본점 더헤리티지,서울특별시 중구 남대문로 42 (충무로1가) B1층,37.5610364328019,126.980506243811,11,140,SH,SH04,SH040300,2026-03-18 10:10:05+09:00,https://tong.visitkorea.or.kr/cms/resource/92/4023892_image2_1.jpg,https://tong.visitkorea.or.kr/cms/resource/92/4023892_image3_1.jpg,2026-09-05T02:11:57.636479+09:00
4012744,38,태룡컴퍼니,서울특별시 중구 남대문로 6-3 (남대문로4가) 1층,37.560384295295,126.976563533354,11,140,SH,SH04,SH040300,2026-03-18 10:10:05+09:00,https://tong.visitkorea.or.kr/cms/resource/03/4022303_image2_1.jpeg,https://tong.visitkorea.or.kr/cms/resource/03/4022303_image3_1.jpeg,2026-09-05T02:11:57.636479+09:00
4012745,38,레고 롯데백화점 본점 영플라자,서울특별시 중구 남대문로 67 (남대문로2가),37.5634867675479,126.981530160666,11,140,SH,SH04,SH040300,2026-03-27 09:21:50+09:00,https://tong.visitkorea.or.kr/cms/resource/83/4042983_image2_1.jpg,https://tong.visitkorea.or.kr/cms/resource/83/4042983_image3_1.jpg,2026-09-05T02:11:57.636479+09:00
4012746,38,블랑팡 롯데백화점 본점 에비뉴엘,서울특별시 중구 남대문로 73 (남대문로2가) 2층,37.56424508512,126.981781474221,11,140,SH,SH04,SH040300,2026-03-26 09:20:41+09:00,https://tong.visitkorea.or.kr/cms/resource/52/4042952_image2_1.png,https://tong.visitkorea.or.kr/cms/resource/52/4042952_image3_1.png,2026-09-05T02:11:57.636479+09:00
4012747,38,룰루레몬 명동 타임워크점,서울특별시 중구 남대문로 78 (명동1가) 타임워크빌딩 1-2층,37.5641849908728,126.983004582977,11,140,SH,SH04,SH040300,2026-03-26 09:20:41+09:00,https://tong.visitkorea.or.kr/cms/resource/60/4042960_image2_1.png,https://tong.visitkorea.or.kr/cms/resource/60/4042960_image3_1.png,2026-09-05T02:11:57.636479+09:00
4012748,38,펜디 롯데백화점 본점,서울특별시 중구 남대문로 81 (소공동) 1층,37.5647299033135,126.981730421825,11,140,SH,SH04,SH040300,2026-03-27 09:21:50+09:00,https://tong.visitkorea.or.kr/cms/resource/46/4042946_image2_1.PNG,https://tong.visitkorea.or.kr/cms/resource/46/4042946_image3_1.PNG,2026-09-05T02:11:57.636479+09:00
4012749,38,바이레도 롯데백화점 본점,서울특별시 중구 남대문로 81 (소공동) B1층,37.5647299033135,126.981730421825,11,140,SH,SH04,SH040300,2026-03-27 09:21:50+09:00,https://tong.visitkorea.or.kr/cms/resource/48/4042948_image2_1.png,https://tong.visitkorea.or.kr/cms/resource/48/4042948_image3_1.png,2026-09-05T02:11:57.636479+09:00
4012750,38,돌체앤가바나 롯데백화점 본점,서울특별시 중구 남대문로 81 (소공동) 2층,37.5647299033135,126.981730421825,11,140,SH,SH04,SH040300,2026-03-30 09:16:11+09:00,https://tong.visitkorea.or.kr/cms/resource/64/4024764_image2_1.jpeg,https://tong.visitkorea.or.kr/cms/resource/64/4024764_image3_1.jpeg,2026-09-05T02:11:57.636479+09:00
4012751,38,로저비비에 롯데백화점 본점,서울특별시 중구 남대문로 81 (소공동) 2층,37.5647299033135,126.981730421825,11,140,SH,SH04,SH040300,2026-03-27 09:21:50+09:00,https://tong.visitkorea.or.kr/cms/resource/43/4042943_image2_1.png,https://tong.visitkorea.or.kr/cms/resource/43/4042943_image3_1.png,2026-09-05T02:11:57.636479+09:00
4012752,38,에트로 롯데백화점 본점,서울특별시 중구 남대문로 81 (소공동) 2층,37.5647299033135,126.981730421825,11,140,SH,SH04,SH040300,2026-03-27 09:21:50+09:00,https://tong.visitkorea.or.kr/cms/resource/47/4042947_image2_1.jpg,https://tong.visitkorea.or.kr/cms/resource/47/4042947_image3_1.jpg,2026-09-05T02:11:57.636479+09:00
4012753,38,코오롱스포츠 롯데백화점 본점,서울특별시 중구 남대문로 81 (소공동) 7층,37.5647299033135,126.981730421825,11,140,SH,SH04,SH040300,2026-03-30 09:16:11+09:00,https://tong.visitkorea.or.kr/cms/resource/78/4023878_image2_1.jpg,https://tong.visitkorea.or.kr/cms/resource/78/4023878_image3_1.jpg,2026-09-05T02:11:57.636479+09:00
4012754,38,버버리 여성 롯데백화점 본점,서울특별시 중구 남대문로 81 (소공동) 3층,37.5647299033135,126.981730421825,11,140,SH,SH04,SH040300,2026-03-30 09:16:11+09:00,https://tong.visitkorea.or.kr/cms/resource/77/4023877_image2_1.jpg,https://tong.visitkorea.or.kr/cms/resource/77/4023877_image3_1.jpg,2026-09-05T02:11:57.636479+09:00
4012755,38,남도안경원 남대문점,서울특별시 중구 남대문시장4길 10 (남창동),37.5597816527442,126.977198774602,11,140,SH,SH04,SH040300,2026-03-18 10:10:05+09:00,https://tong.visitkorea.or.kr/cms/resource/07/4024407_image2_1.jpeg,https://tong.visitkorea.or.kr/cms/resource/07/4024407_image3_1.jpeg,2026-09-05T02:11:57.636479+09:00
4012756,38,도깨비안경,서울특별시 중구 남대문시장4길 28-8 (남창동),37.5590164511338,126.976813973657,11,140,SH,SH04,SH040300,2026-03-18 10:10:05+09:00,https://tong.visitkorea.or.kr/cms/resource/57/4024857_image2_1.jpeg,https://tong.visitkorea.or.kr/cms/resource/57/4024857_image3_1.jpeg,2026-09-05T02:11:57.636479+09:00
4012757,38,삼보상사,서울특별시 중구 남대문시장4길 9 (남창동),37.5596678574699,126.977673598289,11,140,SH,SH04,SH040300,2026-03-26 09:20:41+09:00,https://tong.visitkorea.or.kr/cms/resource/88/4042988_image2_1.png,https://tong.visitkorea.or.kr/cms/resource/88/4042988_image3_1.png,2026-09-05T02:11:57.636479+09:00
4012758,38,깰끄쇼즈,서울특별시 중구 남대문시장8길 16 (남창동),37.5596940161155,126.978316564812,11,140,SH,SH04,SH040300,2026-03-26 09:20:41+09:00,https://tong.visitkorea.or.kr/cms/resource/68/4042068_image2_1.png,https://tong.visitkorea.or.kr/cms/resource/68/4042068_image3_1.png,2026-09-05T02:11:57.636479+09:00
4012759,38,언더마이카,서울특별시 중구 다산로38길 12 (신당동) B1층,37.5630973114,127.0163332645,11,140,SH,SH04,SH040300,2026-07-15 19:56:49+09:00,https://tong.visitkorea.or.kr/cms/resource/18/4024618_image2_1.jpg,https://tong.visitkorea.or.kr/cms/resource/18/4024618_image3_1.jpg,2026-09-05T02:11:57.636479+09:00
4012760,38,그라프 서울신라호텔,서울특별시 중구 동호로 249 (장충동2가),37.5575055053737,127.007952910656,11,140,SH,SH04,SH040300,2026-03-18 10:10:05+09:00,https://tong.visitkorea.or.kr/cms/resource/08/4024408_image2_1.jpeg,https://tong.visitkorea.or.kr/cms/resource/08/4024408_image3_1.jpeg,2026-09-05T02:11:57.636479+09:00
4012761,38,한마음약국,서울특별시 중구 마른내로 10 (저동2가) 1층,37.564528069003,126.988879594332,11,140,SH,SH04,SH040300,2026-03-18 10:10:05+09:00,https://tong.visitkorea.or.kr/cms/resource/71/4024671_image2_1.jpeg,https://tong.visitkorea.or.kr/cms/resource/71/4024671_image3_1.jpeg,2026-09-05T02:11:57.636479+09:00
4012762,38,신우리약국,서울특별시 중구 마른내로 13 (저동2가),37.5648860779138,126.989347119238,11,140,SH,SH04,SH040300,2026-03-18 10:10:05+09:00,https://tong.visitkorea.or.kr/cms/resource/60/4022360_image2_1.jpg,https://tong.visitkorea.or.kr/cms/resource/60/4022360_image3_1.jpg,2026-09-05T02:11:57.636479+09:00
4012763,38,백년안경,서울특별시 중구 마른내로 34 (초동) 1층,37.5642311518428,126.991692100225,11,140,SH,SH04,SH040300,2026-03-18 10:10:05+09:00,https://tong.visitkorea.or.kr/cms/resource/72/4024672_image2_1.jpeg,https://tong.visitkorea.or.kr/cms/resource/72/4024672_image3_1.jpeg,2026-09-05T02:11:57.636479+09:00
4012764,38,미미라인 동대문점,서울특별시 중구 마장로 30 (신당동),37.5677127859728,127.013196592402,11,140,SH,SH04,SH040300,2026-03-18 10:10:05+09:00,https://tong.visitkorea.or.kr/cms/resource/35/4024535_image2_1.jpeg,https://tong.visitkorea.or.kr/cms/resource/35/4024535_image3_1.jpeg,2026-09-05T02:11:57.636479+09:00
4012765,38,뉴뉴 동대문점,서울특별시 중구 마장로 34 (신당동) 1-3층,37.5678050126796,127.013508339585,11,140,SH,SH04,SH040300,2026-03-18 10:10:05+09:00,https://tong.visitkorea.or.kr/cms/resource/28/4024528_image2_1.png,https://tong.visitkorea.or.kr/cms/resource/28/4024528_image3_1.png,2026-09-05T02:11:57.636479+09:00
4012766,38,아트박스 명동중앙점,서울특별시 중구 명동10길 38 (명동2가) 명동타워빌딩 1-2층,37.5621761068946,126.985542953738,11,140,SH,SH04,SH040300,2026-03-26 09:20:41+09:00,https://tong.visitkorea.or.kr/cms/resource/81/4042981_image2_1.png,https://tong.visitkorea.or.kr/cms/resource/81/4042981_image3_1.png,2026-09-05T02:11:57.636479+09:00
4012767,38,루트명동,서울특별시 중구 명동2길 35 (명동2가) 1-2층,37.5622227263,126.9837555492,11,140,SH,SH04,SH040300,2026-07-15 19:57:31+09:00,https://tong.visitkorea.or.kr/cms/resource/68/4022768_image2_1.jpeg,https://tong.visitkorea.or.kr/cms/resource/68/4022768_image3_1.jpeg,2026-09-05T02:11:57.636479+09:00
4012768,38,씨에프원,서울특별시 중구 명동4길 16 (명동2가),37.5629934194387,126.983615711878,11,140,SH,SH04,SH040300,2026-03-18 10:10:05+09:00,https://tong.visitkorea.or.kr/cms/resource/58/4024458_image2_1.jpeg,https://tong.visitkorea.or.kr/cms/resource/58/4024458_image3_1.jpeg,2026-09-05T02:11:57.636479+09:00
4012769,38,코코리아 명동지점,서울특별시 중구 명동4길 17-1 (명동2가),37.5628542498862,126.983865540682,11,140,SH,SH04,SH040300,2026-03-18 10:10:05+09:00,https://tong.visitkorea.or.kr/cms/resource/19/4024619_image2_1.jpeg,https://tong.visitkorea.or.kr/cms/resource/19/4024619_image3_1.jpeg,2026-09-05T02:11:57.636479+09:00
4012770,38,코코리아 명동메이크업지점,서울특별시 중구 명동4길 21 (명동2가) 1~2층,37.5627517221864,126.983907327839,11,140,SH,SH04,SH040300,2026-03-18 10:10:05+09:00,https://tong.visitkorea.or.kr/cms/resource/27/4022127_image2_1.jpg,https://tong.visitkorea.or.kr/cms/resource/27/4022127_image3_1.jpg,2026-09-05T02:11:57.636479+09:00
4012771,38,시눈 명동점,서울특별시 중구 명동6길 12 (명동2가) 1-2층,37.5627758114679,126.984148858258,11,140,SH,SH04,SH040300,2026-03-26 09:20:41+09:00,https://tong.visitkorea.or.kr/cms/resource/97/4042997_image2_1.png,https://tong.visitkorea.or.kr/cms/resource/97/4042997_image3_1.png,2026-09-05T02:11:57.636479+09:00
4012772,38,NOS7 명동지점,서울특별시 중구 명동6길 8 (명동2가) 1-2층,37.5629455478987,126.984064839249,11,140,SH,SH04,SH040300,2026-03-26 09:20:41+09:00,https://tong.visitkorea.or.kr/cms/resource/95/4042995_image2_1.png,https://tong.visitkorea.or.kr/cms/resource/95/4042995_image3_1.png,2026-09-05T02:11:57.636479+09:00
4012773,38,가나안경원 명동점,서울특별시 중구 명동8가길 33 (충무로2가),37.5619124538241,126.986903352805,11,140,SH,SH04,SH040300,2026-03-18 10:10:05+09:00,https://tong.visitkorea.or.kr/cms/resource/09/4024409_image2_1.jpeg,https://tong.visitkorea.or.kr/cms/resource/09/4024409_image3_1.jpeg,2026-09-05T02:11:57.636479+09:00
4012774,38,템템 3호점,서울특별시 중구 명동8가길 6 (충무로2가) 1층,37.5615255713691,126.985413372236,11,140,SH,SH04,SH040300,2026-03-18 10:10:05+09:00,https://tong.visitkorea.or.kr/cms/resource/74/4024574_image2_1.jpeg,https://tong.visitkorea.or.kr/cms/resource/74/4024574_image3_1.jpeg,2026-09-05T02:11:57.636479+09:00
4012775,38,아디다스 브랜드 플래그십 서울,서울특별시 중구 명동8길 27 (명동2가) M프라자,37.5625312330845,126.985166774442,11,140,SH,SH04,SH040300,2026-03-12 14:23:26+09:00,https://tong.visitkorea.or.kr/cms/resource/73/4024673_image2_1.jpeg,https://tong.visitkorea.or.kr/cms/resource/73/4024673_image3_1.jpeg,2026-09-05T02:11:57.636479+09:00
4012776,38,닥터마틴 명동점,서울특별시 중구 명동8길 37-9 (명동2가),37.5621448215562,126.98537442957,11,140,SH,SH04,SH040300,2026-03-18 10:10:05+09:00,https://tong.visitkorea.or.kr/cms/resource/87/4024787_image2_1.jpeg,https://tong.visitkorea.or.kr/cms/resource/87/4024787_image3_1.jpeg,2026-09-05T02:11:57.636479+09:00
4012777,38,브릭샌드 명동점,서울특별시 중구 명동8길 8-10 (명동2가) 1층,37.5633716339938,126.984100967805,11,140,SH,SH04,SH040300,2026-04-01 07:40:24+09:00,https://tong.visitkorea.or.kr/cms/resource/62/4023962_image2_1.jpeg,https://tong.visitkorea.or.kr/cms/resource/62/4023962_image3_1.jpeg,2026-09-05T02:11:57.636479+09:00
4012778,38,위글위글 타운 명동점,서울특별시 중구 명동길 14 (명동2가) Noon Square 4층,37.5634116488196,126.98288772495,11,140,SH,SH04,SH040300,2026-03-26 09:20:41+09:00,https://tong.visitkorea.or.kr/cms/resource/82/4042982_image2_1.png,https://tong.visitkorea.or.kr/cms/resource/82/4042982_image3_1.png,2026-09-05T02:11:57.636479+09:00
4012779,38,한양문고&카페 명동 눈스퀘어점,서울특별시 중구 명동길 14 (명동2가) B2층,37.5634116488196,126.98288772495,11,140,SH,SH04,SH040300,2026-03-18 10:10:05+09:00,https://tong.visitkorea.or.kr/cms/resource/89/4024589_image2_1.jpeg,https://tong.visitkorea.or.kr/cms/resource/89/4024589_image3_1.jpeg,2026-09-05T02:11:57.636479+09:00
4012780,38,다이나핏 명동직영점,서울특별시 중구 명동길 17 (명동1가),37.5638484098849,126.983222995359,11,140,SH,SH04,SH040300,2026-03-26 09:20:41+09:00,https://tong.visitkorea.or.kr/cms/resource/41/4042941_image2_1.png,https://tong.visitkorea.or.kr/cms/resource/41/4042941_image3_1.png,2026-09-05T02:11:57.636479+09:00
4012781,38,아이더 샤모니명동점,서울특별시 중구 명동길 38 (명동2가),37.5636150340836,126.984408102101,11,140,SH,SH04,SH040300,2026-03-26 09:20:41+09:00,https://tong.visitkorea.or.kr/cms/resource/68/4042968_image2_1.png,https://tong.visitkorea.or.kr/cms/resource/68/4042968_image3_1.png,2026-09-05T02:11:57.636479+09:00
4012782,38,알린다 주얼리,서울특별시 중구 세종대로 136 (태평로1가) 서울파이낸스센터 B2층,37.5684232177354,126.97825653257,11,140,SH,SH04,SH040300,2026-04-01 07:16:40+09:00,https://tong.visitkorea.or.kr/cms/resource/36/4023536_image2_1.jpg,https://tong.visitkorea.or.kr/cms/resource/36/4023536_image3_1.jpg,2026-09-05T02:11:57.636479+09:00
4012783,38,이태리안경 회현 지하쇼핑센터점,서울특별시 중구 소공로 지하58 (충무로1가),37.5606668775872,126.981847764291,11,140,SH,SH04,SH040300,2026-03-26 09:20:41+09:00,https://tong.visitkorea.or.kr/cms/resource/35/4042935_image2_1.png,https://tong.visitkorea.or.kr/cms/resource/35/4042935_image3_1.png,2026-09-05T02:11:57.636479+09:00
4012784,38,삼성스토어 신세계백화점 본점,서울특별시 중구 소공로 63 (충무로1가) 12층,37.560919019936,126.980979034083,11,140,SH,SH04,SH040300,2026-03-27 09:21:50+09:00,https://tong.visitkorea.or.kr/cms/resource/56/4042956_image2_1.jpg,https://tong.visitkorea.or.kr/cms/resource/56/4042956_image3_1.jpg,2026-09-05T02:11:57.636479+09:00
4012785,38,로저비비에 신세계백화점 본점,서울특별시 중구 소공로 63 (충무로1가) 2층,37.560919019936,126.980979034083,11,140,SH,SH04,SH040300,2026-03-27 09:21:50+09:00,https://tong.visitkorea.or.kr/cms/resource/45/4042945_image2_1.png,https://tong.visitkorea.or.kr/cms/resource/45/4042945_image3_1.png,2026-09-05T02:11:57.636479+09:00
4012786,38,프리스비 신세계백화점 본점,서울특별시 중구 소공로 63 (충무로1가) 4층,37.560919019936,126.980979034083,11,140,SH,SH04,SH040300,2026-03-30 09:16:11+09:00,https://tong.visitkorea.or.kr/cms/resource/95/4023895_image2_1.jpg,https://tong.visitkorea.or.kr/cms/resource/95/4023895_image3_1.jpg,2026-09-05T02:11:57.636479+09:00
4012787,38,빈폴멘 신세계백화점 본점,서울특별시 중구 소공로 63 (충무로1가) 5층,37.560919019936,126.980979034083,11,140,SH,SH04,SH040300,2026-03-27 09:21:50+09:00,https://tong.visitkorea.or.kr/cms/resource/39/4042339_image2_1.jpg,https://tong.visitkorea.or.kr/cms/resource/39/4042339_image3_1.jpg,2026-09-05T02:11:57.636479+09:00
4012788,38,디올 남성 신세계백화점 본점,서울특별시 중구 소공로 63 (충무로1가) 6층,37.560919019936,126.980979034083,11,140,SH,SH04,SH040300,2026-03-30 09:16:11+09:00,https://tong.visitkorea.or.kr/cms/resource/91/4023891_image2_1.jpg,https://tong.visitkorea.or.kr/cms/resource/91/4023891_image3_1.jpg,2026-09-05T02:11:57.636479+09:00
4012789,38,브리오니 신세계백화점 본점,서울특별시 중구 소공로 63 (충무로1가) 6층,37.560919019936,126.980979034083,11,140,SH,SH04,SH040300,2026-03-27 09:21:50+09:00,https://tong.visitkorea.or.kr/cms/resource/66/4042966_image2_1.png,https://tong.visitkorea.or.kr/cms/resource/66/4042966_image3_1.png,2026-09-05T02:11:57.636479+09:00
4012790,38,한진안경 BY 아이피아,서울특별시 중구 소월로 10 (남대문로5가) 단암빌딩 B1층,37.5585411616418,126.975411166003,11,140,SH,SH04,SH040300,2026-03-18 10:10:05+09:00,https://tong.visitkorea.or.kr/cms/resource/89/4024189_image2_1.jpg,https://tong.visitkorea.or.kr/cms/resource/89/4024189_image3_1.jpg,2026-09-05T02:11:57.636479+09:00
4012791,38,비트로 조테니스,서울특별시 중구 을지로 252 (을지로6가) 1층,37.5661268997772,127.00595501351,11,140,SH,SH04,SH040300,2026-03-18 10:10:05+09:00,https://tong.visitkorea.or.kr/cms/resource/53/4023953_image2_1.jpg,https://tong.visitkorea.or.kr/cms/resource/53/4023953_image3_1.jpg,2026-09-05T02:11:57.636479+09:00
4012792,38,미쏘 던던 동대문점,서울특별시 중구 을지로 264 (을지로6가) 2층,37.5657600422078,127.007079629799,11,140,SH,SH04,SH040300,2026-03-18 10:10:05+09:00,https://tong.visitkorea.or.kr/cms/resource/60/4024460_image2_1.jpeg,https://tong.visitkorea.or.kr/cms/resource/60/4024460_image3_1.jpeg,2026-09-05T02:11:57.636479+09:00
4012793,38,에잇세컨즈 던던 동대문점,서울특별시 중구 을지로 264 (을지로6가) 2층,37.5657600422078,127.007079629799,11,140,SH,SH04,SH040300,2026-03-12 09:08:40+09:00,https://tong.visitkorea.or.kr/cms/resource/97/4024497_image2_1.jpeg,https://tong.visitkorea.or.kr/cms/resource/97/4024497_image3_1.jpeg,2026-09-05T02:11:57.636479+09:00
4012794,38,블랙야크 던던 동대문점,서울특별시 중구 을지로 264 (을지로6가) B1층,37.5657600422078,127.007079629799,11,140,SH,SH04,SH040300,2026-03-27 09:21:50+09:00,https://tong.visitkorea.or.kr/cms/resource/53/4042953_image2_1.png,https://tong.visitkorea.or.kr/cms/resource/53/4042953_image3_1.png,2026-09-05T02:11:57.636479+09:00
4012795,38,롯데하이마트 더나노스퀘어 던던 동대문점,서울특별시 중구 을지로 264 (을지로6가) B1-2층,37.5657600422078,127.007079629799,11,140,SH,SH04,SH040300,2026-03-26 09:20:41+09:00,https://tong.visitkorea.or.kr/cms/resource/39/4042939_image2_1.jpg,https://tong.visitkorea.or.kr/cms/resource/39/4042939_image3_1.jpg,2026-09-05T02:11:57.636479+09:00
4012796,38,노스페이스 화이트라벨 던던 동대문점,서울특별시 중구 을지로 264 (을지로6가) B2층,37.5657600422078,127.007079629799,11,140,SH,SH04,SH040300,2026-03-30 09:16:11+09:00,https://tong.visitkorea.or.kr/cms/resource/02/4024702_image2_1.jpeg,https://tong.visitkorea.or.kr/cms/resource/02/4024702_image3_1.jpeg,2026-09-05T02:11:57.636479+09:00
4012797,38,카포풋볼스토어 동대문점,서울특별시 중구 을지로 282 (을지로7가) 카포빌딩,37.5653615631919,127.009231415916,11,140,SH,SH04,SH040300,2026-03-18 10:10:05+09:00,https://tong.visitkorea.or.kr/cms/resource/97/4024597_image2_1.jpeg,https://tong.visitkorea.or.kr/cms/resource/97/4024597_image3_1.jpeg,2026-09-05T02:11:57.636479+09:00
4012799,38,글라스프렌즈 안경,서울특별시 중구 을지로 99-1 (을지로2가) 1층,37.5664416226197,126.989073317517,11,140,SH,SH04,SH040300,2026-03-18 10:10:05+09:00,https://tong.visitkorea.or.kr/cms/resource/22/4022622_image2_1.jpeg,https://tong.visitkorea.or.kr/cms/resource/22/4022622_image3_1.jpeg,2026-09-05T02:11:57.636479+09:00
4012800,38,꽃피는온누리약국,서울특별시 중구 을지로5길 26 (수하동) B1층,37.5673399451193,126.985208946848,11,140,SH,SH04,SH040300,2026-03-25 09:34:32+09:00,https://tong.visitkorea.or.kr/cms/resource/79/4041979_image2_1.jpg,https://tong.visitkorea.or.kr/cms/resource/79/4041979_image3_1.jpg,2026-09-05T02:11:57.636479+09:00
4012801,38,엠엘비 두타몰점,서울특별시 중구 장충단로 275 (을지로6가),37.5688849422849,127.008775114213,11,140,SH,SH04,SH040300,2026-03-19 03:47:03+09:00,https://tong.visitkorea.or.kr/cms/resource/51/4023151_image2_1.jpg,https://tong.visitkorea.or.kr/cms/resource/51/4023151_image3_1.jpg,2026-09-05T02:11:57.636479+09:00
4012802,38,인조이샵 두타몰점,서울특별시 중구 장충단로 275 (을지로6가) 2층,37.5688849422849,127.008775114213,11,140,SH,SH04,SH040300,2026-03-19 03:44:41+09:00,https://tong.visitkorea.or.kr/cms/resource/49/4023149_image2_1.jpg,https://tong.visitkorea.or.kr/cms/resource/49/4023149_image3_1.jpg,2026-09-05T02:11:57.636479+09:00
4012803,38,여성 빅사이즈 글램어스 두타몰점,서울특별시 중구 장충단로 275 (을지로6가) 2층,37.5688849422849,127.008775114213,11,140,SH,SH04,SH040300,2026-03-19 03:56:34+09:00,https://tong.visitkorea.or.kr/cms/resource/55/4023155_image2_1.jpg,https://tong.visitkorea.or.kr/cms/resource/55/4023155_image3_1.jpg,2026-09-05T02:11:57.636479+09:00
4012804,38,슈젤 두타몰점,서울특별시 중구 장충단로 275 (을지로6가) B1층,37.5688849422849,127.008775114213,11,140,SH,SH04,SH040300,2026-03-25 09:34:32+09:00,https://tong.visitkorea.or.kr/cms/resource/70/4041970_image2_1.png,https://tong.visitkorea.or.kr/cms/resource/70/4041970_image3_1.png,2026-09-05T02:11:57.636479+09:00
4012805,38,앳모먼트 두타몰점,서울특별시 중구 장충단로 275 (을지로6가) 3층,37.5688849422849,127.008775114213,11,140,SH,SH04,SH040300,2026-03-19 03:51:48+09:00,https://tong.visitkorea.or.kr/cms/resource/53/4023153_image2_1.jpg,https://tong.visitkorea.or.kr/cms/resource/53/4023153_image3_1.jpg,2026-09-05T02:11:57.636479+09:00
4012806,38,미미 두타몰점,서울특별시 중구 장충단로 275 (을지로6가),37.5688849422849,127.008775114213,11,140,SH,SH04,SH040300,2026-03-19 03:49:26+09:00,https://tong.visitkorea.or.kr/cms/resource/52/4023152_image2_1.jpg,https://tong.visitkorea.or.kr/cms/resource/52/4023152_image3_1.jpg,2026-09-05T02:11:57.636479+09:00
4012807,38,스토리 두타몰점,서울특별시 중구 장충단로 275 (을지로6가),37.5688849422849,127.008775114213,11,140,SH,SH04,SH040300,2026-03-19 03:39:55+09:00,https://tong.visitkorea.or.kr/cms/resource/47/4023147_image2_1.jpg,https://tong.visitkorea.or.kr/cms/resource/47/4023147_image3_1.jpg,2026-09-05T02:11:57.636479+09:00
4012808,38,트웰브 두타몰점,서울특별시 중구 장충단로 275 (을지로6가) 5층,37.5688849422849,127.008775114213,11,140,SH,SH04,SH040300,2026-03-19 03:42:17+09:00,https://tong.visitkorea.or.kr/cms/resource/48/4023148_image2_1.jpg,https://tong.visitkorea.or.kr/cms/resource/48/4023148_image3_1.jpg,2026-09-05T02:11:57.636479+09:00
4012809,38,여성빅사이즈 지존 두타몰점,서울특별시 중구 장충단로 275 (을지로6가) 3층,37.5688849422849,127.008775114213,11,140,SH,SH04,SH040300,2026-03-26 09:20:41+09:00,https://tong.visitkorea.or.kr/cms/resource/32/4042932_image2_1.png,https://tong.visitkorea.or.kr/cms/resource/32/4042932_image3_1.png,2026-09-05T02:11:57.636479+09:00
4012810,38,두타몰,서울특별시 중구 장충단로 275 (을지로6가) 1층,37.5688849422849,127.008775114213,11,140,SH,SH04,SH040300,2026-03-19 05:45:13+09:00,https://tong.visitkorea.or.kr/cms/resource/66/4023966_image2_1.jpg,https://tong.visitkorea.or.kr/cms/resource/66/4023966_image3_1.jpg,2026-09-05T02:11:57.636479+09:00
4012812,38,엠보니또 두타몰점,서울특별시 중구 장충단로 275 (을지로6가) 5층,37.5688849422849,127.008775114213,11,140,SH,SH04,SH040300,2026-03-26 09:20:41+09:00,https://tong.visitkorea.or.kr/cms/resource/36/4042936_image2_1.png,https://tong.visitkorea.or.kr/cms/resource/36/4042936_image3_1.png,2026-09-05T02:11:57.636479+09:00
4012813,38,푸마 두타몰점,서울특별시 중구 장충단로 275 (을지로6가) B1층,37.5688849422849,127.008775114213,11,140,SH,SH04,SH040300,2026-03-30 09:16:11+09:00,https://tong.visitkorea.or.kr/cms/resource/50/4023150_image2_1.jpg,https://tong.visitkorea.or.kr/cms/resource/50/4023150_image3_1.jpg,2026-09-05T02:11:57.636479+09:00
4012814,38,트레블나인 두타몰점,서울특별시 중구 장충단로 275 (을지로6가) 4층,37.5688849422849,127.008775114213,11,140,SH,SH04,SH040300,2026-03-19 03:54:11+09:00,https://tong.visitkorea.or.kr/cms/resource/54/4023154_image2_1.jpg,https://tong.visitkorea.or.kr/cms/resource/54/4023154_image3_1.jpg,2026-09-05T02:11:57.636479+09:00
4012815,38,브렌우드 현대아울렛 동대문점,서울특별시 중구 장충단로13길 20 (을지로6가),37.568734553218,127.007666479829,11,140,SH,SH04,SH040300,2026-03-27 09:21:50+09:00,https://tong.visitkorea.or.kr/cms/resource/03/4042403_image2_1.jpg,https://tong.visitkorea.or.kr/cms/resource/03/4042403_image3_1.jpg,2026-09-05T02:11:57.636479+09:00
4012816,38,비비안 현대아울렛 동대문점,서울특별시 중구 장충단로13길 20 (을지로6가) 3층,37.568734553218,127.007666479829,11,140,SH,SH04,SH040300,2026-03-30 09:16:11+09:00,https://tong.visitkorea.or.kr/cms/resource/88/4023188_image2_1.jpg,https://tong.visitkorea.or.kr/cms/resource/88/4023188_image3_1.jpg,2026-09-05T02:11:57.636479+09:00
4012817,38,마인드브릿지 현대아울렛 동대문점,서울특별시 중구 장충단로13길 20 (을지로6가) 4층,37.568734553218,127.007666479829,11,140,SH,SH04,SH040300,2026-03-27 09:21:50+09:00,https://tong.visitkorea.or.kr/cms/resource/64/4042964_image2_1.png,https://tong.visitkorea.or.kr/cms/resource/64/4042964_image3_1.png,2026-09-05T02:11:57.636479+09:00
4012818,38,내셔널지오그래픽 현대아울렛 동대문점,서울특별시 중구 장충단로13길 20 (을지로6가) 7층,37.568734553218,127.007666479829,11,140,SH,SH04,SH040300,2026-03-27 09:21:50+09:00,https://tong.visitkorea.or.kr/cms/resource/40/4042940_image2_1.png,https://tong.visitkorea.or.kr/cms/resource/40/4042940_image3_1.png,2026-09-05T02:11:57.636479+09:00
4012819,38,노스페이스 현대아울렛 동대문점,서울특별시 중구 장충단로13길 20 (을지로6가) 7층,37.568734553218,127.007666479829,11,140,SH,SH04,SH040300,2026-03-30 09:16:11+09:00,https://tong.visitkorea.or.kr/cms/resource/06/4024706_image2_1.jpeg,https://tong.visitkorea.or.kr/cms/resource/06/4024706_image3_1.jpeg,2026-09-05T02:11:57.636479+09:00
4012820,38,라이프워크 현대아울렛 동대문점,서울특별시 중구 장충단로13길 20 (을지로6가) B1층,37.568734553218,127.007666479829,11,140,SH,SH04,SH040300,2026-03-27 09:21:50+09:00,https://tong.visitkorea.or.kr/cms/resource/77/4042877_image2_1.jpg,https://tong.visitkorea.or.kr/cms/resource/77/4042877_image3_1.jpg,2026-09-05T02:11:57.636479+09:00
4012821,38,리바이스 현대아울렛 동대문점,서울특별시 중구 장충단로13길 20 (을지로6가) 4층,37.568734553218,127.007666479829,11,140,SH,SH04,SH040300,2026-03-30 09:16:11+09:00,https://tong.visitkorea.or.kr/cms/resource/62/4022762_image2_1.jpeg,https://tong.visitkorea.or.kr/cms/resource/62/4022762_image3_1.jpeg,2026-09-05T02:11:57.636479+09:00
4012822,38,레노마골프 현대아울렛 동대문점,서울특별시 중구 장충단로13길 20 (을지로6가) 7층,37.568734553218,127.007666479829,11,140,SH,SH04,SH040300,2026-03-27 09:21:50+09:00,https://tong.visitkorea.or.kr/cms/resource/04/4042404_image2_1.jpg,https://tong.visitkorea.or.kr/cms/resource/04/4042404_image3_1.jpg,2026-09-05T02:11:57.636479+09:00
4012823,38,스케쳐스 시그니쳐타워점,서울특별시 중구 청계천로 100 (수표동) 1층,37.5674727196383,126.98811318937,11,140,SH,SH04,SH040300,2026-03-26 09:20:41+09:00,https://tong.visitkorea.or.kr/cms/resource/69/4042869_image2_1.png,https://tong.visitkorea.or.kr/cms/resource/69/4042869_image3_1.png,2026-09-05T02:11:57.636479+09:00
4012824,38,대안스포츠,서울특별시 중구 청계천로 298 (신당동) 신평화상가 1층,37.5694538182223,127.011069634436,11,140,SH,SH04,SH040300,2026-03-26 09:20:41+09:00,https://tong.visitkorea.or.kr/cms/resource/65/4042865_image2_1.png,https://tong.visitkorea.or.kr/cms/resource/65/4042865_image3_1.png,2026-09-05T02:11:57.636479+09:00
4012825,38,드로우핏 밀리오레 명동점,서울특별시 중구 퇴계로 115 (충무로1가) 2층,37.56105243357,126.984514234793,11,140,SH,SH04,SH040300,2026-03-26 09:20:41+09:00,https://tong.visitkorea.or.kr/cms/resource/47/4042847_image2_1.png,https://tong.visitkorea.or.kr/cms/resource/47/4042847_image3_1.png,2026-09-05T02:11:57.636479+09:00
4012826,38,라이프워크 메가스토어 명동점,서울특별시 중구 퇴계로 123 (충무로2가) B1층,37.5612658980395,126.985364301804,11,140,SH,SH04,SH040300,2026-03-26 09:20:41+09:00,https://tong.visitkorea.or.kr/cms/resource/68/4042868_image2_1.png,https://tong.visitkorea.or.kr/cms/resource/68/4042868_image3_1.png,2026-09-05T02:11:57.636479+09:00
4012827,38,조이약국,서울특별시 중구 퇴계로 220 (충무로4가) 1층,37.5615195650813,126.996243018658,11,140,SH,SH04,SH040300,2026-03-18 10:10:05+09:00,https://tong.visitkorea.or.kr/cms/resource/74/4024674_image2_1.jpeg,https://tong.visitkorea.or.kr/cms/resource/74/4024674_image3_1.jpeg,2026-09-05T02:11:57.636479+09:00
4012828,38,남문안경콘택트 퇴계로점,서울특별시 중구 퇴계로 37 (남창동),37.5584466553632,126.97633371006,11,140,SH,SH04,SH040300,2026-03-18 10:10:05+09:00,https://tong.visitkorea.or.kr/cms/resource/10/4024410_image2_1.jpeg,https://tong.visitkorea.or.kr/cms/resource/10/4024410_image3_1.jpeg,2026-09-05T02:11:57.636479+09:00
4012829,38,광주약국 퇴계로점,서울특별시 중구 퇴계로 45 (남창동) 1층,37.5582871492524,126.977566604666,11,140,SH,SH04,SH040300,2026-03-18 10:10:05+09:00,https://tong.visitkorea.or.kr/cms/resource/86/4022786_image2_1.jpeg,https://tong.visitkorea.or.kr/cms/resource/86/4022786_image3_1.jpeg,2026-09-05T02:11:57.636479+09:00
4012830,38,스톤헨지 신세계백화점 본점,서울특별시 중구 퇴계로 77 (충무로1가) 2층,37.5603438884295,126.980823104019,11,140,SH,SH04,SH040300,2026-03-27 09:21:50+09:00,https://tong.visitkorea.or.kr/cms/resource/54/4042854_image2_1.jpg,https://tong.visitkorea.or.kr/cms/resource/54/4042854_image3_1.jpg,2026-09-05T02:11:57.636479+09:00
4012831,38,프라다 뷰티 신세계백화점 본점,서울특별시 중구 퇴계로 77 (충무로1가) 1층,37.5603438884295,126.980823104019,11,140,SH,SH04,SH040300,2026-03-30 09:16:11+09:00,https://tong.visitkorea.or.kr/cms/resource/32/4024832_image2_1.jpeg,https://tong.visitkorea.or.kr/cms/resource/32/4024832_image3_1.jpeg,2026-09-05T02:11:57.636479+09:00
4012832,38,코오롱스포츠 신세계백화점 본점,서울특별시 중구 퇴계로 77 (충무로1가) 5층,37.5603438884295,126.980823104019,11,140,SH,SH04,SH040300,2026-03-30 09:16:11+09:00,https://tong.visitkorea.or.kr/cms/resource/93/4023893_image2_1.jpg,https://tong.visitkorea.or.kr/cms/resource/93/4023893_image3_1.jpg,2026-09-05T02:11:57.636479+09:00
4012833,38,버버리맨즈 신세계백화점 본점,서울특별시 중구 퇴계로 77 (충무로1가) 6층,37.5603438884295,126.980823104019,11,140,SH,SH04,SH040300,2026-03-30 09:16:11+09:00,https://tong.visitkorea.or.kr/cms/resource/09/4024609_image2_1.jpeg,https://tong.visitkorea.or.kr/cms/resource/09/4024609_image3_1.jpeg,2026-09-05T02:11:57.636479+09:00
4012834,38,델보 신세계백화점 본점,서울특별시 중구 퇴계로 77 (충무로1가) 1층,37.5603438884295,126.980823104019,11,140,SH,SH04,SH040300,2026-03-27 09:21:50+09:00,https://tong.visitkorea.or.kr/cms/resource/56/4042856_image2_1.png,https://tong.visitkorea.or.kr/cms/resource/56/4042856_image3_1.png,2026-09-05T02:11:57.636479+09:00
4012835,38,유명안경,서울특별시 중구 퇴계로10길 8 (회현동1가) 1층,37.5589956102013,126.980119138373,11,140,SH,SH04,SH040300,2026-03-26 09:20:41+09:00,https://tong.visitkorea.or.kr/cms/resource/38/4042838_image2_1.png,https://tong.visitkorea.or.kr/cms/resource/38/4042838_image3_1.png,2026-09-05T02:11:57.636479+09:00
4012836,38,빅쏘갤러리 명동 재미로점,서울특별시 중구 퇴계로20길 19 (남산동2가) 1층,37.5593764885576,126.985949582005,11,140,SH,SH04,SH040300,2026-03-26 09:20:41+09:00,https://tong.visitkorea.or.kr/cms/resource/59/4042859_image2_1.png,https://tong.visitkorea.or.kr/cms/resource/59/4042859_image3_1.png,2026-09-05T02:11:57.636479+09:00
4025936,38,명동썬약국,서울특별시 중구 남대문로 52-13 (명동2가) B1층,37.5621320478482,126.982238910434,11,140,SH,SH04,SH040300,2026-03-27 09:21:50+09:00,https://tong.visitkorea.or.kr/cms/resource/60/4044760_image2_1.png,https://tong.visitkorea.or.kr/cms/resource/60/4044760_image3_1.png,2026-09-05T02:11:57.636479+09:00
4025937,38,브이티 명동5호점,서울특별시 중구 남대문로 66-1 (명동2가) 1층,37.5630232159436,126.982188557999,11,140,SH,SH04,SH040300,2026-03-27 09:21:50+09:00,https://tong.visitkorea.or.kr/cms/resource/69/4044769_image2_1.png,https://tong.visitkorea.or.kr/cms/resource/69/4044769_image3_1.png,2026-09-05T02:11:57.636479+09:00
4025938,38,조성민안경콘택트 명동지하쇼핑센터점,서울특별시 중구 남대문로 지하72 (남대문로2가),37.5635641593204,126.982090184082,11,140,SH,SH04,SH040300,2026-03-27 09:21:50+09:00,https://tong.visitkorea.or.kr/cms/resource/79/4044779_image2_1.png,https://tong.visitkorea.or.kr/cms/resource/79/4044779_image3_1.png,2026-09-05T02:11:57.636479+09:00
4025944,38,아크레도 롯데백화점 에비뉴엘 본점,서울특별시 중구 남대문로 73 (남대문로2가) 3층,37.56424508512,126.981781474221,11,140,SH,SH04,SH040300,2026-03-26 09:20:41+09:00,https://tong.visitkorea.or.kr/cms/resource/86/4042986_image2_1.png,https://tong.visitkorea.or.kr/cms/resource/86/4042986_image3_1.png,2026-09-05T02:11:57.636479+09:00
4025945,38,폴로남성 롯데백화점 본점,서울특별시 중구 남대문로 81 (소공동),37.5647299033135,126.981730421825,11,140,SH,SH04,SH040300,2026-03-30 09:16:11+09:00,https://tong.visitkorea.or.kr/cms/resource/90/4045190_image2_1.png,https://tong.visitkorea.or.kr/cms/resource/90/4045190_image3_1.png,2026-09-05T02:11:57.636479+09:00
4025951,38,델보 롯데백화점 본점,서울특별시 중구 남대문로 81 (소공동) 1층,37.5647299033135,126.981730421825,11,140,SH,SH04,SH040300,2026-03-27 09:21:50+09:00,https://tong.visitkorea.or.kr/cms/resource/62/4042962_image2_1.png,https://tong.visitkorea.or.kr/cms/resource/62/4042962_image3_1.png,2026-09-05T02:11:57.636479+09:00
4025952,38,끌로에 롯데백화점 본점,서울특별시 중구 남대문로 81 (소공동) 2층,37.5647299033135,126.981730421825,11,140,SH,SH04,SH040300,2026-03-27 09:21:50+09:00,https://tong.visitkorea.or.kr/cms/resource/61/4042961_image2_1.jpg,https://tong.visitkorea.or.kr/cms/resource/61/4042961_image3_1.jpg,2026-09-05T02:11:57.636479+09:00
4025953,38,로에베 롯데백화점 본점,서울특별시 중구 남대문로 81 (소공동) 2층,37.5647299033135,126.981730421825,11,140,SH,SH04,SH040300,2026-03-30 09:16:11+09:00,https://tong.visitkorea.or.kr/cms/resource/58/4045858_image2_1.jpg,https://tong.visitkorea.or.kr/cms/resource/58/4045858_image3_1.jpg,2026-09-05T02:11:57.636479+09:00
4025954,38,빈폴멘 롯데백화점 본점,서울특별시 중구 남대문로 81 (소공동) 6층,37.5647299033135,126.981730421825,11,140,SH,SH04,SH040300,2026-03-30 09:16:11+09:00,https://tong.visitkorea.or.kr/cms/resource/52/4045752_image2_1.jpg,https://tong.visitkorea.or.kr/cms/resource/52/4045752_image3_1.jpg,2026-09-05T02:11:57.636479+09:00
4025955,38,삼성스토어 롯데백화점 본점,서울특별시 중구 남대문로 81 (소공동) 8층,37.5647299033135,126.981730421825,11,140,SH,SH04,SH040300,2026-03-30 09:16:11+09:00,https://tong.visitkorea.or.kr/cms/resource/95/4045295_image2_1.jpg,https://tong.visitkorea.or.kr/cms/resource/95/4045295_image3_1.jpg,2026-09-05T02:11:57.636479+09:00
4025956,38,메종마르지엘라퍼퓸 롯데백화점 본점,서울특별시 중구 남대문로 81 (소공동) B1층,37.5647299033135,126.981730421825,11,140,SH,SH04,SH040300,2026-03-30 09:16:11+09:00,https://tong.visitkorea.or.kr/cms/resource/06/4044806_image2_1.png,https://tong.visitkorea.or.kr/cms/resource/06/4044806_image3_1.png,2026-09-05T02:11:57.636479+09:00
4025957,38,스톤헨지 롯데백화점 본점,서울특별시 중구 남대문로 81 (소공동) B1층,37.5647299033135,126.981730421825,11,140,SH,SH04,SH040300,2026-03-27 09:21:50+09:00,https://tong.visitkorea.or.kr/cms/resource/49/4042949_image2_1.png,https://tong.visitkorea.or.kr/cms/resource/49/4042949_image3_1.png,2026-09-05T02:11:57.636479+09:00
4025963,38,세훈사,서울특별시 중구 남대문시장4길 21 (남창동) 1층,37.5591863609004,126.977653709273,11,140,SH,SH04,SH040300,2026-03-27 09:21:50+09:00,https://tong.visitkorea.or.kr/cms/resource/09/4045209_image2_1.png,https://tong.visitkorea.or.kr/cms/resource/09/4045209_image3_1.png,2026-09-05T02:11:57.636479+09:00
4025964,38,실버베스트,서울특별시 중구 남대문시장4길 27-6 (남창동) 송서스토리빌딩 1층,37.5587751536644,126.97769514219,11,140,SH,SH04,SH040300,2026-03-27 09:21:50+09:00,https://tong.visitkorea.or.kr/cms/resource/54/4043354_image2_1.jpg,https://tong.visitkorea.or.kr/cms/resource/54/4043354_image3_1.jpg,2026-09-05T02:11:57.636479+09:00
4025965,38,마레,서울특별시 중구 남대문시장4길 3 (남창동),37.5600792616337,126.977721011283,11,140,SH,SH04,SH040300,2026-03-27 09:21:50+09:00,https://tong.visitkorea.or.kr/cms/resource/16/4044816_image2_1.png,https://tong.visitkorea.or.kr/cms/resource/16/4044816_image3_1.png,2026-09-05T02:11:57.636479+09:00
4025966,38,삼성안경,서울특별시 중구 남대문시장4길 34-1 (남창동),37.5584814859937,126.977054303022,11,140,SH,SH04,SH040300,2026-03-27 09:21:50+09:00,https://tong.visitkorea.or.kr/cms/resource/07/4045907_image2_1.png,https://tong.visitkorea.or.kr/cms/resource/07/4045907_image3_1.png,2026-09-05T02:11:57.636479+09:00
4025974,38,실로암안경콘택트,서울특별시 중구 남대문시장4길 34-5 (남창동),37.5584618200628,126.976930152879,11,140,SH,SH04,SH040300,2026-03-27 09:21:50+09:00,https://tong.visitkorea.or.kr/cms/resource/08/4045908_image2_1.png,https://tong.visitkorea.or.kr/cms/resource/08/4045908_image3_1.png,2026-09-05T02:11:57.636479+09:00
4025975,38,도깨비신발,서울특별시 중구 남대문시장4길 9 (남창동),37.5596678574699,126.977673598289,11,140,SH,SH04,SH040300,2026-03-27 09:21:50+09:00,https://tong.visitkorea.or.kr/cms/resource/89/4045189_image2_1.png,https://tong.visitkorea.or.kr/cms/resource/89/4045189_image3_1.png,2026-09-05T02:11:57.636479+09:00
4025976,38,명성상사,서울특별시 중구 남대문시장4길 9 (남창동),37.5596678574699,126.977673598289,11,140,SH,SH04,SH040300,2026-03-27 09:21:50+09:00,https://tong.visitkorea.or.kr/cms/resource/18/4044818_image2_1.png,https://tong.visitkorea.or.kr/cms/resource/18/4044818_image3_1.png,2026-09-05T02:11:57.636479+09:00
4025977,38,남정안경,서울특별시 중구 남대문시장4길 9 (남창동) 1층,37.5596678575,126.9776735983,11,140,SH,SH04,SH040300,2026-07-15 19:55:29+09:00,https://tong.visitkorea.or.kr/cms/resource/06/4045906_image2_1.png,https://tong.visitkorea.or.kr/cms/resource/06/4045906_image3_1.png,2026-09-05T02:11:57.636479+09:00
4025978,38,삼성기물,서울특별시 중구 남대문시장4길 9 (남창동) 3층,37.5596678574699,126.977673598289,11,140,SH,SH04,SH040300,2026-03-26 09:20:41+09:00,https://tong.visitkorea.or.kr/cms/resource/90/4042990_image2_1.png,https://tong.visitkorea.or.kr/cms/resource/90/4042990_image3_1.png,2026-09-05T02:11:57.636479+09:00
4025984,38,붐아동화,서울특별시 중구 남대문시장8길 26 (남창동) 은성빌딩 1층,37.5592372383262,126.978467904444,11,140,SH,SH04,SH040300,2026-03-27 09:21:50+09:00,https://tong.visitkorea.or.kr/cms/resource/15/4044815_image2_1.png,https://tong.visitkorea.or.kr/cms/resource/15/4044815_image3_1.png,2026-09-05T02:11:57.636479+09:00
4025985,38,돈키호테안경,서울특별시 중구 남대문시장길 25-8 (남대문로4가) 1층,37.5604796190211,126.977480495697,11,140,SH,SH04,SH040300,2026-03-27 09:21:50+09:00,https://tong.visitkorea.or.kr/cms/resource/59/4044759_image2_1.png,https://tong.visitkorea.or.kr/cms/resource/59/4044759_image3_1.png,2026-09-05T02:11:57.636479+09:00
4025986,38,안경과사람들,서울특별시 중구 남대문시장길 61 (회현동1가),37.5607252260011,126.979429404443,11,140,SH,SH04,SH040300,2026-03-27 09:21:50+09:00,https://tong.visitkorea.or.kr/cms/resource/72/4044772_image2_1.png,https://tong.visitkorea.or.kr/cms/resource/72/4044772_image3_1.png,2026-09-05T02:11:57.636479+09:00
4025987,38,세븐일레븐 무교3호점,서울특별시 중구 다동길 46 (다동),37.5678614943581,126.981726148037,11,140,SH,SH04,SH040300,2026-03-26 09:20:41+09:00,https://tong.visitkorea.or.kr/cms/resource/85/4042985_image2_1.jpg,https://tong.visitkorea.or.kr/cms/resource/85/4042985_image3_1.jpg,2026-09-05T02:11:57.636479+09:00
4025988,38,포스트아카이브팩션 서울스토어,서울특별시 중구 다산로20길 30 (신당동) 1층,37.5567648146,127.0136524558,11,140,SH,SH04,SH040300,2026-07-15 19:56:10+09:00,https://tong.visitkorea.or.kr/cms/resource/89/4045489_image2_1.jpg,https://tong.visitkorea.or.kr/cms/resource/89/4045489_image3_1.jpg,2026-09-05T02:11:57.636479+09:00
4025989,38,오호스 약수 쇼룸,서울특별시 중구 다산로24길 31 (신당동) 1층,37.5575886885479,127.014394252331,11,140,SH,SH04,SH040300,2026-03-26 09:20:41+09:00,https://tong.visitkorea.or.kr/cms/resource/75/4045775_image2_1.jpg,https://tong.visitkorea.or.kr/cms/resource/75/4045775_image3_1.jpg,2026-09-05T02:11:57.636479+09:00
4025991,38,전통한복,서울특별시 중구 동호로 249 (장충동2가) B1층,37.5575055053737,127.007952910656,11,140,SH,SH04,SH040300,2026-03-26 09:20:41+09:00,https://tong.visitkorea.or.kr/cms/resource/91/4042991_image2_1.png,https://tong.visitkorea.or.kr/cms/resource/91/4042991_image3_1.png,2026-09-05T02:11:57.636479+09:00
4025992,38,올마스크스토리 3번가점,서울특별시 중구 명동10길 25 (명동2가),37.5627520256442,126.985557216871,11,140,SH,SH04,SH040300,2026-03-27 09:21:50+09:00,https://tong.visitkorea.or.kr/cms/resource/06/4043406_image2_1.jpg,https://tong.visitkorea.or.kr/cms/resource/06/4043406_image3_1.jpg,2026-09-05T02:11:57.636479+09:00
4025998,38,오렌즈 명동중앙점,서울특별시 중구 명동10길 27-1 (명동2가) 1층,37.5625854381468,126.985612596081,11,140,SH,SH04,SH040300,2026-03-27 09:21:50+09:00,https://tong.visitkorea.or.kr/cms/resource/76/4044776_image2_1.png,https://tong.visitkorea.or.kr/cms/resource/76/4044776_image3_1.png,2026-09-05T02:11:57.636479+09:00
4025999,38,EPT 명동점,서울특별시 중구 명동4길 15-1 (명동2가),37.5629575884506,126.983823640051,11,140,SH,SH04,SH040300,2026-03-26 09:20:41+09:00,https://tong.visitkorea.or.kr/cms/resource/28/4042428_image2_1.jpg,https://tong.visitkorea.or.kr/cms/resource/28/4042428_image3_1.jpg,2026-09-05T02:11:57.636479+09:00
4026000,38,비너스 명동직매장점,서울특별시 중구 명동4길 28 (명동2가) 1층,37.5624651885079,126.983784698045,11,140,SH,SH04,SH040300,2026-03-27 09:21:50+09:00,https://tong.visitkorea.or.kr/cms/resource/92/4045492_image2_1.jpg,https://tong.visitkorea.or.kr/cms/resource/92/4045492_image3_1.jpg,2026-09-05T02:11:57.636479+09:00
4026001,38,나우뉴 명동점,서울특별시 중구 명동4길 46 (충무로1가) B1-1층,37.5617217973829,126.983939693297,11,140,SH,SH04,SH040300,2026-03-27 09:21:50+09:00,https://tong.visitkorea.or.kr/cms/resource/87/4044787_image2_1.png,https://tong.visitkorea.or.kr/cms/resource/87/4044787_image3_1.png,2026-09-05T02:11:57.636479+09:00
4026002,38,스노우피크 명동점,서울특별시 중구 명동6길 14 (명동2가) 1층,37.5627131084088,126.984195843047,11,140,SH,SH04,SH040300,2026-03-26 09:20:41+09:00,https://tong.visitkorea.or.kr/cms/resource/78/4045778_image2_1.jpg,https://tong.visitkorea.or.kr/cms/resource/78/4045778_image3_1.jpg,2026-09-05T02:11:57.636479+09:00
4026003,38,컨버스 명동7길점,서울특별시 중구 명동7길 13 (명동1가) 1층,37.5643525309057,126.983969236251,11,140,SH,SH04,SH040300,2026-03-27 09:21:50+09:00,https://tong.visitkorea.or.kr/cms/resource/57/4044757_image2_1.jpg,https://tong.visitkorea.or.kr/cms/resource/57/4044757_image3_1.jpg,2026-09-05T02:11:57.636479+09:00
4026004,38,명동하이약국,서울특별시 중구 명동7길 14 (명동1가),37.5643900804844,126.984479135121,11,140,SH,SH04,SH040300,2026-03-26 09:20:41+09:00,https://tong.visitkorea.or.kr/cms/resource/14/4042314_image2_1.jpg,https://tong.visitkorea.or.kr/cms/resource/14/4042314_image3_1.jpg,2026-09-05T02:11:57.636479+09:00
4026010,38,오아시스약국 명동,서울특별시 중구 명동7길 21 (을지로2가) 1층,37.5647312946952,126.983858910559,11,140,SH,SH04,SH040300,2026-03-27 09:21:50+09:00,https://tong.visitkorea.or.kr/cms/resource/88/4045188_image2_1.png,https://tong.visitkorea.or.kr/cms/resource/88/4045188_image3_1.png,2026-09-05T02:11:57.636479+09:00
4026016,38,레드아이 명동점,서울특별시 중구 명동8가길 17 (충무로2가),37.5618554915922,126.985952172418,11,140,SH,SH04,SH040300,2026-03-27 09:21:50+09:00,https://tong.visitkorea.or.kr/cms/resource/91/4045191_image2_1.png,https://tong.visitkorea.or.kr/cms/resource/91/4045191_image3_1.png,2026-09-05T02:11:57.636479+09:00
4026017,38,위글위글집 명동,서울특별시 중구 명동8가길 24 (충무로2가),37.5615971327957,126.986353340274,11,140,SH,SH04,SH040300,2026-03-26 09:20:41+09:00,https://tong.visitkorea.or.kr/cms/resource/76/4042976_image2_1.png,https://tong.visitkorea.or.kr/cms/resource/76/4042976_image3_1.png,2026-09-05T02:11:57.636479+09:00
4026018,38,하이모레이디 앤 아가씨 명동점,서울특별시 중구 명동8가길 27 (충무로2가) 선샤인빌딩 1-2층,37.5620005331406,126.986563787577,11,140,SH,SH04,SH040300,2026-03-27 09:21:50+09:00,https://tong.visitkorea.or.kr/cms/resource/71/4045271_image2_1.jpg,https://tong.visitkorea.or.kr/cms/resource/71/4045271_image3_1.jpg,2026-09-05T02:11:57.636479+09:00
4026019,38,커버낫 명동플래그십,서울특별시 중구 명동8길 10 (명동2가),37.5632898652497,126.984413942316,11,140,SH,SH04,SH040300,2026-03-27 09:21:50+09:00,https://tong.visitkorea.or.kr/cms/resource/98/4045198_image2_1.png,https://tong.visitkorea.or.kr/cms/resource/98/4045198_image3_1.png,2026-09-05T02:11:57.636479+09:00
4026020,38,ABC마트 GS 명동중앙점,서울특별시 중구 명동8길 12 (명동2가),37.5631716613511,126.98446580569,11,140,SH,SH04,SH040300,2026-03-27 09:21:50+09:00,https://tong.visitkorea.or.kr/cms/resource/08/4044808_image2_1.png,https://tong.visitkorea.or.kr/cms/resource/08/4044808_image3_1.png,2026-09-05T02:11:57.636479+09:00
4026021,38,이미스 플래그십 스토어 명동,서울특별시 중구 명동8길 17 (명동2가),37.563036026254,126.98488937151,11,140,SH,SH04,SH040300,2026-03-30 09:16:11+09:00,https://tong.visitkorea.or.kr/cms/resource/65/4045665_image2_1.jpg,https://tong.visitkorea.or.kr/cms/resource/65/4045665_image3_1.jpg,2026-09-05T02:11:57.636479+09:00
4026022,38,마리떼프랑소와저버 명동FSS점,서울특별시 중구 명동8길 17-1 (명동2가),37.562950511494,126.984809933118,11,140,SH,SH04,SH040300,2026-03-26 09:20:41+09:00,https://tong.visitkorea.or.kr/cms/resource/57/4045857_image2_1.png,https://tong.visitkorea.or.kr/cms/resource/57/4045857_image3_1.png,2026-09-05T02:11:57.636479+09:00
4026023,38,스케쳐스 명동직영점,서울특별시 중구 명동8길 26 (명동2가),37.562536031199,126.984640693887,11,140,SH,SH04,SH040300,2026-03-26 09:20:41+09:00,https://tong.visitkorea.or.kr/cms/resource/74/4042974_image2_1.png,https://tong.visitkorea.or.kr/cms/resource/74/4042974_image3_1.png,2026-09-05T02:11:57.636479+09:00
4026024,38,엠플레이그라운드 명동점,서울특별시 중구 명동8길 27 (명동2가) B1층,37.5625312330845,126.985166774442,11,140,SH,SH04,SH040300,2026-03-26 09:20:41+09:00,https://tong.visitkorea.or.kr/cms/resource/75/4042975_image2_1.png,https://tong.visitkorea.or.kr/cms/resource/75/4042975_image3_1.png,2026-09-05T02:11:57.636479+09:00
4026030,38,퀸홀리데이 중앙점,서울특별시 중구 명동8길 33 (명동2가),37.5622282938708,126.984975667378,11,140,SH,SH04,SH040300,2026-03-26 09:20:41+09:00,https://tong.visitkorea.or.kr/cms/resource/96/4042496_image2_1.jpg,https://tong.visitkorea.or.kr/cms/resource/96/4042496_image3_1.jpg,2026-09-05T02:11:57.636479+09:00
4026035,38,사뿐 명동스테이지,서울특별시 중구 명동8길 37-7 (명동2가),37.5621706642172,126.985246300765,11,140,SH,SH04,SH040300,2026-03-27 09:21:50+09:00,https://tong.visitkorea.or.kr/cms/resource/99/4044799_image2_1.png,https://tong.visitkorea.or.kr/cms/resource/99/4044799_image3_1.png,2026-09-05T02:11:57.636479+09:00
4026041,38,미샤플러스 명동메가스토어점,서울특별시 중구 명동8길 42 (충무로1가),37.5617758784219,126.984780178125,11,140,SH,SH04,SH040300,2026-03-26 09:20:41+09:00,https://tong.visitkorea.or.kr/cms/resource/72/4042972_image2_1.png,https://tong.visitkorea.or.kr/cms/resource/72/4042972_image3_1.png,2026-09-05T02:11:57.636479+09:00
4026042,38,로이드 명동점,서울특별시 중구 명동8길 43-1 (충무로2가) 1층,37.5617741157989,126.985088715144,11,140,SH,SH04,SH040300,2026-03-27 09:21:50+09:00,https://tong.visitkorea.or.kr/cms/resource/90/4045890_image2_1.png,https://tong.visitkorea.or.kr/cms/resource/90/4045890_image3_1.png,2026-09-05T02:11:57.636479+09:00
4026044,38,푸른약국,서울특별시 중구 명동8길 47 (충무로2가),37.5616633804346,126.985065987479,11,140,SH,SH04,SH040300,2026-03-27 09:21:50+09:00,https://tong.visitkorea.or.kr/cms/resource/59/4043359_image2_1.jpg,https://tong.visitkorea.or.kr/cms/resource/59/4043359_image3_1.jpg,2026-09-05T02:11:57.636479+09:00
4026049,38,MLB 명동중앙점,서울특별시 중구 명동8길 7 (명동2가) 1층,37.5634329011775,126.984780293776,11,140,SH,SH04,SH040300,2026-03-27 09:21:50+09:00,https://tong.visitkorea.or.kr/cms/resource/58/4045258_image2_1.jpg,https://tong.visitkorea.or.kr/cms/resource/58/4045258_image3_1.jpg,2026-09-05T02:11:57.636479+09:00
4026056,38,믹순 플래그십 스토어 명동,서울특별시 중구 명동8길 8-5 (명동2가),37.5632388468008,126.984247797154,11,140,SH,SH04,SH040300,2026-03-27 09:21:50+09:00,https://tong.visitkorea.or.kr/cms/resource/94/4045494_image2_1.jpg,https://tong.visitkorea.or.kr/cms/resource/94/4045494_image3_1.jpg,2026-09-05T02:11:57.636479+09:00
4026058,38,에잇세컨즈 명동역점,서울특별시 중구 명동8나길 3 (충무로1가),37.5613485414522,126.984824972057,11,140,SH,SH04,SH040300,2026-03-30 09:16:11+09:00,https://tong.visitkorea.or.kr/cms/resource/67/4045667_image2_1.jpg,https://tong.visitkorea.or.kr/cms/resource/67/4045667_image3_1.jpg,2026-09-05T02:11:57.636479+09:00
4026062,38,명동중앙약국,서울특별시 중구 명동8나길 49 (충무로1가),37.5610768789714,126.982161631334,11,140,SH,SH04,SH040300,2026-03-27 09:21:50+09:00,https://tong.visitkorea.or.kr/cms/resource/46/4043346_image2_1.jpg,https://tong.visitkorea.or.kr/cms/resource/46/4043346_image3_1.jpg,2026-09-05T02:11:57.636479+09:00
4026063,38,광우사,서울특별시 중구 명동8나길 52-1 (충무로1가),37.5612129234173,126.982121532443,11,140,SH,SH04,SH040300,2026-03-27 09:21:50+09:00,https://tong.visitkorea.or.kr/cms/resource/96/4045496_image2_1.jpg,https://tong.visitkorea.or.kr/cms/resource/96/4045496_image3_1.jpg,2026-09-05T02:11:57.636479+09:00
4026069,38,트리옹프닥터의원,서울특별시 중구 명동9길 16 (명동1가) 명동센트럴빌딩 2층,37.5646464205897,126.985233588299,11,140,SH,SH04,SH040300,2026-03-27 09:21:50+09:00,https://tong.visitkorea.or.kr/cms/resource/04/4043504_image2_1.jpg,https://tong.visitkorea.or.kr/cms/resource/04/4043504_image3_1.jpg,2026-09-05T02:11:57.636479+09:00
4026070,38,올마스크스토리 명동점,서울특별시 중구 명동길 3-1 (명동1가),37.5637835277334,126.982529972234,11,140,SH,SH04,SH040300,2026-03-27 09:21:50+09:00,https://tong.visitkorea.or.kr/cms/resource/08/4043408_image2_1.jpg,https://tong.visitkorea.or.kr/cms/resource/08/4043408_image3_1.jpg,2026-09-05T02:11:57.636479+09:00
4026071,38,올마스크스토리 4호점,서울특별시 중구 명동길 36-1 (명동2가),37.5636150206469,126.984306687706,11,140,SH,SH04,SH040300,2026-03-26 09:20:41+09:00,https://tong.visitkorea.or.kr/cms/resource/28/4045728_image2_1.jpg,https://tong.visitkorea.or.kr/cms/resource/28/4045728_image3_1.jpg,2026-09-05T02:11:57.636479+09:00
4026075,38,원트 명동점,서울특별시 중구 명동길 48 (명동2가) 청휘빌딩 B1층,37.5636814259192,126.985014311478,11,140,SH,SH04,SH040300,2026-03-30 09:16:11+09:00,https://tong.visitkorea.or.kr/cms/resource/68/4045668_image2_1.jpg,https://tong.visitkorea.or.kr/cms/resource/68/4045668_image3_1.jpg,2026-09-05T02:11:57.636479+09:00
4026081,38,버터샵 명동점,서울특별시 중구 명동길 55 (명동1가) 태흥빌딩 1층,37.5641417024991,126.985394525951,11,140,SH,SH04,SH040300,2026-03-27 09:21:50+09:00,https://tong.visitkorea.or.kr/cms/resource/61/4045961_image2_1.png,https://tong.visitkorea.or.kr/cms/resource/61/4045961_image3_1.png,2026-09-05T02:11:57.636479+09:00
4026091,38,1898광장약국,서울특별시 중구 명동길 74 (명동2가),37.56367587,126.9867758233,11,140,SH,SH04,SH040300,2026-07-15 19:58:10+09:00,https://tong.visitkorea.or.kr/cms/resource/21/4045821_image2_1.png,https://tong.visitkorea.or.kr/cms/resource/21/4045821_image3_1.png,2026-09-05T02:11:57.636479+09:00
4026092,38,반도카메라갤러리,서울특별시 중구 삼일대로4길 16 (충무로2가),37.5618632998661,126.990093312849,11,140,SH,SH04,SH040300,2026-03-26 09:20:41+09:00,https://tong.visitkorea.or.kr/cms/resource/98/4042998_image2_1.png,https://tong.visitkorea.or.kr/cms/resource/98/4042998_image3_1.png,2026-09-05T02:11:57.636479+09:00
4026098,38,시청엔약국,서울특별시 중구 서소문로 133 (서소문동) 1층,37.563890768242,126.975548626781,11,140,SH,SH04,SH040300,2026-03-27 09:21:50+09:00,https://tong.visitkorea.or.kr/cms/resource/86/4043386_image2_1.jpg,https://tong.visitkorea.or.kr/cms/resource/86/4043386_image3_1.jpg,2026-09-05T02:11:57.636479+09:00
4026104,38,캐논스토어 서울역점,서울특별시 중구 세종대로 30 (남대문로5가) 신남문빌딩 1층,37.5590077747971,126.974919816932,11,140,SH,SH04,SH040300,2026-03-27 09:21:50+09:00,https://tong.visitkorea.or.kr/cms/resource/90/4044790_image2_1.png,https://tong.visitkorea.or.kr/cms/resource/90/4044790_image3_1.png,2026-09-05T02:11:57.636479+09:00
4026110,38,삼성스토어 태평로 삼성본관,서울특별시 중구 세종대로 67 (태평로2가) 삼성본관 1층,37.5623085377513,126.975593964647,11,140,SH,SH04,SH040300,2026-03-26 09:20:41+09:00,https://tong.visitkorea.or.kr/cms/resource/59/4042959_image2_1.jpg,https://tong.visitkorea.or.kr/cms/resource/59/4042959_image3_1.jpg,2026-09-05T02:11:57.636479+09:00
4026111,38,GS25 을지로3가점,서울특별시 중구 수표로 43-2 (저동2가),37.5651701068975,126.98974221833,11,140,SH,SH04,SH040300,2026-03-26 09:20:41+09:00,https://tong.visitkorea.or.kr/cms/resource/37/4042937_image2_1.png,https://tong.visitkorea.or.kr/cms/resource/37/4042937_image3_1.png,2026-09-05T02:11:57.636479+09:00
4026116,38,캐논스토어 충무로점,서울특별시 중구 수표로6길 23 (충무로3가) 1층,37.5630166995957,126.991703327198,11,140,SH,SH04,SH040300,2026-03-27 09:21:50+09:00,https://tong.visitkorea.or.kr/cms/resource/60/4045960_image2_1.png,https://tong.visitkorea.or.kr/cms/resource/60/4045960_image3_1.png,2026-09-05T02:11:57.636479+09:00
4026118,38,오렌지약국,서울특별시 중구 을지로 100 (을지로2가) B1층,37.5656490167105,126.988142568678,11,140,SH,SH04,SH040300,2026-03-27 09:21:50+09:00,https://tong.visitkorea.or.kr/cms/resource/09/4045909_image2_1.png,https://tong.visitkorea.or.kr/cms/resource/09/4045909_image3_1.png,2026-09-05T02:11:57.636479+09:00
4026122,38,유니클로 던던 동대문점,서울특별시 중구 을지로 264 (을지로6가) 1층,37.5657600422078,127.007079629799,11,140,SH,SH04,SH040300,2026-03-30 09:16:11+09:00,https://tong.visitkorea.or.kr/cms/resource/30/4044930_image2_1.jpg,https://tong.visitkorea.or.kr/cms/resource/30/4044930_image3_1.jpg,2026-09-05T02:11:57.636479+09:00
4026123,38,다이소 던던 동대문점,서울특별시 중구 을지로 264 (을지로6가) 3층,37.5657600422078,127.007079629799,11,140,SH,SH04,SH040300,2026-03-30 09:16:11+09:00,https://tong.visitkorea.or.kr/cms/resource/87/4029487_image2_1.jpg,https://tong.visitkorea.or.kr/cms/resource/87/4029487_image3_1.jpg,2026-09-05T02:11:57.636479+09:00
4026128,38,코닥 던던 동대문점,서울특별시 중구 을지로 264 (을지로6가) 5층,37.5657600422078,127.007079629799,11,140,SH,SH04,SH040300,2026-03-27 09:21:50+09:00,https://tong.visitkorea.or.kr/cms/resource/87/4042987_image2_1.png,https://tong.visitkorea.or.kr/cms/resource/87/4042987_image3_1.png,2026-09-05T02:11:57.636479+09:00
4026129,38,노르디스크 던던 동대문점,서울특별시 중구 을지로 264 (을지로6가) B1층,37.5657600422078,127.007079629799,11,140,SH,SH04,SH040300,2026-03-27 09:21:50+09:00,https://tong.visitkorea.or.kr/cms/resource/79/4042979_image2_1.png,https://tong.visitkorea.or.kr/cms/resource/79/4042979_image3_1.png,2026-09-05T02:11:57.636479+09:00
4026130,38,스노우피크 던던 동대문점,서울특별시 중구 을지로 264 (을지로6가) B1층,37.5657600422078,127.007079629799,11,140,SH,SH04,SH040300,2026-03-30 09:16:11+09:00,https://tong.visitkorea.or.kr/cms/resource/22/4044922_image2_1.png,https://tong.visitkorea.or.kr/cms/resource/22/4044922_image3_1.png,2026-09-05T02:11:57.636479+09:00
4026131,38,와이컨셉 던던 동대문점,서울특별시 중구 을지로 264 (을지로6가) B1층,37.5657600422078,127.007079629799,11,140,SH,SH04,SH040300,2026-03-30 09:16:11+09:00,https://tong.visitkorea.or.kr/cms/resource/72/4045672_image2_1.jpg,https://tong.visitkorea.or.kr/cms/resource/72/4045672_image3_1.jpg,2026-09-05T02:11:57.636479+09:00
4026132,38,삼성바른약국,서울특별시 중구 을지로 280-1 (을지로7가) 1층,37.5654640242353,127.009001089941,11,140,SH,SH04,SH040300,2026-03-27 09:21:50+09:00,https://tong.visitkorea.or.kr/cms/resource/63/4043363_image2_1.jpg,https://tong.visitkorea.or.kr/cms/resource/63/4043363_image3_1.jpg,2026-09-05T02:11:57.636479+09:00
4027259,38,K&B,서울특별시 중구 장충단로 253 (을지로6가) 1층,37.567487097159,127.008078935255,11,140,SH,SH04,SH040300,2026-03-30 09:16:11+09:00,https://tong.visitkorea.or.kr/cms/resource/73/4045673_image2_1.jpg,https://tong.visitkorea.or.kr/cms/resource/73/4045673_image3_1.jpg,2026-09-05T02:11:57.636479+09:00
4027260,38,나이스,서울특별시 중구 장충단로 253 (을지로6가) 1층,37.567487097159,127.008078935255,11,140,SH,SH04,SH040300,2026-03-27 09:21:50+09:00,https://tong.visitkorea.or.kr/cms/resource/87/4045387_image2_1.jpg,https://tong.visitkorea.or.kr/cms/resource/87/4045387_image3_1.jpg,2026-09-05T02:11:57.636479+09:00
4027261,38,스마트약국,서울특별시 중구 장충단로 253 (을지로6가) 1층,37.567487097159,127.008078935255,11,140,SH,SH04,SH040300,2026-03-27 09:21:50+09:00,https://tong.visitkorea.or.kr/cms/resource/07/4044907_image2_1.png,https://tong.visitkorea.or.kr/cms/resource/07/4044907_image3_1.png,2026-09-05T02:11:57.636479+09:00
4027262,38,언더아머 두타몰점,서울특별시 중구 장충단로 275 (을지로6가) 1층,37.5688849422849,127.008775114213,11,140,SH,SH04,SH040300,2026-03-30 09:16:11+09:00,https://tong.visitkorea.or.kr/cms/resource/95/4045195_image2_1.png,https://tong.visitkorea.or.kr/cms/resource/95/4045195_image3_1.png,2026-09-05T02:11:57.636479+09:00
4027263,38,써클안경원 두타몰점,서울특별시 중구 장충단로 275 (을지로6가) 4층,37.5688849422849,127.008775114213,11,140,SH,SH04,SH040300,2026-03-27 09:21:50+09:00,https://tong.visitkorea.or.kr/cms/resource/95/4045895_image2_1.png,https://tong.visitkorea.or.kr/cms/resource/95/4045895_image3_1.png,2026-09-05T02:11:57.636479+09:00
4027264,38,이니스프리 두타몰점,서울특별시 중구 장충단로 275 (을지로6가) B2층,37.5688849422849,127.008775114213,11,140,SH,SH04,SH040300,2026-03-27 09:21:50+09:00,https://tong.visitkorea.or.kr/cms/resource/77/4042977_image2_1.png,https://tong.visitkorea.or.kr/cms/resource/77/4042977_image3_1.png,2026-09-05T02:11:57.636479+09:00
4027265,38,메트로시티 현대아울렛 동대문점,서울특별시 중구 장충단로13길 20 (을지로6가) 1층,37.568734553218,127.007666479829,11,140,SH,SH04,SH040300,2026-03-27 09:21:50+09:00,https://tong.visitkorea.or.kr/cms/resource/62/4042862_image2_1.png,https://tong.visitkorea.or.kr/cms/resource/62/4042862_image3_1.png,2026-09-05T02:11:57.636479+09:00
4027266,38,미샤 현대아울렛 동대문점,서울특별시 중구 장충단로13길 20 (을지로6가) 3층,37.568734553218,127.007666479829,11,140,SH,SH04,SH040300,2026-03-30 09:16:11+09:00,https://tong.visitkorea.or.kr/cms/resource/18/4045318_image2_1.jpg,https://tong.visitkorea.or.kr/cms/resource/18/4045318_image3_1.jpg,2026-09-05T02:11:57.636479+09:00
4027267,38,지고트 현대아울렛 동대문점,서울특별시 중구 장충단로13길 20 (을지로6가) 3층,37.568734553218,127.007666479829,11,140,SH,SH04,SH040300,2026-03-30 09:16:11+09:00,https://tong.visitkorea.or.kr/cms/resource/11/4045311_image2_1.jpg,https://tong.visitkorea.or.kr/cms/resource/11/4045311_image3_1.jpg,2026-09-05T02:11:57.636479+09:00
4027268,38,케네스레이디 현대아울렛 동대문점,서울특별시 중구 장충단로13길 20 (을지로6가) 4층,37.568734553218,127.007666479829,11,140,SH,SH04,SH040300,2026-03-30 09:16:11+09:00,https://tong.visitkorea.or.kr/cms/resource/97/4045497_image2_1.jpg,https://tong.visitkorea.or.kr/cms/resource/97/4045497_image3_1.jpg,2026-09-05T02:11:57.636479+09:00
4027269,38,다이나핏 현대아울렛 동대문점,서울특별시 중구 장충단로13길 20 (을지로6가) 5층,37.568734553218,127.007666479829,11,140,SH,SH04,SH040300,2026-03-30 09:16:11+09:00,https://tong.visitkorea.or.kr/cms/resource/10/4045810_image2_1.jpg,https://tong.visitkorea.or.kr/cms/resource/10/4045810_image3_1.jpg,2026-09-05T02:11:57.636479+09:00
4027270,38,듀퐁셔츠 현대아울렛 동대문점,서울특별시 중구 장충단로13길 20 (을지로6가) 6층,37.568734553218,127.007666479829,11,140,SH,SH04,SH040300,2026-03-30 09:16:11+09:00,https://tong.visitkorea.or.kr/cms/resource/33/4044933_image2_1.png,https://tong.visitkorea.or.kr/cms/resource/33/4044933_image3_1.png,2026-09-05T02:11:57.636479+09:00
4027271,38,빨질레리 현대아울렛 동대문점,서울특별시 중구 장충단로13길 20 (을지로6가) 6층,37.568734553218,127.007666479829,11,140,SH,SH04,SH040300,2026-03-27 09:21:50+09:00,https://tong.visitkorea.or.kr/cms/resource/46/4042846_image2_1.png,https://tong.visitkorea.or.kr/cms/resource/46/4042846_image3_1.png,2026-09-05T02:11:57.636479+09:00
4027272,38,스노우피크 현대아울렛 동대문점,서울특별시 중구 장충단로13길 20 (을지로6가) 7층,37.568734553218,127.007666479829,11,140,SH,SH04,SH040300,2026-03-30 09:16:11+09:00,https://tong.visitkorea.or.kr/cms/resource/19/4044919_image2_1.png,https://tong.visitkorea.or.kr/cms/resource/19/4044919_image3_1.png,2026-09-05T02:11:57.636479+09:00
4027273,38,마리떼프랑소와저버 현대아울렛 동대문점,서울특별시 중구 장충단로13길 20 (을지로6가) B1층,37.568734553218,127.007666479829,11,140,SH,SH04,SH040300,2026-03-27 09:21:50+09:00,https://tong.visitkorea.or.kr/cms/resource/57/4042857_image2_1.png,https://tong.visitkorea.or.kr/cms/resource/57/4042857_image3_1.png,2026-09-05T02:11:57.636479+09:00
4027274,38,세븐일레븐 서대문역점,서울특별시 중구 통일로 114 (의주로1가),37.5652419713173,126.967932658604,11,140,SH,SH04,SH040300,2026-03-27 09:21:50+09:00,https://tong.visitkorea.or.kr/cms/resource/99/4045499_image2_1.jpg,https://tong.visitkorea.or.kr/cms/resource/99/4045499_image3_1.jpg,2026-09-05T02:11:57.636479+09:00
4027275,38,지오다노 명동점,서울특별시 중구 퇴계로 115 (충무로1가) 1층,37.56105243357,126.984514234793,11,140,SH,SH04,SH040300,2026-03-27 09:21:50+09:00,https://tong.visitkorea.or.kr/cms/resource/89/4045389_image2_1.jpg,https://tong.visitkorea.or.kr/cms/resource/89/4045389_image3_1.jpg,2026-09-05T02:11:57.636479+09:00
4027276,38,CU 명동역점,서울특별시 중구 퇴계로 127 (충무로2가),37.5611549543381,126.985849081973,11,140,SH,SH04,SH040300,2026-03-30 09:16:11+09:00,https://tong.visitkorea.or.kr/cms/resource/47/4046547_image2_1.png,https://tong.visitkorea.or.kr/cms/resource/47/4046547_image3_1.png,2026-09-05T02:11:57.636479+09:00
4027277,38,노스페이스 명동점,서울특별시 중구 퇴계로 128 (남산동2가),37.5606234748036,126.986004127537,11,140,SH,SH04,SH040300,2026-03-27 09:21:50+09:00,https://tong.visitkorea.or.kr/cms/resource/01/4045501_image2_1.jpg,https://tong.visitkorea.or.kr/cms/resource/01/4045501_image3_1.jpg,2026-09-05T02:11:57.636479+09:00
4027278,38,이마트24 R명동역점,서울특별시 중구 퇴계로 136 (남산동3가) 1-2층,37.5608254880554,126.986873549974,11,140,SH,SH04,SH040300,2026-03-27 09:21:50+09:00,https://tong.visitkorea.or.kr/cms/resource/04/4045904_image2_1.png,https://tong.visitkorea.or.kr/cms/resource/04/4045904_image3_1.png,2026-09-05T02:11:57.636479+09:00
4027279,38,아라이코리아 퇴계로점,서울특별시 중구 퇴계로 267-1 (충무로5가),37.5631254616539,127.001492343865,11,140,SH,SH04,SH040300,2026-03-27 09:21:50+09:00,https://tong.visitkorea.or.kr/cms/resource/09/4044909_image2_1.png,https://tong.visitkorea.or.kr/cms/resource/09/4044909_image3_1.png,2026-09-05T02:11:57.636479+09:00
4027280,38,라커디움파크 동대문점,서울특별시 중구 퇴계로 333 (광희동2가) 1-2층,37.5645848609603,127.008615129062,11,140,SH,SH04,SH040300,2026-03-27 09:21:50+09:00,https://tong.visitkorea.or.kr/cms/resource/65/4044965_image2_1.png,https://tong.visitkorea.or.kr/cms/resource/65/4044965_image3_1.png,2026-09-05T02:11:57.636479+09:00
4027281,38,CU 남산회현점,서울특별시 중구 퇴계로10길 20 (회현동1가),37.5585958138642,126.980516160259,11,140,SH,SH04,SH040300,2026-03-27 09:21:50+09:00,https://tong.visitkorea.or.kr/cms/resource/01/4044901_image2_1.png,https://tong.visitkorea.or.kr/cms/resource/01/4044901_image3_1.png,2026-09-05T02:11:57.636479+09:00
4027282,38,동인비 명동지사,서울특별시 중구 퇴계로18길 10 (남산동1가) 호경빌딩,37.5604213517731,126.985029677959,11,140,SH,SH04,SH040300,2026-03-26 09:20:41+09:00,https://tong.visitkorea.or.kr/cms/resource/73/4042873_image2_1.png,https://tong.visitkorea.or.kr/cms/resource/73/4042873_image3_1.png,2026-09-05T02:11:57.636479+09:00
4027283,38,"더봄 퍼스널컬러,메이크업 명동",서울특별시 중구 퇴계로18길 7 (남산동2가) 1층,37.5603587467134,126.985876395948,11,140,SH,SH04,SH040300,2026-03-30 09:16:11+09:00,https://tong.visitkorea.or.kr/cms/resource/74/4045674_image2_1.jpg,https://tong.visitkorea.or.kr/cms/resource/74/4045674_image3_1.jpg,2026-09-05T02:11:57.636479+09:00
4027284,38,더마스크샵,서울특별시 중구 퇴계로73길 36 (신당동) 1층,37.566820159637,127.014061663585,11,140,SH,SH04,SH040300,2026-03-27 09:21:50+09:00,https://tong.visitkorea.or.kr/cms/resource/00/4044900_image2_1.png,https://tong.visitkorea.or.kr/cms/resource/00/4044900_image3_1.png,2026-09-05T02:11:57.636479+09:00
403044,39,무교동 북어국집,서울특별시 중구 을지로1길 38 (다동),37.567795791,126.9798736375,11,140,FD,FD01,FD010100,2025-04-10 09:53:58+09:00,http://tong.visitkorea.or.kr/cms/resource/72/3083872_image2_1.JPG,http://tong.visitkorea.or.kr/cms/resource/72/3083872_image3_1.JPG,2026-09-05T02:11:57.636479+09:00
403053,39,명동교자,서울특별시 중구 명동10길 29 (명동2가),37.5625964986,126.9855954862,11,140,FD,FD01,FD010100,2025-03-19 10:11:52+09:00,http://tong.visitkorea.or.kr/cms/resource/00/3111400_image2_1.JPG,http://tong.visitkorea.or.kr/cms/resource/00/3111400_image3_1.JPG,2026-09-05T02:11:57.636479+09:00
403068,39,청송옥,서울특별시 중구 서소문로11길 14,37.5635933807,126.9730910418,11,140,FD,FD01,FD010100,2025-12-12 11:19:59+09:00,,,2026-09-05T02:11:57.636479+09:00
403081,39,필동면옥,서울특별시 중구 서애로 26,37.560446953,126.9970195064,11,140,FD,FD01,FD010100,2025-04-10 10:38:46+09:00,http://tong.visitkorea.or.kr/cms/resource/39/3077639_image2_1.JPG,http://tong.visitkorea.or.kr/cms/resource/39/3077639_image3_1.JPG,2026-09-05T02:11:57.636479+09:00
404009,39,우성갈비,서울특별시 중구 동호로7길 13,37.5531213720896,127.011140866997,11,140,FD,FD01,FD010100,2026-02-12 16:08:06+09:00,,,2026-09-05T02:11:57.636479+09:00
4054203,15,이순신 축제,서울특별시 중구 마른내로 47 (초동) 명보극장,37.5647056236712,126.993214191194,11,140,EV,EV01,EV010200,2026-03-30 15:57:08+09:00,https://tong.visitkorea.or.kr/cms/resource/08/4054208_image2_1.png,https://tong.visitkorea.or.kr/cms/resource/08/4054208_image3_1.png,2026-09-05T02:11:57.636479+09:00
4054299,38,시스템옴므 현대아울렛 동대문점[면세점(TAX REFUND SHOP)],서울특별시 중구 장충단로13길 20 (을지로6가) 6층,37.568734553218,127.007666479829,11,140,SH,SH04,SH040300,2026-03-31 00:51:43+09:00,https://tong.visitkorea.or.kr/cms/resource/02/4023202_image2_1.jpg,https://tong.visitkorea.or.kr/cms/resource/02/4023202_image3_1.jpg,2026-09-05T02:11:57.636479+09:00
4054310,38,세실앤세드릭[면세점(TAX REFUND SHOP)],서울특별시 중구 퇴계로81길 8 (황학동),37.5660058204,127.0181628127,11,140,SH,SH04,SH040300,2026-07-15 19:11:10+09:00,https://tong.visitkorea.or.kr/cms/resource/88/4066488_image2_1.jpg,https://tong.visitkorea.or.kr/cms/resource/88/4066488_image3_1.jpg,2026-09-05T02:11:57.636479+09:00
4055517,14,내 친구 서울 서울갤러리,서울특별시 중구 세종대로 110 (태평로1가),37.5663707766,126.9779183518,11,140,VE,VE07,VE070300,2026-08-31 17:08:12+09:00,https://tong.visitkorea.or.kr/cms/resource/44/4054044_image2_1.png,https://tong.visitkorea.or.kr/cms/resource/44/4054044_image3_1.png,2026-09-05T02:11:57.636479+09:00
4060866,15,제104회 어린이날 기념행사,서울특별시 중구 소공로 106 (소공동),37.5644841324893,126.980184460247,11,140,EV,EV03,EV030400,2026-04-30 14:15:12+09:00,https://tong.visitkorea.or.kr/cms/resource/91/4061391_image2_1.png,https://tong.visitkorea.or.kr/cms/resource/91/4061391_image3_1.png,2026-09-05T02:11:57.636479+09:00
4065756,15,2026 N서울타워 글로벌 나이트워크,서울특별 중구 회현동1가 100-115 백범광장,37.555064,126.979198,11,140,EV,EV03,EV030400,2026-06-02 13:54:43+09:00,https://tong.visitkorea.or.kr/cms/resource/53/4065953_image2_1.png,https://tong.visitkorea.or.kr/cms/resource/53/4065953_image3_1.png,2026-09-05T02:11:57.636479+09:00
4068707,28,남산자락숲길,서울특별시 중구 신당동 842-3,37.553802,127.016591,11,140,LS,LS01,LS011900,2026-06-19 09:32:09+09:00,https://tong.visitkorea.or.kr/cms/resource_photo/17/3538417_image2_1.jpg,https://tong.visitkorea.or.kr/cms/resource_photo/17/3538417_image3_1.jpg,2026-09-05T02:11:57.636479+09:00
407057,14,서울남산국악당,서울특별시 중구 퇴계로34길 28 (필동2가),37.5597775194,126.9932865315,11,140,VE,VE06,VE060100,2025-10-27 16:16:09+09:00,http://tong.visitkorea.or.kr/cms/resource/62/3556862_image2_1.jpg,http://tong.visitkorea.or.kr/cms/resource/62/3556862_image3_1.jpg,2026-09-05T02:11:57.636479+09:00
4071535,15,2026 농촌여행 페스티벌 (제14회 도농교류의 날 기념),서울특별시 중구 을지로 지하12 (을지로1가),37.565567165,126.9783328596,11,140,EV,EV03,EV030400,2026-06-12 15:16:07+09:00,https://tong.visitkorea.or.kr/cms/resource/19/4071619_image2_1.jpg,https://tong.visitkorea.or.kr/cms/resource/19/4071619_image3_1.jpg,2026-09-05T02:11:57.636479+09:00
4074859,32,스테이텐,서울특별시 중구 다산로33길 57 (신당동),37.5634363491,127.0118671541,11,140,AC,AC06,AC060200,2026-06-16 18:17:48+09:00,,,2026-09-05T02:11:57.636479+09:00
4092935,38,로우클래식 미래빌딩점,서울특별시 중구 동호로15길 43 (신당동) 미래빌딩,37.5549238213,127.0087429203,11,140,SH,SH04,SH040300,2026-07-28 13:29:39+09:00,,,2026-09-05T02:11:57.636479+09:00
4093222,15,2026 구미 로컬푸드 페스타,서울특별시 중구 을지로 지하12 (을지로1가),37.565567165,126.9783328596,11,140,EV,EV03,EV030400,2026-08-11 13:07:04+09:00,https://tong.visitkorea.or.kr/cms/resource/05/4097305_image2_1.jpg,https://tong.visitkorea.or.kr/cms/resource/05/4097305_image3_1.jpg,2026-09-05T02:11:57.636479+09:00
4101384,15,"20세기 사진 거장전 - 빛, 시간을 멈추다",서울특별시 중구 세종대로21길 30 (태평로1가),37.5678450409,126.9758957396,11,140,EV,EV03,EV030100,2026-08-31 09:15:26+09:00,https://tong.visitkorea.or.kr/cms/resource/61/4103061_image2_1.jpg,https://tong.visitkorea.or.kr/cms/resource/61/4103061_image3_1.jpg,2026-09-05T02:11:57.636479+09:00
4106883,15,COSMOS BIGBANG 20TH ANNIVERSARY MEDIA EXHIBITION,서울특별시 중구 서소문로 지하127 (서소문동) 지하 2층,37.5635793508,126.9753893632,11,140,EV,EV03,EV030100,2026-09-02 15:51:40+09:00,https://tong.visitkorea.or.kr/cms/resource/94/4106894_image2_1.jpg,https://tong.visitkorea.or.kr/cms/resource/94/4106894_image3_1.jpg,2026-09-05T02:11:57.636479+09:00
436076,32,이비스 앰배서더 명동,서울특별시 중구 남대문로 78,37.5643333848645,126.98299607,11,140,AC,AC01,AC010100,2026-01-20 08:43:07+09:00,https://tong.visitkorea.or.kr/cms/resource/73/3591973_image2_1.jpg,https://tong.visitkorea.or.kr/cms/resource/73/3591973_image3_1.jpg,2026-09-05T02:11:57.636479+09:00
578330,39,진주회관,서울특별시 중구 세종대로11길 26 (서소문동),37.5623268862,126.9745048377,11,140,FD,FD01,FD010100,2025-03-17 16:57:45+09:00,,,2026-09-05T02:11:57.636479+09:00
650997,14,명동난타극장,서울특별시 중구 명동길 26 (명동2가) 3층,37.5634505526,126.9837514213,11,140,VE,VE06,VE060100,2026-06-23 11:32:22+09:00,https://tong.visitkorea.or.kr/cms/resource/70/3113470_image2_1.jpg,https://tong.visitkorea.or.kr/cms/resource/70/3113470_image3_1.jpg,2026-09-05T02:11:57.636479+09:00
660640,14,우표박물관,서울특별시 중구 소공로 70 (충무로1가) 지하2층,37.5615987284,126.9821690444,11,140,VE,VE07,VE070100,2026-06-23 10:56:11+09:00,https://tong.visitkorea.or.kr/cms/resource/42/3569042_image2_1.jpg,https://tong.visitkorea.or.kr/cms/resource/42/3569042_image3_1.jpg,2026-09-05T02:11:57.636479+09:00
663785,28,서울광장 스케이트장,서울특별시 중구 을지로 12 시청광장지하쇼핑센터,37.5654470617,126.9787797829,11,140,LS,LS01,LS010900,2026-06-23 10:22:22+09:00,https://tong.visitkorea.or.kr/cms/resource/00/3043800_image2_1.jpg,https://tong.visitkorea.or.kr/cms/resource/00/3043800_image3_1.jpg,2026-09-05T02:11:57.636479+09:00
667493,39,신당동천팥죽,서울특별시 중구 다산로44길 33 (신당동),37.5652190115,127.0187701667,11,140,FD,FD01,FD010100,2025-03-17 17:55:17+09:00,,,2026-09-05T02:11:57.636479+09:00
697234,39,삼대할먼네,서울특별시 중구 퇴계로76길 50 (신당동),37.5632441693,127.0147900298,11,140,FD,FD01,FD010100,2025-07-29 08:04:32+09:00,,,2026-09-05T02:11:57.636479+09:00
697269,39,들국화떡볶이,서울특별시 중구 퇴계로76길 61,37.5624647418321,127.014695808976,11,140,FD,FD03,FD030400,2026-02-12 16:17:10+09:00,https://tong.visitkorea.or.kr/cms/resource/48/696248_image2_1.jpg,https://tong.visitkorea.or.kr/cms/resource/48/696248_image3_1.jpg,2026-09-05T02:11:57.636479+09:00
697328,39,미니네,서울특별시 중구 다산로 219-1,37.5628747731,127.0150566827,11,140,FD,FD01,FD010100,2025-09-18 10:07:58+09:00,http://tong.visitkorea.or.kr/cms/resource/62/696262_image2_1.jpg,http://tong.visitkorea.or.kr/cms/resource/62/696262_image3_1.jpg,2026-09-05T02:11:57.636479+09:00
697349,39,아이러브신당동떡볶이,서울특별시 중구 퇴계로76길 50,37.5631802871,127.0147455912,11,140,FD,FD03,FD030400,2025-05-29 17:39:52+09:00,http://tong.visitkorea.or.kr/cms/resource/74/3083874_image2_1.JPG,http://tong.visitkorea.or.kr/cms/resource/74/3083874_image3_1.JPG,2026-09-05T02:11:57.636479+09:00
697393,39,허리케인박 떡볶이닭발 (약속떡볶이),서울특별시 중구 퇴계로76길 58,37.5627258205,127.0146624714,11,140,FD,FD03,FD030400,2026-08-11 09:45:16+09:00,,,2026-09-05T02:11:57.636479+09:00
697400,39,우리집떡볶이,서울특별시 중구 다산로 217-1 (신당동),37.5626571458,127.014929207,11,140,FD,FD03,FD030400,2026-08-10 15:10:06+09:00,https://tong.visitkorea.or.kr/cms/resource/27/3474927_image2_1.jpg,https://tong.visitkorea.or.kr/cms/resource/27/3474927_image3_1.jpg,2026-09-05T02:11:57.636479+09:00
697423,39,우정,서울특별시 중구 퇴계로76길 55 (신당동),37.5627895338505,127.014951667718,11,140,FD,FD01,FD010100,2026-02-11 08:10:09+09:00,,,2026-09-05T02:11:57.636479+09:00
697450,39,종점떡볶이,서울특별시 중구 다산로 217-1 (신당동),37.5627,127.0148,11,140,FD,FD03,FD030400,2026-02-09 14:07:20+09:00,,,2026-09-05T02:11:57.636479+09:00
699142,39,수릿날 설렁탕 할매 족발보쌈,서울특별시 중구 동호로24길 31,37.5605953547489,127.005274559056,11,140,FD,FD01,FD010100,2026-02-09 17:42:21+09:00,,,2026-09-05T02:11:57.636479+09:00
699156,39,평안도족발집,서울특별시 중구 장충단로 174-6 (장충동1가),37.5603165752,127.0060631299,11,140,FD,FD01,FD010100,2025-07-28 14:08:48+09:00,,,2026-09-05T02:11:57.636479+09:00
699249,12,신당동 떡볶이타운,서울특별시 중구 다산로33길 10-18 (신당동),37.563058077,127.0146067184,11,140,VE,VE04,VE040100,2025-12-30 17:43:43+09:00,http://tong.visitkorea.or.kr/cms/resource/93/3589993_image2_1.jpg,http://tong.visitkorea.or.kr/cms/resource/93/3589993_image3_1.jpg,2026-09-05T02:11:57.636479+09:00
699279,12,장충동 족발 골목,서울특별시 중구 장충단로 174 (장충동1가),37.560291575,127.0058964795,11,140,VE,VE04,VE040100,2025-12-29 15:16:01+09:00,http://tong.visitkorea.or.kr/cms/resource/72/3589072_image2_1.jpg,http://tong.visitkorea.or.kr/cms/resource/72/3589072_image3_1.jpg,2026-09-05T02:11:57.636479+09:00
732321,39,졍동국시,서울특별시 중구 정동길 5 (정동),37.56785988534071,126.9699125624713,11,140,FD,FD01,FD010100,2026-03-17 10:12:59+09:00,,,2026-09-05T02:11:57.636479+09:00
747753,39,전주식당,서울특별시 중구 남대문시장길 18-7,37.5597560563936,126.976977343286,11,140,FD,FD01,FD010100,2026-02-11 08:10:09+09:00,,,2026-09-05T02:11:57.636479+09:00
747779,39,중앙갈치식당,서울특별시 중구 남대문시장길 22-12,37.559739392562,126.977021783871,11,140,FD,FD01,FD010100,2026-02-09 14:12:48+09:00,,,2026-09-05T02:11:57.636479+09:00
747811,39,호남식당,서울특별시 중구 남대문시장길 18-6,37.5598827704,126.9769824584,11,140,FD,FD01,FD010100,2025-09-19 15:07:16+09:00,http://tong.visitkorea.or.kr/cms/resource/59/687759_image2_1.jpg,http://tong.visitkorea.or.kr/cms/resource/59/687759_image3_1.jpg,2026-09-05T02:11:57.636479+09:00
747813,39,희락갈치,서울특별시 중구 남대문시장길 22-6,37.5599004849851,126.977074551907,11,140,FD,FD01,FD010100,2026-02-24 15:07:46+09:00,,,2026-09-05T02:11:57.636479+09:00
748018,12,남대문 갈치조림골목,서울특별시 중구 남대문시장길 16-17 (남창동),37.5597300093,126.9769408005,11,140,VE,VE04,VE040100,2025-04-14 13:19:02+09:00,http://tong.visitkorea.or.kr/cms/resource/35/3082835_image2_1.png,http://tong.visitkorea.or.kr/cms/resource/35/3082835_image3_1.png,2026-09-05T02:11:57.636479+09:00
748186,14,국립극단 명동예술극장,서울특별시 중구 명동길 35 (명동1가),37.5640414483,126.9842020141,11,140,VE,VE06,VE060100,2026-06-10 08:34:38+09:00,https://tong.visitkorea.or.kr/cms/resource/15/4072415_image2_1.jpg,https://tong.visitkorea.or.kr/cms/resource/15/4072415_image3_1.jpg,2026-09-05T02:11:57.636479+09:00
750982,39,이북만두,서울특별시 중구 무교로 17-13 (무교동),37.5673041577,126.9785598824,11,140,FD,FD01,FD010100,2025-03-17 17:31:57+09:00,,,2026-09-05T02:11:57.636479+09:00
763989,39,아리랑,서울특별시 중구 남대문로7길 23,37.5638740373,126.9805681297,11,140,FD,FD01,FD010100,2025-03-19 16:25:57+09:00,http://tong.visitkorea.or.kr/cms/resource/90/3474890_image2_1.jpg,http://tong.visitkorea.or.kr/cms/resource/90/3474890_image3_1.jpg,2026-09-05T02:11:57.636479+09:00
807619,38,눈스퀘어,서울특별시 중구 명동길 14 (명동2가),37.5634116488196,126.98288772495,11,140,SH,SH02,SH020100,2026-03-04 10:04:26+09:00,https://tong.visitkorea.or.kr/cms/resource/81/3481981_image2_1.jpg,https://tong.visitkorea.or.kr/cms/resource/81/3481981_image3_1.jpg,2026-09-05T02:11:57.636479+09:00
820648,39,전주회관,서울특별시 중구 세종대로14길 32-1 (북창동),37.5627213568,126.9785461247,11,140,FD,FD01,FD010100,2025-07-29 16:39:53+09:00,http://tong.visitkorea.or.kr/cms/resource/08/3474908_image2_1.jpg,http://tong.visitkorea.or.kr/cms/resource/08/3474908_image3_1.jpg,2026-09-05T02:11:57.636479+09:00
835909,39,오우가,서울특별시 중구 명동8가길 42,37.5619337536923,126.987212393819,11,140,FD,FD01,FD010100,2026-02-13 10:50:10+09:00,,,2026-09-05T02:11:57.636479+09:00
835996,39,초류향,서울특별시 중구 다동길 24-10 (다동),37.56747679598008,126.98044700175758,11,140,FD,FD02,FD020100,2026-02-06 15:39:56+09:00,,,2026-09-05T02:11:57.636479+09:00
836070,39,촛불1978,서울특별시 중구 소파로 95 (예장동),37.5568666044,126.9853623363,11,140,FD,FD02,FD020300,2025-07-29 11:01:12+09:00,,,2026-09-05T02:11:57.636479+09:00
836324,39,라칸티나,서울특별시 중구 을지로 19 (을지로1가) 지하1층,37.566359849,126.9799708922,11,140,FD,FD02,FD020300,2025-03-19 10:28:00+09:00,,,2026-09-05T02:11:57.636479+09:00
836350,39,너비집,서울특별시 중구 명동9길 37-8,37.5655276977452,126.983773737832,11,140,FD,FD01,FD010100,2026-02-11 08:10:09+09:00,,,2026-09-05T02:11:57.636479+09:00
984585,38,헬로우 에이피엠 (Hello apm),서울특별시 중구 장충단로 253,37.5674741142,127.0081710683,11,140,SH,SH02,SH020100,2025-12-23 17:58:53+09:00,http://tong.visitkorea.or.kr/cms/resource/14/3462914_image2_1.jpg,http://tong.visitkorea.or.kr/cms/resource/14/3462914_image3_1.jpg,2026-09-05T02:11:57.636479+09:00
985952,38,대도종합상가,서울특별시 중구 남대문시장4길 9 (남창동),37.5597216902,126.9776907326,11,140,SH,SH05,SH050200,2025-12-03 13:42:55+09:00,http://tong.visitkorea.or.kr/cms/resource/39/3570439_image2_1.jpg,http://tong.visitkorea.or.kr/cms/resource/39/3570439_image3_1.jpg,2026-09-05T02:11:57.636479+09:00
985961,38,남대문 문구상가,서울특별시 중구 남대문로 6-2 (남대문로4가),37.5604465848,126.9765019308,11,140,SH,SH05,SH050200,2025-11-27 18:15:10+09:00,http://tong.visitkorea.or.kr/cms/resource/37/3573137_image2_1.jpg,http://tong.visitkorea.or.kr/cms/resource/37/3573137_image3_1.jpg,2026-09-05T02:11:57.636479+09:00
986011,38,남대문 본동의류상가,서울특별시 중구 남대문시장2길 3-2 (남창동),37.559868877,126.9766574889,11,140,SH,SH05,SH050200,2025-12-01 17:12:06+09:00,http://tong.visitkorea.or.kr/cms/resource/76/3568376_image2_1.jpg,http://tong.visitkorea.or.kr/cms/resource/76/3568376_image3_1.jpg,2026-09-05T02:11:57.636479+09:00
986038,38,남대문 중앙상가,서울특별시 중구 남대문시장4길 21,37.5591939725,126.9776157542,11,140,SH,SH05,SH050200,2025-12-23 10:52:31+09:00,http://tong.visitkorea.or.kr/cms/resource/87/1009887_image2_1.jpg,http://tong.visitkorea.or.kr/cms/resource/87/1009887_image3_1.jpg,2026-09-05T02:11:57.636479+09:00
987071,38,누죤패션몰,서울특별시 중구 을지로45길 62,37.566894726303,127.012984738178,11,140,SH,SH02,SH020100,2026-02-27 13:04:38+09:00,https://tong.visitkorea.or.kr/cms/resource/81/1984381_image2_1.jpg,https://tong.visitkorea.or.kr/cms/resource/81/1984381_image3_1.jpg,2026-09-05T02:11:57.636479+09:00
990140,28,장충체육관,서울특별시 중구 동호로 241,37.5582390522,127.0068047884,11,140,VE,VE10,VE100100,2025-11-14 14:41:07+09:00,http://tong.visitkorea.or.kr/cms/resource/06/3083906_image2_1.JPG,http://tong.visitkorea.or.kr/cms/resource/06/3083906_image3_1.JPG,2026-09-05T02:11:57.636479+09:00
