content_id,content_type_id,title,address,latitude,longitude,area_code,district_code,lcls_systm1,lcls_systm2,lcls_systm3,source_modified_at,list_fetched_at
129854,14,가나아트센터,서울특별시 종로구 평창30길 28 (평창동),37.6122904729365,126.97512913242,11,110,VE,VE07,VE070600,2026-03-11T10:03:40+09:00,2026-08-02T04:22:59.960433+09:00
129898,14,가람화랑,서울특별시 종로구 인사동10길 11 (관훈동),37.57428367900436,126.98561394586464,11,110,VE,VE07,VE070600,2026-03-18T10:10:05+09:00,2026-08-02T04:22:59.960433+09:00
2733967,12,가회동성당,서울특별시 종로구 북촌로 57 (가회동),37.5820334711,126.9846467509,11,110,HS,HS03,HS030200,2026-07-13T16:31:48+09:00,2026-08-02T04:22:59.960433+09:00
130446,14,가회민화박물관,서울특별시 종로구 북촌로 52 (가회동),37.58154429,126.9852783115,11,110,VE,VE07,VE070100,2025-10-23T14:30:00+09:00,2026-08-02T04:22:59.960433+09:00
2622715,39,감꽃당,서울특별시 종로구 돈화문로11다길 38,37.5738480486,126.9900725369,11,110,FD,FD05,FD050100,2025-09-18T14:15:06+09:00,2026-08-02T04:22:59.960433+09:00
294439,12,감로암(서울),서울특별시 종로구 율곡로23길 16 (충신동),37.57532850974662,127.00663769536024,11,110,HS,HS03,HS030100,2026-03-05T09:58:51+09:00,2026-08-02T04:22:59.960433+09:00
4080919,12,감사의 정원,서울특별시 종로구 세종대로 175 (세종로),37.5733087047,126.9764826207,11,110,VE,VE03,VE030500,2026-07-03T08:56:30+09:00,2026-08-02T04:22:59.960433+09:00
2847165,39,강촌쌈밥,서울특별시 종로구 평창30길 9,37.610762927,126.9747812177,11,110,FD,FD01,FD010100,2025-01-10T16:00:59+09:00,2026-08-02T04:22:59.960433+09:00
3486753,39,갗,서울특별시 종로구 난계로27길 30-8 (숭인동) 1층,37.57337170729832,127.02149760459812,11,110,FD,FD05,FD050300,2026-04-17T17:48:25+09:00,2026-08-02T04:22:59.960433+09:00
2848108,39,개뿔,서울특별시 종로구 낙산성곽서1길 26 (이화동),37.5782311958,127.0080624399,11,110,FD,FD05,FD050100,2025-09-24T09:55:27+09:00,2026-08-02T04:22:59.960433+09:00
398373,39,개성만두 궁,서울특별시 종로구 인사동10길 11-3 (관훈동),37.5743229103,126.9854257249,11,110,FD,FD01,FD010100,2025-03-11T13:42:19+09:00,2026-08-02T04:22:59.960433+09:00
2812755,39,갤러리 더 스퀘어,서울특별시 종로구 계동길 128 서울빌라,37.5829672963278,126.987011812893,11,110,FD,FD05,FD050100,2026-02-27T15:10:44+09:00,2026-08-02T04:22:59.960433+09:00
130577,14,갤러리 라메르,서울특별시 종로구 인사동5길 26 (관훈동),37.5726342077,126.9848841554,11,110,VE,VE07,VE070600,2025-11-27T16:02:38+09:00,2026-08-02T04:22:59.960433+09:00
130568,14,갤러리 미즈,서울특별시 종로구 삼일대로 461 (경운동) 101동 B105,37.5756088859,126.986217283,11,110,VE,VE07,VE070600,2025-03-17T10:46:37+09:00,2026-08-02T04:22:59.960433+09:00
129846,14,갤러리 비앤에스,서울특별시 종로구 자하문로 273 (부암동),37.59799618859837,126.9619349361608,11,110,VE,VE07,VE070600,2026-02-11T08:10:09+09:00,2026-08-02T04:22:59.960433+09:00
130190,14,갤러리 시몬,서울특별시 종로구 자하문로6길 20 (통의동),37.57805384843639,126.97325148840206,11,110,VE,VE07,VE070600,2026-03-19T09:49:59+09:00,2026-08-02T04:22:59.960433+09:00
745873,14,갤러리 엠,서울특별시 종로구 삼일대로 445,37.57421922787454,126.98693092845947,11,110,VE,VE07,VE070600,2026-02-13T15:33:25+09:00,2026-08-02T04:22:59.960433+09:00
129917,14,갤러리 현대,서울특별시 종로구 삼청로 14 (사간동),37.577245641204,126.979787681186,11,110,VE,VE07,VE070600,2026-02-11T08:10:09+09:00,2026-08-02T04:22:59.960433+09:00
4025838,38,갤러리71,서울특별시 종로구 윤보선길 71 (화동) B1층,37.5791818260863,126.983293367928,11,110,SH,SH04,SH040300,2026-03-26T09:20:41+09:00,2026-08-02T04:22:59.960433+09:00
3012741,14,갤러리도스,서울특별시 종로구 삼청로7길 37 (팔판동),37.58375669438437,126.97978442719302,11,110,VE,VE07,VE070600,2026-03-19T17:46:20+09:00,2026-08-02T04:22:59.960433+09:00
130613,14,갤러리도올,서울특별시 종로구 삼청로 87 (팔판동) 2층,37.583277358,126.9816952556,11,110,VE,VE07,VE070600,2025-09-18T14:48:04+09:00,2026-08-02T04:22:59.960433+09:00
3056315,14,갤러리미르,서울특별시 종로구 율곡로1길 40 (사간동),37.577607775850424,126.98071540020727,11,110,VE,VE07,VE070600,2026-04-01T09:21:39+09:00,2026-08-02T04:22:59.960433+09:00
745781,14,갤러리정,서울특별시 종로구 경희궁2길 12 (내수동),37.5728182512889,126.971377517049,11,110,VE,VE07,VE070600,2026-02-13T15:29:29+09:00,2026-08-02T04:22:59.960433+09:00
130587,14,갤러리조선,서울특별시 종로구 북촌로5길 64 (소격동) 지하 1층,37.5799860694,126.981478702,11,110,VE,VE07,VE070600,2025-09-18T17:20:49+09:00,2026-08-02T04:22:59.960433+09:00
4012720,38,거안,서울특별시 종로구 인사동길 44 (관훈동),37.5742647725946,126.984876575201,11,110,SH,SH04,SH040300,2026-03-18T10:10:05+09:00,2026-08-02T04:22:59.960433+09:00
3548614,38,거안(GEOAN),서울특별시 종로구 인사동길 44 (관훈동),37.57425198901539,126.98485145131795,11,110,SH,SH05,SH050100,2026-04-27T15:43:25+09:00,2026-08-02T04:22:59.960433+09:00
2794729,39,거울한옥 미러룸,서울특별시 종로구 삼청로2길 40 (소격동),37.58005418228029,126.98111495909215,11,110,FD,FD05,FD050100,2026-02-09T15:02:34+09:00,2026-08-02T04:22:59.960433+09:00
1604652,12,건청궁,서울특별시 종로구 사직로 161 (세종로),37.5760836609,126.9767375783,11,110,HS,HS01,HS011200,2025-03-13T15:55:16+09:00,2026-08-02T04:22:59.960433+09:00
132205,38,견지동 불교용품거리,서울특별시 종로구 우정국로 55,37.574478386,126.9819927,11,110,SH,SH05,SH050200,2025-12-29T17:59:41+09:00,2026-08-02T04:22:59.960433+09:00
126508,12,경복궁,서울특별시 종로구 사직로 161 (세종로),37.576030700049394,126.97672186606306,11,110,HS,HS01,HS010100,2026-05-20T09:12:52+09:00,2026-08-02T04:22:59.960433+09:00
2648460,15,경복궁 별빛야행,서울특별시 종로구 사직로 161 (세종로) 경복궁,37.5760836609,126.9767375783,11,110,EV,EV01,EV010200,2025-10-23T14:30:00+09:00,2026-08-02T04:22:59.960433+09:00
2615461,15,경복궁 생과방,서울특별시 종로구 사직로 161 (세종로),37.576030700049394,126.97672186606306,11,110,EV,EV01,EV010400,2026-04-06T09:42:39+09:00,2026-08-02T04:22:59.960433+09:00
2820889,39,경복궁에 맛있는 부엌,서울특별시 종로구 사직로 103,37.5762455906668,126.970246974024,11,110,FD,FD01,FD010100,2026-02-24T12:13:40+09:00,2026-08-02T04:22:59.960433+09:00
4012706,38,경은상사,서울특별시 종로구 삼일대로 428 (낙원동) 낙원상가 2층,37.5727635233966,126.987902476529,11,110,SH,SH04,SH040300,2026-03-27T09:21:50+09:00,2026-08-02T04:22:59.960433+09:00
130278,14,경인미술관,서울특별시 종로구 인사동10길 11-4 (관훈동),37.574346092703585,126.98547397029508,11,110,VE,VE07,VE070600,2026-03-11T10:03:40+09:00,2026-08-02T04:22:59.960433+09:00
126484,12,경희궁,서울특별시 종로구 새문안로 45,37.5703879399457,126.968491756842,11,110,HS,HS01,HS010100,2026-03-05T09:58:51+09:00,2026-08-02T04:22:59.960433+09:00
1606042,12,경희궁 숭정전,서울특별시 종로구 새문안로 45 (신문로2가) 192-5,37.5717690679936,126.96798487452,11,110,HS,HS01,HS010100,2026-02-11T10:34:30+09:00,2026-08-02T04:22:59.960433+09:00
1604784,12,경희궁 흥화문,서울특별시 종로구 새문안로 55 (신문로2가),37.5698981615,126.9707771853,11,110,HS,HS01,HS010300,2025-03-13T13:40:49+09:00,2026-08-02T04:22:59.960433+09:00
1604824,12,경희궁공원,서울특별시 종로구 새문안로 55 (신문로2가),37.5698981615,126.9707771853,11,110,VE,VE03,VE030500,2025-09-09T17:31:00+09:00,2026-08-02T04:22:59.960433+09:00
3045019,14,계동배렴가옥,서울특별시 종로구 계동길 89 (계동),37.58129566130631,126.98669078185964,11,110,VE,VE12,VE120300,2026-04-09T11:27:10+09:00,2026-08-02T04:22:59.960433+09:00
2367770,39,계림식당,서울특별시 종로구 돈화문로4길 39,37.5701624455,126.9945027934,11,110,FD,FD01,FD010100,2025-09-22T13:36:33+09:00,2026-08-02T04:22:59.960433+09:00
1985692,39,고궁의 아침,서울특별시 종로구 창경궁로 158 (원남동) (원남동),37.5764587371697,126.997570843872,11,110,FD,FD01,FD010100,2026-03-13T16:46:27+09:00,2026-08-02T04:22:59.960433+09:00
4012718,38,고당도예,서울특별시 종로구 인사동길 19-2 (인사동) 와담빌딩 1층,37.5726655933603,126.986325964209,11,110,SH,SH04,SH040300,2026-03-27T09:21:50+09:00,2026-08-02T04:22:59.960433+09:00
2893631,38,고디바 광화문점,서울특별시 종로구 세종대로 159 (세종로),37.5706048802754,126.976341183145,11,110,SH,SH04,SH040300,2026-03-17T10:12:58+09:00,2026-08-02T04:22:59.960433+09:00
3533122,32,고은,"서울특별시 종로구 동숭4나길 25 (동숭동, 상일아트빌라) 101호",37.583250011,127.0055403052,11,110,AC,AC06,AC060200,2025-09-22T12:40:22+09:00,2026-08-02T04:22:59.960433+09:00
2911463,38,골드리아 종로본점,서울특별시 종로구 돈화문로 50 (묘동) 골드리아빌딩,37.5729711656624,126.991632718296,11,110,SH,SH04,SH040300,2026-03-19T09:49:59+09:00,2026-08-02T04:22:59.960433+09:00
4027240,38,골드앤다이아,서울특별시 종로구 돈화문로 42 (묘동) 1층,37.5721668625297,126.99184890451,11,110,SH,SH04,SH040300,2026-03-27T09:21:50+09:00,2026-08-02T04:22:59.960433+09:00
3532757,32,곰곰하우스,서울특별시 종로구 계동길 85-15 (계동),37.5813971066,126.9864726513,11,110,AC,AC03,AC030200,2025-10-23T14:30:00+09:00,2026-08-02T04:22:59.960433+09:00
2739448,14,공근혜갤러리,서울특별시 종로구 삼청로7길 38 (삼청동),37.5840827831,126.9796815273,11,110,VE,VE07,VE070600,2025-10-28T09:15:08+09:00,2026-08-02T04:22:59.960433+09:00
2606224,14,공평도시유적전시관,서울특별시 종로구 우정국로 26,37.5716231906,126.9835704148,11,110,VE,VE07,VE070300,2025-10-23T14:30:00+09:00,2026-08-02T04:22:59.960433+09:00
132183,38,광장시장,서울특별시 종로구 창경궁로 88,37.5701653166,126.9997217621,11,110,SH,SH06,SH060200,2025-05-28T10:27:09+09:00,2026-08-02T04:22:59.960433+09:00
3354975,38,광장시장 365일장,서울특별시 종로구 종로32길 21 (종로5가) 1층,37.57009182099947,127.0013129368677,11,110,SH,SH05,SH050200,2026-04-02T15:20:45+09:00,2026-08-02T04:22:59.960433+09:00
1013527,38,광장시장 한복매장,서울특별시 종로구 창경궁로 88 (예지동),37.5702347233,126.9980663554,11,110,SH,SH06,SH060200,2025-07-31T11:53:44+09:00,2026-08-02T04:22:59.960433+09:00
2794769,39,광장싸롱 1961,서울특별시 종로구 동호로 403-3 (종로5가),37.5703653287,127.0016854663,11,110,FD,FD05,FD050100,2025-10-23T14:30:00+09:00,2026-08-02T04:22:59.960433+09:00
4027244,38,광주요 북촌점,서울특별시 종로구 북촌로11길 60-3 (가회동) B1층,37.5834734688654,126.98350457527,11,110,SH,SH04,SH040300,2026-03-26T09:20:41+09:00,2026-08-02T04:22:59.960433+09:00
126512,12,광화문,서울특별시 종로구 사직로 161,37.5760179589,126.9767880089,11,110,HS,HS01,HS010300,2026-07-15T09:05:13+09:00,2026-08-02T04:22:59.960433+09:00
3035607,15,광화문 마켓,서울특별시 종로구 세종대로 지하172 (세종로),37.5716786179,126.9767821434,11,110,EV,EV03,EV030400,2025-12-17T16:41:54+09:00,2026-08-02T04:22:59.960433+09:00
2543919,39,광화문 세종클럽,서울특별시 종로구 새문안로5가길 7 (내수동),37.5728256579,126.9740518037,11,110,FD,FD02,FD020500,2025-12-11T09:33:43+09:00,2026-08-02T04:22:59.960433+09:00
775394,12,광화문광장,서울특별시 종로구 세종대로 172,37.5726489283,126.9769547555,11,110,VE,VE03,VE030500,2026-07-03T11:06:02+09:00,2026-08-02T04:22:59.960433+09:00
4012711,38,광화문이층약국,서울특별시 종로구 새문안로 89 (신문로1가) 정우빌딩 2층,37.5704743059958,126.974513333988,11,110,SH,SH04,SH040300,2026-03-18T10:10:05+09:00,2026-08-02T04:22:59.960433+09:00
2544573,39,광화문한옥집,"서울특별시 종로구 새문안로5가길 7, 지하1층",37.5727155334329,126.973999486365,11,110,FD,FD01,FD010100,2026-02-25T15:00:20+09:00,2026-08-02T04:22:59.960433+09:00
130285,14,교보문고,서울특별시 종로구 종로 1 (종로1가),37.5709759433,126.9779820539,11,110,VE,VE12,VE120100,2025-07-10T13:57:05+09:00,2026-08-02T04:22:59.960433+09:00
4025892,38,교보문고 광화문점,서울특별시 종로구 종로 1 (종로1가) 교보생명빌딩 B1층,37.5709578373114,126.977928770123,11,110,SH,SH04,SH040300,2026-03-26T09:20:41+09:00,2026-08-02T04:22:59.960433+09:00
2836141,39,구기동오면,서울특별시 종로구 진흥로 455 (구기동),37.6072324975,126.9589188753,11,110,FD,FD01,FD010100,2025-09-23T18:17:52+09:00,2026-08-02T04:22:59.960433+09:00
2923488,38,국가유산진흥원 창덕궁상품관,서울특별시 종로구 율곡로 99 (와룡동),37.5788697347103,126.989710338876,11,110,SH,SH04,SH040300,2026-03-27T09:21:50+09:00,2026-08-02T04:22:59.960433+09:00
2782735,14,국립경찰박물관,서울특별시 종로구 송월길 162 (행촌동),37.57205725332715,126.96219604514,11,110,VE,VE07,VE070100,2026-03-12T09:08:40+09:00,2026-08-02T04:22:59.960433+09:00
129811,14,국립고궁박물관,서울특별시 종로구 효자로 12 (세종로),37.57659156422034,126.97497486352258,11,110,VE,VE07,VE070100,2026-04-28T09:23:43+09:00,2026-08-02T04:22:59.960433+09:00
3038260,14,국립기상박물관,서울특별시 종로구 송월동 1-1 국립기상박물관,37.5696203417,126.9666303489,11,110,VE,VE07,VE070100,2025-10-23T14:30:00+09:00,2026-08-02T04:22:59.960433+09:00
2608977,12,국립민속박물관과 국립민속박물관 어린이박물관,서울특별시 종로구 삼청로 37 (세종로),37.5816745310255,126.978889955558,11,110,EX,EX06,EX061000,2026-03-09T17:01:19+09:00,2026-08-02T04:22:59.960433+09:00
2545920,14,국립어린이과학관,서울특별시 종로구 창경궁로 215 (와룡동),37.5818277974,126.9967994757,11,110,VE,VE07,VE070500,2025-04-15T10:36:08+09:00,2026-08-02T04:22:59.960433+09:00
1934593,14,국립현대미술관 서울,서울특별시 종로구 삼청로 30 (소격동),37.5786500878,126.9800038741,11,110,VE,VE07,VE070600,2025-04-02T15:02:25+09:00,2026-08-02T04:22:59.960433+09:00
2939571,39,국시랑만두,서울특별시 종로구 자하문로 276 부원빌딩,37.5982066588,126.9623832258,11,110,FD,FD01,FD010100,2026-06-30T11:05:51+09:00,2026-08-02T04:22:59.960433+09:00
4060434,15,국악공연 진연,서울특별시 종로구 인사동5길 10 (인사동),37.5728652641047,126.985653181823,11,110,EV,EV02,EV020100,2026-04-27T15:15:57+09:00,2026-08-02T04:22:59.960433+09:00
129918,14,국제갤러리,서울특별시 종로구 삼청로 54 (소격동),37.5807887397,126.9806426439,11,110,VE,VE07,VE070600,2025-03-17T10:48:40+09:00,2026-08-02T04:22:59.960433+09:00
232218,39,궁나라냉면묵밥,서울특별시 종로구 지봉로12길 6,37.5769092675,127.0158673219,11,110,FD,FD01,FD010100,2025-11-24T15:49:33+09:00,2026-08-02T04:22:59.960433+09:00
1998564,15,궁중문화축전,서울특별시 종로구 사직로 161,37.5787676269878,126.976976800907,11,110,EV,EV01,EV010400,2026-05-06T13:36:34+09:00,2026-08-02T04:22:59.960433+09:00
2864251,39,그라운드62(GROUND62),서울특별시 종로구 평창길 62 (평창동),37.6083768858,126.9632267839,11,110,FD,FD05,FD050100,2025-09-02T13:58:03+09:00,2026-08-02T04:22:59.960433+09:00
2997938,38,그랑핸드 가회점,서울특별시 종로구 북촌로11길 61 (가회동),37.5834468109,126.9832562196,11,110,SH,SH05,SH050100,2025-11-28T11:37:53+09:00,2026-08-02T04:22:59.960433+09:00
4027245,38,그래인스쿠키 북촌점,서울특별시 종로구 북촌로11나길 1 (가회동),37.582098013,126.9835100866,11,110,SH,SH04,SH040300,2026-07-15T19:49:39+09:00,2026-08-02T04:22:59.960433+09:00
2908647,38,금강제화 종로지점,서울특별시 종로구 종로 81 (종로2가) 1층,37.5704297056274,126.986516315914,11,110,SH,SH04,SH040300,2026-03-27T09:21:50+09:00,2026-08-02T04:22:59.960433+09:00
2789192,39,금문,서울특별시 종로구 창경궁로 269-1 (혜화동),37.585466333,127.0006406888,11,110,FD,FD02,FD020100,2025-10-23T14:30:00+09:00,2026-08-02T04:22:59.960433+09:00
3306159,38,금박연,서울특별시 종로구 북촌로12길 24-12 (가회동),37.5826275100841,126.986186699979,11,110,SH,SH04,SH040300,2026-04-12T03:08:02+09:00,2026-08-02T04:22:59.960433+09:00
3085035,14,금보성아트센터,서울특별시 종로구 평창36길 20 (평창동),37.6126738756,126.9780891951,11,110,VE,VE07,VE070600,2025-11-04T10:18:33+09:00,2026-08-02T04:22:59.960433+09:00
298109,12,금선사(서울),서울특별시 종로구 비봉길 137,37.6207780461,126.9534467684,11,110,HS,HS03,HS030100,2025-09-24T17:51:48+09:00,2026-08-02T04:22:59.960433+09:00
2544579,39,금용문,서울특별시 종로구 새문안로5가길 7 (내수동) 2층,37.5728256579,126.9740518037,11,110,FD,FD02,FD020100,2025-03-11T11:40:14+09:00,2026-08-02T04:22:59.960433+09:00
130302,14,금호미술관,서울특별시 종로구 삼청로 18 (사간동),37.57746668278243,126.97991286019544,11,110,VE,VE07,VE070600,2026-03-09T09:36:31+09:00,2026-08-02T04:22:59.960433+09:00
2993536,12,기기국 번사창,서울특별시 종로구 삼청로 118 (삼청동),37.586625,126.98276,11,110,HS,HS01,HS011100,2026-03-04T10:04:26+09:00,2026-08-02T04:22:59.960433+09:00
1120046,39,길복정,서울특별시 종로구 새문안로5가길 13,37.5731543641882,126.973743943223,11,110,FD,FD01,FD010100,2026-03-13T16:22:01+09:00,2026-08-02T04:22:59.960433+09:00
2553377,14,김달진미술자료박물관,서울특별시 종로구 홍지문1길 4 (홍지동),37.600105508,126.9566637277,11,110,VE,VE07,VE070100,2025-12-24T16:39:01+09:00,2026-08-02T04:22:59.960433+09:00
4012709,38,김인태 김해김,서울특별시 종로구 삼청로7길 28 (삼청동),37.5840414138247,126.980297588886,11,110,SH,SH04,SH040300,2026-03-18T10:10:05+09:00,2026-08-02T04:22:59.960433+09:00
130623,14,김종영미술관,서울특별시 종로구 평창32길 30 (평창동),37.61302229244211,126.97758781386767,11,110,VE,VE07,VE070600,2026-03-11T10:03:40+09:00,2026-08-02T04:22:59.960433+09:00
3085026,14,김현관 북촌펜드로잉,서울특별시 종로구 삼청로4길 26 (삼청동),37.582576308187654,126.98212039077256,11,110,VE,VE07,VE070300,2026-04-06T09:42:39+09:00,2026-08-02T04:22:59.960433+09:00
130585,14,김현주 갤러리,서울특별시 종로구 삼청로7길 19-9 (팔판동),37.583498376701876,126.98097860140777,11,110,VE,VE07,VE070600,2026-03-17T10:12:58+09:00,2026-08-02T04:22:59.960433+09:00
403407,39,까델루뽀,서울특별시 종로구 자하문로16길 5-5,37.5817995664,126.9713490183,11,110,FD,FD02,FD020300,2025-10-27T18:15:56+09:00,2026-08-02T04:22:59.960433+09:00
4025873,38,까망글씨,서울특별시 종로구 인사동길 50-1 (관훈동),37.5745675246433,126.984322501983,11,110,SH,SH04,SH040300,2026-03-26T09:20:41+09:00,2026-08-02T04:22:59.960433+09:00
4027253,38,까시나 삼청,서울특별시 종로구 북촌로5길 74 (소격동),37.579999307899,126.980978030341,11,110,SH,SH04,SH040300,2026-03-27T09:21:50+09:00,2026-08-02T04:22:59.960433+09:00
2786045,39,깔리,서울특별시 종로구 대학로11길 43 (명륜4가)171번지 2층,37.5825166505,126.999271453,11,110,FD,FD02,FD020400,2025-01-16T09:34:20+09:00,2026-08-02T04:22:59.960433+09:00
4061708,38,꽁뜨와 드 미라벨,서울특별시 종로구 자하문로12길 11-14 (창성동),37.5801412698262,126.971796038471,11,110,SH,SH07,SH070100,2026-04-30T11:07:52+09:00,2026-08-02T04:22:59.960433+09:00
2708791,39,"꽃,밥에피다",서울특별시 종로구 인사동16길 3-6 (관훈동),37.5753422114,126.9840397113,11,110,FD,FD01,FD010100,2025-08-07T15:25:44+09:00,2026-08-02T04:22:59.960433+09:00
3094113,39,나누미떡볶이,서울특별시 종로구 성균관로 9-1 (명륜2가),37.5838331404,126.9979270937,11,110,FD,FD01,FD010100,2025-10-23T14:30:00+09:00,2026-08-02T04:22:59.960433+09:00
969803,38,나이프갤러리,서울특별시 종로구 인사동9길 7 (관훈동),37.57367826901482,126.98473455145353,11,110,SH,SH05,SH050200,2026-03-11T10:03:40+09:00,2026-08-02T04:22:59.960433+09:00
129501,12,낙산공원,서울특별시 종로구 낙산길 41 (동숭동),37.5805179476871,127.006496092905,11,110,VE,VE03,VE030400,2026-03-12T09:13:06+09:00,2026-08-02T04:22:59.960433+09:00
2847196,39,낙산냉면,서울특별시 종로구 지봉로5길 8 (창신동),37.5745400875,127.0152757763,11,110,FD,FD01,FD010100,2025-09-24T09:48:19+09:00,2026-08-02T04:22:59.960433+09:00
128872,12,낙산묘각사,서울특별시 종로구 종로63가길 31 (숭인동),37.57551317818819,127.01883098316206,11,110,HS,HS03,HS030100,2026-03-18T10:10:05+09:00,2026-08-02T04:22:59.960433+09:00
132226,38,낙원 악기상가,서울특별시 종로구 삼일대로 428 (낙원동),37.5728259087,126.9880310857,11,110,SH,SH05,SH050200,2025-12-23T13:25:44+09:00,2026-08-02T04:22:59.960433+09:00
699222,12,낙원동 아구찜 거리,서울특별시 종로구 삼일대로 428,37.5732314221,126.9883060491,11,110,VE,VE04,VE040100,2025-12-23T17:47:14+09:00,2026-08-02T04:22:59.960433+09:00
3056376,12,낙원동 포장마차거리,서울특별시 종로구 종로3가 종로3가역 5번 출구 낙원악기상가 앞 거리,37.572636,126.9891,11,110,VE,VE04,VE040100,2026-04-01T10:30:00+09:00,2026-08-02T04:22:59.960433+09:00
3434068,39,낙원역,서울특별시 종로구 수표로28길 33-5 (익선동),37.57336132325985,126.9901395759664,11,110,FD,FD05,FD050100,2026-04-06T10:48:47+09:00,2026-08-02T04:22:59.960433+09:00
2809535,15,남산봉수의식 등 전통문화행사,서울특별시 종로구 종로 54 (관철동),37.5697673859634,126.983677617361,11,110,EV,EV02,EV020100,2026-01-27T16:19:47+09:00,2026-08-02T04:22:59.960433+09:00
2979653,38,납청놋전,서울특별시 종로구 인사동10길 5 (관훈동),37.57412336278609,126.9853095936208,11,110,SH,SH04,SH040300,2026-03-30T15:00:39+09:00,2026-08-02T04:22:59.960433+09:00
4054303,38,납청놋전[면세점(TAX REFUND SHOP)],서울특별시 종로구 인사동10길 5 (관훈동),37.5741249929142,126.985309826057,11,110,SH,SH04,SH040300,2026-03-31T00:34:08+09:00,2026-08-02T04:22:59.960433+09:00
2717547,39,내자상회,서울특별시 종로구 사직로10길 3 (내자동),37.5758502431,126.9705214845,11,110,FD,FD05,FD050100,2025-07-25T15:22:39+09:00,2026-08-02T04:22:59.960433+09:00
2988399,39,널담은공간,서울특별시 종로구 삼청로 24,37.5780497652,126.979833397,11,110,FD,FD05,FD050100,2026-07-30T16:26:38+09:00,2026-08-02T04:22:59.960433+09:00
4027241,38,네파 종로점,서울특별시 종로구 동호로 406-2 (종로5가),37.5706447993923,127.002332297608,11,110,SH,SH04,SH040300,2026-03-27T09:21:50+09:00,2026-08-02T04:22:59.960433+09:00
2006842,32,노블관광호텔 인사동,서울특별시 종로구 율곡로6길 13-3 노블호텔,37.5766903320193,126.989664511117,11,110,AC,AC01,AC010100,2026-02-24T13:34:07+09:00,2026-08-02T04:22:59.960433+09:00
4013008,38,노스페이스 대학로점,서울특별시 종로구 대학로8가길 85 (동숭동) 1층,37.5822760636383,127.003645489475,11,110,SH,SH04,SH040300,2026-03-12T15:23:34+09:00,2026-08-02T04:22:59.960433+09:00
129906,14,노화랑,서울특별시 종로구 인사동길 54 (관훈동),37.57486052472222,126.98408514362956,11,110,VE,VE07,VE070600,2026-03-11T10:03:40+09:00,2026-08-02T04:22:59.960433+09:00
4012704,38,논픽션 삼청&기프트샵,서울특별시 종로구 북촌로5길 84 (소격동),37.5801063427426,126.980407421324,11,110,SH,SH04,SH040300,2026-03-18T10:10:05+09:00,2026-08-02T04:22:59.960433+09:00
2707440,32,누와,서울특별시 종로구 필운대로5나길 3-1 (누하동),37.57963031,126.9677966258,11,110,AC,AC03,AC030200,2024-12-22T17:47:05+09:00,2026-08-02T04:22:59.960433+09:00
398345,39,눈나무집,서울특별시 종로구 삼청로 136-1,37.5874194378147,126.981853855717,11,110,FD,FD01,FD010100,2026-02-25T16:53:16+09:00,2026-08-02T04:22:59.960433+09:00
402976,39,뉘조,서울특별시 종로구 인사동14길 27,37.5751644745,126.985186834,11,110,FD,FD01,FD010100,2025-09-19T16:56:21+09:00,2026-08-02T04:22:59.960433+09:00
3438166,32,뉠스테이,서울특별시 종로구 필운대로5길 17 (누하동),37.5793497865,126.9677383057,11,110,AC,AC03,AC030200,2024-12-18T15:13:21+09:00,2026-08-02T04:22:59.960433+09:00
2893947,38,뉴발란스 대학로점,서울특별시 종로구 대학로 133-2 (명륜4가),37.5831050246266,127.001481873939,11,110,SH,SH04,SH040300,2026-03-27T09:21:50+09:00,2026-08-02T04:22:59.960433+09:00
4012707,38,다니엘트루스 퍼퓸하우스 삼청,서울특별시 종로구 삼청로 72 (화동),37.5819298702945,126.981565682948,11,110,SH,SH04,SH040300,2026-03-18T10:10:05+09:00,2026-08-02T04:22:59.960433+09:00
398346,39,다락정,서울특별시 종로구 삼청로 131-1 (삼청동),37.5873018875,126.9815507103,11,110,FD,FD01,FD010100,2025-03-11T13:30:59+09:00,2026-08-02T04:22:59.960433+09:00
2820424,39,다래국수,서울특별시 종로구 자하문로1길 12,37.5765705781455,126.971746818396,11,110,FD,FD01,FD010100,2026-02-27T15:15:36+09:00,2026-08-02T04:22:59.960433+09:00
130624,14,다보성 갤러리,서울특별시 종로구 삼일대로 457 (경운동),37.5752617096,126.9865255983,11,110,VE,VE07,VE070600,2025-03-14T15:51:18+09:00,2026-08-02T04:22:59.960433+09:00
2392535,12,다이나믹 메이즈 인사동,서울특별시 종로구 인사동길 12 (인사동) 지하 1층,37.5719398862,126.9872367386,11,110,VE,VE02,VE020100,2025-09-18T13:50:09+09:00,2026-08-02T04:22:59.960433+09:00
4025882,38,다이소 경복궁역점,서울특별시 종로구 자하문로2길 4 (적선동),37.576377886406,126.972859321085,11,110,SH,SH04,SH040300,2026-03-19T04:27:13+09:00,2026-08-02T04:22:59.960433+09:00
4027239,38,다이소 대학로점,서울특별시 종로구 대학로 140 (혜화동),37.5835932661896,127.00194652189,11,110,SH,SH04,SH040300,2026-03-19T03:06:25+09:00,2026-08-02T04:22:59.960433+09:00
4025839,38,다이소 동대문점,서울특별시 종로구 율곡로 309 (창신동) 동녕빌딩 B1층,37.570277425343,127.009978209284,11,110,SH,SH04,SH040300,2026-03-19T03:50:49+09:00,2026-08-02T04:22:59.960433+09:00
4025921,38,다이소 동묘점,"서울특별시 종로구 종로 347 (숭인동, 롯데캐슬 천지인) 1층",37.5740562569508,127.016000015149,11,110,SH,SH04,SH040300,2026-03-19T04:48:40+09:00,2026-08-02T04:22:59.960433+09:00
4025845,38,다이소 안국역2호점,서울특별시 종로구 율곡로 45 (안국동),37.576315820328,126.984366285383,11,110,SH,SH04,SH040300,2026-03-19T03:52:44+09:00,2026-08-02T04:22:59.960433+09:00
4027256,38,다이소 종로본점,서울특별시 종로구 삼일대로 395 (종로2가) 1층,37.5699036176606,126.987359941594,11,110,SH,SH04,SH040300,2026-03-19T03:35:23+09:00,2026-08-02T04:22:59.960433+09:00
4025932,38,다이소 혜화점,서울특별시 종로구 창경궁로 239 (명륜2가),37.5833093721377,126.998705946565,11,110,SH,SH04,SH040300,2026-03-19T04:58:34+09:00,2026-08-02T04:22:59.960433+09:00
4012702,38,닥터마틴 삼청점,서울특별시 종로구 북촌로5가길 13 (소격동),37.5801263218286,126.981958968761,11,110,SH,SH04,SH040300,2026-03-25T09:34:32+09:00,2026-08-02T04:22:59.960433+09:00
2946235,38,단하,서울특별시 종로구 팔판길 39-7 (팔판동),37.5837550672,126.9809508653,11,110,SH,SH05,SH050200,2025-11-17T19:55:16+09:00,2026-08-02T04:22:59.960433+09:00
4054316,38,단하[면세점(TAX REFUND SHOP)],서울특별시 종로구 팔판길 39-7 (팔판동),37.5836456179248,126.980909512629,11,110,SH,SH04,SH040300,2026-04-01T02:11:15+09:00,2026-08-02T04:22:59.960433+09:00
1018855,39,달 카페,서울특별시 종로구 삼청로 94-1,37.5837782184497,126.982031720136,11,110,FD,FD05,FD050100,2026-02-06T17:40:24+09:00,2026-08-02T04:22:59.960433+09:00
4012710,38,당근약국,서울특별시 종로구 새문안로 83 (신문로1가),37.5703546250501,126.973968562862,11,110,SH,SH04,SH040300,2026-03-18T10:10:05+09:00,2026-08-02T04:22:59.960433+09:00
299980,12,대각사(서울),서울특별시 종로구 율곡로10길 87 (봉익동),37.57364606539628,126.99178484887767,11,110,HS,HS03,HS030100,2026-03-12T09:08:40+09:00,2026-08-02T04:22:59.960433+09:00
130459,14,대림미술관,서울특별시 종로구 자하문로4길 21 (통의동),37.57748881442446,126.97335559961526,11,110,VE,VE07,VE070600,2026-03-31T09:26:30+09:00,2026-08-02T04:22:59.960433+09:00
2438867,39,대성집,서울특별시 종로구 사직로 5,37.5726847449121,126.960900765386,11,110,FD,FD01,FD010100,2026-03-13T16:50:04+09:00,2026-08-02T04:22:59.960433+09:00
2946632,14,대오서점,서울특별시 종로구 자하문로7길 55 (누하동),37.5797346201,126.9693253,11,110,VE,VE12,VE120100,2026-07-31T15:10:12+09:00,2026-08-02T04:22:59.960433+09:00
1605948,12,대원군별장(석파정),서울특별시 종로구 창의문로11길 4-1 (부암동),37.5948701151,126.96277443,11,110,HS,HS01,HS011200,2025-12-03T09:22:40+09:00,2026-08-02T04:22:59.960433+09:00
2685295,39,대평갈비,서울특별시 종로구 평창문화로 83,37.6069890619438,126.970187768604,11,110,FD,FD01,FD010100,2026-03-09T15:26:55+09:00,2026-08-02T04:22:59.960433+09:00
126534,12,대학로,서울특별시 종로구 대학로 104 (동숭동),37.5805669329,127.0023878907,11,110,VE,VE04,VE040100,2025-03-14T10:14:54+09:00,2026-08-02T04:22:59.960433+09:00
1380688,14,대학로예술극장,서울특별시 종로구 대학로10길 17 (동숭동),37.5820038166506,127.003129712204,11,110,VE,VE06,VE060100,2026-02-25T09:47:29+09:00,2026-08-02T04:22:59.960433+09:00
3012777,14,대학로자유극장,서울특별시 종로구 대학로12길 31 (동숭동),37.5828028072,127.003623826,11,110,VE,VE06,VE060100,2025-11-04T11:25:53+09:00,2026-08-02T04:22:59.960433+09:00
3080770,14,대학로티오엠,서울특별시 종로구 대학로8가길 85 (동숭동),37.582268848936415,127.0036356190569,11,110,VE,VE06,VE060100,2026-04-28T16:32:09+09:00,2026-08-02T04:22:59.960433+09:00
132202,38,대학천 책방거리,서울특별시 종로구 종로 258 (종로6가),37.5707098195,127.0064961295,11,110,SH,SH05,SH050200,2025-11-27T16:05:01+09:00,2026-08-02T04:22:59.960433+09:00
1849416,14,대한민국역사박물관,서울특별시 종로구 세종대로 198 (세종로),37.5741339024,126.977573668,11,110,VE,VE07,VE070100,2025-04-14T10:59:44+09:00,2026-08-02T04:22:59.960433+09:00
4012712,38,대한불교조계종 도반HC 승소,서울특별시 종로구 우정국로 67 (견지동) 전법회관 1층,37.5750574044126,126.98246473759,11,110,SH,SH04,SH040300,2026-03-18T10:10:05+09:00,2026-08-02T04:22:59.960433+09:00
3438379,32,더 모먼트,서울특별시 종로구 자하문로1다길 16-1 (체부동),37.5774889432,126.9706242068,11,110,AC,AC03,AC030200,2024-12-18T15:24:50+09:00,2026-08-02T04:22:59.960433+09:00
3493270,38,더 스테이지(THE STAGE),서울특별시 종로구 청계천로 41 (서린동) 영풍빌딩 B2,37.569670995203346,126.98218484725125,11,110,SH,SH07,SH070100,2026-03-11T10:03:40+09:00,2026-08-02T04:22:59.960433+09:00
1965691,39,더 우리곱창,서울특별시 종로구 종로36나길 9 (종로5가),37.57021452375756,127.00442826813826,11,110,FD,FD01,FD010100,2026-02-20T10:54:45+09:00,2026-08-02T04:22:59.960433+09:00
4025858,38,더샘 인사동점,서울특별시 종로구 인사동길 11-3 (인사동),37.5719688960252,126.986694778626,11,110,SH,SH04,SH040300,2026-03-27T09:21:50+09:00,2026-08-02T04:22:59.960433+09:00
4061701,39,더소가 카페 서촌,서울특별시 종로구 필운대로 44 (누하동),37.5799619378614,126.968795689539,11,110,FD,FD05,FD050100,2026-04-30T10:54:06+09:00,2026-08-02T04:22:59.960433+09:00
4012727,38,더일마 서울 플래그십 스토어,서울특별시 종로구 자하문로8길 27 (통의동) 1층,37.5793169358,126.9724975689,11,110,SH,SH04,SH040300,2026-07-15T19:54:05+09:00,2026-08-02T04:22:59.960433+09:00
2848075,39,더코너키친,서울특별시 종로구 평창문화로 98 (평창동),37.6071410749,126.9719426906,11,110,FD,FD02,FD020300,2025-09-18T09:55:31+09:00,2026-08-02T04:22:59.960433+09:00
3101922,32,더파더스,서울특별시 종로구 창경궁로 231 (명륜4가),37.5827082736,126.9980493367,11,110,AC,AC06,AC060200,2024-08-19T18:04:49+09:00,2026-08-02T04:22:59.960433+09:00
2811673,39,도넛정수,서울특별시 종로구 창신12길 40,37.5782932980321,127.010862397194,11,110,FD,FD05,FD050100,2026-02-20T15:34:01+09:00,2026-08-02T04:22:59.960433+09:00
4012697,38,도쿄앤펄 서울본점,서울특별시 종로구 돈화문로 49 (묘동) 익선빌딩 1층,37.5729148249161,126.991239015743,11,110,SH,SH04,SH040300,2026-03-18T10:10:05+09:00,2026-08-02T04:22:59.960433+09:00
2783547,12,독립선언문 배부 터,서울특별시 종로구 삼일대로 457 (경운동),37.5752617096,126.9865255983,11,110,HS,HS01,HS011200,2025-12-24T16:26:56+09:00,2026-08-02T04:22:59.960433+09:00
2812642,39,돌솥추어탕,서울특별시 종로구 자하문로1길 54,37.5770177054223,126.969510912708,11,110,FD,FD01,FD010100,2026-04-14T09:19:50+09:00,2026-08-02T04:22:59.960433+09:00
2789182,39,동경우동,서울특별시 종로구 새문안로9길 28 (도렴동),37.5714341825,126.9757044705,11,110,FD,FD02,FD020200,2025-10-23T14:30:00+09:00,2026-08-02T04:22:59.960433+09:00
3572025,15,동궐동락,"서울특별시 종로구 창경궁로 185 (와룡동) 창경궁, 서울 종로구 율곡로 99 창덕궁",37.5789336838,126.9964634775,11,110,EV,EV01,EV010400,2025-11-21T17:35:53+09:00,2026-08-02T04:22:59.960433+09:00
1187220,12,동대문 문구완구거리 (창신동 문구완구시장),서울특별시 종로구 종로52길 36 (창신동),37.57123141019363,127.01444784375465,11,110,VE,VE04,VE040100,2026-03-19T09:49:59+09:00,2026-08-02T04:22:59.960433+09:00
132200,38,동대문종합시장,서울특별시 종로구 종로 266 (종로6가),37.5709736927,127.0073349346,11,110,SH,SH06,SH060200,2025-11-27T15:36:16+09:00,2026-08-02T04:22:59.960433+09:00
1013559,38,동대문종합시장 액세서리상가,서울특별시 종로구 종로 266 (종로6가),37.5709736927,127.0073349346,11,110,SH,SH05,SH050200,2025-11-27T15:48:55+09:00,2026-08-02T04:22:59.960433+09:00
1013584,38,동대문종합시장 한복상가,서울특별시 종로구 종로 266 (종로6가),37.5709736927,127.0073349346,11,110,SH,SH06,SH060200,2025-12-23T14:52:52+09:00,2026-08-02T04:22:59.960433+09:00
130155,14,동덕아트갤러리,서울특별시 종로구 우정국로 68 동덕빌딩 B1 동덕아트갤러리,37.5749894618,126.9833314524,11,110,VE,VE07,VE070600,2025-07-22T10:20:40+09:00,2026-08-02T04:22:59.960433+09:00
3025303,14,동덕여자대학교 공연예술센터,서울특별시 종로구 동숭길 126 (동숭동),37.58370927203308,127.00334607105671,11,110,VE,VE06,VE060100,2026-04-28T11:08:37+09:00,2026-08-02T04:22:59.960433+09:00
130851,14,동림매듭공방,서울특별시 종로구 북촌로12길 10,37.5817368650513,126.985586987069,11,110,VE,VE07,VE070100,2026-02-04T17:20:11+09:00,2026-08-02T04:22:59.960433+09:00
2765213,38,동묘벼룩시장,서울특별시 종로구 숭인동 102-8,37.5732541699,127.0177144794,11,110,SH,SH06,SH060200,2025-11-27T18:05:48+09:00,2026-08-02T04:22:59.960433+09:00
129903,14,동산방화랑,서울특별시 종로구 인사동9길 35 (견지동),37.5729813628,126.9833898373,11,110,VE,VE07,VE070600,2025-12-01T15:42:52+09:00,2026-08-02T04:22:59.960433+09:00
1603677,12,동십자각,서울특별시 종로구 삼청로 1,37.5760791102,126.9794210836,11,110,HS,HS01,HS010200,2026-07-27T13:41:17+09:00,2026-08-02T04:22:59.960433+09:00
3357668,38,동아완구,서울특별시 종로구 종로52길 5 (창신동),37.57186464340806,127.01296459093403,11,110,SH,SH05,SH050200,2026-04-02T14:14:02+09:00,2026-08-02T04:22:59.960433+09:00
2789169,39,된장예술과술,서울특별시 종로구 삼일대로15길 20 (관철동),37.5689735496,126.9864091204,11,110,FD,FD01,FD010100,2025-01-06T17:41:44+09:00,2026-08-02T04:22:59.960433+09:00
562425,39,두가헌 레스토랑,서울특별시 종로구 삼청로 14,37.5773002409,126.9798039302,11,110,FD,FD02,FD020300,2025-09-19T14:53:51+09:00,2026-08-02T04:22:59.960433+09:00
2941379,39,두레 국립현대미술관서울점,서울특별시 종로구 삼청로 30,37.5785399296163,126.979887634484,11,110,FD,FD01,FD010100,2026-04-10T11:24:40+09:00,2026-08-02T04:22:59.960433+09:00
2814408,39,두레유,서울특별시 종로구 평창문화로 84 (평창동) 전진빌딩 2층,37.6065673032,126.970504026,11,110,FD,FD01,FD010100,2026-07-24T08:59:34+09:00,2026-08-02T04:22:59.960433+09:00
509267,14,두산갤러리,서울특별시 종로구 종로33길 15 (연지동),37.57181230860021,127.00100008331705,11,110,VE,VE07,VE070600,2026-03-05T09:58:51+09:00,2026-08-02T04:22:59.960433+09:00
129734,14,두산아트센터,서울특별시 종로구 종로33길 15,37.5717550271816,127.000963549731,11,110,VE,VE06,VE060100,2026-03-19T14:30:38+09:00,2026-08-02T04:22:59.960433+09:00
686363,39,디마떼오,서울특별시 종로구 동숭길 29,37.5799540802858,127.003885252633,11,110,FD,FD02,FD020300,2026-02-26T09:14:33+09:00,2026-08-02T04:22:59.960433+09:00
2505619,38,디타워 광화문,서울특별시 종로구 종로3길 17 (청진동),37.5710481741,126.9789291877,11,110,SH,SH05,SH050200,2025-11-27T17:38:25+09:00,2026-08-02T04:22:59.960433+09:00
2707460,14,딜쿠샤,서울특별시 종로구 사직로2길 17 (행촌동),37.5730893265,126.9634833153,11,110,VE,VE07,VE070300,2025-11-27T17:47:03+09:00,2026-08-02T04:22:59.960433+09:00
130365,14,떡박물관,서울특별시 종로구 돈화문로 71 (와룡동),37.574953486,126.9906530083,11,110,VE,VE07,VE070100,2025-09-18T14:39:43+09:00,2026-08-02T04:22:59.960433+09:00
1986171,39,뜰과다원,서울특별시 종로구 인사동길 34 (관훈동),37.57359314971091,126.98571735999991,11,110,FD,FD05,FD050200,2026-02-11T08:10:09+09:00,2026-08-02T04:22:59.960433+09:00
2818856,39,라면점빵,서울특별시 종로구 자하문로1길 39,37.5765955458799,126.970130308757,11,110,FD,FD01,FD010100,2026-04-14T09:19:50+09:00,2026-08-02T04:22:59.960433+09:00
685544,39,라브리,서울특별시 종로구 종로 1,37.5736793363221,126.975743733116,11,110,FD,FD02,FD020300,2026-02-25T17:06:22+09:00,2026-08-02T04:22:59.960433+09:00
4012726,38,라이즈앤빌로우,서울특별시 종로구 자하문로8길 22 (통의동) 1층,37.5790515536506,126.9727158204,11,110,SH,SH04,SH040300,2026-03-18T10:10:05+09:00,2026-08-02T04:22:59.960433+09:00
2903491,38,라인프렌즈 스퀘어 인사동,서울특별시 종로구 인사동길 49 (관훈동) 1층,37.5744668688197,126.983552182559,11,110,SH,SH04,SH040300,2026-03-27T09:21:50+09:00,2026-08-02T04:22:59.960433+09:00
2700971,32,락고재 서울 북촌 한옥호텔,서울특별시 종로구 계동길 49-23,37.580183352,126.9860754996,11,110,AC,AC01,AC010100,2025-10-27T15:25:00+09:00,2026-08-02T04:22:59.960433+09:00
2992824,12,락고재 컬쳐 라운지 애가헌,서울특별시 종로구 북촌로11가길 16 (가회동),37.5822969574,126.983958966,11,110,EX,EX01,EX010100,2025-11-24T14:51:00+09:00,2026-08-02T04:22:59.960433+09:00
2809117,39,런던베이글뮤지엄 안국,서울특별시 종로구 북촌로4길 20 (계동),37.5792251324,126.9862171806,11,110,FD,FD05,FD050100,2025-11-10T16:49:21+09:00,2026-08-02T04:22:59.960433+09:00
403024,39,로씨니,서울특별시 종로구 북촌로 18 (재동),37.5784557709,126.9858672342,11,110,FD,FD02,FD020300,2025-03-11T13:12:44+09:00,2026-08-02T04:22:59.960433+09:00
2916516,38,로우로우 광장시장점,서울특별시 종로구 창경궁로 88 (예지동),37.5701196320637,126.999798964693,11,110,SH,SH04,SH040300,2026-03-27T09:21:50+09:00,2026-08-02T04:22:59.960433+09:00
2768087,28,롤파크,서울특별시 종로구 종로 33 그랑서울 타워[1] 3층 롤파크,37.5710121125,126.9814539585,11,110,VE,VE10,VE100100,2025-10-28T13:18:20+09:00,2026-08-02T04:22:59.960433+09:00
4027236,38,르네랩,서울특별시 종로구 계동길 96 (계동),37.5816160446256,126.986888241135,11,110,SH,SH04,SH040300,2026-03-27T09:21:50+09:00,2026-08-02T04:22:59.960433+09:00
3306733,38,르미엘성형외과의원,서울특별시 종로구 종로 120 (종로3가) 동영타워 3층,37.5700680162517,126.99091787405,11,110,SH,SH04,SH040300,2026-03-30T09:16:11+09:00,2026-08-02T04:22:59.960433+09:00
3025322,14,링크아트센터드림,서울특별시 종로구 동숭길 123 (동숭동),37.58328613993796,127.0032934793899,11,110,VE,VE06,VE060100,2026-04-28T09:18:31+09:00,2026-08-02T04:22:59.960433+09:00
126487,12,마로니에공원,서울특별시 종로구 대학로 104,37.5802419773,127.0027239807,11,110,VE,VE03,VE030100,2025-07-18T09:00:00+09:00,2026-08-02T04:22:59.960433+09:00
4027254,38,마르헨제이 삼청 플래그십 스토어,서울특별시 종로구 북촌로5나길 9 (화동) 1-2층,37.5811630183162,126.982044533511,11,110,SH,SH04,SH040300,2026-03-27T09:21:50+09:00,2026-08-02T04:22:59.960433+09:00
2848063,39,마이클 바이 해비치,서울특별시 종로구 우정국로 26,37.5715509786,126.9836731855,11,110,FD,FD02,FD020300,2025-01-20T13:00:52+09:00,2026-08-02T04:22:59.960433+09:00
2025260,39,마지,서울특별시 종로구 자하문로5길 19,37.5776167085,126.9707714116,11,110,FD,FD02,FD020500,2025-09-19T17:05:50+09:00,2026-08-02T04:22:59.960433+09:00
3570638,39,만리지화 본점,서울특별시 종로구 종로3길 17 (청진동) D타워 리플레이스 광화문 4층,37.570995897039204,126.97891450886014,11,110,FD,FD01,FD010100,2026-04-27T17:22:01+09:00,2026-08-02T04:22:59.960433+09:00
3532720,32,메모리스테이 효자,서울특별시 종로구 자하문로 76-4 (효자동),37.5827355624,126.9710156891,11,110,AC,AC03,AC030200,2025-10-23T14:30:00+09:00,2026-08-02T04:22:59.960433+09:00
2552651,32,메이플레이스,서울특별시 종로구 율곡로 179 (원남동),37.5761050075,126.9987461402,11,110,AC,AC01,AC010100,2026-06-11T10:21:58+09:00,2026-08-02T04:22:59.960433+09:00
3493824,38,메튜장 안국,서울특별시 종로구 율곡로 33 (안국동),37.57591364839411,126.98342439611854,11,110,SH,SH05,SH050200,2026-04-27T10:36:38+09:00,2026-08-02T04:22:59.960433+09:00
2827893,39,멜팅샵 치즈룸,서울특별시 종로구 종로3길 17 D타워,37.5709936100203,126.978912944979,11,110,FD,FD02,FD020300,2026-02-24T12:13:40+09:00,2026-08-02T04:22:59.960433+09:00
4025870,38,명신당필방,서울특별시 종로구 인사동길 34 (관훈동),37.5735931856781,126.985717340243,11,110,SH,SH04,SH040300,2026-03-27T09:21:50+09:00,2026-08-02T04:22:59.960433+09:00
1998333,39,모녀김밥,서울특별시 종로구 동호로 403-23,37.5702819948,127.0011132988,11,110,FD,FD03,FD030400,2025-12-10T09:20:39+09:00,2026-08-02T04:22:59.960433+09:00
3570165,39,모던샤브하우스 광화문D타워점,서울특별시 종로구 종로3길 17 (청진동) D타워 리플레이스 광화문 5층,37.570995897039204,126.97891450886014,11,110,FD,FD01,FD010100,2026-04-27T17:08:20+09:00,2026-08-02T04:22:59.960433+09:00
129909,14,모던화랑,서울특별시 종로구 인사동10길 4 (관훈동),37.57398424065293,126.9853569014865,11,110,VE,VE07,VE070600,2026-03-18T10:10:05+09:00,2026-08-02T04:22:59.960433+09:00
1877251,39,모뜨,서울특별시 종로구 평창30길 24,37.611769122989,126.975087153688,11,110,FD,FD02,FD020300,2026-03-13T16:36:40+09:00,2026-08-02T04:22:59.960433+09:00
130279,14,모인화랑,서울특별시 종로구 인사동10길 13 (관훈동),37.5743951298,126.9857368058,11,110,VE,VE07,VE070600,2025-09-01T15:08:04+09:00,2026-08-02T04:22:59.960433+09:00
231976,14,목인박물관 목석원,서울특별시 종로구 창의문로5길 46-1 (부암동),37.5890707988,126.9633051014,11,110,VE,VE07,VE070100,2025-09-18T13:58:50+09:00,2026-08-02T04:22:59.960433+09:00
3013272,12,무계원,서울특별시 종로구 창의문로5가길 2 (부암동),37.591792406396586,126.96361099485867,11,110,EX,EX01,EX010100,2026-04-30T08:51:09+09:00,2026-08-02T04:22:59.960433+09:00
1603543,12,무궁화동산,서울특별시 종로구 궁정동 55-5,37.5843076223,126.9721572068,11,110,VE,VE03,VE030100,2025-11-03T15:28:56+09:00,2026-08-02T04:22:59.960433+09:00
3438215,32,무월관,서울특별시 종로구 윤보선길 19-16 (안국동),37.5772947544,126.9836202496,11,110,AC,AC03,AC030200,2024-12-18T15:16:43+09:00,2026-08-02T04:22:59.960433+09:00
4025846,38,문우약국,서울특별시 종로구 율곡로 지하62 (안국동) B3층,37.5767203705556,126.985823042976,11,110,SH,SH04,SH040300,2026-03-27T09:21:50+09:00,2026-08-02T04:22:59.960433+09:00
2556687,15,문학주간2026,서울특별시 종로구 대학로 104 (동숭동),37.580512461,127.0023742293,11,110,EV,EV03,EV030400,2026-07-02T14:40:20+09:00,2026-08-02T04:22:59.960433+09:00
2469939,12,뮤지엄 김치간,서울특별시 종로구 인사동길 35-4 (관훈동) 인사동마루 본관 4~6층,37.573553871388064,126.98486510706154,11,110,EX,EX06,EX061000,2026-03-19T17:30:44+09:00,2026-08-02T04:22:59.960433+09:00
3338707,14,뮤지엄한미 삼청,서울특별시 종로구 삼청로9길 45 (삼청동),37.58828104103312,126.98087886945358,11,110,VE,VE07,VE070300,2026-05-20T10:14:35+09:00,2026-08-02T04:22:59.960433+09:00
2947970,39,뮤직컴플렉스 서울,서울특별시 종로구 인사동길 49,37.574520076,126.9835675554,11,110,FD,FD05,FD050100,2025-07-31T17:30:39+09:00,2026-08-02T04:22:59.960433+09:00
4012735,38,미니골드 종각점,서울특별시 종로구 종로 80-1 (종로2가),37.5699465706035,126.986331102316,11,110,SH,SH04,SH040300,2026-03-26T09:20:41+09:00,2026-08-02T04:22:59.960433+09:00
2608499,32,미담 한옥 게스트 하우스,서울특별시 종로구 북촌로6길 25-6 (계동),37.5806638566,126.9863532384,11,110,AC,AC03,AC030200,2024-11-26T13:53:54+09:00,2026-08-02T04:22:59.960433+09:00
4025924,38,미도공예사,서울특별시 종로구 종로32길 22-1 (예지동) 1-2층,37.5699050994668,127.001166137271,11,110,SH,SH04,SH040300,2026-03-27T09:21:50+09:00,2026-08-02T04:22:59.960433+09:00
4025880,38,미드앤로우,서울특별시 종로구 자하문로17길 27 (통인동) 1층,37.5812919238741,126.969250022143,11,110,SH,SH04,SH040300,2026-03-27T09:21:50+09:00,2026-08-02T04:22:59.960433+09:00
3056596,12,미어캣파크,서울특별시 종로구 대학로10길 12 (동숭동) 6층,37.58162110969318,127.00280543786684,11,110,EX,EX07,EX070200,2026-04-01T13:27:45+09:00,2026-08-02T04:22:59.960433+09:00
134752,39,미진,서울특별시 종로구 종로 19 (종로1가),37.5708982096,126.9799374337,11,110,FD,FD01,FD010100,2025-04-09T09:42:28+09:00,2026-08-02T04:22:59.960433+09:00
4025874,38,미페이스트리,서울특별시 종로구 자하문로 35-2 (통인동) 2층,37.5792224701766,126.971190375498,11,110,SH,SH04,SH040300,2026-03-27T09:21:50+09:00,2026-08-02T04:22:59.960433+09:00
4025891,38,미페이스트리 별관,서울특별시 종로구 자하문로9길 9 (통인동) B1층,37.5793310199169,126.970742590118,11,110,SH,SH04,SH040300,2026-03-27T09:21:50+09:00,2026-08-02T04:22:59.960433+09:00
605961,12,민영환 자결터,서울특별시 종로구 인사동5길 41 (공평동),37.571906502,126.9841842397,11,110,HS,HS01,HS011200,2025-08-14T09:43:53+09:00,2026-08-02T04:22:59.960433+09:00
2835583,14,바라캇 서울,서울특별시 종로구 삼청로 58-4,37.5809165029,126.9806676381,11,110,VE,VE07,VE070600,2025-08-27T15:51:54+09:00,2026-08-02T04:22:59.960433+09:00
4012724,38,바버샵,서울특별시 종로구 자하문로12길 17 (창성동) 1층,37.5801333114861,126.97205042594,11,110,SH,SH04,SH040300,2026-03-18T10:10:05+09:00,2026-08-02T04:22:59.960433+09:00
4025879,38,바버샵 베스티스,서울특별시 종로구 자하문로12길 17 (창성동) 1층,37.5801333114861,126.97205042594,11,110,SH,SH04,SH040300,2026-03-27T09:21:50+09:00,2026-08-02T04:22:59.960433+09:00
3013185,14,바탕골소극장,서울특별시 종로구 대학로10길 5 (동숭동),37.5818585598955,127.00257322315429,11,110,VE,VE06,VE060100,2026-04-30T11:33:13+09:00,2026-08-02T04:22:59.960433+09:00
1998216,39,박가네 빈대떡,서울특별시 종로구 종로32길 7 (종로5가),37.5705958426,127.0008577576,11,110,FD,FD01,FD010100,2025-04-09T17:09:09+09:00,2026-08-02T04:22:59.960433+09:00
2739454,14,박노수미술관,서울특별시 종로구 옥인1길 34 (옥인동),37.58131920855933,126.96681854989494,11,110,VE,VE07,VE070600,2026-02-09T15:03:26+09:00,2026-08-02T04:22:59.960433+09:00
2899928,39,발렁스,서울특별시 종로구 계동길 50 (계동),37.5795006614,126.9868425125,11,110,FD,FD05,FD050100,2026-06-19T10:52:58+09:00,2026-08-02T04:22:59.960433+09:00
809372,12,백사실계곡,서울특별시 종로구 부암동 115,37.6004286814137,126.966332776788,11,110,NA,NA01,NA010400,2026-02-25T11:06:05+09:00,2026-08-02T04:22:59.960433+09:00
2993160,12,백악마루,서울특별시 종로구 부암동 30 백악마루,37.5939481211,126.9695127307,11,110,NA,NA01,NA010100,2025-12-31T10:20:58+09:00,2026-08-02T04:22:59.960433+09:00
130629,14,백악미술관,서울특별시 종로구 인사동9길 16 (관훈동),37.5736924051,126.9841536365,11,110,VE,VE07,VE070600,2026-01-02T14:19:01+09:00,2026-08-02T04:22:59.960433+09:00
2481866,12,백인제가옥,서울특별시 종로구 북촌로7길 16 (가회동),37.5804693948,126.9841423343,11,110,HS,HS01,HS010400,2025-10-24T09:57:41+09:00,2026-08-02T04:22:59.960433+09:00
4025847,38,베네데프,"서울특별시 종로구 율곡로 84 (운니동, 가든타워)",37.5770960114134,126.988453655457,11,110,SH,SH04,SH040300,2026-03-26T09:20:41+09:00,2026-08-02T04:22:59.960433+09:00
605497,12,보성사터,서울특별시 종로구 우정국로 55 (견지동),37.5739784579,126.9827509785,11,110,HS,HS01,HS011100,2025-10-23T14:30:00+09:00,2026-08-02T04:22:59.960433+09:00
126516,12,보신각터,서울특별시 종로구 종로 54,37.5698150675,126.9835760212,11,110,HS,HS01,HS010700,2025-12-01T16:37:06+09:00,2026-08-02T04:22:59.960433+09:00
2592489,32,복합한옥공간 곳,서울특별시 종로구 계동길 52-11 (계동),37.5797528699,126.9873670606,11,110,AC,AC03,AC030200,2025-12-29T17:59:38+09:00,2026-08-02T04:22:59.960433+09:00
747530,14,본화랑,서울특별시 종로구 자하문로 299 지하1층,37.5991473396,126.9596579259,11,110,VE,VE07,VE070600,2025-01-16T16:00:17+09:00,2026-08-02T04:22:59.960433+09:00
3080741,14,봄날아트홀,서울특별시 종로구 동숭길 39 (동숭동) 지하 1층~2층,37.57999067069077,127.00426530119238,11,110,VE,VE06,VE060100,2026-03-11T10:03:40+09:00,2026-08-02T04:22:59.960433+09:00
1922730,39,부빙,서울특별시 종로구 창의문로 136,37.5926851636603,126.965344205516,11,110,FD,FD05,FD050100,2026-02-24T12:13:40+09:00,2026-08-02T04:22:59.960433+09:00
2439096,39,부산식당 (외국어사이트용),서울특별시 종로구 인사동11길 12,37.5738739061067,126.983987367667,11,110,FD,FD01,FD010100,2026-03-09T09:36:31+09:00,2026-08-02T04:22:59.960433+09:00
1367251,12,부암동,서울특별시 종로구 창의문로 145,37.5924870824,126.9640854894,11,110,VE,VE04,VE040200,2025-12-04T13:41:24+09:00,2026-08-02T04:22:59.960433+09:00
3085030,39,부암동 계열사,서울특별시 종로구 백석동길 7 (부암동),37.59287501680195,126.96560853874297,11,110,FD,FD03,FD030300,2026-04-08T18:04:33+09:00,2026-08-02T04:22:59.960433+09:00
2902191,39,부암동 몽유도원,서울특별시 종로구 창의문로11길 10 (부암동),37.5941583152,126.9627134395,11,110,FD,FD05,FD050100,2026-06-05T08:42:51+09:00,2026-08-02T04:22:59.960433+09:00
809190,12,북악산,서울특별시 종로구 청운동,37.5931538442,126.9737151476,11,110,NA,NA01,NA010100,2025-12-31T09:08:31+09:00,2026-08-02T04:22:59.960433+09:00
129500,12,북악산 숙정문,서울특별시 종로구 삼청동,37.5955536984,126.9811144048,11,110,HS,HS01,HS010300,2025-03-18T20:59:23+09:00,2026-08-02T04:22:59.960433+09:00
126943,12,북악스카이 팔각정,서울특별시 종로구 북악산로 267 (평창동),37.6020279351,126.9805642714,11,110,VE,VE03,VE030100,2025-04-25T14:37:25+09:00,2026-08-02T04:22:59.960433+09:00
1100498,12,북촌 8경,서울특별시 종로구 계동길 37 (계동),37.579088327,126.9862761098,11,110,HS,HS01,HS010600,2026-06-19T09:32:09+09:00,2026-08-02T04:22:59.960433+09:00
2575836,32,북촌 게스트하우스,서울특별시 종로구 북촌로 20-17 (재동),37.5786279695,126.9856811352,11,110,AC,AC03,AC030200,2024-11-27T14:41:35+09:00,2026-08-02T04:22:59.960433+09:00
4069190,38,북촌 설화수의 집,서울특별시 종로구 북촌로 47 (가회동),37.5810232176939,126.984854716851,11,110,SH,SH05,SH050200,2026-05-29T14:08:29+09:00,2026-08-02T04:22:59.960433+09:00
3025266,14,북촌 한옥청,서울특별시 종로구 북촌로12길 29-1 (가회동),37.58272062725365,126.98565299661571,11,110,VE,VE12,VE120300,2026-04-28T16:23:00+09:00,2026-08-02T04:22:59.960433+09:00
4027246,38,북촌광,서울특별시 종로구 북촌로11라길 4 (가회동),37.5830275347706,126.983273828083,11,110,SH,SH04,SH040300,2026-03-27T09:21:50+09:00,2026-08-02T04:22:59.960433+09:00
2907171,39,북촌김치재,서울특별시 종로구 북촌로2길 8,37.5778290190885,126.986184262613,11,110,FD,FD01,FD010100,2026-04-10T13:02:25+09:00,2026-08-02T04:22:59.960433+09:00
3438381,32,북촌다락방,서울특별시 종로구 북촌로11가길 27 (가회동),37.5827802333,126.983925622,11,110,AC,AC03,AC030200,2024-12-18T15:25:20+09:00,2026-08-02T04:22:59.960433+09:00
3060968,14,북촌동양문화박물관,서울특별시 종로구 북촌로11길 76 (삼청동),37.58398242590823,126.98338084363166,11,110,VE,VE07,VE070100,2026-04-07T14:09:59+09:00,2026-08-02T04:22:59.960433+09:00
130903,12,북촌문화센터,서울특별시 종로구 계동길 37 (계동),37.5790529392,126.9867060298,11,110,VE,VE12,VE120300,2025-04-03T10:06:30+09:00,2026-08-02T04:22:59.960433+09:00
2445728,14,북촌박물관,서울특별시 종로구 북촌로 39 (가회동),37.58038445176181,126.98485160817532,11,110,VE,VE07,VE070100,2026-02-06T14:10:03+09:00,2026-08-02T04:22:59.960433+09:00
3072219,32,북촌빈관 by 락고재,서울특별시 종로구 북촌로11가길 10 (가회동) 3층 북촌빈관 by 락고재,37.5823469553,126.9842200518,11,110,AC,AC03,AC030200,2024-12-05T12:38:48+09:00,2026-08-02T04:22:59.960433+09:00
231971,14,북촌생활사박물관,서울특별시 종로구 북촌로5나길 90 (삼청동),37.584486719,126.9829320332,11,110,VE,VE07,VE070100,2026-06-18T13:17:54+09:00,2026-08-02T04:22:59.960433+09:00
3307593,38,북촌약국,서울특별시 종로구 율곡로3길 71 (소격동) 1층,37.578760425669,126.982029034848,11,110,SH,SH04,SH040300,2026-03-27T09:21:50+09:00,2026-08-02T04:22:59.960433+09:00
2753551,15,북촌의 날,서울특별시 종로구 계동길 37 북촌문화센터,37.5791307002,126.986289399,11,110,EV,EV01,EV010400,2025-09-18T17:19:57+09:00,2026-08-02T04:22:59.960433+09:00
3056278,12,북촌전망대,서울특별시 종로구 북촌로11다길 22-3 (삼청동) 3층,37.58307943989928,126.9827849420813,11,110,VE,VE01,VE010200,2026-04-01T09:46:25+09:00,2026-08-02T04:22:59.960433+09:00
2993183,12,북촌전통공예체험관,서울특별시 종로구 북촌로12길 24-5 (가회동),37.5824719752,126.9861254303,11,110,EX,EX02,EX020400,2025-09-18T15:09:28+09:00,2026-08-02T04:22:59.960433+09:00
3085314,12,북촌전통발효공방 빚담,서울특별시 종로구 북촌로12길 5-12 (가회동),37.58234945091659,126.98550113350133,11,110,EX,EX01,EX010100,2026-04-06T09:42:39+09:00,2026-08-02T04:22:59.960433+09:00
126537,12,북촌한옥마을,서울특별시 종로구 계동길 37 (계동),37.5790529392,126.9867060298,11,110,HS,HS01,HS010600,2025-11-21T16:39:55+09:00,2026-08-02T04:22:59.960433+09:00
2946075,12,북촌한옥마을 감고당길,서울특별시 종로구 송현동 34-2,37.5779529898,126.9824147854,11,110,VE,VE04,VE040100,2025-11-18T09:22:01+09:00,2026-08-02T04:22:59.960433+09:00
3562387,14,북한인권전시실,서울특별시 종로구 삼일대로 393 (관철동) B1층,37.56967441423549,126.98739060429969,11,110,VE,VE07,VE070300,2026-04-27T17:16:14+09:00,2026-08-02T04:22:59.960433+09:00
3013284,14,불교중앙박물관,서울특별시 종로구 우정국로 55 (견지동),37.5745,126.982,11,110,VE,VE07,VE070100,2026-04-30T10:30:48+09:00,2026-08-02T04:22:59.960433+09:00
2827829,39,비건카페 달냥,서울특별시 종로구 명륜1가 31-20 2층,37.58952424635876,126.99911149647701,11,110,FD,FD05,FD050100,2026-03-12T17:54:10+09:00,2026-08-02T04:22:59.960433+09:00
3044038,12,비우당,서울특별시 종로구 창신동 9-471,37.581068,127.013044,11,110,HS,HS01,HS011200,2026-04-09T13:38:33+09:00,2026-08-02T04:22:59.960433+09:00
2924527,39,빠리가옥,서울특별시 종로구 수표로28길 33-4,37.5733157539792,126.990242328886,11,110,FD,FD02,FD020300,2026-03-18T10:10:05+09:00,2026-08-02T04:22:59.960433+09:00
2818750,39,뼈탄집,서울특별시 종로구 자하문로1길 13 (내자동) (내자동),37.5764202233299,126.971667142925,11,110,FD,FD01,FD010100,2026-02-20T15:43:26+09:00,2026-08-02T04:22:59.960433+09:00
836044,39,뽐모도로,서울특별시 종로구 새문안로9길 19-1,37.5711258838,126.9756378181,11,110,FD,FD02,FD020300,2024-09-30T17:23:47+09:00,2026-08-02T04:22:59.960433+09:00
232205,39,뿌자,서울특별시 종로구 종로 327,37.5726857043961,127.013951145071,11,110,FD,FD02,FD020400,2026-02-06T09:24:12+09:00,2026-08-02T04:22:59.960433+09:00
1887241,39,사랑채,서울특별시 종로구 인사동16길 6,37.5749598890072,126.984220647237,11,110,FD,FD01,FD010100,2026-02-20T10:18:51+09:00,2026-08-02T04:22:59.960433+09:00
3438402,32,사사로이,서울특별시 종로구 율곡로1길 40-59 (사간동),37.5781612808,126.9814037605,11,110,AC,AC03,AC030200,2024-12-18T15:26:06+09:00,2026-08-02T04:22:59.960433+09:00
3447411,39,사월의물고기,서울특별시 종로구 인사동길 62-5 (관훈동) 충훈빌딩 1층,37.5754764753901,126.983856931171,11,110,FD,FD05,FD050100,2026-04-27T17:44:49+09:00,2026-08-02T04:22:59.960433+09:00
3438287,32,사적인,서울특별시 종로구 율곡로4길 11-8 (견지동),37.5749311166,126.9823065475,11,110,AC,AC03,AC030200,2024-12-18T15:20:46+09:00,2026-08-02T04:22:59.960433+09:00
127942,12,사직공원(서울),서울특별시 종로구 사직로 89 (사직동),37.5758446558,126.9687216489,11,110,VE,VE03,VE030100,2025-12-24T09:37:03+09:00,2026-08-02T04:22:59.960433+09:00
2992891,12,사직단,서울특별시 종로구 사직로 89,37.5759365117,126.9672637899,11,110,HS,HS01,HS010700,2026-07-21T14:49:52+09:00,2026-08-02T04:22:59.960433+09:00
1316965,39,사찰음식 전문점 발우공양,서울특별시 종로구 우정국로 56,37.5739312489,126.9831814961,11,110,FD,FD01,FD010100,2025-10-28T13:37:59+09:00,2026-08-02T04:22:59.960433+09:00
4076764,39,산1-1,서울특별시 종로구 낙산성곽서1길 25 (이화동),37.5780743402,127.0079120789,11,110,FD,FD05,FD050100,2026-06-18T09:38:12+09:00,2026-08-02T04:22:59.960433+09:00
2638477,12,산마루 놀이터,서울특별시 종로구 창신6가길 39 (창신동),37.57569326491641,127.012346723113,11,110,VE,VE02,VE020100,2026-01-21T11:18:21+09:00,2026-08-02T04:22:59.960433+09:00
2836148,39,산모퉁이,서울특별시 종로구 백석동길 153,37.5954756933,126.967982271,11,110,FD,FD05,FD050100,2025-09-03T15:31:02+09:00,2026-08-02T04:22:59.960433+09:00
402970,39,산촌,서울특별시 종로구 인사동길 30-13 (관훈동),37.573853536,126.9863034359,11,110,FD,FD02,FD020500,2024-09-30T11:21:53+09:00,2026-08-02T04:22:59.960433+09:00
4004921,39,삼봉도담,서울특별시 종로구 우정국로 45-5 (견지동) 1층,37.5729544923847,126.982530999773,11,110,FD,FD01,FD010100,2026-03-19T16:00:41+09:00,2026-08-02T04:22:59.960433+09:00
130931,14,삼성출판박물관,서울특별시 종로구 비봉길 2-2 (구기동),37.6087517327,126.9571134414,11,110,VE,VE07,VE070100,2025-09-18T14:58:00+09:00,2026-08-02T04:22:59.960433+09:00
3094094,39,삼일 금룡,서울특별시 종로구 청계천로 85 (관철동),37.568651025611516,126.9871663363129,11,110,FD,FD01,FD010100,2026-04-14T11:14:18+09:00,2026-08-02T04:22:59.960433+09:00
126488,12,삼청공원,서울특별시 종로구 삼청로 156 (삼청동),37.5889267212,126.982819993,11,110,VE,VE03,VE030100,2025-11-03T15:26:19+09:00,2026-08-02T04:22:59.960433+09:00
2588198,32,삼청동 코리아 게스트하우스,서울특별시 종로구 삼청로4길 12-1 (화동),37.5821136107,126.982025814,11,110,AC,AC06,AC060200,2024-11-26T15:38:35+09:00,2026-08-02T04:22:59.960433+09:00
250147,12,삼청동거리,서울특별시 종로구 삼청로 156 (삼청동),37.58887435662737,126.98280518277133,11,110,VE,VE04,VE040100,2026-03-09T15:40:33+09:00,2026-08-02T04:22:59.960433+09:00
402994,39,삼청동수제비,서울특별시 종로구 삼청로 101-1,37.5846049848,126.9819035323,11,110,FD,FD01,FD010100,2025-07-22T17:32:53+09:00,2026-08-02T04:22:59.960433+09:00
834631,39,삼해집,서울특별시 종로구 수표로20길 16-15 (관수동),37.5699901802,126.9909920073,11,110,FD,FD01,FD010100,2025-07-22T17:44:00+09:00,2026-08-02T04:22:59.960433+09:00
130932,14,상명대학교 박물관,서울특별시 종로구 평창문화로 151 (평창동) B동,37.61040054901264,126.9763077191245,11,110,VE,VE07,VE070100,2026-03-11T10:03:40+09:00,2026-08-02T04:22:59.960433+09:00
3013285,14,상명아트센터,서울특별시 종로구 홍지문2길 20 (홍지동),37.603,126.9565,11,110,VE,VE06,VE060100,2026-05-14T16:44:40+09:00,2026-08-02T04:22:59.960433+09:00
130498,14,상원미술관,서울특별시 종로구 평창31길 27,37.6115719511567,126.976542572798,11,110,VE,VE07,VE070600,2026-03-04T10:04:26+09:00,2026-08-02T04:22:59.960433+09:00
2993396,12,상촌재,서울특별시 종로구 자하문로17길 12-11 (옥인동) 상촌재,37.5819273005,126.9697547156,11,110,EX,EX01,EX010100,2025-11-06T11:18:23+09:00,2026-08-02T04:22:59.960433+09:00
4012715,38,새농안국지점,서울특별시 종로구 율곡로 39 (안국동),37.5760430167042,126.983827375694,11,110,SH,SH04,SH040300,2026-03-18T10:10:05+09:00,2026-08-02T04:22:59.960433+09:00
4025835,38,새명성약국,서울특별시 종로구 새문안로 85 (신문로1가) 1층,37.5703990763733,126.974115249376,11,110,SH,SH04,SH040300,2026-03-27T09:21:50+09:00,2026-08-02T04:22:59.960433+09:00
2894091,38,새미쥬얼리,서울특별시 종로구 종로 121-1 (종로3가) 1층,37.5706462815008,126.991001795527,11,110,SH,SH04,SH040300,2026-03-17T10:12:58+09:00,2026-08-02T04:22:59.960433+09:00
2455084,12,생명보험교육문화센터,서울특별시 종로구 새문안로5길 31 (도렴동) 3층,37.5730284176,126.9743656585,11,110,EX,EX06,EX061000,2025-04-10T14:26:15+09:00,2026-08-02T04:22:59.960433+09:00
3094138,39,샤오바오우육면 종로본점,서울특별시 종로구 삼일대로17길 15 (관철동),37.5691374236,126.9866396503,11,110,FD,FD01,FD010100,2025-10-23T14:30:00+09:00,2026-08-02T04:22:59.960433+09:00
2902898,39,서린낙지,서울특별시 종로구 종로 19 (종로1가),37.5708445236,126.9799236559,11,110,FD,FD01,FD010100,2026-06-05T08:42:51+09:00,2026-08-02T04:22:59.960433+09:00
3019162,12,서순라길,서울특별시 종로구 종로 150-3 (종로3가),37.5704207437,126.9942167014,11,110,VE,VE04,VE040100,2025-01-09T10:06:04+09:00,2026-08-02T04:22:59.960433+09:00
945824,12,서울 경교장,서울특별시 종로구 새문안로 29 (평동),37.5681816549,126.9686079871,11,110,HS,HS01,HS011100,2025-07-22T13:32:45+09:00,2026-08-02T04:22:59.960433+09:00
231938,12,서울 경모궁지,서울특별시 종로구 창경궁로 202-1 (연건동),37.580402,126.999009,11,110,HS,HS01,HS010400,2026-03-04T10:04:26+09:00,2026-08-02T04:22:59.960433+09:00
250338,12,서울 관상감 관천대,서울특별시 종로구 원서동,37.5777762178,126.9880090992,11,110,HS,HS01,HS011200,2026-07-28T16:45:06+09:00,2026-08-02T04:22:59.960433+09:00
126522,12,서울 동관왕묘,서울특별시 종로구 난계로27길 84,37.5727080049,127.0184229305,11,110,HS,HS01,HS010800,2026-07-27T13:14:42+09:00,2026-08-02T04:22:59.960433+09:00
704507,12,서울 동대문 닭한마리 골목,서울특별시 종로구 종로40가길 14,37.5703487391,127.0058684191,11,110,VE,VE04,VE040100,2025-08-06T15:00:56+09:00,2026-08-02T04:22:59.960433+09:00
126517,12,서울 문묘와 성균관,서울특별시 종로구 성균관로 31 (명륜3가),37.5854861328543,126.996705105892,11,110,HS,HS01,HS010800,2026-03-05T15:24:18+09:00,2026-08-02T04:22:59.960433+09:00
250358,12,서울 우정총국,서울특별시 종로구 우정국로 59 (견지동),37.5744228499,126.9827287456,11,110,HS,HS01,HS011100,2025-03-13T17:43:16+09:00,2026-08-02T04:22:59.960433+09:00
127454,12,서울 운현궁,서울특별시 종로구 삼일대로 464,37.5764588036,126.9871421746,11,110,HS,HS01,HS010100,2025-12-02T16:24:16+09:00,2026-08-02T04:22:59.960433+09:00
2729458,39,서울 원조할머니 기름떡볶이,서울특별시 종로구 자하문로15길 13 (통인동),37.580660576615,126.970222542239,11,110,FD,FD03,FD030400,2026-02-24T14:31:23+09:00,2026-08-02T04:22:59.960433+09:00
735749,12,서울 종로 낙지볶음 골목,서울특별시 종로구 종로 19 (종로1가),37.5708982096,126.9799374337,11,110,VE,VE04,VE040100,2025-03-19T18:42:49+09:00,2026-08-02T04:22:59.960433+09:00
1101088,28,서울 한양도성 순성길,서울특별시 종로구 누상동 산1-29번지,37.5818,126.9583,11,110,LS,LS01,LS011900,2026-06-05T10:54:20+09:00,2026-08-02T04:22:59.960433+09:00
2738571,14,서울공예박물관,서울특별시 종로구 율곡로3길 4 (안국동),37.5767003779,126.9835480508,11,110,VE,VE07,VE070100,2025-04-02T14:44:56+09:00,2026-08-02T04:22:59.960433+09:00
130678,14,서울교육박물관,서울특별시 종로구 북촌로5길 48 (화동),37.579681993742966,126.98236468630189,11,110,VE,VE07,VE070100,2026-03-12T13:42:09+09:00,2026-08-02T04:22:59.960433+09:00
1018469,15,서울국제작가축제,서울특별시 종로구 인사동9길 26 (견지동),37.5734199329,126.9836265705,11,110,EV,EV03,EV030400,2026-06-15T16:51:04+09:00,2026-08-02T04:22:59.960433+09:00
130934,14,서울대학교 치의학박물관,서울특별시 종로구 대학로 101 (연건동) 서울대학교 치의학대학원 본관 1층,37.58020179433419,127.00190044239568,11,110,VE,VE07,VE070100,2026-03-11T10:03:40+09:00,2026-08-02T04:22:59.960433+09:00
130275,14,서울대학교병원 의학박물관,서울특별시 종로구 대학로 101 (연건동),37.5804523853297,126.997196437908,11,110,VE,VE07,VE070100,2026-03-12T09:08:40+09:00,2026-08-02T04:22:59.960433+09:00
2469662,14,서울돈화문국악당,서울특별시 종로구 율곡로 102 (와룡동),37.57729946839992,126.99064308638421,11,110,VE,VE06,VE060100,2026-03-19T17:28:37+09:00,2026-08-02T04:22:59.960433+09:00
3073454,15,서울라이트 광화문,서울특별시 종로구 세종로 1-68 5호선 광화문역 광화문광장 일대,37.5716786179,126.9767821434,11,110,EV,EV01,EV010200,2025-12-11T18:00:28+09:00,2026-08-02T04:22:59.960433+09:00
3013269,14,서울생활문화센터 체부,서울특별시 종로구 체부동 187 성결교회,37.57670972194536,126.97149331292268,11,110,VE,VE12,VE120300,2026-04-30T09:58:24+09:00,2026-08-02T04:22:59.960433+09:00
398350,39,서울서둘째로잘하는집,서울특별시 종로구 삼청로 122-1 (삼청동),37.5863103414,126.9818479335,11,110,FD,FD05,FD050100,2024-09-20T17:37:34+09:00,2026-08-02T04:22:59.960433+09:00
2998547,14,서울시립 미술아카이브,서울특별시 종로구 평창문화로 101 (평창동),37.6078959761,126.9722323325,11,110,VE,VE07,VE070600,2026-06-23T15:49:01+09:00,2026-08-02T04:22:59.960433+09:00
3081204,14,서울시립 백남준을 기억하는 집,서울특별시 종로구 종로53길 12-1 (창신동),37.5730655862631,127.01377556114565,11,110,VE,VE07,VE070200,2026-04-06T09:42:39+09:00,2026-08-02T04:22:59.960433+09:00
3509884,15,서울썸머비치,서울특별시 종로구 세종대로 175 (세종로),37.5718478585,126.9761682759,11,110,EV,EV01,EV010600,2026-07-21T16:31:21+09:00,2026-08-02T04:22:59.960433+09:00
3529694,32,서울아리,"서울특별시 종로구 율곡로10길 15-8 (권농동) 1,2층",37.5767227374,126.9913445622,11,110,AC,AC03,AC030200,2025-09-03T15:03:39+09:00,2026-08-02T04:22:59.960433+09:00
3386142,14,서울아트센터 도암홀·도암갤러리,서울특별시 종로구 평창문화로 70 (평창동),37.60619324835167,126.96893835014639,11,110,VE,VE06,VE060100,2026-04-14T11:03:52+09:00,2026-08-02T04:22:59.960433+09:00
130361,14,서울역사박물관,서울특별시 종로구 새문안로 55 (신문로2가),37.5698981615,126.9707771853,11,110,VE,VE07,VE070100,2025-12-15T09:28:05+09:00,2026-08-02T04:22:59.960433+09:00
2678273,14,서울우리소리박물관,서울특별시 종로구 율곡로 96 (와룡동),37.5771703420385,126.98960117337572,11,110,VE,VE07,VE070100,2026-03-11T10:03:40+09:00,2026-08-02T04:22:59.960433+09:00
2778436,39,서울원조아구찜,서울특별시 종로구 삼일대로 436-1 (낙원동) 1층,37.5736024516612,126.988019050876,11,110,FD,FD01,FD010100,2026-04-14T09:19:50+09:00,2026-08-02T04:22:59.960433+09:00
2569150,32,서울이야기 한옥(서울이야기한옥게스트하우스),서울특별시 종로구 율곡로5길 3-19 (안국동),37.577005917,126.9846035015,11,110,AC,AC03,AC030200,2024-11-25T14:15:49+09:00,2026-08-02T04:22:59.960433+09:00
130778,14,서울특별시교육청 어린이도서관,서울특별시 종로구 사직로 89 (사직동),37.5758446558,126.9687216489,11,110,VE,VE09,VE090300,2025-08-05T16:25:46+09:00,2026-08-02T04:22:59.960433+09:00
1019294,14,서울특별시교육청 정독도서관,서울특별시 종로구 북촌로5길 48,37.5797611278,126.9832368815,11,110,VE,VE09,VE090300,2025-12-11T09:15:24+09:00,2026-08-02T04:22:59.960433+09:00
130759,14,서울특별시교육청 종로도서관,서울특별시 종로구 사직로9길 15-14 (사직동),37.5764475670628,126.96646902662783,11,110,VE,VE09,VE090300,2026-03-19T09:49:59+09:00,2026-08-02T04:22:59.960433+09:00
2723499,28,서울한양도성 백악구간,서울특별시 종로구 창의문로 118 (부암동) 창의문~혜화문,37.5926044932,126.9664956513,11,110,LS,LS01,LS011900,2026-06-19T09:32:09+09:00,2026-08-02T04:22:59.960433+09:00
2804401,32,서울한옥스테이(jnpstay),서울특별시 종로구 자하문로1나길 7-28 (체부동),37.5769584543,126.9708991967,11,110,AC,AC03,AC030200,2024-10-31T10:22:44+09:00,2026-08-02T04:22:59.960433+09:00
3533019,32,서유니스테이,서울특별시 종로구 성균관로14길 63 (명륜1가),37.586741137,126.9980047819,11,110,AC,AC06,AC060200,2025-09-22T12:32:16+09:00,2026-08-02T04:22:59.960433+09:00
2438221,39,서촌돌솥,서울특별시 종로구 자하문로 33-1,37.5788369583244,126.971188474872,11,110,FD,FD01,FD010100,2026-02-11T08:10:09+09:00,2026-08-02T04:22:59.960433+09:00
3097714,14,서촌라운지,서울특별시 종로구 필운대로 27-4 (누하동),37.5784950496,126.9688715852,11,110,VE,VE07,VE070300,2026-07-20T16:12:33+09:00,2026-08-02T04:22:59.960433+09:00
2037020,12,서촌마을,서울특별시 종로구 필운대로 45 (누하동),37.58019343681578,126.96850792378918,11,110,VE,VE04,VE040200,2026-03-11T10:03:40+09:00,2026-08-02T04:22:59.960433+09:00
3045027,12,석정보름우물,서울특별시 종로구 계동길 112 (계동),37.5822,126.9869,11,110,HS,HS01,HS011000,2026-04-09T13:07:40+09:00,2026-08-02T04:22:59.960433+09:00
133769,39,석파랑,서울특별시 종로구 자하문로 309 (홍지동),37.5993084164,126.9587635581,11,110,FD,FD01,FD010100,2025-09-22T13:26:36+09:00,2026-08-02T04:22:59.960433+09:00
3449598,12,석파정,서울특별시 종로구 창의문로11길 4-1 (부암동),37.5948701151,126.96277443,11,110,HS,HS04,HS040400,2025-01-07T10:04:57+09:00,2026-08-02T04:22:59.960433+09:00
2783512,14,석파정 서울미술관,서울특별시 종로구 창의문로11길 4-1 (부암동),37.5948701151,126.96277443,11,110,VE,VE07,VE070600,2025-03-14T17:07:43+09:00,2026-08-02T04:22:59.960433+09:00
2774283,12,선바위(선암),서울특별시 종로구 통일로18가길 26 (무악동),37.5789968923,126.9589696707,11,110,NA,NA03,NA030300,2025-11-03T15:14:18+09:00,2026-08-02T04:22:59.960433+09:00
3102210,32,선음재,서울특별시 종로구 북촌로 94-14 (가회동) 선음재,37.5850966614,126.9856309563,11,110,AC,AC03,AC030200,2024-12-05T12:42:30+09:00,2026-08-02T04:22:59.960433+09:00
129905,14,선화랑,서울특별시 종로구 인사동5길 8 (인사동),37.572922632247185,126.98572188594436,11,110,VE,VE07,VE070600,2026-03-18T10:10:05+09:00,2026-08-02T04:22:59.960433+09:00
1321191,39,설가온,서울특별시 종로구 세종대로 175 (세종로) 서울 종로구 세종대로 175 세종문화회관 지하1층 설가온,37.572009887762306,126.9763070647184,11,110,FD,FD01,FD010100,2026-03-13T16:24:55+09:00,2026-08-02T04:22:59.960433+09:00
4012700,38,설화수의 집 북촌,서울특별시 종로구 북촌로 47 (가회동),37.5810232176939,126.984854716851,11,110,SH,SH04,SH040300,2026-03-27T09:21:50+09:00,2026-08-02T04:22:59.960433+09:00
130154,14,성곡미술관,서울특별시 종로구 경희궁길 42 (신문로2가),37.5735105142,126.9697036474,11,110,VE,VE07,VE070600,2026-07-16T10:20:06+09:00,2026-08-02T04:22:59.960433+09:00
3418283,12,성균관 명륜당,서울특별시 종로구 명륜3가,37.5861522755,126.9957161181,11,110,HS,HS01,HS011200,2025-03-11T17:55:13+09:00,2026-08-02T04:22:59.960433+09:00
129838,14,성균관대학교 인문사회과학캠퍼스박물관,서울특별시 종로구 성균관로 25-2 (명륜3가),37.5849607702,126.9969632609,11,110,VE,VE07,VE070100,2025-10-28T09:58:54+09:00,2026-08-02T04:22:59.960433+09:00
126494,12,세검정 터,서울특별시 종로구 세검정로 244 (신영동),37.6009471313,126.9597189808,11,110,HS,HS01,HS011200,2025-03-12T16:40:23+09:00,2026-08-02T04:22:59.960433+09:00
130688,14,세계장신구박물관,서울특별시 종로구 북촌로5나길 2 (화동),37.5810303992,126.9818203079,11,110,VE,VE07,VE070100,2025-11-26T16:50:31+09:00,2026-08-02T04:22:59.960433+09:00
2553876,12,세운상가,서울특별시 종로구 청계천로 159 (장사동),37.5693347773,126.9952555258,11,110,EX,EX06,EX061000,2025-12-16T16:34:27+09:00,2026-08-02T04:22:59.960433+09:00
132231,38,세운전자상가,서울특별시 종로구 청계천로 159 (장사동),37.5693347773,126.9952555258,11,110,SH,SH05,SH050200,2025-11-27T17:01:39+09:00,2026-08-02T04:22:59.960433+09:00
2903380,38,세인트제임스 부티크 삼청,서울특별시 종로구 삼청로 78 (화동),37.582325005708,126.981887000155,11,110,SH,SH04,SH040300,2026-03-19T09:49:59+09:00,2026-08-02T04:22:59.960433+09:00
1364932,12,세종대왕 동상,서울특별시 종로구 세종로 1-68,37.5729534722,126.9769154284,11,110,VE,VE01,VE010500,2025-12-31T09:14:46+09:00,2026-08-02T04:22:59.960433+09:00
1604697,12,세종로공원,서울특별시 종로구 세종대로 지하189 (세종로),37.5734839492,126.9759766097,11,110,VE,VE03,VE030100,2025-11-03T15:17:07+09:00,2026-08-02T04:22:59.960433+09:00
2992822,12,세종마을 음식문화거리,서울특별시 종로구 자하문로1길 24 (체부동),37.576569614,126.9710825243,11,110,VE,VE04,VE040100,2025-09-10T19:05:27+09:00,2026-08-02T04:22:59.960433+09:00
129735,14,세종문화회관,서울특별시 종로구 세종대로 175 (세종로),37.5720618985,126.9763210635,11,110,VE,VE06,VE060100,2025-11-21T14:27:04+09:00,2026-08-02T04:22:59.960433+09:00
815197,14,세종이야기 충무공이야기,서울특별시 종로구 세종대로 지하175 (세종로),37.5722341099,126.9768376784,11,110,VE,VE07,VE070300,2025-10-23T14:30:00+09:00,2026-08-02T04:22:59.960433+09:00
130640,14,세화미술관,서울특별시 종로구 새문안로 68 (신문로1가) 3층,37.56964809934034,126.97212884937225,11,110,VE,VE07,VE070600,2026-03-18T10:10:05+09:00,2026-08-02T04:22:59.960433+09:00
319578,12,소림사(서울),서울특별시 종로구 세검정로 241-3 (홍지동),37.601261829386665,126.95890462399446,11,110,HS,HS03,HS030100,2026-03-05T09:58:51+09:00,2026-08-02T04:22:59.960433+09:00
402996,39,소선재,서울특별시 종로구 삼청로 113-1 (삼청동),37.5855937574,126.981806291,11,110,FD,FD02,FD020500,2025-03-11T10:50:55+09:00,2026-08-02T04:22:59.960433+09:00
2583699,32,소소하우스,서울특별시 종로구 필운대로5가길 16-5 (누하동),37.5803330123,126.9681632393,11,110,AC,AC03,AC030200,2024-12-13T13:26:28+09:00,2026-08-02T04:22:59.960433+09:00
1922694,39,소소한 풍경,서울특별시 종로구 자하문로40길 75 (부암동),37.5936017299754,126.965977450872,11,110,FD,FD01,FD010100,2026-03-13T16:40:51+09:00,2026-08-02T04:22:59.960433+09:00
2815711,39,소울,서울특별시 종로구 자하문로 50,37.5804506539261,126.971382854295,11,110,FD,FD05,FD050100,2026-02-26T17:30:06+09:00,2026-08-02T04:22:59.960433+09:00
3438735,32,소월담,서울특별시 종로구 북촌로 20-25 (재동),37.5788251735,126.9858977767,11,110,AC,AC03,AC030200,2024-12-18T15:16:25+09:00,2026-08-02T04:22:59.960433+09:00
3438724,32,소월정,서울특별시 종로구 창덕궁길 172-2 (가회동),37.5832774441,126.9864920406,11,110,AC,AC03,AC030200,2024-12-18T15:17:17+09:00,2026-08-02T04:22:59.960433+09:00
2946109,38,손놀림공방,서울특별시 종로구 낙산성곽서1길 19-1 (이화동),37.5779590034,127.0079541244,11,110,SH,SH05,SH050100,2025-10-30T14:40:37+09:00,2026-08-02T04:22:59.960433+09:00
3028115,38,손뜨개 디자인 스튜디오 단주,서울특별시 종로구 삼청로 65-4 (팔판동),37.581677756615,126.980900392008,11,110,SH,SH05,SH050100,2026-04-20T16:49:15+09:00,2026-08-02T04:22:59.960433+09:00
3506591,39,손정보쌈,서울특별시 종로구 삼일대로15길 24 (관철동),37.568929581837445,126.98618156376625,11,110,FD,FD01,FD010100,2026-04-27T10:36:38+09:00,2026-08-02T04:22:59.960433+09:00
2834225,39,솔나무길된장예술,서울특별시 종로구 대학로11길 9-2,37.5821287648058,127.001107683695,11,110,FD,FD01,FD010100,2026-03-12T17:56:01+09:00,2026-08-02T04:22:59.960433+09:00
2601364,15,수라간 시식공감,서울특별시 종로구 사직로 161 (세종로) 경복궁,37.576030700049394,126.97672186606306,11,110,EV,EV01,EV010400,2026-04-27T10:36:38+09:00,2026-08-02T04:22:59.960433+09:00
2733962,12,수성동계곡,서울특별시 종로구 옥인동 185-3 (옥인동),37.5822799198,126.9631997475,11,110,NA,NA01,NA010400,2025-03-14T09:33:36+09:00,2026-08-02T04:22:59.960433+09:00
2739467,14,수애뇨339,서울특별시 종로구 평창길 339 (평창동),37.6126127832,126.9787558031,11,110,VE,VE07,VE070300,2025-09-18T15:31:10+09:00,2026-08-02T04:22:59.960433+09:00
2931599,38,수정공방,서울특별시 종로구 인사동길 17 (인사동),37.5722996312671,126.986518016376,11,110,SH,SH04,SH040300,2026-03-27T09:21:50+09:00,2026-08-02T04:22:59.960433+09:00
2864267,39,순대실록 대학로본점,서울특별시 종로구 동숭길 113 (동숭동),37.5830222248,127.0035932668,11,110,FD,FD01,FD010100,2025-09-02T14:20:33+09:00,2026-08-02T04:22:59.960433+09:00
1968826,39,순라길 예 & 비비,서울특별시 종로구 서순라길 55,37.5729509832,126.9929917413,11,110,FD,FD05,FD050100,2025-08-12T11:36:29+09:00,2026-08-02T04:22:59.960433+09:00
1998192,39,순희네빈대떡,서울특별시 종로구 종로32길 5 (종로5가),37.5706736091,127.0007355441,11,110,FD,FD01,FD010100,2025-03-11T13:48:58+09:00,2026-08-02T04:22:59.960433+09:00
2604078,32,숨바꼭질(Hide & Seek)(Hide & Seek (숨바꼭질) 게스트하우스),서울특별시 종로구 자하문로6길 14 (통의동),37.5808302228,126.9707129929,11,110,AC,AC06,AC060200,2025-10-23T14:30:00+09:00,2026-08-02T04:22:59.960433+09:00
1604733,12,숭인근린공원,서울특별시 종로구 숭인동 58-70,37.5772537086,127.0179143478,11,110,VE,VE03,VE030400,2025-03-14T10:05:25+09:00,2026-08-02T04:22:59.960433+09:00
4012694,38,슈마커플러스 대학로점,서울특별시 종로구 대명길 9 (명륜4가) 1층,37.583376138945,127.000958936342,11,110,SH,SH04,SH040300,2026-03-27T09:21:50+09:00,2026-08-02T04:22:59.960433+09:00
1947036,39,스미스가 좋아하는 한옥,서울특별시 종로구 삼청로 22-7,37.5780307157,126.980048332,11,110,FD,FD01,FD010100,2025-10-28T17:35:43+09:00,2026-08-02T04:22:59.960433+09:00
2783352,39,스태픽스,서울특별시 종로구 사직로9길 22 (필운동),37.5774250096,126.9677078075,11,110,FD,FD05,FD050100,2025-11-19T16:14:25+09:00,2026-08-02T04:22:59.960433+09:00
2707439,32,스테이 데이 오프,서울특별시 종로구 자하문로1다길 6 (체부동),37.5773111969,126.9712158243,11,110,AC,AC03,AC030200,2025-01-21T14:12:39+09:00,2026-08-02T04:22:59.960433+09:00
3438126,32,스테이 어플로트,서울특별시 종로구 효자로7길 22-11 (통의동),37.5787221716,126.9727823081,11,110,AC,AC03,AC030200,2024-12-12T16:09:22+09:00,2026-08-02T04:22:59.960433+09:00
3532759,32,스테이 희와,서울특별시 종로구 혜화로11가길 16-3 (명륜1가),37.5892547343,126.9980380409,11,110,AC,AC03,AC030200,2025-10-23T14:30:00+09:00,2026-08-02T04:22:59.960433+09:00
3438359,32,스테이모일,서울특별시 종로구 율곡로10길 19 (권농동),37.5766644064,126.9911084737,11,110,AC,AC03,AC030200,2024-12-18T15:23:51+09:00,2026-08-02T04:22:59.960433+09:00
3533140,32,스테이별빛숭인,서울특별시 종로구 종로65가길 19 (숭인동) 101호,37.5751150931,127.0193059481,11,110,AC,AC06,AC060200,2025-09-22T12:51:15+09:00,2026-08-02T04:22:59.960433+09:00
3533020,32,스테이영에버,서울특별시 종로구 창신8길 17 (창신동) 1층,37.5773257918,127.0106427863,11,110,AC,AC06,AC060200,2025-09-22T12:32:35+09:00,2026-08-02T04:22:59.960433+09:00
3438035,32,스테이청운,서울특별시 종로구 자하문로 131-21 (청운동),37.5877210442,126.9682352457,11,110,AC,AC06,AC060200,2025-10-23T14:30:00+09:00,2026-08-02T04:22:59.960433+09:00
3533110,32,스테이코멧,서울특별시 종로구 창신8길 17 (창신동) 2층,37.5773257918,127.0106427863,11,110,AC,AC06,AC060200,2025-09-22T12:34:30+09:00,2026-08-02T04:22:59.960433+09:00
4025881,38,스튜디오 흐린,서울특별시 종로구 자하문로1가길 15 (체부동),37.5772240491528,126.971871062534,11,110,SH,SH04,SH040300,2026-03-27T09:21:50+09:00,2026-08-02T04:22:59.960433+09:00
2902217,39,슬로우파크,서울특별시 종로구 삼청로 141 (삼청동),37.5879107012,126.9814899672,11,110,FD,FD02,FD020300,2026-06-18T14:23:01+09:00,2026-08-02T04:22:59.960433+09:00
126505,12,승가사(서울),서울특별시 종로구 비봉4길 213 (구기동),37.6267191549,126.9608598127,11,110,HS,HS03,HS030100,2025-07-21T15:13:11+09:00,2026-08-02T04:22:59.960433+09:00
605445,12,승동교회,서울특별시 종로구 인사동길 7-1 (인사동),37.5711992740533,126.98629832966,11,110,HS,HS03,HS030200,2026-06-01T11:16:41+09:00,2026-08-02T04:22:59.960433+09:00
1304880,38,승진완구,서울특별시 종로구 종로52길 30 (창신동),37.5713959893,127.014203741,11,110,SH,SH05,SH050200,2025-12-15T13:20:52+09:00,2026-08-02T04:22:59.960433+09:00
4054315,38,승진완구[면세점(TAX REFUND SHOP)],서울특별시 종로구 종로52길 30 (창신동),37.5713401693665,127.014184200551,11,110,SH,SH04,SH040300,2026-04-01T02:08:22+09:00,2026-08-02T04:22:59.960433+09:00
4012722,38,시민약국,서울특별시 종로구 자하문로 2 (적선동),37.5763462385588,126.972759712192,11,110,SH,SH04,SH040300,2026-03-18T10:10:05+09:00,2026-08-02T04:22:59.960433+09:00
2465890,32,시은재,서울특별시 종로구 삼일대로 439,37.5737035704,126.9872477984,11,110,AC,AC03,AC030200,2024-12-22T17:48:44+09:00,2026-08-02T04:22:59.960433+09:00
130418,14,신문박물관,"서울특별시 종로구 세종대로 152 일민미술관 5, 6층",37.5698760651,126.9776487818,11,110,VE,VE07,VE070100,2025-12-12T10:57:31+09:00,2026-08-02T04:22:59.960433+09:00
1325623,39,신승관,서울특별시 종로구 종로 19 (종로1가) 217호,37.5708982096,126.9799374337,11,110,FD,FD02,FD020100,2025-03-11T10:24:31+09:00,2026-08-02T04:22:59.960433+09:00
4025914,38,신아산약국,서울특별시 종로구 종로 255-2 (종로5가) 1층,37.571336531933,127.006237176601,11,110,SH,SH04,SH040300,2026-03-26T09:20:41+09:00,2026-08-02T04:22:59.960433+09:00
128553,12,쌈지길,서울특별시 종로구 인사동길 44 (관훈동),37.5743062352,126.9848674428,11,110,VE,VE04,VE040100,2025-10-23T14:30:00+09:00,2026-08-02T04:22:59.960433+09:00
4054309,38,쌈지길[면세점(TAX REFUND SHOP)],서울특별시 종로구 인사동길 44 (관훈동),37.5742647725946,126.984876575201,11,110,SH,SH04,SH040300,2026-04-01T02:23:12+09:00,2026-08-02T04:22:59.960433+09:00
3484425,32,아늑호텔 앤 스파 종로운니점,"서울특별시 종로구 돈화문로11가길 89 (운니동, 시티파크)",37.57651640336824,126.98983225519629,11,110,AC,AC04,AC040100,2026-03-09T09:36:31+09:00,2026-08-02T04:22:59.960433+09:00
3072227,32,아담한옥,서울특별시 종로구 필운대로6길 21 (통인동),37.5803885888,126.9696769883,11,110,AC,AC03,AC030200,2024-11-26T16:40:37+09:00,2026-08-02T04:22:59.960433+09:00
2762892,39,아델라베일리,서울특별시 종로구 북악산로 48 (부암동),37.595168080385,126.970184830427,11,110,FD,FD02,FD020300,2026-02-24T12:13:40+09:00,2026-08-02T04:22:59.960433+09:00
4027251,38,아디다스 북촌헤리티지스토어,서울특별시 종로구 북촌로5길 56-8 (소격동),37.5798949801764,126.982180011189,11,110,SH,SH04,SH040300,2026-03-27T09:21:50+09:00,2026-08-02T04:22:59.960433+09:00
2373420,12,아띠인력거,서울특별시 종로구 북촌로5길 43 (화동),37.5793889366,126.982559176,11,110,EX,EX07,EX070200,2025-04-10T14:23:23+09:00,2026-08-02T04:22:59.960433+09:00
130842,14,아라리오 갤러리 서울,서울특별시 종로구 율곡로 85 (원서동),37.577872485460745,126.98850919749744,11,110,VE,VE07,VE070600,2026-02-09T15:36:04+09:00,2026-08-02T04:22:59.960433+09:00
1941440,14,아라리오뮤지엄 인 스페이스,서울특별시 종로구 율곡로 83,37.577707,126.988456,11,110,VE,VE07,VE070600,2026-03-05T09:58:51+09:00,2026-08-02T04:22:59.960433+09:00
130403,14,아르코미술관,서울특별시 종로구 동숭길 3 아르코 미술관,37.579753142,127.0025212349,11,110,VE,VE07,VE070600,2025-08-05T16:17:25+09:00,2026-08-02T04:22:59.960433+09:00
130230,14,아르코예술극장,서울특별시 종로구 대학로8길 7 (동숭동),37.5812640855,127.0029878163,11,110,VE,VE06,VE060100,2025-03-14T17:41:59+09:00,2026-08-02T04:22:59.960433+09:00
130648,14,아름다운 차박물관,서울특별시 종로구 인사동길 19-11,37.5723102415,126.9858427868,11,110,VE,VE07,VE070100,2026-07-13T16:40:51+09:00,2026-08-02T04:22:59.960433+09:00
1060809,39,아리랑,서울특별시 종로구 대학로 60,37.5764822568878,127.002529928525,11,110,FD,FD01,FD010100,2026-02-24T15:21:23+09:00,2026-08-02T04:22:59.960433+09:00
3438249,32,아보헌,서울특별시 종로구 창덕궁길 104 (원서동),37.5821220775,126.9895362401,11,110,AC,AC03,AC030200,2024-12-18T15:19:35+09:00,2026-08-02T04:22:59.960433+09:00
2893955,38,아신,서울특별시 종로구 인사동길 50-1 (관훈동) 1층,37.5745675246433,126.984322501983,11,110,SH,SH04,SH040300,2026-03-17T10:12:58+09:00,2026-08-02T04:22:59.960433+09:00
4027243,38,아크테릭스 종로점,서울특별시 종로구 동호로38길 23 (종로5가),37.5705242159194,127.003548699871,11,110,SH,SH04,SH040300,2026-03-27T09:21:50+09:00,2026-08-02T04:22:59.960433+09:00
2848050,39,아키비스트 서촌,서울특별시 종로구 효자로13길 52 (효자동),37.5822717581,126.9726933268,11,110,FD,FD05,FD050100,2025-09-24T09:53:18+09:00,2026-08-02T04:22:59.960433+09:00
130617,14,아트사이드 갤러리,서울특별시 종로구 자하문로6길 15 갤러리 아트싸이드,37.5782676150486,126.97294387538,11,110,VE,VE07,VE070600,2026-02-06T11:33:50+09:00,2026-08-02T04:22:59.960433+09:00
130072,14,아트선재센터,서울특별시 종로구 율곡로3길 87 (소격동),37.5794635324,126.9818392396,11,110,VE,VE07,VE070600,2026-06-11T13:48:41+09:00,2026-08-02T04:22:59.960433+09:00
2993324,14,아트스페이스3,서울특별시 종로구 효자로7길 23 (통의동),37.5785138723,126.9733322642,11,110,VE,VE07,VE070600,2025-12-03T17:30:14+09:00,2026-08-02T04:22:59.960433+09:00
2916191,38,아트코리아,서울특별시 종로구 자하문로 231 (부암동),37.594702820251,126.963202630054,11,110,SH,SH04,SH040300,2026-03-27T09:21:50+09:00,2026-08-02T04:22:59.960433+09:00
130636,14,아트파크,서울특별시 종로구 삼청로7길 25 (팔판동),37.5838161613,126.980439799,11,110,VE,VE07,VE070600,2025-11-03T13:54:50+09:00,2026-08-02T04:22:59.960433+09:00
3013178,14,아트포레스트,서울특별시 종로구 동숭동,37.58249111343942,127.00309560038136,11,110,VE,VE06,VE060100,2026-05-27T09:19:22+09:00,2026-08-02T04:22:59.960433+09:00
2926788,38,안경선생님&미스터렌즈,서울특별시 종로구 종로 393-1 (숭인동) 1층,37.5749173709195,127.020966406925,11,110,SH,SH04,SH040300,2026-03-19T09:49:59+09:00,2026-08-02T04:22:59.960433+09:00
2774286,12,안국선원(서울),서울특별시 종로구 북촌로 70 (가회동),37.582936664162744,126.98540664752271,11,110,HS,HS03,HS030100,2026-03-05T09:58:51+09:00,2026-08-02T04:22:59.960433+09:00
3438082,32,안길사가,서울특별시 종로구 북촌로1길 24-2 (안국동),37.5774864148,126.9845034971,11,110,AC,AC03,AC030200,2024-12-18T15:09:33+09:00,2026-08-02T04:22:59.960433+09:00
2666751,12,안녕인사동,서울특별시 종로구 인사동길 49,37.5744839692,126.9835620013,11,110,VE,VE01,VE010100,2025-07-31T11:53:14+09:00,2026-08-02T04:22:59.960433+09:00
835739,39,안동국시소람,서울특별시 종로구 인사동9길 16 (관훈동),37.573634078,126.9841258628,11,110,FD,FD01,FD010100,2024-09-30T13:06:51+09:00,2026-08-02T04:22:59.960433+09:00
337413,12,안양암(서울),서울특별시 종로구 창신5길 61 (창신동),37.5751955324,127.0133453781,11,110,HS,HS03,HS030100,2025-04-10T14:57:54+09:00,2026-08-02T04:22:59.960433+09:00
3438329,32,안유재,서울특별시 종로구 창덕궁7길 3 (원서동),37.5833219051,126.9877058178,11,110,AC,AC03,AC030200,2024-12-18T15:21:50+09:00,2026-08-02T04:22:59.960433+09:00
4025837,38,알이토프,서울특별시 종로구 윤보선길 65 (안국동) 1층,37.5788366254905,126.983084235288,11,110,SH,SH04,SH040300,2026-03-27T09:21:50+09:00,2026-08-02T04:22:59.960433+09:00
3533161,32,앙니드 공이안,서울특별시 종로구 북촌로5가길 44-5 (화동),37.5816331005,126.9814925429,11,110,AC,AC03,AC030200,2025-10-23T14:30:00+09:00,2026-08-02T04:22:59.960433+09:00
4012713,38,앤더슨벨 경복궁 플래그쉽 스토어,서울특별시 종로구 윤보선길 42 (안국동),37.5779865507226,126.983821068557,11,110,SH,SH04,SH040300,2026-03-18T10:10:05+09:00,2026-08-02T04:22:59.960433+09:00
232225,39,양반댁,서울특별시 종로구 인사동길 19-18,37.5722481591,126.9858590773,11,110,FD,FD01,FD010100,2024-09-30T13:13:40+09:00,2026-08-02T04:22:59.960433+09:00
3013175,14,어둠속의대화 북촌점,서울특별시 종로구 북촌로 71 (가회동),37.58331841274871,126.98481636238823,11,110,VE,VE07,VE070300,2026-04-30T09:51:25+09:00,2026-08-02T04:22:59.960433+09:00
4025894,38,엄마약국,서울특별시 종로구 종로 193-1 (종로4가) 1층,37.5710737834068,126.999175359856,11,110,SH,SH04,SH040300,2026-03-30T09:16:11+09:00,2026-08-02T04:22:59.960433+09:00
2732184,14,에무,서울특별시 종로구 경희궁1가길 7 (신문로2가),37.572068922706,126.969011116977,11,110,VE,VE06,VE060100,2026-02-11T08:10:09+09:00,2026-08-02T04:22:59.960433+09:00
232206,39,에베레스트 레스토랑 동대문본점,서울특별시 종로구 종로51가길 2-1,37.5725652673,127.012501085,11,110,FD,FD02,FD020400,2025-09-19T16:46:30+09:00,2026-08-02T04:22:59.960433+09:00
2987927,39,에베레스트커리월드,서울특별시 종로구 종로 305,37.5721168142,127.011566196,11,110,FD,FD02,FD020400,2026-07-30T16:38:29+09:00,2026-08-02T04:22:59.960433+09:00
4012728,38,에이커,서울특별시 종로구 자하문로9길 30 (누하동) 1층,37.5795443255,126.9694786322,11,110,SH,SH04,SH040300,2026-07-15T19:54:47+09:00,2026-08-02T04:22:59.960433+09:00
2588389,39,엘 샌드위치,서울특별시 종로구 율곡로4길 14,37.5750616475,126.9817593715,11,110,FD,FD02,FD020300,2025-08-22T10:10:16+09:00,2026-08-02T04:22:59.960433+09:00
3438182,32,여느날,서울특별시 종로구 자하문로1길 49-9 (필운동),37.5765695875,126.9696048813,11,110,AC,AC03,AC030200,2024-12-18T15:15:31+09:00,2026-08-02T04:22:59.960433+09:00
2603884,32,연당,서울특별시 종로구 계동6길 3 (계동),37.5826025329,126.9870725624,11,110,AC,AC03,AC030200,2024-12-05T12:49:31+09:00,2026-08-02T04:22:59.960433+09:00
130406,14,연우소극장,서울특별시 종로구 창경궁로35길 21 (혜화동),37.58697934834819,127.00176213812773,11,110,VE,VE06,VE060100,2026-03-12T13:35:38+09:00,2026-08-02T04:22:59.960433+09:00
1883087,32,연우하우스,서울특별시 종로구 북촌로12길 5-13 (가회동),37.5822812381325,126.985311998354,11,110,AC,AC03,AC030200,2026-04-21T15:04:04+09:00,2026-08-02T04:22:59.960433+09:00
3056152,12,열린송현 녹지광장,서울특별시 종로구 송현동 48-9,37.5766,126.9814,11,110,VE,VE03,VE030100,2026-04-01T13:23:25+09:00,2026-08-02T04:22:59.960433+09:00
4025896,38,열린약국,서울특별시 종로구 종로 204 (종로4가) 1-2층,37.5707148293086,127.000328835707,11,110,SH,SH04,SH040300,2026-03-26T09:20:41+09:00,2026-08-02T04:22:59.960433+09:00
1304864,38,영풍문고 종각종로본점,서울특별시 종로구 청계천로 41 (서린동) 지하 1층,37.5697233868,126.9821983715,11,110,SH,SH05,SH050200,2025-11-27T14:55:16+09:00,2026-08-02T04:22:59.960433+09:00
2911471,38,영풍문고 종각종로본점,서울특별시 종로구 청계천로 41 (서린동) B1층,37.5696679696981,126.982179278549,11,110,SH,SH04,SH040300,2026-03-19T09:49:59+09:00,2026-08-02T04:22:59.960433+09:00
2940719,32,예린당 바이 버틀러리,서울특별시 종로구 자하문로5가길 17-8,37.5782832921,126.9704353125,11,110,AC,AC03,AC030200,2025-05-14T11:24:01+09:00,2026-08-02T04:22:59.960433+09:00
2739475,14,예술가의집,서울특별시 종로구 동숭길 3 (동숭동),37.579753142,127.0025212349,11,110,VE,VE06,VE060100,2025-08-12T14:02:39+09:00,2026-08-02T04:22:59.960433+09:00
3080735,14,예스24스테이지,서울특별시 종로구 대학로12길 21 (동숭동),37.582748835756796,127.0031607670151,11,110,VE,VE06,VE060100,2026-04-29T13:52:30+09:00,2026-08-02T04:22:59.960433+09:00
3012705,14,예스24아트원,서울특별시 종로구 대학로12길 83 (동숭동),37.58026831226947,127.00400670720848,11,110,VE,VE06,VE060100,2026-05-14T16:48:12+09:00,2026-08-02T04:22:59.960433+09:00
4012696,38,예작 쥬얼리,서울특별시 종로구 돈화문로 32 (묘동) 1층,37.5713632854,126.9921504369,11,110,SH,SH04,SH040300,2026-07-15T19:49:00+09:00,2026-08-02T04:22:59.960433+09:00
2576513,32,예하도예 게스트하우스(YEHADOYE guesthouse),"서울특별시 종로구 인사동12길 10 (관훈동) 4, 5층",37.5744062273,126.9850701994,11,110,AC,AC06,AC060200,2025-10-23T14:30:00+09:00,2026-08-02T04:22:59.960433+09:00
4025872,38,예향가,서울특별시 종로구 인사동길 45 (관훈동),37.5741966894963,126.984430460968,11,110,SH,SH04,SH040300,2026-03-27T09:21:50+09:00,2026-08-02T04:22:59.960433+09:00
697191,39,옛날집낙원아구찜,서울특별시 종로구 삼일대로 436 (낙원동),37.5735563791,126.9880143995,11,110,FD,FD01,FD010100,2025-03-11T11:25:12+09:00,2026-08-02T04:22:59.960433+09:00
1063408,39,옛찻집,서울특별시 종로구 인사동길 33-1,37.5735257805,126.9854257474,11,110,FD,FD05,FD050200,2025-03-19T17:03:36+09:00,2026-08-02T04:22:59.960433+09:00
403027,39,오라이등심,서울특별시 종로구 종로32길 23-5,37.5701830046852,127.001407995724,11,110,FD,FD01,FD010100,2026-02-06T15:15:10+09:00,2026-08-02T04:22:59.960433+09:00
3465873,32,오라카이 대학로 호텔,서울특별시 종로구 율곡로 180 (원남동),37.5756229977,126.9987328086,11,110,AC,AC01,AC010100,2025-04-09T08:59:13+09:00,2026-08-02T04:22:59.960433+09:00
3464880,32,오라카이 인사동 스위츠,서울특별시 종로구 인사동4길 18 (낙원동),37.5730564254,126.9873589182,11,110,AC,AC02,AC020200,2025-07-30T15:33:52+09:00,2026-08-02T04:22:59.960433+09:00
2923617,38,오렌즈 광화문점,서울특별시 종로구 삼봉로 82 (청진동),37.5720555353472,126.981709615148,11,110,SH,SH04,SH040300,2026-03-27T09:21:50+09:00,2026-08-02T04:22:59.960433+09:00
4025923,38,오렌즈 종로점,서울특별시 종로구 종로 85-1 (종로2가),37.5704389642707,126.987129949969,11,110,SH,SH04,SH040300,2026-03-27T09:21:50+09:00,2026-08-02T04:22:59.960433+09:00
3072197,32,"오롯이, 한옥",서울특별시 종로구 필운대로5가길 13-4 (누하동),37.5800052708,126.9680049295,11,110,AC,AC03,AC030200,2024-12-05T12:50:36+09:00,2026-08-02T04:22:59.960433+09:00
3533158,32,오리지날 백패커스,"서울특별시 종로구 종로 313-3 (창신동) 3, 4층",37.5724874994,127.0125455275,11,110,AC,AC06,AC060200,2025-10-23T14:30:00+09:00,2026-08-02T04:22:59.960433+09:00
4027252,38,오브젝트 삼청점,서울특별시 종로구 북촌로5길 6 (재동) 1층,37.5795355516357,126.984583314654,11,110,SH,SH04,SH040300,2026-03-27T09:21:50+09:00,2026-08-02T04:22:59.960433+09:00
3446417,39,오설록 티하우스 북촌점,서울특별시 종로구 북촌로 45 (가회동),37.581066556,126.9845867215,11,110,FD,FD05,FD050200,2025-07-30T15:18:28+09:00,2026-08-02T04:22:59.960433+09:00
4012699,38,오설록 티하우스 북촌점,서울특별시 종로구 북촌로 45 (가회동),37.5809985877276,126.984600900483,11,110,SH,SH04,SH040300,2026-03-27T09:21:50+09:00,2026-08-02T04:22:59.960433+09:00
4012717,38,오팩토리 인사점,서울특별시 종로구 인사동8길 17 (관훈동) 1층,37.5741386598447,126.985816061097,11,110,SH,SH04,SH040300,2026-03-18T10:10:05+09:00,2026-08-02T04:22:59.960433+09:00
3113222,15,온 가족 책 잔치,서울특별시 종로구 북촌로5길 48 (화동),37.5797361152,126.982378627,11,110,EV,EV01,EV010600,2025-11-11T13:34:09+09:00,2026-08-02T04:22:59.960433+09:00
402998,39,온마을,서울특별시 종로구 삼청로 127,37.5866750783764,126.981534463703,11,110,FD,FD01,FD010100,2026-02-25T16:55:08+09:00,2026-08-02T04:22:59.960433+09:00
3072240,32,온유헌 바이 버틀러리,서울특별시 종로구 계동길 92-19 (계동),37.581610989,126.9874892192,11,110,AC,AC03,AC030200,2024-12-26T09:43:15+09:00,2026-08-02T04:22:59.960433+09:00
2902549,39,온천집,서울특별시 종로구 돈화문로11나길 31-8,37.5740045511,126.9898145732,11,110,FD,FD01,FD010100,2026-07-08T09:41:26+09:00,2026-08-02T04:22:59.960433+09:00
4009449,38,올리브영 경복궁역점,"서울특별시 종로구 자하문로 9 (체부동) 1,2층",37.5769157929272,126.972141061212,11,110,SH,SH04,SH040300,2026-03-09T09:36:31+09:00,2026-08-02T04:22:59.960433+09:00
3306045,38,올리브영 대학로점,서울특별시 종로구 창경궁로 237 (명륜2가) 1층-3층,37.5830612363068,126.998514956905,11,110,SH,SH04,SH040300,2026-03-17T10:12:59+09:00,2026-08-02T04:22:59.960433+09:00
3306992,38,올리브영 대학로중앙점,서울특별시 종로구 대학로 144 (혜화동),37.5839815923013,127.002064503637,11,110,SH,SH04,SH040300,2026-03-17T10:12:59+09:00,2026-08-02T04:22:59.960433+09:00
2929187,38,올리브영 독립문점,"서울특별시 종로구 송월길 99 (홍파동, 경희궁자이 2단지)",37.5708610950823,126.962352257162,11,110,SH,SH04,SH040300,2026-03-17T10:12:59+09:00,2026-08-02T04:22:59.960433+09:00
2912327,38,올리브영 동묘앞역점,서울특별시 종로구 종로 346 (숭인동),37.5729160125034,127.016259338316,11,110,SH,SH04,SH040300,2026-03-30T09:16:11+09:00,2026-08-02T04:22:59.960433+09:00
2930567,38,올리브영 세종로점,서울특별시 종로구 세종대로 161 (세종로),37.5706817202422,126.976266788802,11,110,SH,SH04,SH040300,2026-03-17T10:12:59+09:00,2026-08-02T04:22:59.960433+09:00
4012733,38,올리브영 스타필드애비뉴그랑서울점,서울특별시 종로구 종로 33 (청진동),37.5709617749066,126.981437983842,11,110,SH,SH04,SH040300,2026-03-11T10:03:40+09:00,2026-08-02T04:22:59.960433+09:00
2917290,38,올리브영 종각점,서울특별시 종로구 종로 61 (종로2가),37.570439429731,126.984277409708,11,110,SH,SH04,SH040300,2026-03-17T10:12:59+09:00,2026-08-02T04:22:59.960433+09:00
2901917,38,올리브영 종로1가점,서울특별시 종로구 종로 19 (종로1가) 르메이에르종로타운1 1층,37.5708444878121,126.979923668151,11,110,SH,SH04,SH040300,2026-03-17T10:12:58+09:00,2026-08-02T04:22:59.960433+09:00
2930277,38,올리브영 종로YBM점,서울특별시 종로구 종로 104 (종로2가),37.5699634381006,126.989111515848,11,110,SH,SH04,SH040300,2026-03-17T10:12:59+09:00,2026-08-02T04:22:59.960433+09:00
3306792,38,올리브영 종로점,서울특별시 종로구 종로 78 (종로2가) 미려빌딩 1층,37.5698795927378,126.986041334865,11,110,SH,SH04,SH040300,2026-03-17T10:12:59+09:00,2026-08-02T04:22:59.960433+09:00
4009450,38,올리브영 종로평창점,서울특별시 종로구 평창문화로 51 (평창동) 1층,37.6057993114321,126.966777550496,11,110,SH,SH04,SH040300,2026-03-09T09:36:31+09:00,2026-08-02T04:22:59.960433+09:00
3306639,38,올리브영 혜화역점,서울특별시 종로구 대학로 122 (동숭동),37.582188882319,127.002249558739,11,110,SH,SH04,SH040300,2026-03-17T10:12:59+09:00,2026-08-02T04:22:59.960433+09:00
2924397,38,올리브영 홍대대학로점,서울특별시 종로구 대학로 57 (연건동) 1층,37.5765585834389,127.001450046714,11,110,SH,SH04,SH040300,2026-03-17T10:12:59+09:00,2026-08-02T04:22:59.960433+09:00
131122,28,올림픽기념국민생활관,서울특별시 종로구 성균관로 91 (혜화동),37.5904,126.9988,11,110,VE,VE10,VE100200,2026-03-12T09:12:43+09:00,2026-08-02T04:22:59.960433+09:00
1019041,12,와룡공원,서울특별시 종로구 와룡공원길 192,37.5912265856,126.9901581479,11,110,VE,VE03,VE030100,2025-04-17T09:21:52+09:00,2026-08-02T04:22:59.960433+09:00
4027257,38,와유재,서울특별시 종로구 삼청로 108 (삼청동),37.585040198492,126.98221207089,11,110,SH,SH04,SH040300,2026-03-27T09:21:50+09:00,2026-08-02T04:22:59.960433+09:00
4080007,38,와유재,서울특별시 종로구 삼청로 108 (삼청동),37.5850401985,126.9822120709,11,110,SH,SH05,SH050300,2026-06-30T09:37:05+09:00,2026-08-02T04:22:59.960433+09:00
4012719,38,와펜하우스 인사동점,서울특별시 종로구 인사동길 20 (인사동),37.5725145469,126.986768261,11,110,SH,SH04,SH040300,2026-07-15T19:50:21+09:00,2026-08-02T04:22:59.960433+09:00
3533160,32,와하녹,서울특별시 종로구 창경궁로26길 38-13 (명륜4가) 명륜4가,37.5817723039,126.9999075272,11,110,AC,AC03,AC030200,2025-10-23T14:30:00+09:00,2026-08-02T04:22:59.960433+09:00
3457702,14,우리소리도서관,서울특별시 종로구 삼일대로30길 47 (익선동) 4~5층,37.5744920432,126.9902334066,11,110,VE,VE09,VE090300,2026-07-23T10:03:50+09:00,2026-08-02T04:22:59.960433+09:00
132522,38,우석공예사,서울특별시 종로구 청계천로 205 (예지동) 1층 35~38,37.56972927,127.0004883714,11,110,SH,SH05,SH050100,2025-12-23T10:29:34+09:00,2026-08-02T04:22:59.960433+09:00
4025895,38,우정약국 종로,서울특별시 종로구 종로 200-4 (종로4가) 제우빌딩 1층,37.5705761665237,126.999877974446,11,110,SH,SH04,SH040300,2026-03-26T09:20:41+09:00,2026-08-02T04:22:59.960433+09:00
4002497,39,운종가,서울특별시 종로구 우정국로 45-5 (견지동) 2층,37.5729544923847,126.982530999773,11,110,FD,FD01,FD010100,2026-03-23T17:33:02+09:00,2026-08-02T04:22:59.960433+09:00
3438233,32,월운,서울특별시 종로구 율곡로10길 79-1 (권농동),37.5741036037,126.9917001593,11,110,AC,AC03,AC030200,2024-12-18T15:18:17+09:00,2026-08-02T04:22:59.960433+09:00
2993194,12,위라이드 서울전차,서울특별시 종로구 종로 19 (종로1가),37.5708982096,126.9799374337,11,110,EX,EX07,EX070200,2025-12-11T17:36:11+09:00,2026-08-02T04:22:59.960433+09:00
2554142,14,유금와당박물관,서울특별시 종로구 창의문로11가길 4 (부암동),37.593767464,126.9626772472,11,110,VE,VE07,VE070100,2025-03-17T11:00:26+09:00,2026-08-02T04:22:59.960433+09:00
3080775,14,유니플렉스,서울특별시 종로구 대학로12길 64 (동숭동),37.58125021,127.0036322023,11,110,VE,VE06,VE060100,2025-11-04T11:36:17+09:00,2026-08-02T04:22:59.960433+09:00
4027242,38,유성약국,서울특별시 종로구 동호로 408 (종로5가) 1층,37.5707224672019,127.002228046083,11,110,SH,SH04,SH040300,2026-03-27T09:21:50+09:00,2026-08-02T04:22:59.960433+09:00
605539,12,유심사 터,서울특별시 종로구 계동길 92-3,37.5814535918909,126.987003523604,11,110,HS,HS01,HS010900,2026-03-05T09:58:51+09:00,2026-08-02T04:22:59.960433+09:00
3072235,32,유준당 바이 버틀러리,서울특별시 종로구 계동4길 10-4 (계동),37.5821109276,126.9873142207,11,110,AC,AC03,AC030200,2024-11-27T13:02:22+09:00,2026-08-02T04:22:59.960433+09:00
2993372,12,윤동주 하숙집 터,서울특별시 종로구 옥인길 57,37.5815022773,126.9656884317,11,110,HS,HS01,HS011200,2025-09-15T13:21:24+09:00,2026-08-02T04:22:59.960433+09:00
2739477,14,윤동주문학관,서울특별시 종로구 창의문로 119 (청운동),37.5921816175,126.9671657723,11,110,VE,VE07,VE070200,2025-03-14T15:26:37+09:00,2026-08-02T04:22:59.960433+09:00
2787181,12,윤동주시인의언덕,서울특별시 종로구 청운동,37.5910539539,126.9662158908,11,110,VE,VE03,VE030500,2025-03-13T14:12:52+09:00,2026-08-02T04:22:59.960433+09:00
250134,12,율곡로,서울특별시 종로구 율곡로 (원남동) 일대,37.5769838749,126.9944914897,11,110,HS,HS01,HS011200,2025-12-01T15:33:11+09:00,2026-08-02T04:22:59.960433+09:00
4012734,38,으뜸50안경 종로점,서울특별시 종로구 종로 70 (관철동) 5층,37.56991129156,126.985169386018,11,110,SH,SH04,SH040300,2026-03-18T10:10:05+09:00,2026-08-02T04:22:59.960433+09:00
2894076,38,은나무 삼청동점,서울특별시 종로구 율곡로3길 72 (안국동),37.5788016295216,126.982216724963,11,110,SH,SH04,SH040300,2026-04-01T05:38:56+09:00,2026-08-02T04:22:59.960433+09:00
3497454,15,의정부지 상설 전통문화행사,서울특별시 종로구 종로1길 45 (세종로),37.574618321885374,126.97838493180903,11,110,EV,EV02,EV020100,2026-04-08T11:37:41+09:00,2026-08-02T04:22:59.960433+09:00
723976,39,이강순실비집,서울특별시 종로구 청계천로 77-1,37.5685329312097,126.986226190585,11,110,FD,FD01,FD010100,2026-02-24T15:01:50+09:00,2026-08-02T04:22:59.960433+09:00
3396961,39,이도림 블로트커피,서울특별시 종로구 자하문로 43 (통인동),37.579932877571295,126.97108009068096,11,110,FD,FD05,FD050100,2026-03-31T15:11:54+09:00,2026-08-02T04:22:59.960433+09:00
3438261,32,이도한옥,서울특별시 종로구 계동길 70-3 (계동),37.5805611022,126.9869781844,11,110,AC,AC03,AC030200,2024-12-18T15:20:26+09:00,2026-08-02T04:22:59.960433+09:00
133862,39,이모집,서울특별시 종로구 인사동14길 5-3 (관훈동),37.5749515581968,126.984303972678,11,110,FD,FD01,FD010100,2026-02-25T16:31:11+09:00,2026-08-02T04:22:59.960433+09:00
4012708,38,이목,서울특별시 종로구 삼청로 98 (삼청동),37.5841117115786,126.982123077029,11,110,SH,SH04,SH040300,2026-03-18T10:10:05+09:00,2026-08-02T04:22:59.960433+09:00
129928,14,이목화랑,서울특별시 종로구 북촌로 94,37.5851855362,126.985425417,11,110,VE,VE07,VE070600,2025-12-30T14:19:52+09:00,2026-08-02T04:22:59.960433+09:00
403093,39,이문설농탕,서울특별시 종로구 우정국로 38-13 (견지동),37.572814725,126.9839120167,11,110,FD,FD01,FD010100,2025-06-26T17:08:12+09:00,2026-08-02T04:22:59.960433+09:00
3079777,32,이비스 앰배서더 서울 인사동,서울특별시 종로구 삼일대로30길 31 (익선동),37.5742850481,126.9893784422,11,110,AC,AC01,AC010100,2026-06-10T11:09:25+09:00,2026-08-02T04:22:59.960433+09:00
3044977,12,이상의집,서울특별시 종로구 자하문로7길 18 (통인동),37.5786435023,126.970863433,11,110,HS,HS01,HS011200,2026-07-21T14:23:03+09:00,2026-08-02T04:22:59.960433+09:00
985264,38,이새,서울특별시 종로구 인사동길 30-1 (관훈동),37.5734702409,126.985950701,11,110,SH,SH05,SH050200,2025-04-10T10:49:36+09:00,2026-08-02T04:22:59.960433+09:00
2903810,38,이새 인사점,서울특별시 종로구 인사동길 30-1 (관훈동),37.5734166168629,126.985935398213,11,110,SH,SH04,SH040300,2026-03-27T09:21:50+09:00,2026-08-02T04:22:59.960433+09:00
2910025,38,이새 창덕궁점,서울특별시 종로구 창덕궁1길 12 (원서동) 1층,37.5794566278205,126.988574312089,11,110,SH,SH04,SH040300,2026-04-01T05:32:35+09:00,2026-08-02T04:22:59.960433+09:00
2916225,38,이솝 삼청,서울특별시 종로구 삼청로 58-3 (소격동),37.5809303162126,126.980495850337,11,110,SH,SH04,SH040300,2026-03-16T10:54:17+09:00,2026-08-02T04:22:59.960433+09:00
4025875,38,이솝 서촌,서울특별시 종로구 자하문로 36 (통의동),37.5792708106796,126.971758668084,11,110,SH,SH04,SH040300,2026-03-26T09:20:41+09:00,2026-08-02T04:22:59.960433+09:00
2902586,39,이엔갤러리,서울특별시 종로구 평창길 224 (평창동),37.6132486774,126.970781512,11,110,FD,FD05,FD050100,2025-09-23T13:56:39+09:00,2026-08-02T04:22:59.960433+09:00
2544611,39,이채,서울특별시 종로구 북촌로 20-21,37.5785955864947,126.985864827446,11,110,FD,FD05,FD050100,2026-03-13T16:56:28+09:00,2026-08-02T04:22:59.960433+09:00
2923707,38,이팝나무,서울특별시 종로구 인사동5길 2 (인사동),37.5729828859088,126.986002720514,11,110,SH,SH04,SH040300,2026-03-17T10:12:59+09:00,2026-08-02T04:22:59.960433+09:00
1102845,12,이화벽화마을,서울특별시 종로구 이화장길 70-11 (동숭동),37.578684289,127.005077855,11,110,VE,VE04,VE040200,2026-06-19T09:32:09+09:00,2026-08-02T04:22:59.960433+09:00
2604153,32,이화한옥,서울특별시 종로구 필운대로 26-25 (누하동),37.5816467367,126.9674549333,11,110,AC,AC01,AC010100,2024-11-27T13:08:46+09:00,2026-08-02T04:22:59.960433+09:00
2375858,39,익선동 그집,서울특별시 종로구 삼일대로30길 34-4,37.574021209039,126.989442386788,11,110,FD,FD01,FD010100,2026-02-09T15:01:08+09:00,2026-08-02T04:22:59.960433+09:00
2650046,12,익선동 한옥거리,서울특별시 종로구 익선동,37.5734657272497,126.989775703463,11,110,VE,VE04,VE040100,2026-03-11T10:03:40+09:00,2026-08-02T04:22:59.960433+09:00
2946228,12,익선동 한옥거리,서울시 종로구 익선동,37.5737675037,126.9901419773,11,110,VE,VE04,VE040100,2024-12-09T12:18:07+09:00,2026-08-02T04:22:59.960433+09:00
4012721,38,인사 나들이,서울특별시 종로구 인사동길 51 (관훈동),37.5746090101889,126.983948133116,11,110,SH,SH04,SH040300,2026-03-26T09:20:41+09:00,2026-08-02T04:22:59.960433+09:00
4004968,39,인사도담,서울특별시 종로구 인사동16길 5-1 (관훈동),37.5751289090717,126.98413276904,11,110,FD,FD01,FD010100,2026-03-19T16:44:06+09:00,2026-08-02T04:22:59.960433+09:00
264353,12,인사동,서울특별시 종로구 인사동길 62 (관훈동),37.5754616322,126.9835230884,11,110,EX,EX07,EX070200,2025-11-27T16:29:13+09:00,2026-08-02T04:22:59.960433+09:00
132219,38,인사동 문화의 거리,서울특별시 종로구 인사동,37.5739535014,126.9850146618,11,110,SH,SH05,SH050200,2025-11-27T16:48:27+09:00,2026-08-02T04:22:59.960433+09:00
562471,39,인사동 옥정,서울특별시 종로구 인사동12길 18 (관훈동),37.5748645075,126.9850812965,11,110,FD,FD01,FD010100,2025-03-11T10:09:54+09:00,2026-08-02T04:22:59.960433+09:00
1394252,39,인사동 촌,서울특별시 종로구 인사동14길 19 (관훈동),37.57499134700099,126.98511757110327,11,110,FD,FD01,FD010100,2026-03-13T16:28:41+09:00,2026-08-02T04:22:59.960433+09:00
4002527,39,인사동마늘보쌈,서울특별시 종로구 인사동8길 12-5 (관훈동),37.5739729197215,126.986177884164,11,110,FD,FD01,FD010100,2026-03-30T14:03:08+09:00,2026-08-02T04:22:59.960433+09:00
4025864,38,인사동빈티지,서울특별시 종로구 인사동길 30-1 (관훈동) B1층,37.5734166168629,126.985935398213,11,110,SH,SH04,SH040300,2026-03-27T09:21:50+09:00,2026-08-02T04:22:59.960433+09:00
1063403,39,인사동찻집,서울특별시 종로구 인사동길 33-1 (관훈동),37.5736202148,126.9854729627,11,110,FD,FD05,FD050200,2025-03-11T10:29:21+09:00,2026-08-02T04:22:59.960433+09:00
3056222,14,인사센트럴뮤지엄,서울특별시 종로구 인사동길 49 (관훈동) B1,37.57446689629736,126.98355215386181,11,110,VE,VE07,VE070100,2026-03-31T13:49:57+09:00,2026-08-02T04:22:59.960433+09:00
2910792,38,인사칠기,서울특별시 종로구 인사동길 12 (인사동) 1층,37.5718961547884,126.987230558854,11,110,SH,SH04,SH040300,2026-03-30T09:16:11+09:00,2026-08-02T04:22:59.960433+09:00
348804,12,인왕사(서울),서울특별시 종로구 통일로18가길 16-1 (무악동),37.5786060587,126.9596538845,11,110,HS,HS03,HS030100,2026-07-06T18:04:07+09:00,2026-08-02T04:22:59.960433+09:00
126479,12,인왕산,서울특별시 종로구 옥인동,37.585,126.9593,11,110,NA,NA01,NA010100,2026-03-05T17:08:51+09:00,2026-08-02T04:22:59.960433+09:00
2764331,12,인왕산 국사당,서울특별시 종로구 통일로18가길 20 (무악동),37.57886524391775,126.95952450959696,11,110,HS,HS03,HS030100,2026-03-05T09:58:51+09:00,2026-08-02T04:22:59.960433+09:00
2848032,39,인왕산 대충유원지,서울특별시 종로구 필운대로 46 (누하동),37.58009297492628,126.96882183217639,11,110,FD,FD05,FD050100,2026-02-09T15:12:09+09:00,2026-08-02T04:22:59.960433+09:00
2783334,39,인왕산 더숲 초소책방,서울특별시 종로구 인왕산로 172 (옥인동),37.5860072833,126.9642912092,11,110,FD,FD05,FD050100,2024-10-24T17:23:43+09:00,2026-08-02T04:22:59.960433+09:00
4061713,12,인왕산 무무대 전망대,서울 종로구 옥인동 산3-1,37.584011,126.963973,11,110,NA,NA01,NA010100,2026-04-30T11:24:13+09:00,2026-08-02T04:22:59.960433+09:00
3354488,14,인왕산 숲속쉼터,서울특별시 종로구 청운동 산4-36,37.586793,126.962104,11,110,VE,VE12,VE120300,2026-04-02T15:31:02+09:00,2026-08-02T04:22:59.960433+09:00
1882248,32,인우하우스,서울특별시 종로구 계동6길 9 (계동),37.5827089934908,126.986956270135,11,110,AC,AC03,AC030200,2026-04-21T16:04:18+09:00,2026-08-02T04:22:59.960433+09:00
2707445,32,일독일박,서울특별시 종로구 필운대로3길 11-1 (누하동),37.578538784,126.9685688087,11,110,AC,AC03,AC030200,2025-01-21T13:10:01+09:00,2026-08-02T04:22:59.960433+09:00
130227,14,일민미술관,서울특별시 종로구 세종대로 152 (세종로),37.5699121725,126.9776737786,11,110,VE,VE07,VE070600,2025-11-03T15:51:24+09:00,2026-08-02T04:22:59.960433+09:00
2544584,39,일품당프리미엄,서울특별시 종로구 새문안로5가길 7 세종클럽 3층,37.5727701079,126.9740156982,11,110,FD,FD02,FD020200,2025-10-29T10:03:08+09:00,2026-08-02T04:22:59.960433+09:00
3094421,39,일품진진수라 광화문점,서울특별시 종로구 종로5길 7 (청진동) 타워8빌딩 지하 2층,37.570616080420535,126.9805598970563,11,110,FD,FD01,FD010100,2026-03-13T17:24:10+09:00,2026-08-02T04:22:59.960433+09:00
4027255,38,잉크 하우스,서울특별시 종로구 사직로 109 (내자동) 1층,37.5762753449645,126.970932271804,11,110,SH,SH04,SH040300,2026-03-27T09:21:50+09:00,2026-08-02T04:22:59.960433+09:00
2511228,15,자문밖문화축제,서울특별시 종로구 평창31길 5 (평창동) 자문밖문화포럼,37.6119989089,126.97558111,11,110,EV,EV01,EV010600,2025-09-17T09:24:25+09:00,2026-08-02T04:22:59.960433+09:00
3438225,32,자하,서울특별시 종로구 자하문로1나길 7-11 (체부동),37.5766890455,126.9711602912,11,110,AC,AC03,AC030200,2024-12-18T15:17:41+09:00,2026-08-02T04:22:59.960433+09:00
3532637,32,자하79,서울특별시 종로구 자하문로 79 (신교동) 301호,37.5832354866,126.9700407638,11,110,AC,AC06,AC060200,2025-09-21T21:56:02+09:00,2026-08-02T04:22:59.960433+09:00
1202753,14,자하미술관,서울특별시 종로구 창의문로5가길 46 (부암동),37.58937662849057,126.96030282818546,11,110,VE,VE07,VE070600,2026-03-12T13:50:57+09:00,2026-08-02T04:22:59.960433+09:00
834669,39,자하손만두,서울특별시 종로구 백석동길 12,37.5931175992,126.9660047404,11,110,FD,FD01,FD010100,2025-01-08T15:31:55+09:00,2026-08-02T04:22:59.960433+09:00
2902597,39,자하싸리집,서울특별시 종로구 진흥로 463 (구기동),37.606851115023524,126.95977128175814,11,110,FD,FD01,FD010100,2026-05-28T13:55:33+09:00,2026-08-02T04:22:59.960433+09:00
1897611,39,장군굴보쌈,서울특별시 종로구 수표로20길 22,37.5698884042281,126.990800705604,11,110,FD,FD01,FD010100,2026-02-24T15:54:31+09:00,2026-08-02T04:22:59.960433+09:00
2629577,39,장수촌 풍천장어,서울특별시 종로구 삼일대로17길 8,37.5693624043,126.9870590502,11,110,FD,FD01,FD010100,2025-01-07T15:05:00+09:00,2026-08-02T04:22:59.960433+09:00
4009975,39,장수하늘소 인사점,서울특별시 종로구 인사동길 34-1 (관훈동) 지하 1층,37.5738579749684,126.985609522118,11,110,FD,FD01,FD010100,2026-03-19T14:51:30+09:00,2026-08-02T04:22:59.960433+09:00
4060537,39,잭아저씨족발보쌈 종로본점,서울특별시 종로구 우정국로2길 34 (관철동) 1층,37.5694595040515,126.984945123988,11,110,FD,FD01,FD010100,2026-04-27T13:44:30+09:00,2026-08-02T04:22:59.960433+09:00
4025857,38,전북한지,서울특별시 종로구 인사동5길 25 (인사동) B1층,37.5720973140597,126.985392406484,11,110,SH,SH04,SH040300,2026-03-27T09:21:50+09:00,2026-08-02T04:22:59.960433+09:00
2000603,39,전주식당,서울특별시 종로구 수표로20길 16-17 (관수동),37.5698596421,126.9911169998,11,110,FD,FD01,FD010100,2025-03-11T11:14:45+09:00,2026-08-02T04:22:59.960433+09:00
2932888,39,전주콩나물해장국,서울특별시 종로구 자하문로 3 (내자동),37.5764830744797,126.972264842484,11,110,FD,FD01,FD010100,2026-04-06T16:22:08+09:00,2026-08-02T04:22:59.960433+09:00
2739478,14,전태일기념관,서울특별시 종로구 청계천로 105 (관수동),37.5685208763,126.9893144237,11,110,VE,VE07,VE070200,2025-11-03T15:32:56+09:00,2026-08-02T04:22:59.960433+09:00
2762867,12,전태일동상,서울특별시 종로구 종로5가 411-1,37.5697,127.0067,11,110,VE,VE01,VE010500,2026-03-12T09:08:40+09:00,2026-08-02T04:22:59.960433+09:00
1945693,39,전통다원,서울특별시 종로구 인사동10길 11-4,37.5745839959,126.9857145803,11,110,FD,FD05,FD050200,2025-03-15T08:53:48+09:00,2026-08-02T04:22:59.960433+09:00
2390748,14,전통주갤러리,서울특별시 종로구 북촌로 18,37.5784557709,126.9858672342,11,110,VE,VE07,VE070300,2025-07-29T16:36:08+09:00,2026-08-02T04:22:59.960433+09:00
4013009,38,정관장 종각역본점,서울특별시 종로구 삼봉로 95 (견지동),37.5723111874784,126.982568392463,11,110,SH,SH04,SH040300,2026-03-27T09:21:50+09:00,2026-08-02T04:22:59.960433+09:00
2847996,39,정돈 대학로본점,서울특별시 종로구 대학로9길 12 (명륜4가),37.581866759,127.0011129703,11,110,FD,FD02,FD020200,2025-09-18T09:46:06+09:00,2026-08-02T04:22:59.960433+09:00
2950521,39,정선곤드레쌈밥,서울특별시 종로구 인사동12길 11,37.5746043908191,126.984995581776,11,110,FD,FD01,FD010100,2026-03-18T10:10:05+09:00,2026-08-02T04:22:59.960433+09:00
2594815,15,정순왕후 문화제,서울특별시 종로구 동망산길 150 (숭인동),37.57757924133386,127.01813381267252,11,110,EV,EV01,EV010400,2026-04-06T09:42:39+09:00,2026-08-02T04:22:59.960433+09:00
3438358,32,정연재,서울특별시 종로구 삼청로7길 19-14 (팔판동) 정연재,37.5834800942,126.9807008965,11,110,AC,AC03,AC030200,2024-12-18T15:23:11+09:00,2026-08-02T04:22:59.960433+09:00
2554814,15,정조대왕 능행차 공동재현,서울특별시 종로구 사직로 161 (세종로),37.5760307,126.9767218661,11,110,EV,EV03,EV030400,2026-06-23T17:56:46+09:00,2026-08-02T04:22:59.960433+09:00
3301905,14,제3의 시간,서울특별시 종로구 대학로10길 8 (동숭동) 3층~5층,37.581578271361,127.002617935151,11,110,VE,VE09,VE090300,2026-04-06T11:23:37+09:00,2026-08-02T04:22:59.960433+09:00
629742,15,제46회 서울무용제,서울특별시 종로구 대학로8길 7 (동숭동),37.5812640855,127.0029878163,11,110,EV,EV02,EV020500,2025-11-14T15:53:35+09:00,2026-08-02T04:22:59.960433+09:00
4027250,38,제로스페이스 북촌점,서울특별시 종로구 북촌로5길 5-5 (재동) 1층,37.5790268627645,126.984678062294,11,110,SH,SH04,SH040300,2026-03-27T09:21:50+09:00,2026-08-02T04:22:59.960433+09:00
2587214,32,제이한옥(JAY Hanok),서울특별시 종로구 계동4길 9 (계동),37.582308127,126.9873364358,11,110,AC,AC03,AC030200,2024-11-27T13:53:04+09:00,2026-08-02T04:22:59.960433+09:00
4090813,14,제헌국회전시관(제헌회관),서울특별시 종로구 자하문로 26 (통의동),37.5785100242,126.9721923166,11,110,VE,VE07,VE070300,2026-07-22T13:53:11+09:00,2026-08-02T04:22:59.960433+09:00
128144,12,조계사(서울),서울특별시 종로구 우정국로 55 (견지동),37.5739784579,126.9827509785,11,110,HS,HS03,HS030100,2025-12-15T09:43:51+09:00,2026-08-02T04:22:59.960433+09:00
1912553,39,조선김밥,서울특별시 종로구 율곡로3길 68 (안국동),37.578600049276886,126.9821834371108,11,110,FD,FD03,FD030400,2026-03-05T09:58:51+09:00,2026-08-02T04:22:59.960433+09:00
129907,14,조형갤러리,서울특별시 종로구 인사동5길 29 (인사동) 지하 1층,37.572039832,126.9848563969,11,110,VE,VE07,VE070600,2025-09-18T14:23:58+09:00,2026-08-02T04:22:59.960433+09:00
4025922,38,종각역약국,서울특별시 종로구 종로 지하55 (종로1가),37.5702140381269,126.983239678933,11,110,SH,SH04,SH040300,2026-03-26T09:20:41+09:00,2026-08-02T04:22:59.960433+09:00
3424542,12,종로 무계원,서울특별시 종로구 창의문로11길 4-1 (부암동),37.5948701151,126.96277443,11,110,HS,HS01,HS010600,2025-10-23T14:30:00+09:00,2026-08-02T04:22:59.960433+09:00
3533007,32,종로 성혜헌,서울특별시 종로구 종로 358-7 (숭인동),37.5730097477,127.0173728509,11,110,AC,AC03,AC030200,2025-10-23T14:30:00+09:00,2026-08-02T04:22:59.960433+09:00
1957671,12,종로 청계 관광특구,서울특별시 종로구 무교로 37 (서린동),37.569406556655416,126.97910778454643,11,110,VE,VE05,VE050100,2026-03-09T15:12:33+09:00,2026-08-02T04:22:59.960433+09:00
3056463,12,종로3가 포장마차 거리,"서울특별시 종로구 관수동 종로 3가역 1호선, 5호선 출구 부근",37.569548,126.989084,11,110,VE,VE04,VE040100,2026-07-16T16:07:13+09:00,2026-08-02T04:22:59.960433+09:00
4025897,38,종로5가미래약국,서울특별시 종로구 종로 211-1 (종로5가),37.5712096497409,127.001251055515,11,110,SH,SH04,SH040300,2026-03-26T09:20:41+09:00,2026-08-02T04:22:59.960433+09:00
2405329,15,종로K축제,서울특별시 종로구 세종대로 지하172 (세종로) 광화문광장,37.5716786179,126.9767821434,11,110,EV,EV01,EV010400,2025-11-10T10:58:44+09:00,2026-08-02T04:22:59.960433+09:00
131624,28,종로구민회관,서울특별시 종로구 지봉로5길 7-5,37.5734578413744,127.014442741712,11,110,VE,VE10,VE100200,2026-03-12T10:56:13+09:00,2026-08-02T04:22:59.960433+09:00
132421,38,종로귀금속거리,서울특별시 종로구 봉익동,37.5715539165,126.9926140374,11,110,SH,SH05,SH050200,2025-11-27T17:23:12+09:00,2026-08-02T04:22:59.960433+09:00
2739481,38,종로꽃시장,서울특별시 종로구 종로41길 25 (종로6가),37.5723492546,127.0062928179,11,110,SH,SH06,SH060200,2026-07-28T16:30:48+09:00,2026-08-02T04:22:59.960433+09:00
130207,14,종로문화원,서울특별시 종로구 종로5길 31 (청진동),37.5716918630193,126.980395589272,11,110,VE,VE09,VE090100,2026-03-04T10:04:26+09:00,2026-08-02T04:22:59.960433+09:00
4002684,39,종로반상회,서울특별시 종로구 우정국로2길 8 (관철동),37.5694386730377,126.983463638249,11,110,FD,FD01,FD010100,2026-03-25T09:34:32+09:00,2026-08-02T04:22:59.960433+09:00
4012731,38,종로백제약국,서울특별시 종로구 종로 235 (종로5가),37.5712594139688,127.003990317346,11,110,SH,SH04,SH040300,2026-03-18T10:10:05+09:00,2026-08-02T04:22:59.960433+09:00
4012732,38,종로온누리약국,서울특별시 종로구 종로 293 (창신동) 1층,37.5718648438084,127.01049788759,11,110,SH,SH04,SH040300,2026-03-18T10:10:05+09:00,2026-08-02T04:22:59.960433+09:00
4012730,38,종로우리약국,서울특별시 종로구 종로 202 (종로4가),37.570694287059,127.000058296159,11,110,SH,SH04,SH040300,2026-03-18T10:10:05+09:00,2026-08-02T04:22:59.960433+09:00
4025908,38,종로제일약국,서울특별시 종로구 종로 233 (종로5가) 1층,37.5712828512608,127.003636916575,11,110,SH,SH04,SH040300,2026-03-27T09:21:50+09:00,2026-08-02T04:22:59.960433+09:00
4025893,38,종로태양약국,서울특별시 종로구 종로 191 (종로4가) 1층,37.5711020733218,126.999002281266,11,110,SH,SH04,SH040300,2026-03-27T09:21:50+09:00,2026-08-02T04:22:59.960433+09:00
2924145,38,종로팔팔온누리약국,서울특별시 종로구 돈화문로 30 (묘동),37.5712662536965,126.992233420661,11,110,SH,SH04,SH040300,2026-03-27T09:21:50+09:00,2026-08-02T04:22:59.960433+09:00
1494435,39,종로할머니칼국수,서울특별시 종로구 돈화문로11다길 14-2,37.5727963834194,126.990825620143,11,110,FD,FD01,FD010100,2026-02-20T09:49:35+09:00,2026-08-02T04:22:59.960433+09:00
126510,12,종묘 [유네스코 세계유산],서울특별시 종로구 종로 157 (훈정동),37.5709802173,126.9951311023,11,110,HS,HS01,HS010800,2026-06-29T17:17:17+09:00,2026-08-02T04:22:59.960433+09:00
2818837,15,종묘 묘현례,서울특별시 종로구 종로 157 (훈정동),37.57098021727393,126.99513110232297,11,110,EV,EV01,EV010400,2026-04-14T14:30:32+09:00,2026-08-02T04:22:59.960433+09:00
126492,12,종묘광장공원,서울특별시 종로구 종로 157 (훈정동),37.5711956572,126.9944166605,11,110,VE,VE03,VE030500,2025-07-18T10:09:50+09:00,2026-08-02T04:22:59.960433+09:00
141759,15,종묘대제,서울특별시 종로구 종로 157 종묘,37.5742351620923,126.994430782881,11,110,EV,EV01,EV010400,2026-04-24T09:16:26+09:00,2026-08-02T04:22:59.960433+09:00
130972,14,주한 프랑스 대사관 어학센터,서울특별시 종로구 삼봉로 94 (공평동) 4층,37.571838048221785,126.98223409819015,11,110,VE,VE09,VE090200,2026-03-12T09:08:40+09:00,2026-08-02T04:22:59.960433+09:00
2824887,39,준수방키친,서울특별시 종로구 자하문로11길 8 (통인동),37.5797442395,126.9707991267,11,110,FD,FD02,FD020500,2025-12-08T14:58:50+09:00,2026-08-02T04:22:59.960433+09:00
252529,12,중앙고등학교,서울특별시 종로구 창덕궁길 164,37.5841440162,126.986850317,11,110,HS,HS01,HS011100,2025-11-25T15:08:29+09:00,2026-08-02T04:22:59.960433+09:00
2570164,32,지유,"서울특별시 종로구 종로 347 (숭인동,롯데캐슬 천지인APT)인동 2302호",37.5737346471,127.0164673572,11,110,AC,AC06,AC060200,2025-10-23T14:30:00+09:00,2026-08-02T04:22:59.960433+09:00
582755,39,지화자,서울특별시 종로구 자하문로 125 (청운동) 1층~2층,37.5870966158006,126.96941610764,11,110,FD,FD01,FD010100,2026-03-13T16:02:23+09:00,2026-08-02T04:22:59.960433+09:00
1325115,39,진옥화할매원조닭한마리,서울특별시 종로구 종로40가길 18 (종로5가),37.5704292825,127.0057128756,11,110,FD,FD01,FD010100,2025-04-09T16:57:04+09:00,2026-08-02T04:22:59.960433+09:00
704382,39,진원조 닭한마리,서울특별시 종로구 종로 252-11 (종로5가),37.5704552747027,127.005882551448,11,110,FD,FD01,FD010100,2026-02-24T14:55:17+09:00,2026-08-02T04:22:59.960433+09:00
129804,14,짚풀생활사박물관,서울특별시 종로구 성균관로4길 45 (명륜2가),37.5849580441,126.9998574414,11,110,VE,VE07,VE070100,2025-09-18T14:13:42+09:00,2026-08-02T04:22:59.960433+09:00
2820890,39,쭈먹,서울특별시 종로구 자하문로1길 20,37.5765316853638,126.971269088345,11,110,FD,FD01,FD010100,2026-02-20T15:50:57+09:00,2026-08-02T04:22:59.960433+09:00
398384,39,찬양집,서울특별시 종로구 돈화문로11다길 5,37.5728814983,126.9902864338,11,110,FD,FD01,FD010100,2025-06-26T17:07:41+09:00,2026-08-02T04:22:59.960433+09:00
126511,12,창경궁,서울특별시 종로구 창경궁로 185 (와룡동),37.5789336838,126.9964634775,11,110,HS,HS01,HS010100,2025-11-14T17:49:11+09:00,2026-08-02T04:22:59.960433+09:00
1605036,12,창경궁 대온실,서울특별시 종로구 창경궁로 185 (와룡동),37.57888092158742,126.99644883554714,11,110,NA,NA04,NA040700,2026-03-05T09:58:51+09:00,2026-08-02T04:22:59.960433+09:00
2606158,12,창경궁 명정전,서울특별시 종로구 창경궁로 185 (와룡동),37.57888092158742,126.99644883554714,11,110,HS,HS01,HS010100,2026-03-05T09:58:51+09:00,2026-08-02T04:22:59.960433+09:00
2818138,15,창경궁 야연,서울특별시 종로구 창경궁로 185 (와룡동),37.57888092158742,126.99644883554714,11,110,EV,EV01,EV010200,2026-04-24T09:16:26+09:00,2026-08-02T04:22:59.960433+09:00
1605009,12,창경궁 홍화문,서울특별시 종로구 창경궁로 185 (와룡동),37.5789336838,126.9964634775,11,110,HS,HS01,HS010300,2025-03-13T14:05:49+09:00,2026-08-02T04:22:59.960433+09:00
1604941,12,창덕궁 낙선재,서울특별시 종로구 율곡로 99 (와룡동),37.5777031595,126.9902446339,11,110,HS,HS01,HS010100,2025-07-30T16:48:18+09:00,2026-08-02T04:22:59.960433+09:00
1605920,12,창덕궁 다래나무,서울특별시 종로구 율곡로 99,37.5864530223838,126.989225386201,11,110,NA,NA03,NA030200,2026-02-11T08:10:09+09:00,2026-08-02T04:22:59.960433+09:00
1291408,15,창덕궁 달빛기행,서울특별시 종로구 율곡로 99 (와룡동) 창덕궁,37.57765074254216,126.99023063100555,11,110,EV,EV01,EV010400,2026-03-23T14:43:53+09:00,2026-08-02T04:22:59.960433+09:00
1112029,14,창덕궁 소극장,서울특별시 종로구 창경궁로 227 (명륜4가),37.5824805174,126.9977743679,11,110,VE,VE06,VE060100,2025-11-24T14:37:15+09:00,2026-08-02T04:22:59.960433+09:00
3489468,15,창덕궁 약다방,서울특별시 종로구 율곡로 99 (와룡동),37.5777031595,126.9902446339,11,110,EV,EV01,EV010400,2025-10-23T14:30:00+09:00,2026-08-02T04:22:59.960433+09:00
1604953,12,창덕궁 인정문,서울특별시 종로구 율곡로 99,37.5787974932,126.9911806294,11,110,HS,HS01,HS010300,2025-03-13T13:55:13+09:00,2026-08-02T04:22:59.960433+09:00
1605908,12,창덕궁 향나무,서울특별시 종로구 율곡로 99 (와룡동),37.5792316848544,126.989447793014,11,110,NA,NA03,NA030200,2026-02-13T17:32:12+09:00,2026-08-02T04:22:59.960433+09:00
127642,12,창덕궁과 후원 [유네스코 세계유산],서울특별시 종로구 율곡로 99 (와룡동),37.5776507425,126.990230631,11,110,HS,HS01,HS010100,2026-06-29T16:15:10+09:00,2026-08-02T04:22:59.960433+09:00
2946517,12,창신동골목길,서울특별시 종로구 창신동 23-268,37.5771453074,127.0134286483,11,110,VE,VE04,VE040100,2025-11-05T15:44:36+09:00,2026-08-02T04:22:59.960433+09:00
2788817,39,창신동매운족발 본점,서울특별시 종로구 종로51길 23 (창신동),37.5730679692,127.01152616,11,110,FD,FD01,FD010100,2025-10-23T14:30:00+09:00,2026-08-02T04:22:59.960433+09:00
252547,12,창의문(자하문),서울특별시 종로구 창의문로 118 (부암동),37.5926565508,126.966510263,11,110,HS,HS01,HS010300,2025-03-13T16:27:40+09:00,2026-08-02T04:22:59.960433+09:00
2657713,12,채석장 전망대,서울특별시 종로구 낙산5길 51 (창신동),37.578309028,127.0116121139,11,110,VE,VE01,VE010200,2025-03-14T09:59:47+09:00,2026-08-02T04:22:59.960433+09:00
135747,39,채식요리전문점 오세계향,서울특별시 종로구 인사동12길 14-5 (관훈동),37.5746800002982,126.9852667001,11,110,FD,FD02,FD020500,2026-02-11T08:10:09+09:00,2026-08-02T04:22:59.960433+09:00
250323,12,천도교 중앙대교당,서울특별시 종로구 삼일대로 457 (경운동),37.57520900465103,126.98651093357412,11,110,HS,HS03,HS030400,2026-06-01T11:20:17+09:00,2026-08-02T04:22:59.960433+09:00
129507,12,청계천,서울특별시 종로구 창신동,37.5696470253,127.00507432,11,110,VE,VE03,VE030100,2026-06-19T09:32:09+09:00,2026-08-02T04:22:59.960433+09:00
482153,12,청룡사(서울),서울특별시 종로구 동망산길 65 (숭인동),37.5797783958,127.0168643719,11,110,HS,HS03,HS030100,2025-09-03T09:34:46+09:00,2026-08-02T04:22:59.960433+09:00
2902634,39,청수당 베이커리,서울특별시 종로구 돈화문로11나길 31-9,37.5739545564,126.9897701345,11,110,FD,FD05,FD050100,2026-07-08T09:45:30+09:00,2026-08-02T04:22:59.960433+09:00
513517,39,청수정,서울특별시 종로구 삼청로 91,37.5835199097866,126.981653986595,11,110,FD,FD01,FD010100,2026-02-19T15:29:32+09:00,2026-08-02T04:22:59.960433+09:00
132207,38,청오가방도매상가,서울특별시 종로구 청계천로 229,37.5701348234,127.0029909094,11,110,SH,SH05,SH050200,2025-04-10T11:16:13+09:00,2026-08-02T04:22:59.960433+09:00
690984,14,청와대 사랑채,서울특별시 종로구 효자로13길 45,37.5823976600844,126.972566016596,11,110,VE,VE07,VE070300,2026-01-20T08:43:07+09:00,2026-08-02T04:22:59.960433+09:00
126533,12,청와대 앞길,서울특별시 종로구 궁정동,37.5834864376289,126.973751980892,11,110,VE,VE04,VE040100,2026-03-13T13:59:32+09:00,2026-08-02T04:22:59.960433+09:00
3056238,12,청와대칠궁,서울특별시 종로구 창의문로 12 (궁정동),37.58473583646656,126.97294006609354,11,110,HS,HS01,HS010100,2026-04-01T09:16:47+09:00,2026-08-02T04:22:59.960433+09:00
2762885,12,청운공원,서울특별시 종로구 창의문로 119 (청운동),37.592096942441,126.96706863952,11,110,VE,VE03,VE030100,2026-03-11T10:03:40+09:00,2026-08-02T04:22:59.960433+09:00
2692866,14,청운문학도서관,서울특별시 종로구 자하문로36길 40 (청운동),37.5904317988,126.965932601,11,110,VE,VE09,VE090300,2025-09-04T16:45:25+09:00,2026-08-02T04:22:59.960433+09:00
2778428,39,청진옥,서울특별시 종로구 종로3길 32 (청진동),37.5717814321,126.9794791167,11,110,FD,FD01,FD010100,2025-06-27T17:41:23+09:00,2026-08-02T04:22:59.960433+09:00
2909934,38,청하고려인삼,서울특별시 종로구 자하문로 280 (부암동) 청하빌딩,37.598690946817,126.961719389064,11,110,SH,SH04,SH040300,2026-03-30T09:16:11+09:00,2026-08-02T04:22:59.960433+09:00
1922914,39,체부동잔치집,서울특별시 종로구 자하문로1길 16,37.5765039147384,126.971477402143,11,110,FD,FD01,FD010100,2026-03-13T16:40:05+09:00,2026-08-02T04:22:59.960433+09:00
274399,39,최대감네,서울특별시 종로구 인사동8길 12-3,37.5739989290409,126.986098269253,11,110,FD,FD01,FD010100,2026-02-09T13:03:04+09:00,2026-08-02T04:22:59.960433+09:00
774640,14,춘원당한의약박물관,서울특별시 종로구 돈화문로9길 27 (낙원동),37.5714382045468,126.99020905241,11,110,VE,VE07,VE070100,2026-02-09T11:11:01+09:00,2026-08-02T04:22:59.960433+09:00
1364975,12,충무공 이순신 동상,서울특별시 종로구 세종로 1-68,37.571053693,126.9769154822,11,110,VE,VE01,VE010500,2025-12-31T09:22:35+09:00,2026-08-02T04:22:59.960433+09:00
2759976,38,충신시장,서울특별시 종로구 충신동 31-1,37.5750537379,127.0053155583,11,110,SH,SH06,SH060200,2025-11-27T17:54:00+09:00,2026-08-02T04:22:59.960433+09:00
1386291,39,친니,서울특별시 종로구 세종대로 175 (세종로) 세종문화회관 지하 1층,37.5718478584908,126.976168275947,11,110,FD,FD02,FD020100,2026-03-13T16:27:44+09:00,2026-08-02T04:22:59.960433+09:00
834750,39,커피친구,서울특별시 종로구 삼봉로 81 104호,37.5723240551178,126.981776516505,11,110,FD,FD05,FD050100,2026-02-24T15:14:39+09:00,2026-08-02T04:22:59.960433+09:00
2913839,38,케이디티 다이아몬드,서울특별시 종로구 돈화문로5길 20 (돈의동) 다이아몬드 빌딩 1층,37.5708485442935,126.990863105287,11,110,SH,SH04,SH040300,2026-03-27T09:21:50+09:00,2026-08-02T04:22:59.960433+09:00
4012738,38,코스코,서울특별시 종로구 창경궁로 109 (인의동) 3층,37.5723490188717,126.997086146344,11,110,SH,SH04,SH040300,2026-03-18T10:10:05+09:00,2026-08-02T04:22:59.960433+09:00
3080738,14,콘텐츠박스,서울특별시 종로구 동숭길 55 (동숭동) 지하 1층,37.58075813728019,127.0041808134261,11,110,VE,VE06,VE060100,2026-03-18T10:10:05+09:00,2026-08-02T04:22:59.960433+09:00
4027248,38,쿠에른 삼청 시그니처 스토어,서울특별시 종로구 북촌로5길 36 (화동),37.5795643307988,126.982893085637,11,110,SH,SH04,SH040300,2026-03-27T09:21:50+09:00,2026-08-02T04:22:59.960433+09:00
4020878,15,쿠키런 : 킹덤 아트 콜라보 프로젝트 특별전 - 위대한 왕국의 유산,서울특별시 종로구 인사동9길 26 (견지동),37.5734697478172,126.983623718252,11,110,EV,EV03,EV030100,2026-03-25T09:34:32+09:00,2026-08-02T04:22:59.960433+09:00
3065976,39,클럽에스프레소,서울특별시 종로구 창의문로 132 (부암동),37.592690804,126.9659854682,11,110,FD,FD05,FD050100,2026-06-23T10:38:53+09:00,2026-08-02T04:22:59.960433+09:00
639462,39,키미아트,서울특별시 종로구 평창30길 47,37.6157352531143,126.972176213371,11,110,FD,FD05,FD050100,2026-02-19T15:58:38+09:00,2026-08-02T04:22:59.960433+09:00
2904636,38,타넬로 북촌점,서울특별시 종로구 북촌로5길 10 (재동),37.5794440807973,126.984431292928,11,110,SH,SH04,SH040300,2026-03-27T09:21:50+09:00,2026-08-02T04:22:59.960433+09:00
129534,12,탑골공원,서울특별시 종로구 종로 99 (종로2가),37.570500754785236,126.98860813395662,11,110,VE,VE03,VE030100,2026-06-01T11:19:06+09:00,2026-08-02T04:22:59.960433+09:00
1605933,12,탑골공원 팔각정,서울특별시 종로구 종로 99 (종로2가),37.5705539611,126.9886227626,11,110,HS,HS01,HS011200,2025-08-12T09:55:28+09:00,2026-08-02T04:22:59.960433+09:00
4027237,38,탑텐 대학로점,서울특별시 종로구 대학로 122 (동숭동),37.582188882319,127.002249558739,11,110,SH,SH04,SH040300,2026-03-27T09:21:50+09:00,2026-08-02T04:22:59.960433+09:00
4025848,38,탬버린즈 삼청 플래그십스토어,서울특별시 종로구 율곡로3길 84 (화동),37.5793697128721,126.98226074158,11,110,SH,SH04,SH040300,2026-03-27T09:21:50+09:00,2026-08-02T04:22:59.960433+09:00
2783358,39,테르트르카페,서울특별시 종로구 낙산5길 46 (창신동),37.5782234595541,127.011192857402,11,110,FD,FD05,FD050100,2026-02-06T14:14:14+09:00,2026-08-02T04:22:59.960433+09:00
1718910,14,템플스테이 홍보관,서울특별시 종로구 우정국로 56 (견지동),37.5739312489,126.9831814961,11,110,VE,VE07,VE070300,2025-07-22T10:51:01+09:00,2026-08-02T04:22:59.960433+09:00
132815,39,토속촌삼계탕,서울특별시 종로구 자하문로5길 5,37.5775621208271,126.971577362193,11,110,FD,FD01,FD010100,2026-02-25T16:22:04+09:00,2026-08-02T04:22:59.960433+09:00
2946404,38,토인,서울특별시 종로구 인사동길 48 (관훈동),37.5744589884,126.9844702526,11,110,SH,SH05,SH050200,2025-11-05T14:22:52+09:00,2026-08-02T04:22:59.960433+09:00
130272,14,토탈미술관,서울특별시 종로구 평창32길 8 (평창동),37.61223730566815,126.97573672359995,11,110,VE,VE07,VE070600,2026-03-19T09:49:59+09:00,2026-08-02T04:22:59.960433+09:00
2944630,39,통의동 국빈관,서울특별시 종로구 자하문로2길 17-4,37.5766289418694,126.973821614273,11,110,FD,FD01,FD010100,2026-03-18T10:10:05+09:00,2026-08-02T04:22:59.960433+09:00
3438160,32,통인 1939,서울특별시 종로구 자하문로 33-7 (통인동),37.5790276599,126.970979686,11,110,AC,AC03,AC030200,2024-12-18T15:14:24+09:00,2026-08-02T04:22:59.960433+09:00
969950,38,통인가게,서울특별시 종로구 인사동길 32,37.5735212059011,126.985898302402,11,110,SH,SH05,SH050300,2026-02-24T09:34:02+09:00,2026-08-02T04:22:59.960433+09:00
1590323,38,통인시장,서울특별시 종로구 자하문로15길 18 (통인동),37.5807670044059,126.969947621917,11,110,SH,SH06,SH060200,2026-03-09T09:36:31+09:00,2026-08-02T04:22:59.960433+09:00
4012698,38,티젬,서울특별시 종로구 돈화문로10길 9 (봉익동) 1층,37.5727328965203,126.99227888776,11,110,SH,SH04,SH040300,2026-03-27T09:21:50+09:00,2026-08-02T04:22:59.960433+09:00
2782690,39,티테라피,서울특별시 종로구 윤보선길 74 (안국동),37.5791684375397,126.983551601223,11,110,FD,FD05,FD050200,2026-03-11T10:03:40+09:00,2026-08-02T04:22:59.960433+09:00
3012760,14,틴틴홀,서울특별시 종로구 대학로10길 24 (동숭동),37.58160039894357,127.00355381498535,11,110,VE,VE06,VE060100,2026-05-14T17:38:39+09:00,2026-08-02T04:22:59.960433+09:00
2906066,38,팀블룸,서울특별시 종로구 필운대로 46 (누하동) B1-1층,37.5800929492628,126.968821786523,11,110,SH,SH04,SH040300,2026-03-27T09:21:50+09:00,2026-08-02T04:22:59.960433+09:00
4012739,38,파이브앤플러스,서울특별시 종로구 창경궁로35길 35 (혜화동),37.587400048774,127.002128455098,11,110,SH,SH04,SH040300,2026-03-18T10:10:05+09:00,2026-08-02T04:22:59.960433+09:00
1154331,39,파툼(FATUM),서울특별시 종로구 삼청로 86-5,37.5831477413936,126.982120618356,11,110,FD,FD05,FD050100,2026-02-19T17:48:59+09:00,2026-08-02T04:22:59.960433+09:00
2931601,38,팔러 베스티스,서울특별시 종로구 자하문로10길 24 (통의동) 1층,37.5792799858096,126.972846720343,11,110,SH,SH04,SH040300,2026-04-07T00:28:04+09:00,2026-08-02T04:22:59.960433+09:00
4082595,15,팔색찬란,서울특별시 종로구 효자로13길 45 (효자동),37.5825448754,126.9730592833,11,110,EV,EV03,EV030100,2026-07-07T13:47:15+09:00,2026-08-02T04:22:59.960433+09:00
3359034,14,팜 시티,서울특별시 종로구 경희궁3길 3-5 (신문로2가),37.57295369778901,126.96809526602428,11,110,VE,VE12,VE120300,2026-04-01T17:56:27+09:00,2026-08-02T04:22:59.960433+09:00
4012695,38,퍼퓸그라피 혜화,서울특별시 종로구 대학로10길 15-15 (동숭동) 2층,37.5824799809295,127.002826280978,11,110,SH,SH04,SH040300,2026-03-18T10:10:05+09:00,2026-08-02T04:22:59.960433+09:00
402988,39,페르시안궁전,서울특별시 종로구 성균관로6길 9 (명륜2가),37.5849635583,126.9975798705,11,110,FD,FD02,FD020400,2025-03-11T09:58:48+09:00,2026-08-02T04:22:59.960433+09:00
3567063,39,편강 율 플래그십&티하우스,서울특별시 종로구 북촌로5가길 35-4 (소격동),37.581054377059765,126.98121824566034,11,110,FD,FD05,FD050100,2026-04-27T17:11:45+09:00,2026-08-02T04:22:59.960433+09:00
4027247,38,편강 율 플래그십&티하우스,서울특별시 종로구 북촌로5가길 35-4 (소격동),37.581055311214,126.98121901668,11,110,SH,SH04,SH040300,2026-03-27T09:21:50+09:00,2026-08-02T04:22:59.960433+09:00
834706,39,평안도만두집,서울특별시 종로구 새문안로3길 30 (내수동) 지하 104호 평안도만두집,37.5727371532245,126.973281404951,11,110,FD,FD01,FD010100,2026-03-13T16:20:44+09:00,2026-08-02T04:22:59.960433+09:00
2605926,12,평창동 미술관 거리,서울특별시 종로구 평창32길 8 (평창동),37.61223730566815,126.97573672359995,11,110,VE,VE04,VE040100,2026-03-19T17:41:32+09:00,2026-08-02T04:22:59.960433+09:00
582375,39,평창동 북악정,서울특별시 종로구 평창36길 6,37.6112942287719,126.977731353576,11,110,FD,FD01,FD010100,2026-02-06T15:19:59+09:00,2026-08-02T04:22:59.960433+09:00
3339644,32,포시즌스 호텔 서울(광화문미래에셋호텔),서울특별시 종로구 새문안로 97 (당주동),37.57069788551184,126.97539819675502,11,110,AC,AC01,AC010100,2026-04-06T14:16:26+09:00,2026-08-02T04:22:59.960433+09:00
4012714,38,포인트투파이브세컨드 북촌,서울특별시 종로구 윤보선길 71 (화동),37.5791818260863,126.983293367928,11,110,SH,SH04,SH040300,2026-03-27T09:21:50+09:00,2026-08-02T04:22:59.960433+09:00
129852,14,표갤러리,서울특별시 종로구 자하문로5길 18-4,37.5779444497,126.9708491732,11,110,VE,VE07,VE070600,2025-08-19T16:18:33+09:00,2026-08-02T04:22:59.960433+09:00
2941249,39,푸드떼,서울특별시 종로구 율곡로1길 40-37,37.5780390722,126.9813815438,11,110,FD,FD05,FD050200,2025-10-29T10:50:30+09:00,2026-08-02T04:22:59.960433+09:00
3379703,14,푸투라서울,서울특별시 종로구 북촌로 61 (가회동),37.58224924440546,126.98476738591552,11,110,VE,VE07,VE070600,2026-04-02T17:21:42+09:00,2026-08-02T04:22:59.960433+09:00
135103,39,풍류사랑,서울특별시 종로구 인사동8길 12-7,37.5738378393822,126.986198264096,11,110,FD,FD01,FD010100,2026-02-26T17:54:44+09:00,2026-08-02T04:22:59.960433+09:00
4012693,38,플레인브랜드,서울특별시 종로구 대명길 26 (명륜2가),37.5834182191915,127.000095893688,11,110,SH,SH04,SH040300,2026-03-18T10:10:05+09:00,2026-08-02T04:22:59.960433+09:00
4012736,38,플리츠마마 이웃 광장시장점,서울특별시 종로구 종로32길 24-1 (예지동),37.5698527512258,127.001206547125,11,110,SH,SH04,SH040300,2026-03-18T10:10:05+09:00,2026-08-02T04:22:59.960433+09:00
4012703,38,플리츠마마 이웃 삼청점,서울특별시 종로구 북촌로5길 58 (소격동),37.5798349153214,126.981795563458,11,110,SH,SH04,SH040300,2026-03-18T10:10:05+09:00,2026-08-02T04:22:59.960433+09:00
4012737,38,피브레노 광화문 D타워점,서울특별시 종로구 종로3길 17 (청진동) D타워 1층,37.5709958592808,126.978914477333,11,110,SH,SH04,SH040300,2026-03-18T10:10:05+09:00,2026-08-02T04:22:59.960433+09:00
4012701,38,피브레노 안국 플래그십 스토어,서울특별시 종로구 북촌로4길 28 (계동),37.5792435186613,126.986629294531,11,110,SH,SH04,SH040300,2026-03-18T10:10:05+09:00,2026-08-02T04:22:59.960433+09:00
3080583,12,필소굿캘리,서울특별시 종로구 인사동길 55-1 (관훈동),37.5749026229,126.9836699709,11,110,EX,EX07,EX070200,2026-07-30T13:52:13+09:00,2026-08-02T04:22:59.960433+09:00
2783558,12,필운동 홍건익 가옥,서울특별시 종로구 필운대로1길 14-4 (필운동),37.5779721893,126.9688965725,11,110,HS,HS01,HS010400,2025-09-12T15:32:45+09:00,2026-08-02T04:22:59.960433+09:00
2816893,39,하나면옥,서울특별시 종로구 돈화문로4길 30,37.5700523291564,126.993897621017,11,110,FD,FD01,FD010100,2026-02-24T12:13:40+09:00,2026-08-02T04:22:59.960433+09:00
130645,14,하나아트갤러리,서울특별시 종로구 인사동10길 2 (관훈동),37.57391491809516,126.98528868179676,11,110,VE,VE07,VE070600,2026-03-12T13:39:37+09:00,2026-08-02T04:22:59.960433+09:00
4012729,38,하늘약국,서울특별시 종로구 종로 19 (종로1가) 2층,37.5708444878121,126.979923668151,11,110,SH,SH04,SH040300,2026-03-18T10:10:05+09:00,2026-08-02T04:22:59.960433+09:00
3362945,14,하마씨어터,서울특별시 종로구 대학로10길 15-11 (동숭동) 4층,37.582270329473985,127.00277765542003,11,110,VE,VE06,VE060100,2026-04-02T09:14:56+09:00,2026-08-02T04:22:59.960433+09:00
2707438,32,하은재,서울특별시 종로구 자하문로 68-10 (효자동),37.5819384379,126.9712823538,11,110,AC,AC03,AC030200,2024-12-22T17:46:10+09:00,2026-08-02T04:22:59.960433+09:00
3438558,32,하이드 인 바인 서촌,서울특별시 종로구 필운대로6길 17-15 (통인동),37.580621899,126.969899184,11,110,AC,AC06,AC060200,2025-10-23T14:30:00+09:00,2026-08-02T04:22:59.960433+09:00
3413162,12,하이드앤시크 쌈지길점,서울특별시 종로구 인사동길 44 (관훈동),37.57425198901539,126.98485145131795,11,110,EX,EX07,EX070200,2026-03-23T16:30:10+09:00,2026-08-02T04:22:59.960433+09:00
3102099,32,하이얀,서울특별시 종로구 지봉로13가길 30 (창신동),37.5775785936,127.0136147307,11,110,AC,AC03,AC030100,2025-09-01T15:21:42+09:00,2026-08-02T04:22:59.960433+09:00
129908,14,학고재,서울특별시 종로구 삼청로 50 (소격동),37.58029593721903,126.98022091915638,11,110,VE,VE07,VE070600,2026-03-12T09:08:40+09:00,2026-08-02T04:22:59.960433+09:00
2389009,39,학림,서울특별시 종로구 대학로 119 2층,37.5818538081918,127.001652082882,11,110,FD,FD05,FD050100,2026-03-13T16:48:54+09:00,2026-08-02T04:22:59.960433+09:00
3438241,32,한가로움,"서울특별시 종로구 삼청로9길 13 (삼청동) 1,2층",37.5869547021,126.9813590709,11,110,AC,AC03,AC030200,2024-12-18T15:18:40+09:00,2026-08-02T04:22:59.960433+09:00
969942,38,한국공예관,서울특별시 종로구 인사동길 33 (관훈동),37.5734820676018,126.985508845877,11,110,SH,SH05,SH050300,2026-03-05T09:58:51+09:00,2026-08-02T04:22:59.960433+09:00
132590,38,한국관광명품점,서울특별시 종로구 인사동5길 14 (관훈동),37.572763402247425,126.98535762468298,11,110,SH,SH05,SH050300,2026-03-12T09:08:40+09:00,2026-08-02T04:22:59.960433+09:00
2903178,38,한국관광명품점,서울특별시 종로구 인사동5길 14 (관훈동),37.5727599914497,126.985356392794,11,110,SH,SH04,SH040300,2026-03-17T10:12:58+09:00,2026-08-02T04:22:59.960433+09:00
2759941,14,한국교회 100주년 기념관,서울특별시 종로구 대학로3길 29 (연지동),37.5744574621114,127.00022743323,11,110,VE,VE07,VE070200,2026-03-11T10:03:40+09:00,2026-08-02T04:22:59.960433+09:00
2923810,38,한국금거래소 종로본점,서울특별시 종로구 종로 128 (종로3가) 1층,37.5701516113104,126.991919192212,11,110,SH,SH04,SH040300,2026-04-01T05:36:51+09:00,2026-08-02T04:22:59.960433+09:00
2739479,14,한국미술관,서울특별시 종로구 인사동길 12 (인사동),37.5719509965,126.9872645136,11,110,VE,VE07,VE070600,2025-03-13T22:35:54+09:00,2026-08-02T04:22:59.960433+09:00
4059519,12,한국사찰음식문화체험관,서울특별시 종로구 율곡로 39 (안국동),37.5760430167042,126.983827375694,11,110,EX,EX04,EX040200,2026-04-22T17:36:45+09:00,2026-08-02T04:22:59.960433+09:00
3013281,14,한국색동박물관,서울특별시 종로구 율곡로10길 85-7 (권농동),37.57388678656705,126.99208947627308,11,110,VE,VE07,VE070100,2026-04-30T09:09:38+09:00,2026-08-02T04:22:59.960433+09:00
1605942,14,한벽원미술관,서울특별시 종로구 삼청로 83,37.5829616419259,126.981509572186,11,110,VE,VE07,VE070600,2026-02-11T08:10:09+09:00,2026-08-02T04:22:59.960433+09:00
2390314,12,한복남 경복궁점,서울특별시 종로구 사직로 133-5,37.5762891312,126.9733212169,11,110,EX,EX01,EX010100,2025-10-23T08:57:55+09:00,2026-08-02T04:22:59.960433+09:00
3582693,12,한복남 북촌점,서울특별시 종로구 북촌로 35-4 (가회동) 지하 1층,37.57984474927184,126.98474227080519,11,110,EX,EX01,EX010100,2026-04-27T18:15:32+09:00,2026-08-02T04:22:59.960433+09:00
3582643,12,한복남 창덕궁점,서울특별시 종로구 돈화문로 86-1 (와룡동) 1층,37.576182980736355,126.99067066604162,11,110,EX,EX01,EX010100,2026-04-27T18:12:08+09:00,2026-08-02T04:22:59.960433+09:00
3582821,12,한복남 프리미엄점,서울특별시 종로구 사직로 133-9 (적선동),37.57640390873299,126.97323028394429,11,110,EX,EX01,EX010100,2026-04-27T18:01:17+09:00,2026-08-02T04:22:59.960433+09:00
3306538,38,한복마루,서울특별시 종로구 종로 207 (종로5가) 4층,37.5712907438053,127.000709973643,11,110,SH,SH04,SH040300,2026-03-27T09:21:50+09:00,2026-08-02T04:22:59.960433+09:00
2740046,15,한복문화주간,서울특별시 종로구 종로1길 45 (세종로),37.5746727436,126.9783985779,11,110,EV,EV03,EV030400,2025-10-23T14:30:00+09:00,2026-08-02T04:22:59.960433+09:00
3012716,14,한생연융합교육과학관,서울특별시 종로구 성균관로15길 32 (명륜1가),37.5892797098,126.9968353725,11,110,VE,VE07,VE070500,2025-10-23T14:30:00+09:00,2026-08-02T04:22:59.960433+09:00
3072272,14,한성아트홀,서울특별시 종로구 창경궁로 254 (명륜2가),37.583752876831646,126.99995054801654,11,110,VE,VE06,VE060100,2026-04-28T09:34:01+09:00,2026-08-02T04:22:59.960433+09:00
2571971,32,한스하우스(Hans house),서울특별시 종로구 자하문로1다길 20 (체부동),37.5774778296,126.9704270026,11,110,AC,AC06,AC060200,2025-10-23T14:30:00+09:00,2026-08-02T04:22:59.960433+09:00
3440381,14,한식문화공간 이음,서울특별시 종로구 북촌로 18 (재동) 한식문화공간 이음,37.57840294689182,126.98585360627021,11,110,VE,VE07,VE070300,2026-05-18T15:07:05+09:00,2026-08-02T04:22:59.960433+09:00
1939691,14,한양도성박물관,서울특별시 종로구 율곡로 283 (종로6가),37.57285717668249,127.00851288421596,11,110,VE,VE07,VE070100,2026-03-12T09:08:40+09:00,2026-08-02T04:22:59.960433+09:00
2696383,32,한옥 201(Hanok 201),서울특별시 종로구 북촌로 40-3 (가회동),37.5805582961,126.9854144381,11,110,AC,AC03,AC030200,2024-11-27T15:17:28+09:00,2026-08-02T04:22:59.960433+09:00
2699340,32,한옥 게스트하우스 동촌재,서울특별시 종로구 자하문로11길 21-10 (통인동),37.5801108465,126.9698547581,11,110,AC,AC03,AC030200,2024-11-27T15:17:54+09:00,2026-08-02T04:22:59.960433+09:00
2706047,32,한옥 게스트하우스 동촌재,서울특별시 종로구 자하문로11길 21-10 (통인동),37.5801108465,126.9698547581,11,110,AC,AC03,AC030200,2024-12-22T17:45:37+09:00,2026-08-02T04:22:59.960433+09:00
2807122,39,한옥달,서울특별시 종로구  자하문로1가길 (9),37.5769233172739,126.971988451418,11,110,FD,FD02,FD020300,2026-02-20T15:16:16+09:00,2026-08-02T04:22:59.960433+09:00
3072072,32,한옥에세이 서촌,서울특별시 종로구 필운대로3길 12 (누하동),37.5786693216,126.9683965985,11,110,AC,AC03,AC030200,2024-11-25T11:51:07+09:00,2026-08-02T04:22:59.960433+09:00
2938591,39,한일옥,서울특별시 종로구 수표로 94 한일타워,37.5695356493,126.9896841579,11,110,FD,FD01,FD010100,2026-06-05T08:42:51+09:00,2026-08-02T04:22:59.960433+09:00
3368708,14,한지가헌,서울특별시 종로구 북촌로 31-9 (재동),37.57953759430051,126.9844043563999,11,110,VE,VE07,VE070300,2026-04-02T09:41:49+09:00,2026-08-02T04:22:59.960433+09:00
1019223,38,한지추억,서울특별시 종로구 인사동7길 6 (관훈동) 3층,37.5731706271439,126.985784209044,11,110,SH,SH05,SH050100,2026-01-19T15:49:49+09:00,2026-08-02T04:22:59.960433+09:00
3438295,32,함한옥스테이,서울특별시 종로구 계동6길 4-1 (계동),37.5824942134,126.9871308932,11,110,AC,AC03,AC030200,2024-12-18T15:21:45+09:00,2026-08-02T04:22:59.960433+09:00
834646,39,함흥곰보냉면,서울특별시 종로구 창경궁로 109 (인의동),37.572165044,126.9974746882,11,110,FD,FD01,FD010100,2025-07-21T17:03:47+09:00,2026-08-02T04:22:59.960433+09:00
4027258,38,해광컴퍼니,서울특별시 종로구 삼청로 65-2 (팔판동),37.581592625006,126.98097649284,11,110,SH,SH04,SH040300,2026-03-27T09:21:50+09:00,2026-08-02T04:22:59.960433+09:00
3438368,32,해아원,서울특별시 종로구 북촌로11길 35-16 (가회동),37.5828968761,126.9833201183,11,110,AC,AC03,AC030200,2024-12-18T15:24:17+09:00,2026-08-02T04:22:59.960433+09:00
4025877,38,해칭룸 서촌,서울특별시 종로구 자하문로10길 22 (통의동) 1층,37.5793168927718,126.972700213879,11,110,SH,SH04,SH040300,2026-03-26T09:20:41+09:00,2026-08-02T04:22:59.960433+09:00
2607481,32,향운,서울특별시 종로구 북촌로12길 35-3 (가회동),37.5830274626,126.9859254324,11,110,AC,AC03,AC030200,2024-12-12T13:52:25+09:00,2026-08-02T04:22:59.960433+09:00
4020649,14,헌법재판소전시관,서울특별시 종로구 북촌로 15 (재동),37.5775337374097,126.984694556818,11,110,VE,VE07,VE070300,2026-02-24T12:13:40+09:00,2026-08-02T04:22:59.960433+09:00
2907200,39,헤리티지클럽,서울특별시 종로구 서순라길 75,37.5737851815,126.9924698759,11,110,FD,FD05,FD050100,2026-07-24T11:22:00+09:00,2026-08-02T04:22:59.960433+09:00
3423768,38,헤트라스 안국,서울특별시 종로구 창덕궁1길 42 (계동) 1층,37.5794270728626,126.98682251057,11,110,SH,SH05,SH050200,2026-03-23T10:23:41+09:00,2026-08-02T04:22:59.960433+09:00
4012716,38,현대구내안경,서울특별시 종로구 율곡로 75 (계동) B1층,37.5780170152303,126.987637853136,11,110,SH,SH04,SH040300,2026-03-27T09:21:50+09:00,2026-08-02T04:22:59.960433+09:00
1605927,12,현대원서공원,서울특별시 종로구 창덕궁길 19 (원서동),37.57823223457658,126.98855870416405,11,110,VE,VE03,VE030100,2026-02-09T15:21:42+09:00,2026-08-02T04:22:59.960433+09:00
2907187,39,혜화 양육관,서울특별시 종로구 대명1길 23,37.5825953693,127.0008160321,11,110,FD,FD02,FD020100,2026-06-24T15:50:47+09:00,2026-08-02T04:22:59.960433+09:00
2931776,39,혜화도담,서울특별시 종로구 대명1길 16-6 (명륜4가),37.5830258357993,127.000436557404,11,110,FD,FD01,FD010100,2026-04-10T11:40:30+09:00,2026-08-02T04:22:59.960433+09:00
2902652,39,혜화칼국수,서울특별시 종로구 창경궁로35길 13,37.5865643421,127.0014991854,11,110,FD,FD01,FD010100,2026-07-08T09:33:16+09:00,2026-08-02T04:22:59.960433+09:00
3045062,38,혜화필리핀마켓,서울특별시 종로구 대학로 146-2 (혜화동),37.5843092893,127.0017015389,11,110,SH,SH06,SH060100,2026-07-13T09:40:58+09:00,2026-08-02T04:22:59.960433+09:00
1965675,39,호남집,서울특별시 종로구 종로40가길 5,37.5702080911173,127.006351957164,11,110,FD,FD01,FD010100,2026-02-24T12:13:40+09:00,2026-08-02T04:22:59.960433+09:00
3094461,39,호면정,서울특별시 종로구 청계천로 35 (서린동),37.5693928548,126.9813928988,11,110,FD,FD01,FD010100,2025-11-03T14:59:02+09:00,2026-08-02T04:22:59.960433+09:00
4012705,38,호수약국,서울특별시 종로구 삼봉로 57 (수송동) 호수빌딩 B1층,37.5725615164337,126.980473808393,11,110,SH,SH04,SH040300,2026-03-27T09:21:50+09:00,2026-08-02T04:22:59.960433+09:00
2699653,32,호스텔 하루,서울특별시 종로구 청계천로 61 (관철동),37.5690401708,126.9843398624,11,110,AC,AC06,AC060200,2024-12-05T13:09:28+09:00,2026-08-02T04:22:59.960433+09:00
2910707,38,호심,서울특별시 종로구 북촌로 33 (가회동) 1층,37.5796801989433,126.9848753667,11,110,SH,SH04,SH040300,2026-03-16T10:54:17+09:00,2026-08-02T04:22:59.960433+09:00
2969267,12,호전다실,서울특별시 종로구 자하문로11길 16-2,37.579849777,126.9704602659,11,110,EX,EX07,EX070200,2025-01-07T16:26:09+09:00,2026-08-02T04:22:59.960433+09:00
2019203,32,호텔 더 디자이너스 종로점,서울특별시 종로구 수표로 89-8 (관수동),37.5693669711445,126.989025574921,11,110,AC,AC01,AC010100,2026-02-25T15:04:27+09:00,2026-08-02T04:22:59.960433+09:00
2594760,32,호텔큐비(호텔QB),서울특별시 종로구 종로 322-10 (창신동),37.5719181369,127.0134287966,11,110,AC,AC01,AC010100,2025-01-20T14:20:31+09:00,2026-08-02T04:22:59.960433+09:00
2826636,39,호호식당 대학로,서울특별시 종로구 대학로9길 35,37.5819037727843,127.000032795,11,110,FD,FD02,FD020200,2026-04-14T09:19:50+09:00,2026-08-02T04:22:59.960433+09:00
2924406,38,홈플러스익스프레스 명륜2점,"서울특별시 종로구 혜화로3길 5 (명륜2가, 명륜동주상복합아남아파트)",37.5859646059047,127.000230514994,11,110,SH,SH04,SH040300,2026-03-16T10:54:17+09:00,2026-08-02T04:22:59.960433+09:00
3013177,14,홍익대학교 대학로 아트센터,서울특별시 종로구 대학로 57 (연건동),37.57655974837623,127.00145327756981,11,110,VE,VE06,VE060100,2026-04-30T10:15:24+09:00,2026-08-02T04:22:59.960433+09:00
129506,12,홍지문 및 탕춘대성,서울특별시 종로구 홍지동 99-7,37.5996528175,126.9586135629,11,110,HS,HS01,HS010200,2025-09-09T11:01:13+09:00,2026-08-02T04:22:59.960433+09:00
945987,12,홍파동 홍난파 가옥,서울특별시 종로구 송월1길 38 (홍파동),37.5716006396,126.9650998768,11,110,HS,HS01,HS010500,2025-03-14T13:21:48+09:00,2026-08-02T04:22:59.960433+09:00
129760,14,환기미술관,서울특별시 종로구 자하문로40길 63 (부암동),37.5940980426,126.9661269237,11,110,VE,VE07,VE070600,2025-04-28T13:18:35+09:00,2026-08-02T04:22:59.960433+09:00
837020,39,황생가칼국수,서울특별시 종로구 북촌로5길 78,37.5800369825294,126.98062085353,11,110,FD,FD01,FD010100,2026-02-24T15:19:08+09:00,2026-08-02T04:22:59.960433+09:00
1604450,12,황학정,서울특별시 종로구 사직로9길 15-32 (사직동),37.5771000006,126.9651024987,11,110,HS,HS01,HS010100,2025-07-24T14:41:00+09:00,2026-08-02T04:22:59.960433+09:00
2695730,32,효자스테이,서울특별시 종로구 효자로7길 7-5 (통의동),37.5787999537,126.9734877974,11,110,AC,AC03,AC030200,2024-11-27T15:59:14+09:00,2026-08-02T04:22:59.960433+09:00
4025876,38,흐꺙,서울특별시 종로구 자하문로 38 (통의동) 2층,37.579376376325,126.971630022146,11,110,SH,SH04,SH040300,2026-03-27T09:21:50+09:00,2026-08-02T04:22:59.960433+09:00
126514,12,흥인지문,서울특별시 종로구 종로 288 (종로6가),37.5712209291,127.0097180432,11,110,HS,HS01,HS010300,2025-11-12T13:56:26+09:00,2026-08-02T04:22:59.960433+09:00
3056442,12,흥인지문공원,서울특별시 종로구 종로6가 70,37.571926,127.009077,11,110,HS,HS01,HS010200,2026-04-01T10:17:19+09:00,2026-08-02T04:22:59.960433+09:00
3533152,32,힐제이,"서울특별시 종로구 창신길 159-1 (창신동, 동문아트빌라)",37.5783867504,127.0090234588,11,110,AC,AC06,AC060200,2025-09-21T23:25:39+09:00,2026-08-02T04:22:59.960433+09:00
4025915,38,1층동묘호약국,"서울특별시 종로구 종로 344 (숭인동, 종로대우디오빌) 1층",37.5727228633137,127.016083157911,11,110,SH,SH04,SH040300,2026-03-27T09:21:50+09:00,2026-08-02T04:22:59.960433+09:00
3378168,15,2024 청와대 뮤직 페스티벌,서울특별시 종로구 청와대로 1 (세종로),37.5839799278,126.9746792089,11,110,EV,EV02,EV020900,2025-08-20T18:10:00+09:00,2026-08-02T04:22:59.960433+09:00
3546110,15,2025 서울한옥위크,서울특별시 종로구 계동길 37 (계동),37.5790529392,126.9867060298,11,110,EV,EV03,EV030400,2025-10-23T14:30:00+09:00,2026-08-02T04:22:59.960433+09:00
3528062,15,2025 제17회 서울건축문화제,서울특별시 종로구 계동길 37 (계동),37.5790529392,126.9867060298,11,110,EV,EV03,EV030400,2025-09-04T15:28:52+09:00,2026-08-02T04:22:59.960433+09:00
3495688,15,2026 귀어귀촌 어촌관광 한마당,서울특별시 종로구 세종대로 지하172 (세종로) 광화문광장 놀이마당,37.5716228232824,126.976787992565,11,110,EV,EV03,EV030400,2026-05-06T11:07:36+09:00,2026-08-02T04:22:59.960433+09:00
2720203,15,2026 서울거리공연 구석구석라이브,서울특별시 종로구 세종대로 지하172 (세종로),37.5716228232824,126.976787992565,11,110,EV,EV02,EV020900,2026-04-27T13:26:54+09:00,2026-08-02T04:22:59.960433+09:00
2560317,15,2026 우리 임산물 숲푸드 대축제,서울특별시 종로구 세종대로 175 (세종로),37.57200988776222,126.97630706471843,11,110,EV,EV03,EV030400,2026-05-07T14:39:43+09:00,2026-08-02T04:22:59.960433+09:00
1539730,15,2026 이럴때이런음악 해설이 있는 청소년음악회,서울특별시 종로구 세종대로 175 (세종로),37.5718478585,126.9761682759,11,110,EV,EV02,EV020600,2026-07-21T14:36:45+09:00,2026-08-02T04:22:59.960433+09:00
3498398,15,2026년 강제동원 희생자를 기리는 유족·시민 어울림행사,서울특별시 중구 태평로1가 1,37.569249,126.978013,11,110,EV,EV03,EV030400,2026-06-02T11:12:28+09:00,2026-08-02T04:22:59.960433+09:00
2545174,15,2026젊은안무자창작공연,서울특별시 종로구 대학로10길 17 동숭동복합건물,37.5820954730452,127.003179704707,11,110,EV,EV02,EV020500,2026-03-13T13:58:16+09:00,2026-08-02T04:22:59.960433+09:00
4027238,38,ABC마트 ST 대학로점,서울특별시 종로구 대학로 132 (동숭동),37.5830954646593,127.00210331198,11,110,SH,SH04,SH040300,2026-03-27T09:21:50+09:00,2026-08-02T04:22:59.960433+09:00
2928886,38,ATELIER CREATIONDEBIJOUX JIGUM,서울특별시 종로구 북촌로 21-8 (재동),37.5787965762014,126.984736072332,11,110,SH,SH04,SH040300,2026-03-27T09:21:50+09:00,2026-08-02T04:22:59.960433+09:00
4025834,38,CU 광화문광장점,서울특별시 종로구 새문안로 103-1 (신문로1가),37.5704809608086,126.976179012331,11,110,SH,SH04,SH040300,2026-03-27T09:21:50+09:00,2026-08-02T04:22:59.960433+09:00
4025836,38,CU 성대원룸촌점,서울특별시 종로구 성균관로 36 (명륜1가),37.5858794239373,126.996990854363,11,110,SH,SH04,SH040300,2026-03-26T09:20:41+09:00,2026-08-02T04:22:59.960433+09:00
1717921,15,D.FESTA 거리공연축제,서울특별시 종로구 대학로 104 (동숭동),37.58051246104506,127.00237422934477,11,110,EV,EV02,EV020900,2026-05-14T08:27:38+09:00,2026-08-02T04:22:59.960433+09:00
4025935,38,ETC서울 서촌,서울특별시 종로구 필운대로 8 (필운동) 1층,37.5767715785388,126.969371879046,11,110,SH,SH04,SH040300,2026-03-26T09:20:41+09:00,2026-08-02T04:22:59.960433+09:00
4025930,38,GS25 종로동묘점,서울특별시 종로구 지봉로 18 (숭인동),37.5717395307924,127.015983784999,11,110,SH,SH04,SH040300,2026-03-27T09:21:50+09:00,2026-08-02T04:22:59.960433+09:00
2739435,14,JCC재능문화센터,서울특별시 종로구 창경궁로35길 29 (혜화동),37.5871832102,127.0018857245,11,110,VE,VE07,VE070300,2026-07-02T14:21:13+09:00,2026-08-02T04:22:59.960433+09:00
3013252,14,JTN아트홀,서울특별시 종로구 이화장길 26 (이화동),37.57664420826199,127.00393225357014,11,110,VE,VE06,VE060100,2026-04-30T09:28:09+09:00,2026-08-02T04:22:59.960433+09:00
1914920,32,JW 메리어트 동대문 스퀘어 서울,서울특별시 종로구 청계천로 279,37.5730494166645,127.00664629171,11,110,AC,AC01,AC010100,2026-02-24T09:52:05+09:00,2026-08-02T04:22:59.960433+09:00
2992823,12,K-컬처 스크린(대한민국역사박물관),서울특별시 종로구 세종대로 198 (세종로),37.5741339024,126.977573668,11,110,EX,EX07,EX070200,2025-01-07T15:21:14+09:00,2026-08-02T04:22:59.960433+09:00
969831,38,KCDF 갤러리숍 공예정원,서울특별시 종로구 인사동11길 8 공예종합유통지원센터 KCDF갤러리 1층,37.5740618063,126.9841425159,11,110,SH,SH05,SH050100,2025-04-07T09:14:15+09:00,2026-08-02T04:22:59.960433+09:00
4055459,14,KT온마루,서울특별시 종로구 세종대로 178 (세종로),37.5721506390766,126.977791560982,11,110,VE,VE07,VE070300,2026-04-27T16:53:12+09:00,2026-08-02T04:22:59.960433+09:00
4025878,38,LFM,서울특별시 종로구 자하문로12길 11-12 (창성동) 1층,37.5802402085084,126.971836077799,11,110,SH,SH04,SH040300,2026-03-27T09:21:50+09:00,2026-08-02T04:22:59.960433+09:00
4027249,38,MEARI MILITARY&MGW,서울특별시 종로구 북촌로5길 40 (화동) 1층,37.5795352949748,126.982729504108,11,110,SH,SH04,SH040300,2026-03-27T09:21:50+09:00,2026-08-02T04:22:59.960433+09:00
2912427,38,MUJI 영풍종로점,서울특별시 종로구 청계천로 41 (서린동) B1-B2층,37.5696679696981,126.982179278549,11,110,SH,SH04,SH040300,2026-03-26T09:20:41+09:00,2026-08-02T04:22:59.960433+09:00
2739443,14,PKM갤러리,서울특별시 종로구 삼청로7길 40 (삼청동),37.584143895,126.9800981543,11,110,VE,VE07,VE070600,2025-01-15T14:04:57+09:00,2026-08-02T04:22:59.960433+09:00
3438559,32,Stay Vibe,서울특별시 종로구 평창1길 7-4 (평창동) 2층,37.6052328134,126.9635768407,11,110,AC,AC06,AC060200,2024-12-18T15:35:32+09:00,2026-08-02T04:22:59.960433+09:00
4025931,38,TMwatch 정우상사,서울특별시 종로구 창경궁로 109 (인의동),37.5723490188717,126.997086146344,11,110,SH,SH04,SH040300,2026-03-26T09:20:41+09:00,2026-08-02T04:22:59.960433+09:00
4025933,38,TNF 예지동점,서울특별시 종로구 청계천로 187-11 (예지동),37.5696844375361,126.99818808928,11,110,SH,SH04,SH040300,2026-03-27T09:21:50+09:00,2026-08-02T04:22:59.960433+09:00
3106658,14,[K드라마 촬영지] 공근혜갤러리,서울특별시 종로구 삼청로7길 38,37.5840827831,126.9796815273,11,110,VE,VE07,VE070600,2025-08-26T17:42:03+09:00,2026-08-02T04:22:59.960433+09:00
2563182,39,[백년가게] 선천집,서울특별시 종로구 인사동14길 5 (관훈동),37.5748617187,126.9844507984,11,110,FD,FD01,FD010100,2025-06-24T17:52:47+09:00,2026-08-02T04:22:59.960433+09:00
2608933,39,[백년가게]신안촌,서울특별시 종로구 사직로12길 8,37.5756919346,126.9709075648,11,110,FD,FD01,FD010100,2025-09-18T14:12:40+09:00,2026-08-02T04:22:59.960433+09:00
2563366,39,[백년가게]하나로회관,서울특별시 종로구 인사동5길 25,37.5720380435817,126.985353953409,11,110,FD,FD01,FD010100,2026-03-12T09:08:40+09:00,2026-08-02T04:22:59.960433+09:00
1036894,28,[북악하늘길 1산책로] 북악팔각정~말바위쉼터,서울특별시 종로구 북악산로 267 (평창동),37.6019731946347,126.980550789268,11,110,LS,LS01,LS011900,2026-02-24T18:24:58+09:00,2026-08-02T04:22:59.960433+09:00
1037027,28,[북악하늘길 3산책로] 북카페~숲속다리,서울특별시 성북구 성북동,37.6068219183,126.9858969827,11,110,LS,LS01,LS011900,2025-04-03T15:30:11+09:00,2026-08-02T04:22:59.960433+09:00
1196890,28,[북한산 둘레길 6구간] 평창마을길,서울특별시 종로구 평창동 (형제봉 입구~탕춘대성 암문입구),37.612869,126.982165,11,110,LS,LS01,LS011900,2026-03-12T09:08:40+09:00,2026-08-02T04:22:59.960433+09:00
1196883,28,[북한산 둘레길 7구간] 옛성길,서울특별시 종로구 구기동 (탕춘대성 암문입구~북한산생태공원 상단),37.609,126.9567,11,110,LS,LS01,LS011900,2026-03-12T17:39:43+09:00,2026-08-02T04:22:59.960433+09:00
3526391,12,[서울둘레길 19코스] 북한산 성북코스,서울특별시 종로구 평창동 (형제봉 입구~화계사 입구),37.6128,126.9819,11,110,VE,VE04,VE040300,2026-04-09T09:19:17+09:00,2026-08-02T04:22:59.960433+09:00
4065859,12,[종로둘레길 3코스] 낙산 코스,서울특별시 종로구 종로6가 70,37.5718491784,127.0080529181,11,110,VE,VE04,VE040300,2026-06-08T10:21:21+09:00,2026-08-02T04:22:59.960433+09:00
